original_skill,normalized_skill
+ Có khả năng lắng nghe người khác,có khả năng lắng nghe người khác
+ Có khả năng thu thập,có khả năng thu thập
+ Kỹ năng làm việc có tổ chức + Hiểu biết về quy trình vận hành kho hàng + Có khả năng đọc đơn hàng,kỹ năng làm việc có tổ chức + hiểu biết về quy trình vận hành kho hàng + có khả năng đọc đơn hàng
+ Kỹ năng phân tích và làm việc với những số một cách thành thạo + Hiểu biết về hóa đơn và các tác vụ với hóa đơn + Có kiến thức về hồ sơ hải quan và luật thuế hải quan + Có kinh nghiệm và kỹ năng sử dụng một số phần mềm quản lý hàng tồn kho + Có kỹ năng và kinh nghiệm quản lý phân phối + Có kiến thức và tuân thủ những nguyên tắc đảm bảo chất lượng + Cẩn thận,kỹ năng phân tích và làm việc với những số một cách thành thạo + hiểu biết về hóa đơn và các tác vụ với hóa đơn + có kiến thức về hồ sơ hải quan và luật thuế hải quan + có kinh nghiệm và kỹ năng sử dụng một số phần mềm quản lý hàng tồn kho + có kỹ năng và kinh nghiệm quản lý phân phối + có kiến thức và tuân thủ những nguyên tắc đảm bảo chất lượng + cẩn thận
+ Kỹ năng phân tích và xây dựng mô hình thống kê + Kỹ năng phân tích và trực quan hóa dữ liệu + Kỹ năng phân tích quá trình + Lập kế hoạch nhà máy + Xử lý vật liệu + Phương pháp luận: Lean,kỹ năng phân tích và xây dựng mô hình thống kê + kỹ năng phân tích và trực quan hóa dữ liệu + kỹ năng phân tích quá trình + lập kế hoạch nhà máy + xử lý vật liệu + phương pháp luận: lean
+ Sử dụng thành thạo các phần mềm quản lý hàng tồn kho + Có kiến thức về quy trình nhập xuất hàng tồn kho và các biên bản giấy tờ + Có kiến thức về hoạt động mua hàng và quy trình mua hàng + Tỉ mỉ,sử dụng thành thạo các phần mềm quản lý hàng tồn kho + có kiến thức về quy trình nhập xuất hàng tồn kho và các biên bản giấy tờ + có kiến thức về hoạt động mua hàng và quy trình mua hàng + tỉ mỉ
- 3+ years in project development-Good English communication- Strong proficiency with JavaScript (CoffeeScript depending on your technology stack)- Knowledge of Node.js and frameworks available for it such as Express,3+ years in project development-good english communication- strong proficiency with javascript (coffeescript depending on your technology stack)- knowledge of node.js and frameworks available for it such as express
- Am hiểu kiến thức về Onpage – Offpage- Am hiểu kỹ thuật Copywriting và viết bài chuẩn SEO- Đã từng SEO lên top các từ khóa trước đó (show được kết quả và nói qua cách làm)- Sử dụng thành thạo các công cụ hỗ trợ SEO như: Google webmaster tools,am hiểu kiến thức về onpage – offpage- am hiểu kỹ thuật copywriting và viết bài chuẩn seo- đã từng seo lên top các từ khóa trước đó (show được kết quả và nói qua cách làm)- sử dụng thành thạo các công cụ hỗ trợ seo như: google webmaster tools
- At least 1 years Prior Android development experience.. - Experience in Kotlin programming is a plus.. - Familiar to building applications on Android Studio,at least 1 years prior android development experience.. - experience in kotlin programming is a plus.. - familiar to building applications on android studio
- Bachelor's Degree in English Pedagogy,bachelor's degree in english pedagogy
- Bằng lái xe A1,bằng lái xe a1
- Chuyên môn: Thiết Kế Banner,chuyên môn: thiết kế banner
- Chăm chỉ,chăm chỉ
- Có bằng lái xe A1,có bằng lái xe a1
- Có bằng lái xe B2 - Nắm rõ các quy định về quy trình vận tải hành khách và hàng hóa,có bằng lái xe b2 - nắm rõ các quy định về quy trình vận tải hành khách và hàng hóa
- Có khả năng chịu áp lực cao trong công việc - Luôn tuân thủ nguyên tắc làm việc chuyên nghiệp,có khả năng chịu áp lực cao trong công việc - luôn tuân thủ nguyên tắc làm việc chuyên nghiệp
- Có khả năng làm việc độc lập,có khả năng làm việc độc lập
- Có khả năng nhớ đường tốt chỉ cần đi một lần. - Thông thạo các tuyến đường tỉnh và đường liên tỉnh. - Tuân thủ nghiêm đối với luật giao thông đường bộ. - Có khả năng trong việc giải quyết các vấn đề xảy ra trong quá trình di chuyển. - Có thể thiết lập được các mối quan hệ với đồng nghiệp thật tốt. - Tổ chức kế hoạch công việc hiệu quả. - Sắp xếp,có khả năng nhớ đường tốt chỉ cần đi một lần. - thông thạo các tuyến đường tỉnh và đường liên tỉnh. - tuân thủ nghiêm đối với luật giao thông đường bộ. - có khả năng trong việc giải quyết các vấn đề xảy ra trong quá trình di chuyển. - có thể thiết lập được các mối quan hệ với đồng nghiệp thật tốt. - tổ chức kế hoạch công việc hiệu quả. - sắp xếp
- Có khả năng tiếp thu kiến thức lái xe tốt. - Có thể giao tiếp với người nước ngoài bằng tiếng anh lưu loát. - Có thể xử lý các tình huống trên đường chuyên nghiệp. - Tạo ra được những hiệu ứng tích cực cho các tài xế trong đội xe. - Biết sử dụng máy tính và các phần mềm hỗ trợ trong quá trình lái xe. - Có trách nhiệm cao với công việc,có khả năng tiếp thu kiến thức lái xe tốt. - có thể giao tiếp với người nước ngoài bằng tiếng anh lưu loát. - có thể xử lý các tình huống trên đường chuyên nghiệp. - tạo ra được những hiệu ứng tích cực cho các tài xế trong đội xe. - biết sử dụng máy tính và các phần mềm hỗ trợ trong quá trình lái xe. - có trách nhiệm cao với công việc
- Có khả năng đàm phán với khách hàng đạt hiệu quả cao - Ưu tiên có kinh nghiệm phát triển đại lý và quản lý kênh phân phối - Đam mê kinh doanh,có khả năng đàm phán với khách hàng đạt hiệu quả cao - ưu tiên có kinh nghiệm phát triển đại lý và quản lý kênh phân phối - đam mê kinh doanh
- Có kinh nghiệm trong ngành viết lách như content,có kinh nghiệm trong ngành viết lách như content
- Có kỹ năng giao tiếp tốt - Khả năng tìm kiếm thông tin nhanh nhẹn,có kỹ năng giao tiếp tốt - khả năng tìm kiếm thông tin nhanh nhẹn
- Có laptop cá nhân,có laptop cá nhân
- Có niềm say mê trong công việc - Giao tiếp,có niềm say mê trong công việc - giao tiếp
- Có niềm say mê trong công việc - Kỹ năng giao tiếp tốt (điện thoại,có niềm say mê trong công việc - kỹ năng giao tiếp tốt (điện thoại
- Có thể ghi nhớ tên cùng vị trí đường ngay cả khi mới đi qua 1 lần - Là người có tinh thần trách nhiệm cao,có thể ghi nhớ tên cùng vị trí đường ngay cả khi mới đi qua 1 lần - là người có tinh thần trách nhiệm cao
- Có trình độ về tin học văn phòng,có trình độ về tin học văn phòng
- Có trí nhớ lâu. - Ý thức trách nhiệm tốt với khách trên xe và hàng hóa,có trí nhớ lâu. - ý thức trách nhiệm tốt với khách trên xe và hàng hóa
- Có từ 1 năm kinh nghiệm ở vị trí tương đương- Có kinh nghiệm làm Video Motion Graphic- Thành thạo các phần mềm edit video như After Effect,có từ 1 năm kinh nghiệm ở vị trí tương đương- có kinh nghiệm làm video motion graphic- thành thạo các phần mềm edit video như after effect
- Có từ 1-2 năm kinh nghiệm ở vị trí tương đương. Cẩn thận,có từ 1-2 năm kinh nghiệm ở vị trí tương đương. cẩn thận
- Có ít nhất 01 năm kinh nghiệm ở vị trí tương đương,có ít nhất 01 năm kinh nghiệm ở vị trí tương đương
- Có ít nhất 02 năm kinh nghiệm ở vị trí tương đương.- Am hiểu về các phương tiện truyền thông,có ít nhất 02 năm kinh nghiệm ở vị trí tương đương.- am hiểu về các phương tiện truyền thông
- Cẩn thận,cẩn thận
- Hiểu rõ khách hàng - Khả năng trông rộng - Khả năng giao tiếp- Giải quyết khó khăn- Thúc đẩy kinh doanh quản lý đất đai,hiểu rõ khách hàng - khả năng trông rộng - khả năng giao tiếp- giải quyết khó khăn- thúc đẩy kinh doanh quản lý đất đai
- Hiểu rõ luật giao thông nên đảm bảo hành trình di chuyển luôn tuân thủ đúng quy định. - Có tính cẩn thận,hiểu rõ luật giao thông nên đảm bảo hành trình di chuyển luôn tuân thủ đúng quy định. - có tính cẩn thận
- Hiểu rõ tính chất sản xuất và quy trình thi công để tư vấn cho khách hàng một cách hợp lý,hiểu rõ tính chất sản xuất và quy trình thi công để tư vấn cho khách hàng một cách hợp lý
- Không quá 40 tuổi - Yêu thích công việc tư vấn,không quá 40 tuổi - yêu thích công việc tư vấn
- Khả năng nhớ đường tốt,khả năng nhớ đường tốt
- Kỹ năng giao tiếp,kỹ năng giao tiếp
- Kỹ năng làm việc nhóm - Kỹ năng văn phòng - tin học - Kỹ năng giao tiếp - Kỹ năng giải quyết vấn đề,kỹ năng làm việc nhóm - kỹ năng văn phòng - tin học - kỹ năng giao tiếp - kỹ năng giải quyết vấn đề
- Kỹ năng lập kế hoạch,kỹ năng lập kế hoạch
- Kỹ năng lắng nghe và giải quyết vấn đề hiệu quả. - Kỹ năng giao tiếp tốt (điện thoại,kỹ năng lắng nghe và giải quyết vấn đề hiệu quả. - kỹ năng giao tiếp tốt (điện thoại
- Luôn đặt công việc làm ưu tiên hàng đầu trong cuộc sống - Có thể đi công tác xa nhà trong thời gian dài - Có khả năng ghi nhớ đường tốt,luôn đặt công việc làm ưu tiên hàng đầu trong cuộc sống - có thể đi công tác xa nhà trong thời gian dài - có khả năng ghi nhớ đường tốt
- Là người yêu thích quảng cáo,là người yêu thích quảng cáo
- Lên dự thảo hợp đồng sau khi khách hàng đã đồng ý các điều khoản,lên dự thảo hợp đồng sau khi khách hàng đã đồng ý các điều khoản
- Lập kế hoạch công việc,lập kế hoạch công việc
- Muốn phấn đấu trở thành nhân viên lái xe ưu tú xuất sắc để nhận thưởng theo quy định của công ty - Muốn được nâng cao kiến thức,muốn phấn đấu trở thành nhân viên lái xe ưu tú xuất sắc để nhận thưởng theo quy định của công ty - muốn được nâng cao kiến thức
- Nam,nam
- Nhận và xử lý các khiếu nại của khách hàng về chất lượng sản phẩm,nhận và xử lý các khiếu nại của khách hàng về chất lượng sản phẩm
- Những công việc khác theo sự phân công của quản lý trực tiếp,những công việc khác theo sự phân công của quản lý trực tiếp
- Năng động,năng động
- Nắm rõ luật giao thông và luôn chấp hành nghiêm chỉnh luật giao thông khi tham gia trên đường - Luôn ý thức được hành vi của bản thân khi đang điều khiển phương tiện giao thông trên đường - Tuân thủ đúng quy định mà Nhà nước và doanh nghiệp đề ra đối với nghiệp vụ lái xe như chạy đúng tốc độ,nắm rõ luật giao thông và luôn chấp hành nghiêm chỉnh luật giao thông khi tham gia trên đường - luôn ý thức được hành vi của bản thân khi đang điều khiển phương tiện giao thông trên đường - tuân thủ đúng quy định mà nhà nước và doanh nghiệp đề ra đối với nghiệp vụ lái xe như chạy đúng tốc độ
- Nắm được quy trình tiếp xúc khách hàng,nắm được quy trình tiếp xúc khách hàng
- Quản trị Kinh doanh hoăc các chuyên nghành liên quan. - Từ 1-3 năm kinh nghiệm tại vị trí ứng tuyển. - Ưu tiên ứng viên có kinh nghiệm làm việc tại các chuỗi kinh doanh bán lẻ,quản trị kinh doanh hoăc các chuyên nghành liên quan. - từ 1-3 năm kinh nghiệm tại vị trí ứng tuyển. - ưu tiên ứng viên có kinh nghiệm làm việc tại các chuỗi kinh doanh bán lẻ
- Sử dụng thành thạo tin học văn phòng (excel,sử dụng thành thạo tin học văn phòng (excel
- Sự hiểu biết và tính ham học hỏi - Giao tiếp,sự hiểu biết và tính ham học hỏi - giao tiếp
- Sự hiểu biết và tính ham học hỏi - Kỹ năng giao tiếp linh hoạt,sự hiểu biết và tính ham học hỏi - kỹ năng giao tiếp linh hoạt
- Sự hiểu biết và tính ham học hỏi - Kỹ năng giao tiếp tốt (điện thoại,sự hiểu biết và tính ham học hỏi - kỹ năng giao tiếp tốt (điện thoại
- Sự hiểu biết và tính ham học hỏi - Kỹ năng thuyết trình tốt - Khả năng thích ứng với công việc nhanh - Có khả năng quản lý,sự hiểu biết và tính ham học hỏi - kỹ năng thuyết trình tốt - khả năng thích ứng với công việc nhanh - có khả năng quản lý
- Theo dõi quá trình thanh lý hợp đồng,theo dõi quá trình thanh lý hợp đồng
- Thiết lập những những mối quan hệ khách hàng mới bằng việc lập kế hoạch và tổ chức lịch làm việc hàng ngày,thiết lập những những mối quan hệ khách hàng mới bằng việc lập kế hoạch và tổ chức lịch làm việc hàng ngày
- Thành thạo RESTful,thành thạo restful
- Thân thiện và linh động trong mọi tình huống - Giao tiếp,thân thiện và linh động trong mọi tình huống - giao tiếp
- Thân thiện và linh động trong mọi tình huống - Kỹ năng giao tiếp tốt (điện thoại,thân thiện và linh động trong mọi tình huống - kỹ năng giao tiếp tốt (điện thoại
- Tiếp thu tốt các kiến thức lái xe,tiếp thu tốt các kiến thức lái xe
- Trung thực,trung thực
- Trung thực,trung thực
- Trình độ Thạc sĩ trở lên Chuyên ngành Kỹ thuật Ô tô,trình độ thạc sĩ trở lên chuyên ngành kỹ thuật ô tô
- Trình độ chuyên môn: Tài chính – kế toán hoặc chuyên ngành liên quan- Sử dụng thành thạo tin học văn phòng- Ưu tiên ứng viên đã có kinh nghiệm- Biết hạch toán chi phí- Nhanh nhẹn,trình độ chuyên môn: tài chính – kế toán hoặc chuyên ngành liên quan- sử dụng thành thạo tin học văn phòng- ưu tiên ứng viên đã có kinh nghiệm- biết hạch toán chi phí- nhanh nhẹn
- Trình độ trung cấp trở lên.- Sử dụng thành thạo tin học văn phòng.- Kỹ năng giao tiếp,trình độ trung cấp trở lên.- sử dụng thành thạo tin học văn phòng.- kỹ năng giao tiếp
- Trình độ: Tốt nghiệp ĐH chuyên ngành Kinh doanh,trình độ: tốt nghiệp đh chuyên ngành kinh doanh
- Trình độ: cấp 2 trở lên - Không cần kinh nghiệm,trình độ: cấp 2 trở lên - không cần kinh nghiệm
- Trình độ: tốt nghiệp các trường Cao Đẳng,trình độ: tốt nghiệp các trường cao đẳng
- Trực tiếp thực hiện,trực tiếp thực hiện
- Tuổi từ 24 - 39- Tốt nghiệp Cao Đẳng,tuổi từ 24 - 39- tốt nghiệp cao đẳng
- Tuổi từ 24-39- Tốt nghiệp Cao Đẳng trở lên- Từng là nhân viên kinh doanh,tuổi từ 24-39- tốt nghiệp cao đẳng trở lên- từng là nhân viên kinh doanh
- Tác phong chuyên nghiệp.,tác phong chuyên nghiệp
- Tìm hiểu nhu cầu của khách hàng,tìm hiểu nhu cầu của khách hàng
- Tôi tự tin rằng mình có khả năng ghi nhớ tốt đối với những quãng đường từng đi qua,tôi tự tin rằng mình có khả năng ghi nhớ tốt đối với những quãng đường từng đi qua
- Tốt nghiệp Cao đẳng trở lên chuyên ngành kế toán,tốt nghiệp cao đẳng trở lên chuyên ngành kế toán
- Tốt nghiệp Trung cấp,tốt nghiệp trung cấp
- Tốt nghiệp tối thiểu Cao đẳng chuyên nghành Marketing,tốt nghiệp tối thiểu cao đẳng chuyên nghành marketing
- Tốt nghiệp đại học hoặc cao đẳng ngành có liên quan (Học viện hàng không,tốt nghiệp đại học hoặc cao đẳng ngành có liên quan (học viện hàng không
- Xử lý tình huống và nắm bắt thông tin nhanh.- Thành thạo tin học văn phòng.- Kỹ năng giao tiếp,xử lý tình huống và nắm bắt thông tin nhanh.- thành thạo tin học văn phòng.- kỹ năng giao tiếp
- Yêu cầu: Tối thiểu >5 năm kinh nghiệm ở vị trí quản lý khác sạn nhà hàng lớn.- Hiểu biết sâu về ẩm thực.- Tiếng Anh giao tiếp tốt.- Thành thạo vi tính văn phòng- Kỹ năng lập kế hoạch- Kỹ năng lãnh đạo- Kỹ năng tổ chức,yêu cầu: tối thiểu >5 năm kinh nghiệm ở vị trí quản lý khác sạn nhà hàng lớn.- hiểu biết sâu về ẩm thực.- tiếng anh giao tiếp tốt.- thành thạo vi tính văn phòng- kỹ năng lập kế hoạch- kỹ năng lãnh đạo- kỹ năng tổ chức
- Đam mê làm giàu,đam mê làm giàu
- Đã có bằng lái xe B2,đã có bằng lái xe b2
- Độ tuổi phù hợp từ 25 - 32 tuổi.- Giới tính: Nam- Tối thiểu 3 năm kinh nghiệm tại vị trí tương tự trong doanh nghiệp.- Đã tốt nghiệp trình độ Đại học,độ tuổi phù hợp từ 25 - 32 tuổi.- giới tính: nam- tối thiểu 3 năm kinh nghiệm tại vị trí tương tự trong doanh nghiệp.- đã tốt nghiệp trình độ đại học
- Độ tuổi: 18-28 tuổi,độ tuổi: 18-28 tuổi
- Độ tuổi: Nam,độ tuổi: nam
- Độ tuổi: trên 23 tuổi- Trình độ học vấn: Cử nhân,độ tuổi: trên 23 tuổi- trình độ học vấn: cử nhân
- đủ 18t trở lên - có cmnd hoặc cccd,đủ 18t trở lên - có cmnd hoặc cccd
- Ưu tiên có kinh nghiệm ở vị trí nhân viên kinh doanh( chưa có kinh nghiệm sẽ được đào tạo)- Trung thực,ưu tiên có kinh nghiệm ở vị trí nhân viên kinh doanh( chưa có kinh nghiệm sẽ được đào tạo)- trung thực
-Kinh nghiệm: Yêu cầu kinh nghiệm >1 năm,kinh nghiệm: yêu cầu kinh nghiệm >1 năm
-Nhiệt tình,nhiệt tình
-Thành thạo phần mềm Misa,thành thạo phần mềm misa
-Trung thực,trung thực
-Tuổi: Từ 20-40 tuổi -Trình độ: tốt nghiệp trung cấp,tuổi: từ 20-40 tuổi -trình độ: tốt nghiệp trung cấp
-Tốt nghiệp THPT trở lên -Nam,tốt nghiệp thpt trở lên -nam
-Tốt nghiệp trung cấp trở lên-Kỹ năng giao tiếp,tốt nghiệp trung cấp trở lên-kỹ năng giao tiếp
..- Sử dụng thành thạo các phần mềm kế toán liên quan (fast,sử dụng thành thạo các phần mềm kế toán liên quan (fast
...,
... - Có khả năng ghi nhớ đường cực tốt,có khả năng ghi nhớ đường cực tốt
...) Có sức khoẻ tốt,có sức khoẻ tốt
...- Có khả năng phân tích,có khả năng phân tích
...- Hiểu biết về mạng xã hội: Facebook,hiểu biết về mạng xã hội: facebook
...- Định hướng phát triển lâu dài đối với lĩnh vực Bảo hiểm nhân thọ- Kỹ năng giao tiếp,định hướng phát triển lâu dài đối với lĩnh vực bảo hiểm nhân thọ- kỹ năng giao tiếp
.... - Kỹ năng giao tiếp,kỹ năng giao tiếp
...2. Có đam mê với việc bán hàng.3. Cầu tiến,2. có đam mê với việc bán hàng.3. cầu tiến
.NET MVC ADO.NET,net mvc ado.net
02,02
02 năm kinh nghiệm với vị trí tương đươngTốt nghiệp Cao đẳng trở lên,02 năm kinh nghiệm với vị trí tương đươngtốt nghiệp cao đẳng trở lên
1. Có kinh nghiệm tư vấn chốt đơn online qua: shopee,1. có kinh nghiệm tư vấn chốt đơn online qua: shopee
1. Nam Tốt nghiệp Cao Đẳng,1. nam tốt nghiệp cao đẳng
1. Trình độ học vấn: Tốt nghiệp cao đẳng,1. trình độ học vấn: tốt nghiệp cao đẳng
1. Tốt nghiệp Cao đẳng trở lên chuyên ngành hệ thống điện. 2. Kinh nghiệm làm việc: Ưu tiên những ứng viên đã có kinh nghiệm về thiết kế điện nhà công nghiệp và dân dụng,1. tốt nghiệp cao đẳng trở lên chuyên ngành hệ thống điện. 2. kinh nghiệm làm việc: ưu tiên những ứng viên đã có kinh nghiệm về thiết kế điện nhà công nghiệp và dân dụng
1. Tốt nghiệp Đại học,1. tốt nghiệp đại học
1.Độ tuổi phù hợp: 25 - 35 tuổi.2.Trình độ Cao đẳng trở lên3.Tối thiểu 2 năm kinh nghiệm4.Hiểu biết các quy định hiện hành về công tác hành chính – văn thư5.Có khả năng bao quát,1.độ tuổi phù hợp: 25 - 35 tuổi.2.trình độ cao đẳng trở lên3.tối thiểu 2 năm kinh nghiệm4.hiểu biết các quy định hiện hành về công tác hành chính – văn thư5.có khả năng bao quát
12,12
12 sức khỏe tốt,12 sức khỏe tốt
2022 Mức lương: 7 - 10 triệu Chat ngay Thông tin - Chức vụ: Nhân viên - Kinh nghiệm: Không yêu cầu - Hình thức làm việc: Toàn thời gian cố định - Yêu cầu bằng cấp: Không yêu cầu - Yêu cầu giới tính: Không yêu cầu - Số lượng cần tuyển: 20 ứng viên - Hoa Hồng: 10 đến 30% - Thời gian thử việc: 2 - Ngành nghề: Lao động phổ thông - Lĩnh vực: Công Nhân Mô tả công việc tuyển dụng lao động phổ thông lắp ráp,2022 mức lương: 7 - 10 triệu chat ngay thông tin - chức vụ: nhân viên - kinh nghiệm: không yêu cầu - hình thức làm việc: toàn thời gian cố định - yêu cầu bằng cấp: không yêu cầu - yêu cầu giới tính: không yêu cầu - số lượng cần tuyển: 20 ứng viên - hoa hồng: 10 đến 30% - thời gian thử việc: 2 - ngành nghề: lao động phổ thông - lĩnh vực: công nhân mô tả công việc tuyển dụng lao động phổ thông lắp ráp
2022(1 tháng trước) Tỉnh thành tuyển dụng: Hồ Chí Minh Quận huyện tuyển dụng: Quận 9 Địa điểm tuyển dụng: 466 Nguyễn Duy Trinh,2022(1 tháng trước) tỉnh thành tuyển dụng: hồ chí minh quận huyện tuyển dụng: quận 9 địa điểm tuyển dụng: 466 nguyễn duy trinh
5 tiếng)10. Địa điểm: 66 Xuân Diệu,5 tiếng)10. địa điểm: 66 xuân diệu
????Cần tuyển nhân viên làm toàn thời gian cho siêu thị và cửa hàng ở Bình Thạnh ???? Cần bổ sung vào các vị trí làm việc như sau???? ????Vị trí tuyển dụng cụ thể???? 02 Nhân viên quầy bán hàng +01 Nhân viên thu ngân +03 Nhân viên nam phụ kho ????Công việc cụ thể???? ????Nhân viên bán hàng: kiểm tra sắp xếp hàng hoá số lượng chất lượng sản phẩm lên kệ quầy đúng nơi qui định,cần tuyển nhân viên làm toàn thời gian cho siêu thị và cửa hàng ở bình thạnh ???? cần bổ sung vào các vị trí làm việc như sau???? ????vị trí tuyển dụng cụ thể???? 02 nhân viên quầy bán hàng +01 nhân viên thu ngân +03 nhân viên nam phụ kho ????công việc cụ thể???? ????nhân viên bán hàng: kiểm tra sắp xếp hàng hoá số lượng chất lượng sản phẩm lên kệ quầy đúng nơi qui định
AI hoặc các phần mềm tương đương. - Thể hiện được đầy đủ khả năng làm banner,ai hoặc các phần mềm tương đương. - thể hiện được đầy đủ khả năng làm banner
ASP.NET WebForms,asp.net webforms
Agile,agile
Ajax,ajax
Algorithm,algorithm
Analytics,analytics
Autocad,autocad
BHYT + Sau 6 tháng gắn bó làm việc sẽ được hưởng lương tháng thứ 13 LIÊN HỆ TRỰC TIẾP SẼ ĐƯỢC ƯU TIÊN SẮP XẾP VÀO VỊ TRÍ MÌNH MUỐN,bhyt + sau 6 tháng gắn bó làm việc sẽ được hưởng lương tháng thứ 13 liên hệ trực tiếp sẽ được ưu tiên sắp xếp vào vị trí mình muốn
BHYT và các chế độ khác theo quy định của nhà nước tốt nghiệp cấp 2 trở lên : 9,bhyt và các chế độ khác theo quy định của nhà nước tốt nghiệp cấp 2 trở lên : 9
Biết lắng nghe tiếp thu ý kiến của đồng nghiệp và cấp trên,biết lắng nghe tiếp thu ý kiến của đồng nghiệp và cấp trên
Biết lắng nghe tiếp thu ý kiến của đồng nghiệp và cấp trên Chăm chỉ,biết lắng nghe tiếp thu ý kiến của đồng nghiệp và cấp trên chăm chỉ
Biết lắng nghe tiếp thu ý kiến của đồng nghiệp và cấp trên Hòa đồng,biết lắng nghe tiếp thu ý kiến của đồng nghiệp và cấp trên hòa đồng
Biết lắng nghe tiếp thu ý kiến của đồng nghiệp và cấp trênChăm chỉ,biết lắng nghe tiếp thu ý kiến của đồng nghiệp và cấp trênchăm chỉ
Biết lắng nghe tiếp thu ý kiến của đồng nghiệp và cấp trênTinh thần trách nhiệm trong công việcChịu được áp lực trong công việcHòa đồng,biết lắng nghe tiếp thu ý kiến của đồng nghiệp và cấp trêntinh thần trách nhiệm trong công việcchịu được áp lực trong công việchòa đồng
Business Administration or related field…• Good communication & presentation skills• Good management & organization skills• Dynamic,business administration or related field…• good communication & presentation skills• good management & organization skills• dynamic
Bất Động Sản,bất động sản
BẰNG CẤP,bằng cấp
CD,cd
CD tools such as Jenkins,cd tools such as jenkins
CNTT- Chuyên ngành: Khối ngành kinh tế,cntt- chuyên ngành: khối ngành kinh tế
CNTT- Giới tính: Nam- Độ tuổi: >30- Kinh nghiệm và năng lực: Có kinh nghiệm kinh doanh dự án,cntt- giới tính: nam- độ tuổi: >30- kinh nghiệm và năng lực: có kinh nghiệm kinh doanh dự án
CSS,css
Cao đẳng chính quy liên quan đến chuyên ngành cơ khí,cao đẳng chính quy liên quan đến chuyên ngành cơ khí
Cao đẳng các ngành có liên quan.,cao đẳng các ngành có liên quan
Cao đẳng ngành Du lịch,cao đẳng ngành du lịch
Cloud,cloud
Con người,con người
CorelDRAW (biết dựng 3D là lợi thế) - Có trên 1 năm kinh nghiệm Giờ làm việc: Sáng từ 7h30-11h30,coreldraw (biết dựng 3d là lợi thế) - có trên 1 năm kinh nghiệm giờ làm việc: sáng từ 7h30-11h30
CÔNG TY TNHH XE ĐIỆN BLUERA VIỆT NHẬT Chi tiết công ty Nhân Viên Sản Xuất,công ty tnhh xe điện bluera việt nhật chi tiết công ty nhân viên sản xuất
Có bằng cử nhân (ưu tiên)Có từ 6 tháng kinh nghiệm làm việc. Ưu tiên có kinh nghiệm về mặt tiếp xúc với khách hàng trong ngành giáo dục và,có bằng cử nhân (ưu tiên)có từ 6 tháng kinh nghiệm làm việc. ưu tiên có kinh nghiệm về mặt tiếp xúc với khách hàng trong ngành giáo dục và
Có chí tiến thủ đối với công việc Có khả năng đi xa,có chí tiến thủ đối với công việc có khả năng đi xa
Có khả năng chu toàn công việc,có khả năng chu toàn công việc
Có khả năng nắm bắt thông tin nhanh chóng,có khả năng nắm bắt thông tin nhanh chóng
Có khả năng đứng lớp đào tạo,có khả năng đứng lớp đào tạo
Có kinh nghiệm là một lợi thếGiao tiếp tốtTrung thực,có kinh nghiệm là một lợi thếgiao tiếp tốttrung thực
Có kinh nghiệm ở vị trí PM,có kinh nghiệm ở vị trí pm
Có kỹ năng excel cơ bản,có kỹ năng excel cơ bản
Có ngoại hình,có ngoại hình
Có những kỹ năng chuyên sâu trong vấn đề chuyển giao nhận hàng vì đã có kinh nghiệm. Biết cách phục vụ khách hàng,có những kỹ năng chuyên sâu trong vấn đề chuyển giao nhận hàng vì đã có kinh nghiệm. biết cách phục vụ khách hàng
CĐ Quân Y…),cđ quân y
CĐ Y tế Bạch Mai,cđ y tế bạch mai
CĐ Y tế Hà Nội,cđ y tế hà nội
Cơ khí động lực …. - Ứng viên đã có kinh nghiệm làm giảng viên hoặc làm trong các lĩnh vực liên quan đến giáo dục từ 2 năm trở lên.. - Có khả năng tổng hợp và hệ thống. - Kỹ năng thuyết trình tốt và truyền cảm hứng cho học viện. - Tôn trọng và hợp tác với đồng nghiệp. - Có chí tiến thủ và có nguyện vọng gắn bó lâu dài với Trường.,cơ khí động lực …. - ứng viên đã có kinh nghiệm làm giảng viên hoặc làm trong các lĩnh vực liên quan đến giáo dục từ 2 năm trở lên.. - có khả năng tổng hợp và hệ thống. - kỹ năng thuyết trình tốt và truyền cảm hứng cho học viện. - tôn trọng và hợp tác với đồng nghiệp. - có chí tiến thủ và có nguyện vọng gắn bó lâu dài với trường
Cửa hàng tiện lợi cần tuyển thêm 6 nhân viên- Công việc: + Sắp xếp,cửa hàng tiện lợi cần tuyển thêm 6 nhân viên- công việc: + sắp xếp
Data Structures,data structures
Docker● Experience working with common third-party APIs (LINE,docker● experience working with common third-party apis (line
Du Lịch,du lịch
Duy trì những quan hệ khách hàng hiện có,duy trì những quan hệ khách hàng hiện có
EJS,ejs
Eclipse... - Enthusiasm for technology with pulse on current trends and technologies in the area of mobile application development. - Experience with and understanding of integrating Android applications with Web services. - UI,eclipse... - enthusiasm for technology with pulse on current trends and technologies in the area of mobile application development. - experience with and understanding of integrating android applications with web services. - ui
ElasticSearch,elasticsearch
English Linguistics from renowned universities- At least 2-year teaching experience in Test Preparation courses (e.g. TOEFL,english linguistics from renowned universities- at least 2-year teaching experience in test preparation courses (e.g. toefl
Excel,excel
Excel- Trung thực,excel- trung thực
FMEA + Kỹ năng Kế toán: Phân tích chi phí,fmea + kỹ năng kế toán: phân tích chi phí
Flutter,flutter
Fullstack) tối thiểu 3 năm.Có kinh nghiệm quản lý một nhóm với hơn 5 thành viên.Có kinh nghiệm phát triển phần mềm sử dụng nhiều ngôn ngữ khác nhau là 1 lợi thế.Hiểu biết về các mô hình quản lý dự án (Waterfall,fullstack) tối thiểu 3 năm.có kinh nghiệm quản lý một nhóm với hơn 5 thành viên.có kinh nghiệm phát triển phần mềm sử dụng nhiều ngôn ngữ khác nhau là 1 lợi thế.hiểu biết về các mô hình quản lý dự án (waterfall
Gitlab,gitlab
Giải quyết vấn đề. Quản lý thời gian. Quản lý giao tiếp. Học hiệu quả. Giao tiếp tốt và hòa nhâp môi trường tốt. Học việc nhanh. Giao tiếp tiếng anh cơ bảnGiao tiếp tiếng trung khá,giải quyết vấn đề. quản lý thời gian. quản lý giao tiếp. học hiệu quả. giao tiếp tốt và hòa nhâp môi trường tốt. học việc nhanh. giao tiếp tiếng anh cơ bảngiao tiếp tiếng trung khá
Google ++,google
Gsuite tools,gsuite tools
Ham học hỏi có ý chí cầu tiến.Luôn luôn vui vẻ hoà đồng nhiệt tình với đồng nghiệp trong công ty.Có kỹ năng giao tiếp càng tốt.Thực hiện đúng nội quy của công ty đưa ra.Thái độ tốt,ham học hỏi có ý chí cầu tiến.luôn luôn vui vẻ hoà đồng nhiệt tình với đồng nghiệp trong công ty.có kỹ năng giao tiếp càng tốt.thực hiện đúng nội quy của công ty đưa ra.thái độ tốt
Hà Nội,hà nội
Hàn Quốc,hàn quốc
Học viện bưu chính viễn thông- Thành thạo các kỹ thuật trong .NET technology: C thăng,học viện bưu chính viễn thông- thành thạo các kỹ thuật trong .net technology: c thăng
IELTS,ielts
Illustrator,illustrator
JS,js
Jira,jira
KH doanh nghiệp.- Tính cách: Nhiệt tình,kh doanh nghiệp.- tính cách: nhiệt tình
KHÔNG YÊU CẦU KINH NGHIỆM,không yêu cầu kinh nghiệm
Kaizen,kaizen
Kanban…)Có kinh nghiệm triển khai hệ thống (CI,kanban…)có kinh nghiệm triển khai hệ thống (ci
Khả năng chịu áp lực cao trong công việc,khả năng chịu áp lực cao trong công việc
Khả năng thông thạo đường xá nhanh chóng Chăm chỉ,khả năng thông thạo đường xá nhanh chóng chăm chỉ
Kinh nghiệm: Đã có kinh nghiệm làm quản lý tại các gara,kinh nghiệm: đã có kinh nghiệm làm quản lý tại các gara
Kinh tếSử dụng tốt Excel,kinh tếsử dụng tốt excel
Kế toán doanh nghiệp,kế toán doanh nghiệp
Kỹ năng viết lách và sử dụng ngôn từ Pr hiệu quả Kỹ năng phân tích và tổng hợp thông tin Kỹ năng giao tiếp khéo léo và luôn vui vẻ hòa đồng Kỹ năng tạo dựng những mối quan hệ Kỹ năng về ngoại ngữ với khả năng đọc,kỹ năng viết lách và sử dụng ngôn từ pr hiệu quả kỹ năng phân tích và tổng hợp thông tin kỹ năng giao tiếp khéo léo và luôn vui vẻ hòa đồng kỹ năng tạo dựng những mối quan hệ kỹ năng về ngoại ngữ với khả năng đọc
Kỹ thuật cơ khí động lực,kỹ thuật cơ khí động lực
Lao Động Phổ Thông Sau Nạn Dịch Tại Quận 9,lao động phổ thông sau nạn dịch tại quận 9
Less,less
Lập báo cáo chi tiết tình hình chất lượng trong từng công đoạn,lập báo cáo chi tiết tình hình chất lượng trong từng công đoạn
Lợi tức đầu tư,lợi tức đầu tư
Mako).● Experience in SQL,mako).● experience in sql
MongoDB,mongodb
MySQL,mysql
Mô tả công việc - Chăm sóc khách hàng và tư vấn bán các sản phẩm của công ty,mô tả công việc - chăm sóc khách hàng và tư vấn bán các sản phẩm của công ty
Nam,nam
Nam nữ từ 24 đến 48 tuổiCó xe máy và điện thoại thông minhChấp nhận di chuyển xa một ngày 10 đến 40KM,nam nữ từ 24 đến 48 tuổicó xe máy và điện thoại thông minhchấp nhận di chuyển xa một ngày 10 đến 40km
Ngoại ngữ,ngoại ngữ
Nguồn Nhân lực,nguồn nhân lực
Ngày cập nhật: 12,ngày cập nhật: 12
Ngân Hàng,ngân hàng
Ngôn ngữ Anh và chứng chỉ nghiệp vụ Sư phạm,ngôn ngữ anh và chứng chỉ nghiệp vụ sư phạm
NoSQL databases and their declarative query languages● Proficient understanding of code versioning tools (Git) and git flow process.NICE TO HAVE:● Have knowledge in Micro service architecture.● Good knowledge working with system or working CI,nosql databases and their declarative query languages● proficient understanding of code versioning tools (git) and git flow process.nice to have:● have knowledge in micro service architecture.● good knowledge working with system or working ci
NonSQL…- Hiểu biết và có kinh nghiệm về xây dựng hệ thống bán hàng trực tuyến,nonsql…- hiểu biết và có kinh nghiệm về xây dựng hệ thống bán hàng trực tuyến
Nữ,nữ
Nữ 24-30- Hiểu biết về nghiệp vụ đào tạo phát triển và bán hàng- Có 2 năm kinh nghiệm Telesales - Ưu tiên ứng viên có kinh nghiệm từ 1 năm các vị trí tương đương- Kỹ năng giao tiếp,nữ 24-30- hiểu biết về nghiệp vụ đào tạo phát triển và bán hàng- có 2 năm kinh nghiệm telesales - ưu tiên ứng viên có kinh nghiệm từ 1 năm các vị trí tương đương- kỹ năng giao tiếp
Nữ tuổi từ 25 đến 32,nữ tuổi từ 25 đến 32
Nữ từ 23-35t,nữ từ 23-35t
OOP,oop
PARTIME,partime
PHƯỜNG PHÚ HỮU,phường phú hữu
PMP là lợi thế.,pmp là lợi thế
Photoshop,photoshop
Phường Bình Trưng Đông,phường bình trưng đông
Poster. - Kinh nghiệm: 1 năm kinh nghiệm trở lên. Ứng viên gửi kèm sản phẩm trong portfolio. - Trình độ: biết sử dụng cơ bản về các phần mềm Photoshop,poster. - kinh nghiệm: 1 năm kinh nghiệm trở lên. ứng viên gửi kèm sản phẩm trong portfolio. - trình độ: biết sử dụng cơ bản về các phần mềm photoshop
Power Point … - Có thể quản lý đội nhóm có nhiều thành viên,power point … - có thể quản lý đội nhóm có nhiều thành viên
Power Point … - Khả năng truyền cảm hứng,power point … - khả năng truyền cảm hứng
Power Point … - Khả năng truyền đạt thông tin hiệu quả,power point … - khả năng truyền đạt thông tin hiệu quả
Power Point … - Kỹ năng lãnh đạo tốt,power point … - kỹ năng lãnh đạo tốt
Premiere,premiere
QUẬN 9,quận 9
Quận 2,quận 2
Quận 2 CÔNG TY TNHH XE ĐIỆN BLUERA VIỆT NHẬT Lượt xem: 5455,quận 2 công ty tnhh xe điện bluera việt nhật lượt xem: 5455
RedmineƯu tiên giỏi tiếng Anh: cả kỹ năng viết và giao tiếp.Có năng lực phân tích tài liệu,redmineưu tiên giỏi tiếng anh: cả kỹ năng viết và giao tiếp.có năng lực phân tích tài liệu
SAT,sat
SOAP and,soap and
SOAP services,soap services
SOAP.- Đã làm việc trên: Oracle hoặc có kinh nghiệm trên các hệ quản trị cơ sở dữ liệu khác: MSSQL server,soap.- đã làm việc trên: oracle hoặc có kinh nghiệm trên các hệ quản trị cơ sở dữ liệu khác: mssql server
SVN…,svn
Scrum,scrum
Shopdrawing… 4. Năng động,shopdrawing… 4. năng động
Six Sigma,six sigma
Stripe ... ) is a plus● Experience with some service of aws,stripe ... ) is a plus● experience with some service of aws
StrongLoop,strongloop
Sắp xếp,sắp xếp
Sư phạm Tiếng Anh,sư phạm tiếng anh
Số lượng tuyển : 6 – 8Giới Tính: NamĐộ tuổi: 22-35Tốt nghiệp Đại học,số lượng tuyển : 6 – 8giới tính: namđộ tuổi: 22-35tốt nghiệp đại học
TESOL (nếu có). - Có năng lực giao tiếp và xử lý tình huống tốt,tesol (nếu có). - có năng lực giao tiếp và xử lý tình huống tốt
TKT,tkt
TNCN,tncn
TNDN,tndn
TOEIC,toeic
TP THỦ ĐỨC + được tham gia : BHXH,tp thủ đức + được tham gia : bhxh
TP Thủ Đức . Hạn nộp hồ sơ: 01,tp thủ đức . hạn nộp hồ sơ: 01
TVC,tvc
Tech lead tối thiểu 1 năm,tech lead tối thiểu 1 năm
Thân thiện,thân thiện
Tinh thần trách nhiệm cao,tinh thần trách nhiệm cao
Tinh thần trách nhiệm trong công việc,tinh thần trách nhiệm trong công việc
Toán tin,toán tin
Trong thời gian học tập trên giảng đường đại học,trong thời gian học tập trên giảng đường đại học
Trình độ: Cao đẳng,trình độ: cao đẳng
Twiter,twiter
Tài Chính Ngân Hàng,tài chính ngân hàng
Tài Chính.Kỹ năng giao tiếp,tài chính.kỹ năng giao tiếp
Tài chính,tài chính
Tây Hồ,tây hồ
Tốt nghiệp Cao đẳng,tốt nghiệp cao đẳng
Tốt nghiệp từ cao đẳng trở lên,tốt nghiệp từ cao đẳng trở lên
Tốt nghiệp Đại Học hoặc Cao Đẳng trở lên các chuyên ngành Công nghệ thông tin.Có 1 năm kinh nghiệm trở lên làm với Flutter và ưu tiên biết về IOS Native.Có kinh nghiệm về handle với Restful API (Back-end),tốt nghiệp đại học hoặc cao đẳng trở lên các chuyên ngành công nghệ thông tin.có 1 năm kinh nghiệm trở lên làm với flutter và ưu tiên biết về ios native.có kinh nghiệm về handle với restful api (back-end
UX design experience is a plus. - Willing to learn new things : React-Native,ux design experience is a plus. - willing to learn new things : react-native
VTC,vtc
Viral Video… – Phối hợp cùng NV Thiết kế để chụp ảnh minh họa cho bài viết. – Hợp tác với các bộ phận để xây dựng kế hoạch bài viết,viral video… – phối hợp cùng nv thiết kế để chụp ảnh minh họa cho bài viết. – hợp tác với các bộ phận để xây dựng kế hoạch bài viết
Vui vẻ,vui vẻ
Web API- Sử dụng thành thạo các công cụ quản lý Source Code như Git,web api- sử dụng thành thạo các công cụ quản lý source code như git
Web Application Development architect● Have at least 2 years of experience in Python,web application development architect● have at least 2 years of experience in python
Webservice,webservice
XML…- Có kinh nghiệm các kỹ thuật lập trình Website: HTML,xml…- có kinh nghiệm các kỹ thuật lập trình website: html
YÊU CẦU CÔNG VIỆC - Thành thạo Adobe Illustrator,yêu cầu công việc - thành thạo adobe illustrator
Yêu cầu ứng viên: - Tốt nghiệp chuyên ngành Tiếng Anh,yêu cầu ứng viên: - tốt nghiệp chuyên ngành tiếng anh
Yêu cầu: •Trình độ cử nhân chuyên ngành kế toán,yêu cầu: •trình độ cử nhân chuyên ngành kế toán
and CSS3- Understanding accessibility and security compliance- User authentication and authorization between multiple systems,and css3- understanding accessibility and security compliance- user authentication and authorization between multiple systems
and environments- Integration of multiple data sources and databases into one system- Understanding fundamental design principles behind a scalable application- Understanding differences between multiple delivery platforms,and environments- integration of multiple data sources and databases into one system- understanding fundamental design principles behind a scalable application- understanding differences between multiple delivery platforms
and multi-process architecture.● Good understanding of server-side templating languages (Jinja 2,and multi-process architecture.● good understanding of server-side templating languages (jinja 2
and optimizing output to match the specific platform- Creating database schemas that represent and support business processes- Implementing automated testing platforms and unit tests- Proficient understanding of code versioning tools,and optimizing output to match the specific platform- creating database schemas that represent and support business processes- implementing automated testing platforms and unit tests- proficient understanding of code versioning tools
at least 1-2 years in the IT field.• Experienced in recruiting Tech positions.• University degree in Human Resource Management,at least 1-2 years in the it field.• experienced in recruiting tech positions.• university degree in human resource management
azure ..● Experience with multiple database types such as Redis,azure ..● experience with multiple database types such as redis
back office là điểm cộng,back office là điểm cộng
bao gồm các thủ tục thi công,bao gồm các thủ tục thi công
biên tậpnội dung tiếp thị cho các sản phẩm dịch vụ của công ty. – Xây dựng mối quan hệ đối với các phóng viên,biên tậpnội dung tiếp thị cho các sản phẩm dịch vụ của công ty. – xây dựng mối quan hệ đối với các phóng viên
biết cách di chuyển dựa trên gợi ý của GPS - Biết cách lắng nghe và kiên nhẫn,biết cách di chuyển dựa trên gợi ý của gps - biết cách lắng nghe và kiên nhẫn
biết cách quản lý thời gian,biết cách quản lý thời gian
biết lắng nghe,biết lắng nghe
biết lắng nghe.5. Có khả năng làm việc nhóm6. Biết lái xe ô tô là một lợi thế,biết lắng nghe.5. có khả năng làm việc nhóm6. biết lái xe ô tô là một lợi thế
biết sắp xếp và điều phối công việc linh hoạt- Làm việc độc lập và theo nhóm tốt.,biết sắp xếp và điều phối công việc linh hoạt- làm việc độc lập và theo nhóm tốt
biết thương lượng và xử lý tình huống tốt.- Có tinh thần đồng đội,biết thương lượng và xử lý tình huống tốt.- có tinh thần đồng đội
biết tiếng Nhật tương đương N3 (tối thiểu là N4,biết tiếng nhật tương đương n3 (tối thiểu là n4
biết ưu tiên các đầu việc quan trọng để hoàn thành kịp tiến độ cấp trên yêu cầu - Là người siêng năng,biết ưu tiên các đầu việc quan trọng để hoàn thành kịp tiến độ cấp trên yêu cầu - là người siêng năng
bài post fanpage và kịch bản video về sản phẩm,bài post fanpage và kịch bản video về sản phẩm
bán hàng và quy trình bán hàng + Thành thạo tin học văn phòng và sử dụng máy tính + Có kiến thức về chuỗi cung ứng và các hoạt động bán lẻ,bán hàng và quy trình bán hàng + thành thạo tin học văn phòng và sử dụng máy tính + có kiến thức về chuỗi cung ứng và các hoạt động bán lẻ
báo chí – Thựchiện tốt các công việc khác do quản lý giao phó. – Báo cáo công việc theo tiến độ,báo chí – thựchiện tốt các công việc khác do quản lý giao phó. – báo cáo công việc theo tiến độ
báo cáo tốt.- Kỹ năng làm việc độc lập,báo cáo tốt.- kỹ năng làm việc độc lập
báo cáo.- Kỹ năng giao tiếp.- Có khả năng chịu được áp lực cao trong công việc.,báo cáo.- kỹ năng giao tiếp.- có khả năng chịu được áp lực cao trong công việc
bên cạnh đó nếu có yêu cầu thì cũng sẽ tìm hiểu để đáp ứng nhiệm vụ được phân công trên những tuyến đường mới - Có khả năng quan sát,bên cạnh đó nếu có yêu cầu thì cũng sẽ tìm hiểu để đáp ứng nhiệm vụ được phân công trên những tuyến đường mới - có khả năng quan sát
bảo trì các phương tiện (ô tô,bảo trì các phương tiện (ô tô
bắt nhịp nhanh với môi trường mới,bắt nhịp nhanh với môi trường mới
bền bỉ với các con số. Các điều kiện ưu tiên khác: •Ưu tiên ứng viên đã làm tại các đơn vị hoạt động trong lĩnh vực xây dựng,bền bỉ với các con số. các điều kiện ưu tiên khác: •ưu tiên ứng viên đã làm tại các đơn vị hoạt động trong lĩnh vực xây dựng
bốc xếp hàng hóa,bốc xếp hàng hóa
cao đẳng 2. Có kinh nghiệm 2 - 3 năm tại vị trí tương đương (hàng dệt kim)3. Hiểu biết kỹ lưỡng về phát triển sản phẩm và quy trình tìm nguồn cung ứng4. Có kiến thức về sản phẩm dệt may và kỹ thuật,cao đẳng 2. có kinh nghiệm 2 - 3 năm tại vị trí tương đương (hàng dệt kim)3. hiểu biết kỹ lưỡng về phát triển sản phẩm và quy trình tìm nguồn cung ứng4. có kiến thức về sản phẩm dệt may và kỹ thuật
cao đẳng chuyên ngành Kế toán hoặc các ngành liên quan- Tư duy logic,cao đẳng chuyên ngành kế toán hoặc các ngành liên quan- tư duy logic
cao đẳng chuyên ngành Marketing,cao đẳng chuyên ngành marketing
cao đẳng chuyên ngành tài chính,cao đẳng chuyên ngành tài chính
cao đẳng các chuyên ngành về Nhân sự,cao đẳng các chuyên ngành về nhân sự
chi tiết,chi tiết
chiều từ 13h-17h30,chiều từ 13h-17h30
chiều từ 1h đến 5h30 chiều chủ nhật nghỉ - công việc : lắp ráp các linh kiện,chiều từ 1h đến 5h30 chiều chủ nhật nghỉ - công việc : lắp ráp các linh kiện
chu đáo,chu đáo
chuyên nghiệp,chuyên nghiệp
chuyên nghiệp.• Ưu tiên ứng viên có kinh nghiệm tại vị trí tương đương tại các khách sạn từ 3 sao trở lên.,chuyên nghiệp.• ưu tiên ứng viên có kinh nghiệm tại vị trí tương đương tại các khách sạn từ 3 sao trở lên
chuyên ngành kinh tế,chuyên ngành kinh tế
chuyển cho Trưởng bộ phận xin ý kiến về các điều khoản hợp đồng. Lập thủ tục ký kết hợp đồng,chuyển cho trưởng bộ phận xin ý kiến về các điều khoản hợp đồng. lập thủ tục ký kết hợp đồng
chuỗi dịch vụ phòng khám nha,chuỗi dịch vụ phòng khám nha
chân thành với khách hàng.,chân thành với khách hàng
chăm chỉ,chăm chỉ
chăm chỉ và kiên trì.Có mục tiêu và định hướng phát triển công việc rõ ràng.,chăm chỉ và kiên trì.có mục tiêu và định hướng phát triển công việc rõ ràng
chăm chỉ và siêng năng trong khi làm việc - Luôn đặt công việc là ưu tiên hàng đầu - Có kỹ năng giải quyết các vấn đề phát sinh trong quá trình làm việc hiệu quả,chăm chỉ và siêng năng trong khi làm việc - luôn đặt công việc là ưu tiên hàng đầu - có kỹ năng giải quyết các vấn đề phát sinh trong quá trình làm việc hiệu quả
chăm sóc khách hàng tốt. - Luôn tuân thủ các quy định mà công ty đặt ra.,chăm sóc khách hàng tốt. - luôn tuân thủ các quy định mà công ty đặt ra
chăm sóc những khách hàng tiềm năng khác,chăm sóc những khách hàng tiềm năng khác
chấp hành tốt các quy định mà công ty đề ra. Thông thạo luật giao thông,chấp hành tốt các quy định mà công ty đề ra. thông thạo luật giao thông
chấp nhận ứng viên mới ra trường. 3. Sử dụng thành thạo các phần mềm Microsoft office,chấp nhận ứng viên mới ra trường. 3. sử dụng thành thạo các phần mềm microsoft office
chất có cồn trong quá trình lái xe. - Nắm bắt các kỹ thuật lái xe theo tiêu chuẩn - Có khả năng quan sát tốt,chất có cồn trong quá trình lái xe. - nắm bắt các kỹ thuật lái xe theo tiêu chuẩn - có khả năng quan sát tốt
chế độ kế toán,chế độ kế toán
chỉ cần đi một lần là nhớ - Có tính cần cù,chỉ cần đi một lần là nhớ - có tính cần cù
chỉ xong trách nhiệm khi khách hàng đã thanh toán xong,chỉ xong trách nhiệm khi khách hàng đã thanh toán xong
chịu học hỏi,chịu học hỏi
chịu khó,chịu khó
chịu khó - Khả năng học và tự học hỏi nhanh. - Có khả năng thích nghi nhanh với môi trường làm việc - Kỹ năng tổ chức và quản lý công việc hiệu quả - Chịu được áp lực cao trong công việc - Kỹ năng làm việc nhóm hiệu quả - Khả năng tìm kiếm giải pháp và lựa chọn các giải pháp tối ưu - Thành thạo tin học văn phòng - Khả năng giải quyết vấn đề linh hoạt,chịu khó - khả năng học và tự học hỏi nhanh. - có khả năng thích nghi nhanh với môi trường làm việc - kỹ năng tổ chức và quản lý công việc hiệu quả - chịu được áp lực cao trong công việc - kỹ năng làm việc nhóm hiệu quả - khả năng tìm kiếm giải pháp và lựa chọn các giải pháp tối ưu - thành thạo tin học văn phòng - khả năng giải quyết vấn đề linh hoạt
chịu khó - Kỹ năng thuyết trình tốt - Có khả năng thích nghi nhanh với môi trường làm việc - Có khả năng quản lý,chịu khó - kỹ năng thuyết trình tốt - có khả năng thích nghi nhanh với môi trường làm việc - có khả năng quản lý
chịu khó - Kỹ năng thuyết trình tốt - Dễ dàng hòa nhập với môi trường làm việc mới - Quản lý thời gian hiệu quả - Có thể chịu được công việc có nhiều áp lực - Có khả năng xây dựng và làm việc theo đội nhóm - Biết cách phân loại vấn đề diễn ra trong quá trình xử lý công việc - Kỹ năng tin học văn phòng thành thạo - Có tầm nhìn và sự quyết đoán,chịu khó - kỹ năng thuyết trình tốt - dễ dàng hòa nhập với môi trường làm việc mới - quản lý thời gian hiệu quả - có thể chịu được công việc có nhiều áp lực - có khả năng xây dựng và làm việc theo đội nhóm - biết cách phân loại vấn đề diễn ra trong quá trình xử lý công việc - kỹ năng tin học văn phòng thành thạo - có tầm nhìn và sự quyết đoán
chịu khó cập nhật thông tin phục vụ cho nhu cầu công việc,chịu khó cập nhật thông tin phục vụ cho nhu cầu công việc
chịu khó tìm hiểu các vấn đề trong công việc và cuộc sống Tinh thần trách nhiệm trong công việc Chịu được áp lực trong công việc Hòa đồng,chịu khó tìm hiểu các vấn đề trong công việc và cuộc sống tinh thần trách nhiệm trong công việc chịu được áp lực trong công việc hòa đồng
chịu khó tìm hiểu các vấn đề trong công việc và cuộc sống bình thường,chịu khó tìm hiểu các vấn đề trong công việc và cuộc sống bình thường
chịu khó tìm hiểu các vấn đề trong công việc và cuộc sốngTinh thần trách nhiệm trong công việcChịu được áp lực trong công việcHòa đồng,chịu khó tìm hiểu các vấn đề trong công việc và cuộc sốngtinh thần trách nhiệm trong công việcchịu được áp lực trong công việchòa đồng
chịu được áp lực cao trong công việc Có khả năng phân tích dữ liệu Kiểm soát chất lượng nguyên liệu đầu vào và quy trình đóng gói hàng hóa,chịu được áp lực cao trong công việc có khả năng phân tích dữ liệu kiểm soát chất lượng nguyên liệu đầu vào và quy trình đóng gói hàng hóa
chịu được áp lực công việc,chịu được áp lực công việc
chủ động giải quyết,chủ động giải quyết
chủ động rút kinh nghiệm cho các công tác sau,chủ động rút kinh nghiệm cho các công tác sau
chủ động trong công việc,chủ động trong công việc
chủ động trong công việc- Có tính kỷ luật,chủ động trong công việc- có tính kỷ luật
chủ động về phương tiện di chuyển - Kỹ năng giao hàng bằng xe máy - Thông thạo mọi cung đường tại Hà Nội - Biết sử dụng điện thoại thông minh - Cẩn thận,chủ động về phương tiện di chuyển - kỹ năng giao hàng bằng xe máy - thông thạo mọi cung đường tại hà nội - biết sử dụng điện thoại thông minh - cẩn thận
các chuẩn mực kế toán,các chuẩn mực kế toán
các khối ngành Kế toán,các khối ngành kế toán
các loại chứng từ,các loại chứng từ
các phần mềm hỗ trợ cho việc lái xe,các phần mềm hỗ trợ cho việc lái xe
các phần mềm tính km di chuyển và phần mềm tính tiền. - Có thể giao tiếp tốt,các phần mềm tính km di chuyển và phần mềm tính tiền. - có thể giao tiếp tốt
các qui phạm pháp luật liên quan đến kế toán tài chính,các qui phạm pháp luật liên quan đến kế toán tài chính
cẩn thận,cẩn thận
cẩn thận -Quan sát,cẩn thận -quan sát
có chí tiến thủ.4. Chăm chỉ,có chí tiến thủ.4. chăm chỉ
có chứng chỉ của trường có dưới 1 năm kinh nghiệm làm nhân viên thiết kế rập thời trang,có chứng chỉ của trường có dưới 1 năm kinh nghiệm làm nhân viên thiết kế rập thời trang
có các ca linh hoạt- Nhanh nhẹn,có các ca linh hoạt- nhanh nhẹn
có các mối quan hệ tốt với khách hàng,có các mối quan hệ tốt với khách hàng
có khả năng giao tiếp.5. Ưu tiên ứng viên đã có kinh nghiệm làm kế toán công nợ tại các Công ty Xây dựng,có khả năng giao tiếp.5. ưu tiên ứng viên đã có kinh nghiệm làm kế toán công nợ tại các công ty xây dựng
có khả năng sử dụng phần mềm.- Khả năng làm việc độc lập,có khả năng sử dụng phần mềm.- khả năng làm việc độc lập
có khả năng thuyết trình và trình bày - Có khả năng thích nghi nhanh với môi trường làm việc - Biết quan sát,có khả năng thuyết trình và trình bày - có khả năng thích nghi nhanh với môi trường làm việc - biết quan sát
có khả năng thuyết trình và trình bày - Có khả năng thích nghi nhanh với môi trường làm việc - Kỹ năng tổ chức và quản lý công việc hiệu quả - Khả năng chịu được áp lực công việc - Có khả năng xây dựng và làm việc theo đội nhóm - Khả năng tìm kiếm giải pháp và lựa chọn các giải pháp tối ưu - Thành thạo tin học văn phòng - Khả năng truyền đạt thông tin hiệu quả,có khả năng thuyết trình và trình bày - có khả năng thích nghi nhanh với môi trường làm việc - kỹ năng tổ chức và quản lý công việc hiệu quả - khả năng chịu được áp lực công việc - có khả năng xây dựng và làm việc theo đội nhóm - khả năng tìm kiếm giải pháp và lựa chọn các giải pháp tối ưu - thành thạo tin học văn phòng - khả năng truyền đạt thông tin hiệu quả
có khả năng thuyết trình và trình bày - Có khả năng thích nghi nhanh với môi trường làm việc - Quản lý thời gian hiệu quả - Khả năng chịu được áp lực công việc - Kỹ năng làm việc nhóm tốt. - Xử lý tình huống nhanh - Kỹ năng soạn thảo văn bản,có khả năng thuyết trình và trình bày - có khả năng thích nghi nhanh với môi trường làm việc - quản lý thời gian hiệu quả - khả năng chịu được áp lực công việc - kỹ năng làm việc nhóm tốt. - xử lý tình huống nhanh - kỹ năng soạn thảo văn bản
có khả năng thuyết trình và trình bày - Dễ dàng hòa nhập với môi trường làm việc mới - Kỹ năng tổ chức và quản lý công việc hiệu quả - Có khả năng làm việc dưới áp lực cao - Kỹ năng làm việc nhóm hiệu quả - Biết cách phân loại vấn đề diễn ra trong quá trình xử lý công việc - Kỹ năng soạn thảo văn bản,có khả năng thuyết trình và trình bày - dễ dàng hòa nhập với môi trường làm việc mới - kỹ năng tổ chức và quản lý công việc hiệu quả - có khả năng làm việc dưới áp lực cao - kỹ năng làm việc nhóm hiệu quả - biết cách phân loại vấn đề diễn ra trong quá trình xử lý công việc - kỹ năng soạn thảo văn bản
có khả năng thuyết trình và trình bày - Dễ dàng làm quen với môi trường mới - Biết quan sát,có khả năng thuyết trình và trình bày - dễ dàng làm quen với môi trường mới - biết quan sát
có khả năng thuyết trình và trình bày - Khả năng thích ứng với công việc nhanh - Kỹ năng tổ chức và quản lý công việc hiệu quả - Khả năng chịu được áp lực công việc - Làm việc độc lập và làm việc nhóm - Xử lý tình huống nhanh - Kỹ năng tin học văn phòng thành thạo - Có thể quản lý đội nhóm có nhiều thành viên,có khả năng thuyết trình và trình bày - khả năng thích ứng với công việc nhanh - kỹ năng tổ chức và quản lý công việc hiệu quả - khả năng chịu được áp lực công việc - làm việc độc lập và làm việc nhóm - xử lý tình huống nhanh - kỹ năng tin học văn phòng thành thạo - có thể quản lý đội nhóm có nhiều thành viên
có khả năng truyền đạt,có khả năng truyền đạt
có khả quan sát tốt và chú ý đến từng chi tiết nhỏ + Có kiến thức về tiếp thị,có khả quan sát tốt và chú ý đến từng chi tiết nhỏ + có kiến thức về tiếp thị
có kinh nghiệm là một lợi thế,có kinh nghiệm là một lợi thế
có kiến thức về luật,có kiến thức về luật
có kỹ năng làm việc nhóm,có kỹ năng làm việc nhóm
có kỹ năng xử lý số liệu tốt,có kỹ năng xử lý số liệu tốt
có máu kiếm tiền - Sử dụng vi tính văn phòng.,có máu kiếm tiền - sử dụng vi tính văn phòng
có mục tiêu phấn đấu để thăng tiến,có mục tiêu phấn đấu để thăng tiến
có phẩm chất đạo đức nghề nghiệp,có phẩm chất đạo đức nghề nghiệp
có thể ghi nhớ địa chỉ và tên của khách hàng. - Chăm chỉ và chịu khó. - Trung thực và đảm bảo hàng hóa còn nguyên đai,có thể ghi nhớ địa chỉ và tên của khách hàng. - chăm chỉ và chịu khó. - trung thực và đảm bảo hàng hóa còn nguyên đai
có thể giao tiếp được với người nước ngoài. - Có trách nhiệm với công việc được giao phó. - Sử dụng các thiết bị điều khiển trên xe một cách thành thạo.,có thể giao tiếp được với người nước ngoài. - có trách nhiệm với công việc được giao phó. - sử dụng các thiết bị điều khiển trên xe một cách thành thạo
có thể thực hiện các công tác chuyên chở hàng hóa hàng giờ đồng hồ với quãng đường xa hoặc di chuyển xuyên đêm. Khả năng sắp xếp hàng hóa,có thể thực hiện các công tác chuyên chở hàng hóa hàng giờ đồng hồ với quãng đường xa hoặc di chuyển xuyên đêm. khả năng sắp xếp hàng hóa
có thể đi công tác theo xe lâu. - Có thể sắp xếp lịch lái xe ổn định,có thể đi công tác theo xe lâu. - có thể sắp xếp lịch lái xe ổn định
có tinh thần cầu tiến cao - CÓ LAPTOP - Không yêu cầu kinh nghiệm,có tinh thần cầu tiến cao - có laptop - không yêu cầu kinh nghiệm
có tinh thần trách nhiệm- Có laptop cá nhân- Sinh năm 95 - 20,có tinh thần trách nhiệm- có laptop cá nhân- sinh năm 95 - 20
có trách nhiệm,có trách nhiệm
có trách nhiệm cao trong công việc.- Tốt nghiệp Đại Học trở lên.- Đã có kinh nghiệm đi làm ít nhất 1 năm trở lên.- Độ tuổi từ 20 đến 35 Tuổi- Kỹ năng vi tính văn phòng tốt,có trách nhiệm cao trong công việc.- tốt nghiệp đại học trở lên.- đã có kinh nghiệm đi làm ít nhất 1 năm trở lên.- độ tuổi từ 20 đến 35 tuổi- kỹ năng vi tính văn phòng tốt
có trách nhiệm trong công việc - Nhanh nhẹn,có trách nhiệm trong công việc - nhanh nhẹn
có trách nhiệm với công việc,có trách nhiệm với công việc
có trách nhiệm với công việc- Có khả năng ăn nói,có trách nhiệm với công việc- có khả năng ăn nói
có trách nhiệm với công việcBiết lắng nghe tiếp thu ý kiến của đồng nghiệp và cấp trênChăm chỉ,có trách nhiệm với công việcbiết lắng nghe tiếp thu ý kiến của đồng nghiệp và cấp trênchăm chỉ
có tư duy về nghề Marketing và muốn phát triển trong nghề Marketing- Am hiểu,có tư duy về nghề marketing và muốn phát triển trong nghề marketing- am hiểu
có óc sáng tạo - Giao tiếp,có óc sáng tạo - giao tiếp
có óc sáng tạo - Kỹ năng giao tiếp linh hoạt,có óc sáng tạo - kỹ năng giao tiếp linh hoạt
có óc sáng tạo - Kỹ năng giao tiếp tốt (điện thoại,có óc sáng tạo - kỹ năng giao tiếp tốt (điện thoại
có óc sáng tạo - Kỹ năng thuyết trình tốt - Có khả năng thích nghi nhanh với môi trường làm việc - Biết quan sát,có óc sáng tạo - kỹ năng thuyết trình tốt - có khả năng thích nghi nhanh với môi trường làm việc - biết quan sát
có óc sáng tạo - Kỹ năng thuyết trình tốt - Khả năng thích ứng với công việc nhanh - Kỹ năng lên kế hoạch,có óc sáng tạo - kỹ năng thuyết trình tốt - khả năng thích ứng với công việc nhanh - kỹ năng lên kế hoạch
có ý chí tiến thủ trong công việc Tỉ mỉ và cẩn thận khi làm việc,có ý chí tiến thủ trong công việc tỉ mỉ và cẩn thận khi làm việc
có ý thức chấp hành pháp luật.,có ý thức chấp hành pháp luật
công ty sẽ đào tạo miễn phí - Sử dụng Vi tính văn phòng là lợi thế - Có xe,công ty sẽ đào tạo miễn phí - sử dụng vi tính văn phòng là lợi thế - có xe
cùng khách hàng kiểm tra chất lượng sản phẩm giao,cùng khách hàng kiểm tra chất lượng sản phẩm giao
cơ khí sẽ được nâng làm vị trí quản lý,cơ khí sẽ được nâng làm vị trí quản lý
cơ điện,cơ điện
cấp thoát nước,cấp thoát nước
cần cù,cần cù
cầu tiến,cầu tiến
cầu tiến trong sự nghiệp,cầu tiến trong sự nghiệp
cẩn thận,cẩn thận
cẩn thận khi làm việc,cẩn thận khi làm việc
cẩn trọng,cẩn trọng
cập nhật thông tin tốt.6.Thành thạo tin học văn phòng7.Am hiểu luật Lao động8.Năng động,cập nhật thông tin tốt.6.thành thạo tin học văn phòng7.am hiểu luật lao động8.năng động
cởi mở trong môi trường làm việc Khả năng công nghệ thông tin,cởi mở trong môi trường làm việc khả năng công nghệ thông tin
doanh nghiệp,doanh nghiệp
du lịch.• Có thái độ dịch vụ.• Tác phong nhanh nhẹn,du lịch.• có thái độ dịch vụ.• tác phong nhanh nhẹn
du lịch.• Tiếng Anh giao tiếp thành thạo.• Kỹ năng lãnh đạo,du lịch.• tiếng anh giao tiếp thành thạo.• kỹ năng lãnh đạo
dùng third-party libraries.Có kiến thức tốt về OOP,dùng third-party libraries.có kiến thức tốt về oop
dễ dàng thiết lập các mối quan hệ Tinh thần làm việc hoạt bát,dễ dàng thiết lập các mối quan hệ tinh thần làm việc hoạt bát
dễ nghe- Tính cách tận tâm,dễ nghe- tính cách tận tâm
dịch vụ và hoạt động công ty cho website của công ty. – Biên tập nội dung,dịch vụ và hoạt động công ty cho website của công ty. – biên tập nội dung
eager to learn.,eager to learn
edit voice,edit voice
email…) - Dễ dàng hòa nhập với môi trường làm việc mới - Biết quan sát,email…) - dễ dàng hòa nhập với môi trường làm việc mới - biết quan sát
email…) - Dễ dàng hòa nhập với môi trường làm việc mới - Kỹ năng tổ chức và quản lý công việc hiệu quả - Chịu được áp lực cao trong công việc - Làm việc độc lập và làm việc nhóm - Khả năng tìm kiếm giải pháp và lựa chọn các giải pháp tối ưu - Kỹ năng thao tác bàn phím tốt - Có tầm nhìn và sự quyết đoán,email…) - dễ dàng hòa nhập với môi trường làm việc mới - kỹ năng tổ chức và quản lý công việc hiệu quả - chịu được áp lực cao trong công việc - làm việc độc lập và làm việc nhóm - khả năng tìm kiếm giải pháp và lựa chọn các giải pháp tối ưu - kỹ năng thao tác bàn phím tốt - có tầm nhìn và sự quyết đoán
email…) - Dễ dàng hòa nhập với môi trường làm việc mới - Kỹ năng tổ chức và quản lý công việc hiệu quả - Có thể chịu được công việc có nhiều áp lực - Kỹ năng tự chủ,email…) - dễ dàng hòa nhập với môi trường làm việc mới - kỹ năng tổ chức và quản lý công việc hiệu quả - có thể chịu được công việc có nhiều áp lực - kỹ năng tự chủ
email…) - Dễ dàng làm quen với môi trường mới - Kỹ năng lên kế hoạch,email…) - dễ dàng làm quen với môi trường mới - kỹ năng lên kế hoạch
email…) - Khả năng thích ứng với công việc nhanh - Có khả năng quản lý,email…) - khả năng thích ứng với công việc nhanh - có khả năng quản lý
email…) - Khả năng thích ứng với công việc nhanh - Kỹ năng lên kế hoạch,email…) - khả năng thích ứng với công việc nhanh - kỹ năng lên kế hoạch
email…) - Khả năng thích ứng với công việc nhanh - Kỹ năng tổ chức và quản lý công việc hiệu quả - Khả năng chịu được áp lực công việc - Có khả năng xây dựng và làm việc theo đội nhóm - Khả năng nhận diện vấn đề nhanh - Kỹ năng tin học văn phòng thành thạo - Khả năng truyền cảm hứng,email…) - khả năng thích ứng với công việc nhanh - kỹ năng tổ chức và quản lý công việc hiệu quả - khả năng chịu được áp lực công việc - có khả năng xây dựng và làm việc theo đội nhóm - khả năng nhận diện vấn đề nhanh - kỹ năng tin học văn phòng thành thạo - khả năng truyền cảm hứng
enthusiastic,enthusiastic
etc)- Basic understanding of front-end technologies,etc)- basic understanding of front-end technologies
etc)- Experience in learning course designing,etc)- experience in learning course designing
etc)- Good understanding of server-side CSS preprocessors (Stylus,etc)- good understanding of server-side css preprocessors (stylus
etc)- Understanding the nature of asynchronous programming and its quirks and workarounds- Good understanding of server-side templating languages ( Jade,etc)- understanding the nature of asynchronous programming and its quirks and workarounds- good understanding of server-side templating languages ( jade
etc.,etc
exel- Khả năng làm việc độc lập- Khả năng giải quyết vấn đề- Khả năng đàm phán,exel- khả năng làm việc độc lập- khả năng giải quyết vấn đề- khả năng đàm phán
factory … ),factory
gcp,gcp
ghi nhận đầy đủ theo các biểu mẫu của các quy trình này,ghi nhận đầy đủ theo các biểu mẫu của các quy trình này
giao hàng cho khách nhanh nhất có thể. - Lái xe vững vàng,giao hàng cho khách nhanh nhất có thể. - lái xe vững vàng
giao hàng đúng lịch hẹn bất kể nắng,giao hàng đúng lịch hẹn bất kể nắng
giao lưu với các members trong công việc.Thành thạo về hệ thống quản lý source code Git.,giao lưu với các members trong công việc.thành thạo về hệ thống quản lý source code git
giao tiếp,giao tiếp
giao tiếp cơ bản trở lên.,giao tiếp cơ bản trở lên
giao tiếp tốt,giao tiếp tốt
giao tiếp tốt)Từng có kinh nghiệm liên quan đến thiết kế CAD,giao tiếp tốt)từng có kinh nghiệm liên quan đến thiết kế cad
giao tiếp tốt.,giao tiếp tốt
giá cả của từng sản phẩm ????Thu ngân: kiểm kê sổ sách thanh toán bill và đóng gói sản phẩm cho khách ????Phụ kho: Xuất nhập hàng hoá phân phối các loại sản phẩm tại siêu thị,giá cả của từng sản phẩm ????thu ngân: kiểm kê sổ sách thanh toán bill và đóng gói sản phẩm cho khách ????phụ kho: xuất nhập hàng hoá phân phối các loại sản phẩm tại siêu thị
giúp shop quần áo đảm bảo được uy tín. - Kỹ năng giao tiếp với khách hàng và chủ shop. - Kỹ năng chịu được áp lực cao trong công việc,giúp shop quần áo đảm bảo được uy tín. - kỹ năng giao tiếp với khách hàng và chủ shop. - kỹ năng chịu được áp lực cao trong công việc
giúp đỡ đông nghiệp -Chịu được áp lực công việc -Ưu tiên người có kinh nghiệm về BĐS,giúp đỡ đông nghiệp -chịu được áp lực công việc -ưu tiên người có kinh nghiệm về bđs
giải quyết tình huống tốt. Giao tiếp tự tin,giải quyết tình huống tốt. giao tiếp tự tin
giải quyết vấn đề,giải quyết vấn đề
giải quyết vấn đề hiệu quả - Tổ chức công việc tốt,giải quyết vấn đề hiệu quả - tổ chức công việc tốt
giải quyết vấn đềCó năng lực đưa ra giải pháp,giải quyết vấn đềcó năng lực đưa ra giải pháp
giấy bảo hiểm và giấy chứng nhận kiểm định của xe,giấy bảo hiểm và giấy chứng nhận kiểm định của xe
giấy phép lưu hành cho phương tiện.,giấy phép lưu hành cho phương tiện
giấy phép lưu hành cho phương tiện. Đạt bằng loại giỏi trường Đại học Giao Thông Vận Tải ngành Kỹ Thuật vận tải,giấy phép lưu hành cho phương tiện. đạt bằng loại giỏi trường đại học giao thông vận tải ngành kỹ thuật vận tải
giấy đăng ký xe,giấy đăng ký xe
giọng nói dễ nghe - Có tinh thần ham học tốt,giọng nói dễ nghe - có tinh thần ham học tốt
giọng nói rõ ràng,giọng nói rõ ràng
gọn gàng nơi làm việc + Trưng bày sản phẩm và đứng bán trực tiếp tại cửa hàng - Vị trí cần tuyển: + 4 nhân viên bán hàng + 1 nhân viên kho+ 1 nhân viên thu ngân - Mức lương: + Ca 4 tiếng: 3.200.000 + phụ cấp xăng xe đi lại + Ca 8 tiếng: 7.500.000 + phụ cấp xăng xe đi lại - Yêu cầu: + Độ tuổi từ 19 đến 35 tuổi + Giao tiếp tốt,gọn gàng nơi làm việc + trưng bày sản phẩm và đứng bán trực tiếp tại cửa hàng - vị trí cần tuyển: + 4 nhân viên bán hàng + 1 nhân viên kho+ 1 nhân viên thu ngân - mức lương: + ca 4 tiếng: 3.200.000 + phụ cấp xăng xe đi lại + ca 8 tiếng: 7.500.000 + phụ cấp xăng xe đi lại - yêu cầu: + độ tuổi từ 19 đến 35 tuổi + giao tiếp tốt
gửi thông báo và điện thoại nhắc phí,gửi thông báo và điện thoại nhắc phí
ham học hỏi,ham học hỏi
ham học hỏi - Kỹ năng giao tiếp tốt - Có thể làm thêm giờ nếu cần thiết - Tuân thủ đúng luật an toàn giao thông,ham học hỏi - kỹ năng giao tiếp tốt - có thể làm thêm giờ nếu cần thiết - tuân thủ đúng luật an toàn giao thông
ham học hỏi và chủ động trong công việc •Có kinh nghiệm về Sales Admin,ham học hỏi và chủ động trong công việc •có kinh nghiệm về sales admin
ham học hỏi.- Ứng viên chưa có kinh nghiệm sẽ được đào tạo.- Ưu tiên các ứng viên chuyên ngành về du lịch,ham học hỏi.- ứng viên chưa có kinh nghiệm sẽ được đào tạo.- ưu tiên các ứng viên chuyên ngành về du lịch
ham học hỏi.9.Thời gian: 9h00 đến 18h00 từ thứ 2 đến thứ 7 (nghỉ trưa 1,ham học hỏi.9.thời gian: 9h00 đến 18h00 từ thứ 2 đến thứ 7 (nghỉ trưa 1
ham học hỏiCẩn thận,ham học hỏicẩn thận
hiểu biết tường tận về quá trình thí điểm và triển khai các sáng kiến tại ngân hàng• Có hiểu biết về chính sách ngân hàng cũng như cách thức điều chỉnh chính sách• Có quan hệ chặt chẽ với các bên liên quan back-end (vận hành chi nhánh,hiểu biết tường tận về quá trình thí điểm và triển khai các sáng kiến tại ngân hàng• có hiểu biết về chính sách ngân hàng cũng như cách thức điều chỉnh chính sách• có quan hệ chặt chẽ với các bên liên quan back-end (vận hành chi nhánh
hiểu luật giao thông - Đảm bảo lái xe an toàn trên mọi hành trình - Xử lý tình huống nhanh,hiểu luật giao thông - đảm bảo lái xe an toàn trên mọi hành trình - xử lý tình huống nhanh
hiểu được tâm lý của Khách hàng Giọng nói: nhẹ nhàng,hiểu được tâm lý của khách hàng giọng nói: nhẹ nhàng
hiệu quả hoạt động các tổ thợ.- Quyết đoán,hiệu quả hoạt động các tổ thợ.- quyết đoán
hoàn thiện bản thân khi tham gia làm việc ở môi trường chuyên nghiệp như công ty mình - Mong muốn sẽ tạo ra giá trị cốt lõi cho toàn công ty - Muốn được cống hiến hết mình bởi vì đây là niềm đam mê của tôi - Tôi mong muốn được gắn bó lâu dài với công ty để xây dựng sự nghiệp của bản thân một cách bền vững nhất,hoàn thiện bản thân khi tham gia làm việc ở môi trường chuyên nghiệp như công ty mình - mong muốn sẽ tạo ra giá trị cốt lõi cho toàn công ty - muốn được cống hiến hết mình bởi vì đây là niềm đam mê của tôi - tôi mong muốn được gắn bó lâu dài với công ty để xây dựng sự nghiệp của bản thân một cách bền vững nhất
hoàn thành tốt nhiệm vụ được giao. - Ưu tiên ứng viên đã có kinh nghiệm làm trong ngành sơn nước,hoàn thành tốt nhiệm vụ được giao. - ưu tiên ứng viên đã có kinh nghiệm làm trong ngành sơn nước
hoạt bát trong các hoạt động tập thể - Giao tiếp,hoạt bát trong các hoạt động tập thể - giao tiếp
hoạt bát trong các hoạt động tập thể - Kỹ năng giao tiếp linh hoạt,hoạt bát trong các hoạt động tập thể - kỹ năng giao tiếp linh hoạt
hoặc dịch vụ. Nếu bạn không có kinh nghiệm,hoặc dịch vụ. nếu bạn không có kinh nghiệm
hoặc lên chức nếu năng suất tốt và làm hiệu quả theo thang đánh giá KPI của công ty,hoặc lên chức nếu năng suất tốt và làm hiệu quả theo thang đánh giá kpi của công ty
hoặc mong muốn có bằng lái sau khi sang Nhật.,hoặc mong muốn có bằng lái sau khi sang nhật
hòa đồng,hòa đồng
hóa đơn kế toán,hóa đơn kế toán
hướng dẫn hỗ trợ các thành viên khác là 1 lợi thếCó chứng chỉ Project management như PMI,hướng dẫn hỗ trợ các thành viên khác là 1 lợi thếcó chứng chỉ project management như pmi
hết mình với công việc,hết mình với công việc
học hỏi. 4. Ưu tiên ứng viên có kinh nghiệm làm việc liên quan mua bán hàng,học hỏi. 4. ưu tiên ứng viên có kinh nghiệm làm việc liên quan mua bán hàng
hỗ trợ,hỗ trợ
hỗ trợ phòng kế toán đốc thúc công nợ,hỗ trợ phòng kế toán đốc thúc công nợ
hợp đồng,hợp đồng
jQuery…- Hiểu biết tốt về Design pattern ( Singleton,jquery…- hiểu biết tốt về design pattern ( singleton
java là một lợi thế- Có khả năng tự học tập,java là một lợi thế- có khả năng tự học tập
không bỏ qua những chi tiết nhỏ nhất + Kỹ năng quản lý thời gian hiệu quả + Khả năng làm việc linh hoạt và có thể làm nhiều đầu việc cùng lúc + Kỹ năng phân tích và khai thác dữ liệu + Khả năng hợp tác cùng làm việc và hoạt động nhóm hiệu quả + Kỹ năng tìm kiếm nguyên nhân và giải quyết vấn đề,không bỏ qua những chi tiết nhỏ nhất + kỹ năng quản lý thời gian hiệu quả + khả năng làm việc linh hoạt và có thể làm nhiều đầu việc cùng lúc + kỹ năng phân tích và khai thác dữ liệu + khả năng hợp tác cùng làm việc và hoạt động nhóm hiệu quả + kỹ năng tìm kiếm nguyên nhân và giải quyết vấn đề
không kể các khu vực thành phố hay địa bàn các tỉnh lân cận,không kể các khu vực thành phố hay địa bàn các tỉnh lân cận
không lái xe khi không đủ tỉnh táo,không lái xe khi không đủ tỉnh táo
không ngại bị từ chốiKỹ năng giao tiếp bằng lời nói và viết tốtKỹ năng tổ chức tốt với kỹ năng quản lý thời gian hiệu quảTinh thần làm việc nhóm cao và quyết tâm đạt được mục tiêu bán hàngCó khả năng thích nghi trong môi trường làm việc nhanh và năng độngĐạo đức nghề nghiệp cao và phong cách làm việc chuyên nghiệp,không ngại bị từ chốikỹ năng giao tiếp bằng lời nói và viết tốtkỹ năng tổ chức tốt với kỹ năng quản lý thời gian hiệu quảtinh thần làm việc nhóm cao và quyết tâm đạt được mục tiêu bán hàngcó khả năng thích nghi trong môi trường làm việc nhanh và năng độngđạo đức nghề nghiệp cao và phong cách làm việc chuyên nghiệp
không ngại khó - Nam Tuổi dưới 30 tuổi,không ngại khó - nam tuổi dưới 30 tuổi
không ngại khó khăn trong việc giải quyết các vấn đề phát sinh. + Có kinh nghiệm 02 năm đi làm tại các công ty thuộc lĩnh vực kỹ thuật điện - điện tử học + Sử dụng cơ bản phần mềm Autocad và Revit + Có khả năng tốt trong việc tư vấn giám sát và báo cáo công việc,không ngại khó khăn trong việc giải quyết các vấn đề phát sinh. + có kinh nghiệm 02 năm đi làm tại các công ty thuộc lĩnh vực kỹ thuật điện - điện tử học + sử dụng cơ bản phần mềm autocad và revit + có khả năng tốt trong việc tư vấn giám sát và báo cáo công việc
không quản ngại khó khăn,không quản ngại khó khăn
không sợ mạo hiểm,không sợ mạo hiểm
không sử dụng chất kích thích,không sử dụng chất kích thích
không sử dụng rượu bia hoặc các chất kích thích khác,không sử dụng rượu bia hoặc các chất kích thích khác
khả năng chăm sóc khách hàng.,khả năng chăm sóc khách hàng
khả năng cảm thụ âm thanh và hình ảnh tốt,khả năng cảm thụ âm thanh và hình ảnh tốt
khả năng gắn bó lâu dài với công ty,khả năng gắn bó lâu dài với công ty
khả năng tập trung cao độ khi làm việc và khi cầm tay lái - Xử lý tình huống linh hoạt,khả năng tập trung cao độ khi làm việc và khi cầm tay lái - xử lý tình huống linh hoạt
kinh nghiệm lập trình (ưu tiên Backend,kinh nghiệm lập trình (ưu tiên backend
kiên nhẫn,kiên nhẫn
kiên trì,kiên trì
kiến thức kế toán và thuế,kiến thức kế toán và thuế
kiểm soát chất lượng sửa chữa,kiểm soát chất lượng sửa chữa
kiểm tra tem,kiểm tra tem
kiểm tra trình độ đầu vào– Xếp lịch kiểm tra hằng tuần,kiểm tra trình độ đầu vào– xếp lịch kiểm tra hằng tuần
kiểm tra.- Kỹ năng giao tiếp và giải quyết vấn đề- Khả năng tổ chức,kiểm tra.- kỹ năng giao tiếp và giải quyết vấn đề- khả năng tổ chức
kênh online,kênh online
kĩ năng chăm sóc khách hàng.Nhiệt tình,kĩ năng chăm sóc khách hàng.nhiệt tình
kế toán trở lên,kế toán trở lên
kỹ năng giao tiếp. -Yêu thích công việc kinh doanh-Có kiến thức về sản phẩm đèn led là 1 lợi thế-Yêu cầu Nam,kỹ năng giao tiếp. -yêu thích công việc kinh doanh-có kiến thức về sản phẩm đèn led là 1 lợi thế-yêu cầu nam
kỹ năng đàm phán,kỹ năng đàm phán
kỹ năng đàm phán thương lượng.,kỹ năng đàm phán thương lượng
kỹ thuật- Trung thực,kỹ thuật- trung thực
kỹ thuậtCó kinh nghiệm từ 1 năm trở lên làm việc mua hàng vật tư cơ điện,kỹ thuậtcó kinh nghiệm từ 1 năm trở lên làm việc mua hàng vật tư cơ điện
lazada,lazada
lesson planning for various English courses is an advantage- IELTS 7.5+ with no band under 6.5 or equivalent- Good knowledge in educational technology tools and teaching assistance technological tools- Strong computer skills in Office tools,lesson planning for various english courses is an advantage- ielts 7.5+ with no band under 6.5 or equivalent- good knowledge in educational technology tools and teaching assistance technological tools- strong computer skills in office tools
linh hoạt,linh hoạt
linh hoạt - Có sức khỏe tốt đảm bảo phục vụ công việc lái xe hiệu quả,linh hoạt - có sức khỏe tốt đảm bảo phục vụ công việc lái xe hiệu quả
linh hoạt và bền bỉ với tinh thần cải tiến liên tục,linh hoạt và bền bỉ với tinh thần cải tiến liên tục
logistics. 5. Sử dụng tin học văn phòng cơ bản. 6. Đam mê và muốn gắn bó lâu với nghề.,logistics. 5. sử dụng tin học văn phòng cơ bản. 6. đam mê và muốn gắn bó lâu với nghề
luôn giữ được thái độ bình tĩnh dù trong tình huống xấu nhất.,luôn giữ được thái độ bình tĩnh dù trong tình huống xấu nhất
luôn kiểm tra và rà soát kỹ càng các giai đoạn thực hiện. Đây cũng là một trong những yếu tố cực kỳ quan trọng bởi chỉ còn sơ suất nhỏ cũng gây ra những ảnh hưởng và thiệt hại lên đến hàng trăm triệu đồng Thực hiện các đầu việc về thi công,luôn kiểm tra và rà soát kỹ càng các giai đoạn thực hiện. đây cũng là một trong những yếu tố cực kỳ quan trọng bởi chỉ còn sơ suất nhỏ cũng gây ra những ảnh hưởng và thiệt hại lên đến hàng trăm triệu đồng thực hiện các đầu việc về thi công
luật thuế GTGT,luật thuế gtgt
làm báo cáo.. • Có kinh nghiệm ở vị trí tương đương,làm báo cáo.. • có kinh nghiệm ở vị trí tương đương
làm các slide trình chiếu trên Powerpoint. - Có khả năng thuyết trình lưu loát,làm các slide trình chiếu trên powerpoint. - có khả năng thuyết trình lưu loát
làm hài lòng khách hàng. Có khả năng lãnh đạo,làm hài lòng khách hàng. có khả năng lãnh đạo
làm thông tin khóa học khi lên khóa và lên cấp độ– Hỗ trợ Testing,làm thông tin khóa học khi lên khóa và lên cấp độ– hỗ trợ testing
làm việc có nguyên tắc,làm việc có nguyên tắc
làm việc nhiệt tình,làm việc nhiệt tình
làm việc nhóm,làm việc nhóm
làm việc tại số : 58 BƯNG ÔNG THOÀN,làm việc tại số : 58 bưng ông thoàn
làm việc tỉ mỉ,làm việc tỉ mỉ
làm việc vui vẻ không áp lực - nhân viên mới được hỗ trợ học việc,làm việc vui vẻ không áp lực - nhân viên mới được hỗ trợ học việc
lên ý tưởng,lên ý tưởng
lập báo cáo thuế cho doanh nghiệp hay thực hiện việc liên hệ với các cơ quan có liên quan để giải quyết các vấn đề trong công việc.,lập báo cáo thuế cho doanh nghiệp hay thực hiện việc liên hệ với các cơ quan có liên quan để giải quyết các vấn đề trong công việc
lập kế hoạch,lập kế hoạch
lịch sự lễ phép tôn trọng với đồng nghiệp,lịch sự lễ phép tôn trọng với đồng nghiệp
lịch sự với khách hàng cũng như các bạn nhân viên làm việc+ Không yêu cầu kĩ năng,lịch sự với khách hàng cũng như các bạn nhân viên làm việc+ không yêu cầu kĩ năng
lịch sự với khách hàng.,lịch sự với khách hàng
lịch sự+ Được nghỉ 2 ngày trong 1 tháng + Sau 2 tháng làm việc sẽ được ký kết hợp đồng lao động và được nhận đồng phục của cửa hàng + Sau 3 tháng làm việc sẽ được xem xét tăng lương từ 500.000 đến 1.500.000 và được hưởng các chế độ BHXH,lịch sự+ được nghỉ 2 ngày trong 1 tháng + sau 2 tháng làm việc sẽ được ký kết hợp đồng lao động và được nhận đồng phục của cửa hàng + sau 3 tháng làm việc sẽ được xem xét tăng lương từ 500.000 đến 1.500.000 và được hưởng các chế độ bhxh
mang tính chuyên môn cao Có khả năng quản lý công việc,mang tính chuyên môn cao có khả năng quản lý công việc
marketing,marketing
minh bạch Nắm rõ các điều luật giao thông cũng như chú trọng tuân thủ luật giao thông Không uống rượu bia,minh bạch nắm rõ các điều luật giao thông cũng như chú trọng tuân thủ luật giao thông không uống rượu bia
misa,misa
máu lửa,máu lửa
mưa. - Sức khỏe tốt,mưa. - sức khỏe tốt
nghiêm túc,nghiêm túc
nghiên cứu học hỏi tốt. - Biết cách phân loại vấn đề diễn ra trong quá trình xử lý công việc - Kỹ năng thao tác bàn phím tốt - Kỹ năng lãnh đạo tốt,nghiên cứu học hỏi tốt. - biết cách phân loại vấn đề diễn ra trong quá trình xử lý công việc - kỹ năng thao tác bàn phím tốt - kỹ năng lãnh đạo tốt
nghiên cứu học hỏi tốt. - Biết cách phân loại vấn đề diễn ra trong quá trình xử lý công việc - Kỹ năng tin học văn phòng thành thạo - Có thể quản lý đội nhóm có nhiều thành viên,nghiên cứu học hỏi tốt. - biết cách phân loại vấn đề diễn ra trong quá trình xử lý công việc - kỹ năng tin học văn phòng thành thạo - có thể quản lý đội nhóm có nhiều thành viên
nghiên cứu học hỏi tốt. - Biết cách phân loại vấn đề diễn ra trong quá trình xử lý công việc - Sử dụng thành thạo phần mềm Microsoft Word,nghiên cứu học hỏi tốt. - biết cách phân loại vấn đề diễn ra trong quá trình xử lý công việc - sử dụng thành thạo phần mềm microsoft word
nghiên cứu học hỏi tốt. - Khả năng giải quyết vấn đề linh hoạt - Kỹ năng soạn thảo văn bản,nghiên cứu học hỏi tốt. - khả năng giải quyết vấn đề linh hoạt - kỹ năng soạn thảo văn bản
nghiên cứu học hỏi tốt. - Khả năng giải quyết vấn đề linh hoạt - Kỹ năng thao tác bàn phím tốt - Có tầm nhìn và sự quyết đoán,nghiên cứu học hỏi tốt. - khả năng giải quyết vấn đề linh hoạt - kỹ năng thao tác bàn phím tốt - có tầm nhìn và sự quyết đoán
nghiên cứu học hỏi tốt. - Khả năng giải quyết vấn đề linh hoạt - Kỹ năng tin học văn phòng thành thạo - Khả năng truyền đạt thông tin hiệu quả,nghiên cứu học hỏi tốt. - khả năng giải quyết vấn đề linh hoạt - kỹ năng tin học văn phòng thành thạo - khả năng truyền đạt thông tin hiệu quả
nghiên cứu học hỏi tốt. - Khả năng giải quyết vấn đề linh hoạt - Sử dụng thành thạo phần mềm Microsoft Word,nghiên cứu học hỏi tốt. - khả năng giải quyết vấn đề linh hoạt - sử dụng thành thạo phần mềm microsoft word
nghiên cứu học hỏi tốt. - Khả năng tìm kiếm giải pháp và lựa chọn các giải pháp tối ưu - Kỹ năng thao tác bàn phím tốt - Khả năng giải quyết vấn đề linh hoạt,nghiên cứu học hỏi tốt. - khả năng tìm kiếm giải pháp và lựa chọn các giải pháp tối ưu - kỹ năng thao tác bàn phím tốt - khả năng giải quyết vấn đề linh hoạt
nghiên cứu học hỏi tốt. - Xử lý tình huống nhanh - Sử dụng thành thạo phần mềm Microsoft Word,nghiên cứu học hỏi tốt. - xử lý tình huống nhanh - sử dụng thành thạo phần mềm microsoft word
ngoại hình hay kinh nghiệm + Đã tiêm vaccine trên 1 mũi - Quyền lợi: + Được làm việc trong môi trường sạch sẽ,ngoại hình hay kinh nghiệm + đã tiêm vaccine trên 1 mũi - quyền lợi: + được làm việc trong môi trường sạch sẽ
ngoại hình khá.Tốt nghiệp trung cấp trở lên chuyên ngành điện,ngoại hình khá.tốt nghiệp trung cấp trở lên chuyên ngành điện
nguyên kiện,nguyên kiện
nguyên phụ liệu.5. Khả năng đánh giá nhà cung cấp và dự báo rủi ro trong hợp tác.6. Có trách nhiệm,nguyên phụ liệu.5. khả năng đánh giá nhà cung cấp và dự báo rủi ro trong hợp tác.6. có trách nhiệm
ngành CNTT,ngành cntt
nhanh nhạy với số liệu,nhanh nhạy với số liệu
nhanh nhẹn,nhanh nhẹn
nhanh nhẹn. - Biết cách ứng xử,nhanh nhẹn. - biết cách ứng xử
nhanh nhẹnSử dụng máy tính cơ bản,nhanh nhẹnsử dụng máy tính cơ bản
nhiệm vụ được giao.,nhiệm vụ được giao
nhiệt huyết và tinh thần ham học hỏi,nhiệt huyết và tinh thần ham học hỏi
nhiệt huyết. - Kỹ năng giao tiếp tốt,nhiệt huyết. - kỹ năng giao tiếp tốt
nhiệt tình,nhiệt tình
nhiệt tình trong công việc.Ứng viên có kinh nghiệm ít nhất 1 năm ở vị trí kỹ thuật tòa nhà hoặc vị trí tương đương.Làm việc theo ca (cụ thể trao đổi khi phỏng vấn),nhiệt tình trong công việc.ứng viên có kinh nghiệm ít nhất 1 năm ở vị trí kỹ thuật tòa nhà hoặc vị trí tương đương.làm việc theo ca (cụ thể trao đổi khi phỏng vấn
nhiệt tình trong công việcCó khả năng làm việc độc lập và đối mặt với thử tháchCó năng lực hoàn thành deadlines và chịu được áp lực cao trong công việcKỹ năng đàm phán,nhiệt tình trong công việccó khả năng làm việc độc lập và đối mặt với thử tháchcó năng lực hoàn thành deadlines và chịu được áp lực cao trong công việckỹ năng đàm phán
nhiệt tình và cầu thị. Có khả năng làm việc độc lập,nhiệt tình và cầu thị. có khả năng làm việc độc lập
nhiệt tình với công việc,nhiệt tình với công việc
nhu cầu của người dùng là một lợi thế lớn- Có khiếu thẩm mỹ khá,nhu cầu của người dùng là một lợi thế lớn- có khiếu thẩm mỹ khá
nhãn mác sản phẩm + Vệ sinh sạch sẽ,nhãn mác sản phẩm + vệ sinh sạch sẽ
nhạy bén.-Thúc đẩy kinh doanh,nhạy bén.-thúc đẩy kinh doanh
nói,nói
nói năng lưu loát,nói năng lưu loát
nói tiếng phổ thông. - Có khả năng về ngoại ngữ,nói tiếng phổ thông. - có khả năng về ngoại ngữ
nói đã đạt chứng chỉ TOEIC 650 điểm. Tôi tự tin với những kỹ năng mềm khác như: teamwork,nói đã đạt chứng chỉ toeic 650 điểm. tôi tự tin với những kỹ năng mềm khác như: teamwork
năng động,năng động
năng động và không ngại thay đổi.,năng động và không ngại thay đổi
nắm bắt các công việc nhanh không có tiền án hình sự không săm trổ quá nhiều có đầy đủ giấy tờ tùy thân nếu ứng viên có kinh nghiệm về hàn,nắm bắt các công việc nhanh không có tiền án hình sự không săm trổ quá nhiều có đầy đủ giấy tờ tùy thân nếu ứng viên có kinh nghiệm về hàn
nội thất có doanh thu từ 300 tỷ trở lên,nội thất có doanh thu từ 300 tỷ trở lên
nỮ từ 19 - 27 tuổi,nữ từ 19 - 27 tuổi
nữ,nữ
nữ (từ 20 – 50 tuổi) -Có đầy đủ phương tiện làm việc: Laptop,nữ (từ 20 – 50 tuổi) -có đầy đủ phương tiện làm việc: laptop
nữ tuổi từ 23-35,nữ tuổi từ 23-35
or RESTful.● Good knowledge about Design patterns● Good knowledge in Restful API development.● Experience in requirement analysis,or restful.● good knowledge about design patterns● good knowledge in restful api development.● experience in requirement analysis
phiếu kiểm hàng,phiếu kiểm hàng
php,php
phân bổ thời gian hợp lý. Có sự kiên trì tốt,phân bổ thời gian hợp lý. có sự kiên trì tốt
phân công,phân công
phân tích,phân tích
phân tích thông tin và lên kế hoạch cho chuỗi cung ứng + Khả năng thích ứng và tính linh hoạt khi làm việc với các chuỗi cung ứng + Khả năng giữ bình tĩnh dưới áp lực + Kỹ năng giải quyết vấn đề hiệu quả + Làm việc có trách nhiệm và luôn cố gắng hoàn thành công việc đúng hạn + Hiểu biết về hậu cần và chuỗi cung ứng + Liên tục tìm kiếm cải tiến quy trình cung ứng hàng hóa + Kỹ năng quản lý và theo dõi tiến độ dự án + Kỹ năng quản lý thời gian và chi phí + Có khả năng quản lý và giải tỏa căng thẳng,phân tích thông tin và lên kế hoạch cho chuỗi cung ứng + khả năng thích ứng và tính linh hoạt khi làm việc với các chuỗi cung ứng + khả năng giữ bình tĩnh dưới áp lực + kỹ năng giải quyết vấn đề hiệu quả + làm việc có trách nhiệm và luôn cố gắng hoàn thành công việc đúng hạn + hiểu biết về hậu cần và chuỗi cung ứng + liên tục tìm kiếm cải tiến quy trình cung ứng hàng hóa + kỹ năng quản lý và theo dõi tiến độ dự án + kỹ năng quản lý thời gian và chi phí + có khả năng quản lý và giải tỏa căng thẳng
phù hợp với loại hình vận tải của doanh nghiệp - Hiểu rõ các quy tắc vận tải đối với hành khách và với hàng hóa - Nắm rõ luật giao thông và có thể đảm bảo sự tỉnh táo trong quá trình lái xe,phù hợp với loại hình vận tải của doanh nghiệp - hiểu rõ các quy tắc vận tải đối với hành khách và với hàng hóa - nắm rõ luật giao thông và có thể đảm bảo sự tỉnh táo trong quá trình lái xe
phương tiện đi lại.- Yêu thích kinh doanh,phương tiện đi lại.- yêu thích kinh doanh
phản biện tốt,phản biện tốt
phần mềm tính km,phần mềm tính km
phần mềm tính tiền đối với xe taxi,phần mềm tính tiền đối với xe taxi
phối hợp điều phối công việc tốt,phối hợp điều phối công việc tốt
phụ trách báo cáo tổng hợp Phụ trách tốt những đầu việc mà sếp giao (không liên quan đến vị trí công việc như làm powerpoint,phụ trách báo cáo tổng hợp phụ trách tốt những đầu việc mà sếp giao (không liên quan đến vị trí công việc như làm powerpoint
phục vụ tốt cho công việc với khách nước ngoài. - Có thể sử dụng các phần mềm quản lý hệ thống xe,phục vụ tốt cho công việc với khách nước ngoài. - có thể sử dụng các phần mềm quản lý hệ thống xe
poster qua Portfolio.. - Chủ động và biết sắp xếp trong công việc.. - Thái độ tích cực,poster qua portfolio.. - chủ động và biết sắp xếp trong công việc.. - thái độ tích cực
powerpoint),powerpoint
presentation & design platforms- A passion for high quality teaching and learning- A strong sense responsibility and attention to details,presentation & design platforms- a passion for high quality teaching and learning- a strong sense responsibility and attention to details
qua 4 năm kinh nghiệm ở vị trí kế toán tôi đã rèn luyện được các kỹ năng,qua 4 năm kinh nghiệm ở vị trí kế toán tôi đã rèn luyện được các kỹ năng
quan sát từ xa để giảm thiểu những rủi ro không đáng có - Có sức khỏe tốt để thực hiện được tất cả các công việc được giao phó như bốc dỡ hàng hóa khi thiếu người,quan sát từ xa để giảm thiểu những rủi ro không đáng có - có sức khỏe tốt để thực hiện được tất cả các công việc được giao phó như bốc dỡ hàng hóa khi thiếu người
quản lý -Làm việc độc lập và làm việc nhóm,quản lý -làm việc độc lập và làm việc nhóm
quản lý tốt - Chịu được áp lực cao trong công việc - Kỹ năng làm việc nhóm hiệu quả - Khả năng nhận diện vấn đề nhanh - Kỹ năng tin học văn phòng thành thạo - Có tầm nhìn và sự quyết đoán,quản lý tốt - chịu được áp lực cao trong công việc - kỹ năng làm việc nhóm hiệu quả - khả năng nhận diện vấn đề nhanh - kỹ năng tin học văn phòng thành thạo - có tầm nhìn và sự quyết đoán
quản lý tốt - Chịu được áp lực cao trong công việc - Kỹ năng tự chủ,quản lý tốt - chịu được áp lực cao trong công việc - kỹ năng tự chủ
quản lý tốt - Có khả năng làm việc dưới áp lực cao - Kỹ năng làm việc nhóm cũng như làm việc độc lập. - Khả năng nhận diện vấn đề nhanh - Sử dụng cơ bản phần mềm Microsoft Word,quản lý tốt - có khả năng làm việc dưới áp lực cao - kỹ năng làm việc nhóm cũng như làm việc độc lập. - khả năng nhận diện vấn đề nhanh - sử dụng cơ bản phần mềm microsoft word
quản lý tốt - Có khả năng làm việc dưới áp lực cao - Kỹ năng làm việc nhóm cũng như làm việc độc lập. - Xử lý tình huống nhanh - Thành thạo tin học văn phòng - Kỹ năng lãnh đạo tốt,quản lý tốt - có khả năng làm việc dưới áp lực cao - kỹ năng làm việc nhóm cũng như làm việc độc lập. - xử lý tình huống nhanh - thành thạo tin học văn phòng - kỹ năng lãnh đạo tốt
quản lý tốt - Khả năng tư duy sáng tạo. - Làm việc độc lập và làm việc nhóm - Xử lý tình huống nhanh - Kỹ năng thao tác bàn phím tốt - Kỹ năng lãnh đạo tốt,quản lý tốt - khả năng tư duy sáng tạo. - làm việc độc lập và làm việc nhóm - xử lý tình huống nhanh - kỹ năng thao tác bàn phím tốt - kỹ năng lãnh đạo tốt
quy trình nhận và giải quyết thông tin khách hàng,quy trình nhận và giải quyết thông tin khách hàng
quy trình xử lý khiếu nại thông tin,quy trình xử lý khiếu nại thông tin
quản lý công việc trong team Kinh doanh và thực hiện theo kế hoạch được duyệt,quản lý công việc trong team kinh doanh và thực hiện theo kế hoạch được duyệt
quản lý thi côngNgười có mong muốn làm việc lâu năm tại Nhật Bản (trên 10 năm)Ưu tiên các ứng viên có bằng lái ô tô,quản lý thi côngngười có mong muốn làm việc lâu năm tại nhật bản (trên 10 năm)ưu tiên các ứng viên có bằng lái ô tô
quản lý thời gian biểu phù hợp.,quản lý thời gian biểu phù hợp
quản lý tổ chức công việc tốt,quản lý tổ chức công việc tốt
quản lý và giám sát công việc.- Kỹ năng phân tích,quản lý và giám sát công việc.- kỹ năng phân tích
quản lý.• Kỹ năng xử lý tình huống tốt.• Kỹ năng đào tạo tốt.• Thành thạo các hệ thống PM của bộ phận.• Kỹ năng giao tiếp tốt.• Có kiến thức tốt về văn hóa,quản lý.• kỹ năng xử lý tình huống tốt.• kỹ năng đào tạo tốt.• thành thạo các hệ thống pm của bộ phận.• kỹ năng giao tiếp tốt.• có kiến thức tốt về văn hóa
quản trị khách sạn,quản trị khách sạn
quản trị nhà hàng - khách sạn.- Có kinh nghiệm vị trí tương đương tại các nhà hàng trong khách sạn 3 sao trở lên.- Giao tiếp tiếng Anh tốt.- Tin học văn phòng cơ bản,quản trị nhà hàng - khách sạn.- có kinh nghiệm vị trí tương đương tại các nhà hàng trong khách sạn 3 sao trở lên.- giao tiếp tiếng anh tốt.- tin học văn phòng cơ bản
quận 9 + mô tả công việc : thời gian từ 7h30 đến 11h30,quận 9 + mô tả công việc : thời gian từ 7h30 đến 11h30
servers,servers
siêng năng,siêng năng
spa)- Cẩn thận,spa)- cẩn thận
such as Git- Fluent in English communication,such as git- fluent in english communication
such as HTML5,such as html5
such as mobile vs. desktop,such as mobile vs. desktop
system design,system design
sáng tạo,sáng tạo
sắp xếp,sắp xếp
sơn tường,sơn tường
sản phẩm Phối hợp với bộ phận sản xuất để tìm cách giải quyết khi có lỗi phát sinh Trình độ ngoại ngữ tốt: TOEIC 900,sản phẩm phối hợp với bộ phận sản xuất để tìm cách giải quyết khi có lỗi phát sinh trình độ ngoại ngữ tốt: toeic 900
sản xuất tại quận 2,sản xuất tại quận 2
sắp xếp khối lượng công việc lớn - Có khả năng làm việc dưới áp lực cao - Có khả năng xây dựng và làm việc theo đội nhóm - Khả năng nhận diện vấn đề nhanh - Kỹ năng thao tác bàn phím tốt - Khả năng giải quyết vấn đề linh hoạt,sắp xếp khối lượng công việc lớn - có khả năng làm việc dưới áp lực cao - có khả năng xây dựng và làm việc theo đội nhóm - khả năng nhận diện vấn đề nhanh - kỹ năng thao tác bàn phím tốt - khả năng giải quyết vấn đề linh hoạt
sắp xếp khối lượng công việc lớn - Có khả năng làm việc dưới áp lực cao - Kỹ năng tự chủ,sắp xếp khối lượng công việc lớn - có khả năng làm việc dưới áp lực cao - kỹ năng tự chủ
sắp xếp khối lượng công việc lớn - Có thể chịu được công việc có nhiều áp lực - Kỹ năng làm việc nhóm cũng như làm việc độc lập. - Khả năng tìm kiếm giải pháp và lựa chọn các giải pháp tối ưu - Kỹ năng thao tác bàn phím tốt - Có tầm nhìn và sự quyết đoán,sắp xếp khối lượng công việc lớn - có thể chịu được công việc có nhiều áp lực - kỹ năng làm việc nhóm cũng như làm việc độc lập. - khả năng tìm kiếm giải pháp và lựa chọn các giải pháp tối ưu - kỹ năng thao tác bàn phím tốt - có tầm nhìn và sự quyết đoán
sắp xếp khối lượng công việc lớn - Khả năng chịu được áp lực công việc - Kỹ năng làm việc nhóm cũng như làm việc độc lập. - Xử lý tình huống nhanh - Sử dụng thành thạo phần mềm Microsoft Word,sắp xếp khối lượng công việc lớn - khả năng chịu được áp lực công việc - kỹ năng làm việc nhóm cũng như làm việc độc lập. - xử lý tình huống nhanh - sử dụng thành thạo phần mềm microsoft word
sắp xếp và triển khai kế hoạch để thực hiện nhiệm vụ được phân công.- Có ít nhất từ 3 năm kinh nghiệm làm kế toán tổng hợp (ưu tiên ứng viên đã có kinh nghiệm trong lĩnh vực,sắp xếp và triển khai kế hoạch để thực hiện nhiệm vụ được phân công.- có ít nhất từ 3 năm kinh nghiệm làm kế toán tổng hợp (ưu tiên ứng viên đã có kinh nghiệm trong lĩnh vực
sẵn sàng cho công việc. - Có sức khỏe tốt để phục vụ công việc lái xe.,sẵn sàng cho công việc. - có sức khỏe tốt để phục vụ công việc lái xe
sẵn sàng đi công tác nếu được phân công. 5. Tiếng Anh: Đọc hiểu bản vẽ,sẵn sàng đi công tác nếu được phân công. 5. tiếng anh: đọc hiểu bản vẽ
sẻ chia cùng khách hàng và đồng nghiệp.,sẻ chia cùng khách hàng và đồng nghiệp
sổ sách,sổ sách
sức khỏe đảm bảo tốt cho tính chất công việc vận tải Chăm chỉ,sức khỏe đảm bảo tốt cho tính chất công việc vận tải chăm chỉ
sử dụng thành thạo Word,sử dụng thành thạo word
sử dụng thành thạo vi tính văn phòng.- Ưu tiên ứng viên có kinh nghiệm quản lý tại các xưởng dịch vụ xe ô tô,sử dụng thành thạo vi tính văn phòng.- ưu tiên ứng viên có kinh nghiệm quản lý tại các xưởng dịch vụ xe ô tô
sửa chữa xe tốt Am hiểu các kỹ thuật khó,sửa chữa xe tốt am hiểu các kỹ thuật khó
tham giá quyết toán thuế. •Sử dụng thành thạo phần mềm kế toán thông dụng (Misa…) và tin học văn phòng,tham giá quyết toán thuế. •sử dụng thành thạo phần mềm kế toán thông dụng (misa…) và tin học văn phòng
theo dõi điểm số chất lượng và thông báo đến Phụ huynh– Hỗ trợ chi nhánh và Schooling– Giải đáp thắc mắc phụ huynh liên quan đến Trung tâm– Và một số công việc khác theo phân công của Trưởng chi nhánh.,theo dõi điểm số chất lượng và thông báo đến phụ huynh– hỗ trợ chi nhánh và schooling– giải đáp thắc mắc phụ huynh liên quan đến trung tâm– và một số công việc khác theo phân công của trưởng chi nhánh
theo nhóm- Ưu tiên ứng viên có kinh nghiệm làm trong lĩnh vực SEO tối thiểu từ 6 tháng trở lên.,theo nhóm- ưu tiên ứng viên có kinh nghiệm làm trong lĩnh vực seo tối thiểu từ 6 tháng trở lên
thiết kế máy móc,thiết kế máy móc
thiết kế và quản trị hệ thống.Hiểu biết sâu sắc về các công cụ quản lý: Github,thiết kế và quản trị hệ thống.hiểu biết sâu sắc về các công cụ quản lý: github
thoáng mát,thoáng mát
thu học phí học viên tại Trung tâm,thu học phí học viên tại trung tâm
thu thập thông tin,thu thập thông tin
thuyết phục khá-Kỹ năng sử dụng vi tính cơ bản-Tâm huyết,thuyết phục khá-kỹ năng sử dụng vi tính cơ bản-tâm huyết
thuyết phục- Có khả năng đi thị trường,thuyết phục- có khả năng đi thị trường
thuyết trình,thuyết trình
thuộc mọi ngóc ngách của khu vực nội thành Hà Nội. - Kỹ năng giao tiếp,thuộc mọi ngóc ngách của khu vực nội thành hà nội. - kỹ năng giao tiếp
thành thạo các cung đường thuộc địa bàn mà công ty yêu cầu - Có am hiểu luật giao thông đường bộ và luôn chấp hành nghiêm chỉnh các quy định khi tham gia giao thông - Có khả năng quan sát kỹ các làn đường,thành thạo các cung đường thuộc địa bàn mà công ty yêu cầu - có am hiểu luật giao thông đường bộ và luôn chấp hành nghiêm chỉnh các quy định khi tham gia giao thông - có khả năng quan sát kỹ các làn đường
thành thạo các kỹ năng sử dụng hàm tính toán trong Excel,thành thạo các kỹ năng sử dụng hàm tính toán trong excel
thành thạo các nghiệp vụ liên quan của Marketing Facebook ads- Ưu tiên tốt nghiệp các trường đại học,thành thạo các nghiệp vụ liên quan của marketing facebook ads- ưu tiên tốt nghiệp các trường đại học
thành thạo kỹ năng giao tiếp,thành thạo kỹ năng giao tiếp
thành thạo sử dụng các trình duyệt,thành thạo sử dụng các trình duyệt
thái độ làm việcBiết lắng nghe tiếp thu ý kiến của đồng nghiệp và cấp trênChăm chỉ,thái độ làm việcbiết lắng nghe tiếp thu ý kiến của đồng nghiệp và cấp trênchăm chỉ
thái độ tích cực,thái độ tích cực
thái độ tốt,thái độ tốt
thân thiện và niềm nở với khách hàng. - Quản lý và sắp xếp thời gian hợp lý,thân thiện và niềm nở với khách hàng. - quản lý và sắp xếp thời gian hợp lý
thân thiện.- Kỹ năng ứng biến và xử lý tình huống tốt.- Kỹ năng word,thân thiện.- kỹ năng ứng biến và xử lý tình huống tốt.- kỹ năng word
thích chiến đấu,thích chiến đấu
thích hợp với các bạn sinh viên đang muốn tìm việc làm thêm thu nhập - Làm FULLTIME,thích hợp với các bạn sinh viên đang muốn tìm việc làm thêm thu nhập - làm fulltime
thông thạo đường Hà Nội. - Kỹ năng ghi nhớ nhanh,thông thạo đường hà nội. - kỹ năng ghi nhớ nhanh
thông tin hàng hóa và tìm kiếm hàng + Sử dụng thành thạo máy tính và một số phần mềm quản lý kho hàng + Có khả năng phối hợp và làm việc nhóm tôt + Có sức khỏe tốt và có thể làm thêm giờ + Có khả năng xử lý các tình huống phát sinh tốt + Kỹ năng giao tiếp bằng lời nói và phi lời nói,thông tin hàng hóa và tìm kiếm hàng + sử dụng thành thạo máy tính và một số phần mềm quản lý kho hàng + có khả năng phối hợp và làm việc nhóm tôt + có sức khỏe tốt và có thể làm thêm giờ + có khả năng xử lý các tình huống phát sinh tốt + kỹ năng giao tiếp bằng lời nói và phi lời nói
thương lượng với khách hangCó kỹ năng giao tiếp và làm việc nhóm tốtSử dụng thành thạo MS OfficeTốt nghiệp Đại học,thương lượng với khách hangcó kỹ năng giao tiếp và làm việc nhóm tốtsử dụng thành thạo ms officetốt nghiệp đại học
thương lượngSử dụng thành thạo tin học văn phòng,thương lượngsử dụng thành thạo tin học văn phòng
thạo đường xá Tích cực giải quyết các vấn đề liên quan đến công việc Có thể tăng ca ngoài giờ làm Kiểm tra,thạo đường xá tích cực giải quyết các vấn đề liên quan đến công việc có thể tăng ca ngoài giờ làm kiểm tra
thẳng thắn,thẳng thắn
thống kê thông tin khách hàng,thống kê thông tin khách hàng
thời gian giao hàng….,thời gian giao hàng
thử thách bản thân và chịu được áp lực cao- Có kinh nghiệm Marketing Facebook ads từ 1 năm trở lên- Là người yêu thích,thử thách bản thân và chịu được áp lực cao- có kinh nghiệm marketing facebook ads từ 1 năm trở lên- là người yêu thích
thực hiện công việc với thái độ nghiêm túc,thực hiện công việc với thái độ nghiêm túc
thực hiện theo chỉ qua 1 lần quan sát. Có kỹ năng giao tiếp,thực hiện theo chỉ qua 1 lần quan sát. có kỹ năng giao tiếp
thực phẩm nguyên vẹn và giữ được độ tươi ngon. - Chịu được áp lực công việc và sự khắc nghiệt của thời tiết. - Linh hoạt và nhanh nhẹn,thực phẩm nguyên vẹn và giữ được độ tươi ngon. - chịu được áp lực công việc và sự khắc nghiệt của thời tiết. - linh hoạt và nhanh nhẹn
tin học văn phòng (đặc biệt là excel).- Kỹ năng tổng hợp,tin học văn phòng (đặc biệt là excel).- kỹ năng tổng hợp
tin học văn phòng ở mức độ trung bình - khá Tốt nghiệp nghiệp vụ kỹ thuật ôtô được cấp bởi Trường trung cấp công nghệ Hà Nội Có điều kiện,tin học văn phòng ở mức độ trung bình - khá tốt nghiệp nghiệp vụ kỹ thuật ôtô được cấp bởi trường trung cấp công nghệ hà nội có điều kiện
tin học văn phòng – đặc biệt là xử lý dữ liệu excel tốt,tin học văn phòng – đặc biệt là xử lý dữ liệu excel tốt
tinh thần chủ động làm việc,tinh thần chủ động làm việc
tinh thần trách nhiệm cao,tinh thần trách nhiệm cao
tinh thần trách nhiệm cao và gắn bó lâu dài với công việcCó kiến thức về kinh doanh online và thương mại điện tử là một lợi thếCó kiến thức về xuất nhập khẩu là một lợi thếBiết tiếng Anh hoặc tiếng Hoa là lợi thế,tinh thần trách nhiệm cao và gắn bó lâu dài với công việccó kiến thức về kinh doanh online và thương mại điện tử là một lợi thếcó kiến thức về xuất nhập khẩu là một lợi thếbiết tiếng anh hoặc tiếng hoa là lợi thế
tỉ mỉ và biết quan sát.- Nhanh nhẹn,tỉ mỉ và biết quan sát.- nhanh nhẹn
tra cứu và đọc hiểu tiếng Anh chuyên ngành- Có khả năng làm việc độc lập hoặc làm việc theo nhóm,tra cứu và đọc hiểu tiếng anh chuyên ngành- có khả năng làm việc độc lập hoặc làm việc theo nhóm
trao đổi tốt. Có kỹ năng làm việc khoa học,trao đổi tốt. có kỹ năng làm việc khoa học
trung thực,trung thực
trung thực có chuyên môn tốt,trung thực có chuyên môn tốt
trung thực.,trung thực
trung thực. Có nguyện vọng làm việc lâu dài tại công ty.- Có khả năng,trung thực. có nguyện vọng làm việc lâu dài tại công ty.- có khả năng
truyền cảm,truyền cảm
trách nhiệm,trách nhiệm
trách nhiệm - Kỹ năng giao tiếp linh hoạt,trách nhiệm - kỹ năng giao tiếp linh hoạt
trách nhiệm - Kỹ năng giao tiếp tốt (điện thoại,trách nhiệm - kỹ năng giao tiếp tốt (điện thoại
trách nhiệm - Kỹ năng thuyết trình tốt - Có khả năng thích nghi nhanh với môi trường làm việc - Kỹ năng tổ chức và quản lý công việc hiệu quả - Khả năng chịu được áp lực công việc - Kỹ năng tự chủ,trách nhiệm - kỹ năng thuyết trình tốt - có khả năng thích nghi nhanh với môi trường làm việc - kỹ năng tổ chức và quản lý công việc hiệu quả - khả năng chịu được áp lực công việc - kỹ năng tự chủ
trách nhiệm và nghiêm túc trong công việc,trách nhiệm và nghiêm túc trong công việc
trách nhiệm- Tốt nghiệp Đại học,trách nhiệm- tốt nghiệp đại học
trách nhiệm. - Giao tiếp,trách nhiệm. - giao tiếp
trách nhiệm. - Kỹ năng giao tiếp linh hoạt,trách nhiệm. - kỹ năng giao tiếp linh hoạt
trách nhiệm. - Kỹ năng giao tiếp tốt (điện thoại,trách nhiệm. - kỹ năng giao tiếp tốt (điện thoại
trách nhiệm. - Kỹ năng thuyết trình tốt - Dễ dàng hòa nhập với môi trường làm việc mới - Quản lý thời gian hiệu quả - Có khả năng làm việc dưới áp lực cao - Kỹ năng làm việc nhóm tốt. - Khả năng giải quyết vấn đề linh hoạt - Kỹ năng thao tác bàn phím tốt - Khả năng truyền đạt thông tin hiệu quả,trách nhiệm. - kỹ năng thuyết trình tốt - dễ dàng hòa nhập với môi trường làm việc mới - quản lý thời gian hiệu quả - có khả năng làm việc dưới áp lực cao - kỹ năng làm việc nhóm tốt. - khả năng giải quyết vấn đề linh hoạt - kỹ năng thao tác bàn phím tốt - khả năng truyền đạt thông tin hiệu quả
trách nhiệm. - Kỹ năng thuyết trình tốt - Dễ dàng làm quen với môi trường mới - Kỹ năng tổ chức và quản lý công việc hiệu quả - Khả năng chịu được áp lực công việc - Kỹ năng làm việc nhóm tốt. - Xử lý tình huống nhanh - Kỹ năng tin học văn phòng thành thạo - Khả năng truyền đạt thông tin hiệu quả,trách nhiệm. - kỹ năng thuyết trình tốt - dễ dàng làm quen với môi trường mới - kỹ năng tổ chức và quản lý công việc hiệu quả - khả năng chịu được áp lực công việc - kỹ năng làm việc nhóm tốt. - xử lý tình huống nhanh - kỹ năng tin học văn phòng thành thạo - khả năng truyền đạt thông tin hiệu quả
tránh vi phạm gây ảnh hưởng tới công việc.,tránh vi phạm gây ảnh hưởng tới công việc
trình bày tốt,trình bày tốt
tuyến đường,tuyến đường
tuyệt đối không sử dụng chất kích thích Có thể vận hành xe trên tuyến đường dài,tuyệt đối không sử dụng chất kích thích có thể vận hành xe trên tuyến đường dài
tuổi từ 20 – 35 tuổi. Tốt nghiệp THPT trở lên. Có khả năng xử lý,tuổi từ 20 – 35 tuổi. tốt nghiệp thpt trở lên. có khả năng xử lý
tuổi từ 22-40,tuổi từ 22-40
tuổi từ 25 - 40- Chỉ cần tốt nghiệp THPT.- Có sức khỏe tốt.- Có phương tiện và không ngại di chuyển.- Kỹ năng thương lượng,tuổi từ 25 - 40- chỉ cần tốt nghiệp thpt.- có sức khỏe tốt.- có phương tiện và không ngại di chuyển.- kỹ năng thương lượng
tài chính,tài chính
tài liệu,tài liệu
tài liệu của công ty một cách khoa học và hợp lý nhất. Mặt khác,tài liệu của công ty một cách khoa học và hợp lý nhất. mặt khác
tác phong chuyên nghiệp,tác phong chuyên nghiệp
tìm hiểu cập nhật các trend mới,tìm hiểu cập nhật các trend mới
tìm hiểu thêm để khắc phục thiếu sót của bản thân nhằm áp dụng phát triển doanh nghiệp.,tìm hiểu thêm để khắc phục thiếu sót của bản thân nhằm áp dụng phát triển doanh nghiệp
tìm tòi các cách làm mới để phát triển bản thân và công việc,tìm tòi các cách làm mới để phát triển bản thân và công việc
tích cực,tích cực
tính toán số lượng hàng hóa Có chứng chỉ hành nghề lái xe hạng B2 Đảm bảo công tác lái xe an toàn Có đầy đủ Giấy phép lái xe,tính toán số lượng hàng hóa có chứng chỉ hành nghề lái xe hạng b2 đảm bảo công tác lái xe an toàn có đầy đủ giấy phép lái xe
tính toán số lượng hàng hóa Có chứng chỉ hành nghề lái xe hạng C Đảm bảo công tác lái xe an toàn Có đầy đủ Giấy phép lái xe,tính toán số lượng hàng hóa có chứng chỉ hành nghề lái xe hạng c đảm bảo công tác lái xe an toàn có đầy đủ giấy phép lái xe
tính toán số lượng hàng hóa Có chứng chỉ hành nghề lái xe hạng D Đảm bảo công tác lái xe an toàn Có đầy đủ Giấy phép lái xe,tính toán số lượng hàng hóa có chứng chỉ hành nghề lái xe hạng d đảm bảo công tác lái xe an toàn có đầy đủ giấy phép lái xe
tôi có vốn ngoại ngữ ổn định 2 kỹ năng nghe,tôi có vốn ngoại ngữ ổn định 2 kỹ năng nghe
tôi cũng đã có kinh nghiệm tại những vị trí tương đương và muốn thử sức thêm ở ngành nghề này. Thêm vào đấy,tôi cũng đã có kinh nghiệm tại những vị trí tương đương và muốn thử sức thêm ở ngành nghề này. thêm vào đấy
tôi sẵn sàng học hỏi,tôi sẵn sàng học hỏi
tôi tự tin với vốn kiến thức của mình. Điều này thể hiện rõ trong bảng điểm. Ngoài ra,tôi tự tin với vốn kiến thức của mình. điều này thể hiện rõ trong bảng điểm. ngoài ra
tư duy logic... do đã có thời gian hoạt động tại ban điều hành trong câu lạc bộ của chuyên ngành tại trường Đại học. Trước đây,tư duy logic... do đã có thời gian hoạt động tại ban điều hành trong câu lạc bộ của chuyên ngành tại trường đại học. trước đây
tư duy làm việc nhóm tốt + Cầu toàn và tỉ mỉ trong công việc + Có chứng chỉ tin học nâng cao + Là người điềm tĩnh,tư duy làm việc nhóm tốt + cầu toàn và tỉ mỉ trong công việc + có chứng chỉ tin học nâng cao + là người điềm tĩnh
tư duy thiết kế và khả năng sáng tạo- Có đam mê,tư duy thiết kế và khả năng sáng tạo- có đam mê
tư vấn,tư vấn
tư vấn bán hàng. Ưu tiên ứng viên có kinh nghiệm trong lĩnh vực Bảo Hiểm,tư vấn bán hàng. ưu tiên ứng viên có kinh nghiệm trong lĩnh vực bảo hiểm
tư vấn thuyết phục khách hàng tốt- Ngoại hình ưa nhìn,tư vấn thuyết phục khách hàng tốt- ngoại hình ưa nhìn
tư vấn viên với ít nhất từ 1 năm kinh nghiệm trong các ngành: Bảo Hiểm,tư vấn viên với ít nhất từ 1 năm kinh nghiệm trong các ngành: bảo hiểm
tư vấn viên với ít nhất từ 2 năm kinh nghiệm trong các ngành- Năng động,tư vấn viên với ít nhất từ 2 năm kinh nghiệm trong các ngành- năng động
tạo dựng từng mối quan hệ và kỹ năng làm việc nhóm.7. Có khả năng làm việc với tất cả các cấp và phải có khả năng thích ứng với các phong cách làm việc khác nhau.,tạo dựng từng mối quan hệ và kỹ năng làm việc nhóm.7. có khả năng làm việc với tất cả các cấp và phải có khả năng thích ứng với các phong cách làm việc khác nhau
tận tâm,tận tâm
tỉ mỉ,tỉ mỉ
tỉ mỉ Kỹ năng bảo dưỡng,tỉ mỉ kỹ năng bảo dưỡng
tỉ mỉ và cẩn thận trong công việc. - Nhanh chóng thích ứng với nơi làm việc và môi trường mới.,tỉ mỉ và cẩn thận trong công việc. - nhanh chóng thích ứng với nơi làm việc và môi trường mới
tỉ mỉ. Kỹ năng:- Có tính cách cởi mở,tỉ mỉ. kỹ năng:- có tính cách cởi mở
tối ưu hóa hiệu suất ứng dụng Flutter.Kĩ năng giải quyết vấn đề trong công việc.Chủ động giao tiếp,tối ưu hóa hiệu suất ứng dụng flutter.kĩ năng giải quyết vấn đề trong công việc.chủ động giao tiếp
tổ chức sắp xếp công việc. - Chịu được áp lực cao trong công việc - Kỹ năng làm việc nhóm hiệu quả - Khả năng nhận diện vấn đề nhanh - Thành thạo tin học văn phòng - Có thể quản lý đội nhóm có nhiều thành viên,tổ chức sắp xếp công việc. - chịu được áp lực cao trong công việc - kỹ năng làm việc nhóm hiệu quả - khả năng nhận diện vấn đề nhanh - thành thạo tin học văn phòng - có thể quản lý đội nhóm có nhiều thành viên
tổ chức sắp xếp công việc. - Có khả năng làm việc dưới áp lực cao - Có khả năng xây dựng và làm việc theo đội nhóm - Khả năng tìm kiếm giải pháp và lựa chọn các giải pháp tối ưu - Sử dụng thành thạo phần mềm Microsoft Word,tổ chức sắp xếp công việc. - có khả năng làm việc dưới áp lực cao - có khả năng xây dựng và làm việc theo đội nhóm - khả năng tìm kiếm giải pháp và lựa chọn các giải pháp tối ưu - sử dụng thành thạo phần mềm microsoft word
tổ chức sắp xếp công việc. - Có khả năng làm việc dưới áp lực cao - Kỹ năng làm việc nhóm cũng như làm việc độc lập. - Khả năng nhận diện vấn đề nhanh - Thành thạo tin học văn phòng - Khả năng truyền đạt thông tin hiệu quả,tổ chức sắp xếp công việc. - có khả năng làm việc dưới áp lực cao - kỹ năng làm việc nhóm cũng như làm việc độc lập. - khả năng nhận diện vấn đề nhanh - thành thạo tin học văn phòng - khả năng truyền đạt thông tin hiệu quả
tổ chức sắp xếp công việc. - Có khả năng làm việc dưới áp lực cao - Kỹ năng tự chủ,tổ chức sắp xếp công việc. - có khả năng làm việc dưới áp lực cao - kỹ năng tự chủ
tổ chức sắp xếp công việc. - Có thể chịu được công việc có nhiều áp lực - Kỹ năng làm việc nhóm hiệu quả - Biết cách phân loại vấn đề diễn ra trong quá trình xử lý công việc - Kỹ năng thao tác bàn phím tốt - Có tầm nhìn và sự quyết đoán,tổ chức sắp xếp công việc. - có thể chịu được công việc có nhiều áp lực - kỹ năng làm việc nhóm hiệu quả - biết cách phân loại vấn đề diễn ra trong quá trình xử lý công việc - kỹ năng thao tác bàn phím tốt - có tầm nhìn và sự quyết đoán
tổ chức sắp xếp công việc. - Khả năng chịu được áp lực công việc - Làm việc độc lập và làm việc nhóm - Khả năng tìm kiếm giải pháp và lựa chọn các giải pháp tối ưu - Thành thạo tin học văn phòng - Có tầm nhìn và sự quyết đoán,tổ chức sắp xếp công việc. - khả năng chịu được áp lực công việc - làm việc độc lập và làm việc nhóm - khả năng tìm kiếm giải pháp và lựa chọn các giải pháp tối ưu - thành thạo tin học văn phòng - có tầm nhìn và sự quyết đoán
tổ chức sắp xếp công việc. - Khả năng tư duy sáng tạo. - Kỹ năng tự chủ,tổ chức sắp xếp công việc. - khả năng tư duy sáng tạo. - kỹ năng tự chủ
tổ trưởng hoặc vị trí tương đương nếu có năng lực,tổ trưởng hoặc vị trí tương đương nếu có năng lực
tổng hợp,tổng hợp
từ 25 đến 35 tuổi- Tốt nghiệp đại học chính quy,từ 25 đến 35 tuổi- tốt nghiệp đại học chính quy
từng nằm trong đội ngũ chuyên viên kỹ thuật về xe tải Có chứng chỉ đảm bảo kỹ thuật sửa chữa,từng nằm trong đội ngũ chuyên viên kỹ thuật về xe tải có chứng chỉ đảm bảo kỹ thuật sửa chữa
tự tin,tự tin
tự tin trước đám đông. - Có thể soạn thảo các hợp đồng và viết báo cáo công việc bằng tiếng Anh. - Biết sử dụng nhiều phần mềm tin học văn phòng chuyên nghiệp để quản lý các kế hoạch công việc được thực hiện đúng thời gian,tự tin trước đám đông. - có thể soạn thảo các hợp đồng và viết báo cáo công việc bằng tiếng anh. - biết sử dụng nhiều phần mềm tin học văn phòng chuyên nghiệp để quản lý các kế hoạch công việc được thực hiện đúng thời gian
tự tin. Sức khỏe tốt.- Có định hướng mục tiêu công việc rõ ràng,tự tin. sức khỏe tốt.- có định hướng mục tiêu công việc rõ ràng
tự tìm hiểu,tự tìm hiểu
tự động hóa hoặc các chuyên ngành khác liên quan.Sức khỏe tốt,tự động hóa hoặc các chuyên ngành khác liên quan.sức khỏe tốt
v.v.)Có kiến ​​thức tốt về phân tích,v.v.)có kiến ​​thức tốt về phân tích
v.v.)Có những kiến thức và kỹ năng sau là một lợi thế:• lấy khách hàng làm trọng tâm• Tư duy cởi mở,v.v.)có những kiến thức và kỹ năng sau là một lợi thế:• lấy khách hàng làm trọng tâm• tư duy cởi mở
viết kịch bản,viết kịch bản
viết kịch bản cho các chươngtrình Truyền hình do công ty độc quyền và phối hợp sản xuất vớiĐài TH VTV,viết kịch bản cho các chươngtrình truyền hình do công ty độc quyền và phối hợp sản xuất vớiđài th vtv
viết tiếng Anh tốt. Kỹ năng tin học văn phòng,viết tiếng anh tốt. kỹ năng tin học văn phòng
viết truyện - Có thể lồng tiếng cho nhiều nhân vật - Biết 1 chút về edit video,viết truyện - có thể lồng tiếng cho nhiều nhân vật - biết 1 chút về edit video
viết tài liệu tiếng Anh Có sự tỉ mỉ,viết tài liệu tiếng anh có sự tỉ mỉ
viết).- Kỹ năng giao tiếp,viết).- kỹ năng giao tiếp
việt nam học,việt nam học
vui tính,vui tính
vui vẻ,vui vẻ
vui vẻ với mọi người xung quanh.,vui vẻ với mọi người xung quanh
vui vẻ với đồng nghiệp,vui vẻ với đồng nghiệp
vui vẻ với đồng nghiệp Chịu được áp lực trong công việc Tinh thần trách nhiệm trong công việc Chăm chỉ,vui vẻ với đồng nghiệp chịu được áp lực trong công việc tinh thần trách nhiệm trong công việc chăm chỉ
vui vẻ với đồng nghiệp Là một kế toán thích làm việc với con số đồng thời qua thời gian làm việc thực tiễn tôi tự tin rằng mình có khả năng quản lý cũng như sắp xếp các loại hồ sơ,vui vẻ với đồng nghiệp là một kế toán thích làm việc với con số đồng thời qua thời gian làm việc thực tiễn tôi tự tin rằng mình có khả năng quản lý cũng như sắp xếp các loại hồ sơ
vui vẻ với đồng nghiệp- Cẩn thận trong từng công việc và tổng kết đánh giá lại tình hình thực hiện để rút kinh nghiệm cho những nhiệm vụ sắp tới. - Có khả năng nắm bắt tâm lý đối tác để các cuộc trao đổi thông tin diễn ra thuận lợi. - Lập các báo cáo,vui vẻ với đồng nghiệp- cẩn thận trong từng công việc và tổng kết đánh giá lại tình hình thực hiện để rút kinh nghiệm cho những nhiệm vụ sắp tới. - có khả năng nắm bắt tâm lý đối tác để các cuộc trao đổi thông tin diễn ra thuận lợi. - lập các báo cáo
vui vẻ với đồng nghiệpBản thân em tuy chưa có nhiều kinh nghiệm thực tiễn và chưa được làm việc trong môi trường chuyên nghiệp nhưng em đã có kinh nghiệm tham gia các cuộc thi trong thời điểm còn là sinh viên. Một trong những điểm yếu bản thân em sẽ cố gắng khắc phục là khả năng ngoại ngữ còn chưa ổn. Em sẽ cố gắng khắc phục vấn đề này để phục vụ công việc một cách tốt nhất.,vui vẻ với đồng nghiệpbản thân em tuy chưa có nhiều kinh nghiệm thực tiễn và chưa được làm việc trong môi trường chuyên nghiệp nhưng em đã có kinh nghiệm tham gia các cuộc thi trong thời điểm còn là sinh viên. một trong những điểm yếu bản thân em sẽ cố gắng khắc phục là khả năng ngoại ngữ còn chưa ổn. em sẽ cố gắng khắc phục vấn đề này để phục vụ công việc một cách tốt nhất
vui vẻ với đồng nghiệpCó tư duy logic và khả năng sáng tạo cao trong công việc Nhiệt tình,vui vẻ với đồng nghiệpcó tư duy logic và khả năng sáng tạo cao trong công việc nhiệt tình
vui vẻ với đồng nghiệpSử dụng thành thạo tin học văn phòng,vui vẻ với đồng nghiệpsử dụng thành thạo tin học văn phòng
và các ngành liên quan khác.- Thành thạo tin học văn phòng.- Có khả năng ngoại ngữ ở mức trung bình. Thành thạo ngoại ngữ là 1 lợi thế.- Là người nhiệt tình,và các ngành liên quan khác.- thành thạo tin học văn phòng.- có khả năng ngoại ngữ ở mức trung bình. thành thạo ngoại ngữ là 1 lợi thế.- là người nhiệt tình
vì khách hàng.- Sẵn sàng đáp ứng công việc khi có yêu cầu,vì khách hàng.- sẵn sàng đáp ứng công việc khi có yêu cầu
ví dụ như thu thập thông tin,ví dụ như thu thập thông tin
vùng sâu vùng xa Có kỹ năng quản lý thời gian,vùng sâu vùng xa có kỹ năng quản lý thời gian
văn minh,văn minh
vẫn chấp nhận sinh viên mới ra trường,vẫn chấp nhận sinh viên mới ra trường
vận hành rủi ro tín dụng,vận hành rủi ro tín dụng
vận hành và bảo trì thiết bị,vận hành và bảo trì thiết bị
vật liệu xây dựng và các ngành liên quan khác.,vật liệu xây dựng và các ngành liên quan khác
with knowledge in web programming withextensive knowledge of Python web (Django).● Understanding of the threading limitations of Python,with knowledge in web programming withextensive knowledge of python web (django).● understanding of the threading limitations of python
word,word
xe dịch vụ. - Có thể sắp xếp thời gian cho công việc,xe dịch vụ. - có thể sắp xếp thời gian cho công việc
xe máy,xe máy
xe máy) Thân thiện,xe máy) thân thiện
xe đạp điện môi trường an toàn,xe đạp điện môi trường an toàn
xuất hoá đơn,xuất hoá đơn
xây dựng kế hoạch,xây dựng kế hoạch
xây dựng mối quan hệ và giải quyết vấn đề tốt,xây dựng mối quan hệ và giải quyết vấn đề tốt
xây dựng Ưu tiên những ứng viên đã có kinh nghiệm làm việc,xây dựng ưu tiên những ứng viên đã có kinh nghiệm làm việc
xây dựngKỹ năng giao tiếp nhanh nhẹn,xây dựngkỹ năng giao tiếp nhanh nhẹn
xưởng sửa chữa dịch vụ.- Có khả năng tổ chức,xưởng sửa chữa dịch vụ.- có khả năng tổ chức
xử lý thông tin liên quan đến khai thuế,xử lý thông tin liên quan đến khai thuế
xử lý tình huống,xử lý tình huống
xử lý tình huống tốt.- Nhiệt tình,xử lý tình huống tốt.- nhiệt tình
xử lý tình huống và tương tác tốt. - Trung thực,xử lý tình huống và tương tác tốt. - trung thực
xử lý tốt các vấn đề bất cập có thể xảy ra.,xử lý tốt các vấn đề bất cập có thể xảy ra
yêu thích học hỏi kiến thức mới,yêu thích học hỏi kiến thức mới
yêu thích và gắn bó với công việc,yêu thích và gắn bó với công việc
ý thức trách nhiệm và chịu áp lực công việc.- Ưu tiên ứng viên có kinh nghiệm đã từng kinh doanh cargo trong ngành vận tải hàng không hoặc đã từng kinh doanh ở các công ty forwarders,ý thức trách nhiệm và chịu áp lực công việc.- ưu tiên ứng viên có kinh nghiệm đã từng kinh doanh cargo trong ngành vận tải hàng không hoặc đã từng kinh doanh ở các công ty forwarders
ĐH Thăng Long,đh thăng long
ĐH Điều dưỡng Nam Định,đh điều dưỡng nam định
ĐTVT,đtvt
Điện tử viễn thông,điện tử viễn thông
Đại Học- Từng là nhân viên kinh doanh,đại học- từng là nhân viên kinh doanh
Đại HọcKinh nghiệm: có ít nhất 1-2 năm kinh nghiệm sales,đại họckinh nghiệm: có ít nhất 1-2 năm kinh nghiệm sales
Đại học,đại học
Đại học Công nghệ,đại học công nghệ
Đại học Khoa học tự nhiên,đại học khoa học tự nhiên
Đại học chuyên ngành điều dưỡng (Ưu tiên ứng viên tốt nghiệp từ các trường ĐH Y HN,đại học chuyên ngành điều dưỡng (ưu tiên ứng viên tốt nghiệp từ các trường đh y hn
Đại học- Chứng chỉ: IELTS 7.0 đối với ứng viên không phải chuyên ngành Sư phạm tiếng Anh- Kinh nghiệm: Có kinh nghiệm giảng dạy tiếng Anh cho học sinh từ mầm non đến các cấp tiểu học và trung học là một lợi thế,đại học- chứng chỉ: ielts 7.0 đối với ứng viên không phải chuyên ngành sư phạm tiếng anh- kinh nghiệm: có kinh nghiệm giảng dạy tiếng anh cho học sinh từ mầm non đến các cấp tiểu học và trung học là một lợi thế
Đại học. 2. Có kinh nghiệm làm việc liên quan mỹ phẩm là một điểm cộng lớn . 3. Nhanh nhẹn,đại học. 2. có kinh nghiệm làm việc liên quan mỹ phẩm là một điểm cộng lớn . 3. nhanh nhẹn
Đại học. • Có kinh nghiệm quản lý nhóm. • Sử dụng thành thạo máy tính văn phòng. • Có khả năng phân tích,đại học. • có kinh nghiệm quản lý nhóm. • sử dụng thành thạo máy tính văn phòng. • có khả năng phân tích
đam mê lĩnh vực đào tạo,đam mê lĩnh vực đào tạo
đem đến mọi hành trình lái xe an toàn cho người và của.,đem đến mọi hành trình lái xe an toàn cho người và của
đi dài ngày,đi dài ngày
đi một lần có thể nhớ được đường,đi một lần có thể nhớ được đường
điều khiển phương tiện giao thông an toàn khi làm nhiệm vụ,điều khiển phương tiện giao thông an toàn khi làm nhiệm vụ
điện lạnh,điện lạnh
điện thoại,điện thoại
điện thoại - Sức khỏe tốt,điện thoại - sức khỏe tốt
đàm phán,đàm phán
đàm phán.- Có kinh nghiệm thu hồi nợ là một lợi thế.,đàm phán.- có kinh nghiệm thu hồi nợ là một lợi thế
đánh giá,đánh giá
đánh giá cẩn thận các tuyến vận chuyển đã thực hiện,đánh giá cẩn thận các tuyến vận chuyển đã thực hiện
được đào tạo lên nhân viên chính thức - được thăng cấp làm nhân viên cấp cao,được đào tạo lên nhân viên chính thức - được thăng cấp làm nhân viên cấp cao
đại học chuyên ngành Kế toán Tài chính2. Sử dụng thành thạo phần mềm kế toán và bộ phần mềm văn phòng Office.3. Kinh nghiệm thực tế ít nhất 01 năm làm kế toán.4. Yêu cầu khác: Cẩn thận,đại học chuyên ngành kế toán tài chính2. sử dụng thành thạo phần mềm kế toán và bộ phần mềm văn phòng office.3. kinh nghiệm thực tế ít nhất 01 năm làm kế toán.4. yêu cầu khác: cẩn thận
đại họcƯu tiên có kinh nghiệm vị trí tương đươngNgoại ngữ: Tiếng Anh thành thạo Thành thạo tin học văn phòng,đại họcưu tiên có kinh nghiệm vị trí tương đươngngoại ngữ: tiếng anh thành thạo thành thạo tin học văn phòng
đại lý logisctics.- Những ứng viên mới ra trường hoặc mới vào nghề sẽ được hướng dẫn đào tạo tận tình.- Đặc biệt ưu tiên xem xét những ứng viên nhiệt tình gắn bó lâu dài và cam kết với công việc.,đại lý logisctics.- những ứng viên mới ra trường hoặc mới vào nghề sẽ được hướng dẫn đào tạo tận tình.- đặc biệt ưu tiên xem xét những ứng viên nhiệt tình gắn bó lâu dài và cam kết với công việc
đạt đựơc doanh số,đạt đựơc doanh số
đảm bảo an toàn cho người và hàng hóa trên xe. - Thành thạo ngôn ngữ tiếng Anh,đảm bảo an toàn cho người và hàng hóa trên xe. - thành thạo ngôn ngữ tiếng anh
đảm bảo quá trình lái xe diễn ra an toàn. - Có sức khỏe tốt - Kỹ năng vận chuyển,đảm bảo quá trình lái xe diễn ra an toàn. - có sức khỏe tốt - kỹ năng vận chuyển
đảm bảo tiến độ.,đảm bảo tiến độ
đảm bảo đồ ăn,đảm bảo đồ ăn
đặc biệt kinh doanh Bất động sản.- Ứng viên chưa có kinh nghiệm sẽ được Công ty đào tạo.,đặc biệt kinh doanh bất động sản.- ứng viên chưa có kinh nghiệm sẽ được công ty đào tạo
đọc,đọc
đọc dịch,đọc dịch
đốc thúc thực hiện hợp đồng,đốc thúc thực hiện hợp đồng
độc lập,độc lập
đứng đầu trong việc quản lý hàng hóa. Cẩn trọng trong từng khâu chuỗi làm việc. Hòa đồng,đứng đầu trong việc quản lý hàng hóa. cẩn trọng trong từng khâu chuỗi làm việc. hòa đồng
đừng ngần ngại ứng tuyển nếu bạn là người thông minh nhanh nhẹn và chịu học hỏiLuôn đặt khách hàng làm trọng tâm. Yêu thích kinh doanh,đừng ngần ngại ứng tuyển nếu bạn là người thông minh nhanh nhẹn và chịu học hỏiluôn đặt khách hàng làm trọng tâm. yêu thích kinh doanh
Ưu tiên sinh viên tốt nghiệp trường Đại học Bách Khoa,ưu tiên sinh viên tốt nghiệp trường đại học bách khoa
Ưu tiên ứng viên Nữ- Tốt nghiệp Đại học chuyên ngành Marketing hoặc có liên quan,ưu tiên ứng viên nữ- tốt nghiệp đại học chuyên ngành marketing hoặc có liên quan
ưu tiên chuyên ngành quản trị kinh doanh,ưu tiên chuyên ngành quản trị kinh doanh
ưu tiên sinh viên mới tốt nghiệp,ưu tiên sinh viên mới tốt nghiệp
Ứng viên đã có chứng chỉ hành nghề sẽ có nhiều ưu đãi về chế độ và cơ hội quản lý đội nhóm,ứng viên đã có chứng chỉ hành nghề sẽ có nhiều ưu đãi về chế độ và cơ hội quản lý đội nhóm
ứng xử với mọi người tốt - Có khả năng thích nghi nhanh với môi trường làm việc - Kỹ năng lên kế hoạch,ứng xử với mọi người tốt - có khả năng thích nghi nhanh với môi trường làm việc - kỹ năng lên kế hoạch
ứng xử với mọi người tốt - Có khả năng thích nghi nhanh với môi trường làm việc - Kỹ năng tổ chức và quản lý công việc hiệu quả - Có thể chịu được công việc có nhiều áp lực - Có khả năng xây dựng và làm việc theo đội nhóm - Biết cách phân loại vấn đề diễn ra trong quá trình xử lý công việc - Kỹ năng tin học văn phòng thành thạo - Có tầm nhìn và sự quyết đoán,ứng xử với mọi người tốt - có khả năng thích nghi nhanh với môi trường làm việc - kỹ năng tổ chức và quản lý công việc hiệu quả - có thể chịu được công việc có nhiều áp lực - có khả năng xây dựng và làm việc theo đội nhóm - biết cách phân loại vấn đề diễn ra trong quá trình xử lý công việc - kỹ năng tin học văn phòng thành thạo - có tầm nhìn và sự quyết đoán
ứng xử với mọi người tốt - Dễ dàng hòa nhập với môi trường làm việc mới - Biết quan sát,ứng xử với mọi người tốt - dễ dàng hòa nhập với môi trường làm việc mới - biết quan sát
ứng xử với mọi người tốt - Dễ dàng hòa nhập với môi trường làm việc mới - Kỹ năng lên kế hoạch,ứng xử với mọi người tốt - dễ dàng hòa nhập với môi trường làm việc mới - kỹ năng lên kế hoạch
ứng xử với mọi người tốt - Dễ dàng hòa nhập với môi trường làm việc mới - Kỹ năng tổ chức và quản lý công việc hiệu quả - Chịu được áp lực cao trong công việc - Kỹ năng tự chủ,ứng xử với mọi người tốt - dễ dàng hòa nhập với môi trường làm việc mới - kỹ năng tổ chức và quản lý công việc hiệu quả - chịu được áp lực cao trong công việc - kỹ năng tự chủ
ứng xử với mọi người tốt - Dễ dàng hòa nhập với môi trường làm việc mới - Kỹ năng tổ chức và quản lý công việc hiệu quả - Có khả năng làm việc dưới áp lực cao - Kỹ năng tự chủ,ứng xử với mọi người tốt - dễ dàng hòa nhập với môi trường làm việc mới - kỹ năng tổ chức và quản lý công việc hiệu quả - có khả năng làm việc dưới áp lực cao - kỹ năng tự chủ
ứng xử với mọi người tốt - Dễ dàng làm quen với môi trường mới - Có khả năng quản lý,ứng xử với mọi người tốt - dễ dàng làm quen với môi trường mới - có khả năng quản lý
ứng xử với mọi người tốt - Dễ dàng làm quen với môi trường mới - Kỹ năng tổ chức và quản lý công việc hiệu quả - Có thể chịu được công việc có nhiều áp lực - Có khả năng xây dựng và làm việc theo đội nhóm - Xử lý tình huống nhanh - Kỹ năng soạn thảo văn bản,ứng xử với mọi người tốt - dễ dàng làm quen với môi trường mới - kỹ năng tổ chức và quản lý công việc hiệu quả - có thể chịu được công việc có nhiều áp lực - có khả năng xây dựng và làm việc theo đội nhóm - xử lý tình huống nhanh - kỹ năng soạn thảo văn bản
ứng xử với mọi người tốt - Dễ dàng làm quen với môi trường mới - Quản lý thời gian hiệu quả - Có khả năng làm việc dưới áp lực cao - Kỹ năng làm việc nhóm hiệu quả - Biết cách phân loại vấn đề diễn ra trong quá trình xử lý công việc - Kỹ năng soạn thảo văn bản,ứng xử với mọi người tốt - dễ dàng làm quen với môi trường mới - quản lý thời gian hiệu quả - có khả năng làm việc dưới áp lực cao - kỹ năng làm việc nhóm hiệu quả - biết cách phân loại vấn đề diễn ra trong quá trình xử lý công việc - kỹ năng soạn thảo văn bản
ứng xử với mọi người tốt - Dễ dàng làm quen với môi trường mới - Quản lý thời gian hiệu quả - Khả năng chịu được áp lực công việc - Kỹ năng tự chủ,ứng xử với mọi người tốt - dễ dàng làm quen với môi trường mới - quản lý thời gian hiệu quả - khả năng chịu được áp lực công việc - kỹ năng tự chủ
– Các nhiệm vụ khác theo sự điều phối của Leader.,các nhiệm vụ khác theo sự điều phối của leader
– Tư vấn các khoá học qua các hình thức: trực tiếp tại trung tâm,tư vấn các khoá học qua các hình thức: trực tiếp tại trung tâm
– Viết bài PR,viết bài pr
• Có kinh nghiệm quản lý nhân viên back-end,có kinh nghiệm quản lý nhân viên back-end
• Minimum 4 - 5 years of experience in a similar position,minimum 4 - 5 years of experience in a similar position
• Tốt nghiệp Cao đẳng,tốt nghiệp cao đẳng
• Tốt nghiệp đại học,tốt nghiệp đại học
•Có khả năng làm việc và thích nghi với môi trường làm việc cường độ cao •Ưu tiên nữ,có khả năng làm việc và thích nghi với môi trường làm việc cường độ cao •ưu tiên nữ
•Nắm vững nghiệp vụ,nắm vững nghiệp vụ
•Trung thực,trung thực
•Tối thiểu 3 năm kinh nghiệm làm kế toán tổng hợp và đã từng quyết toán,tối thiểu 3 năm kinh nghiệm làm kế toán tổng hợp và đã từng quyết toán
•Tốt nghiệp cao đẳng trở lên •Độ tuổi: 22t - 30t •Thái độ tốt,tốt nghiệp cao đẳng trở lên •độ tuổi: 22t - 30t •thái độ tốt
… - Có thể quản lý đội nhóm có nhiều thành viên,có thể quản lý đội nhóm có nhiều thành viên
… - Khả năng truyền cảm hứng,khả năng truyền cảm hứng
… - Kỹ năng lãnh đạo tốt,kỹ năng lãnh đạo tốt
… -Có kỹ năng làm việc đội nhóm,có kỹ năng làm việc đội nhóm
…),
…)- Anh Văn: Bằng B (Nghe,anh văn: bằng b (nghe
…- Am hiểu Luật kinh tế,am hiểu luật kinh tế
…- Sử dụng cơ bản các phần mềm thiết kế đồ họa như Photoshop,sử dụng cơ bản các phần mềm thiết kế đồ họa như photoshop
…- Yêu thích việc tìm tòi thấu hiểu hành vi,yêu thích việc tìm tòi thấu hiểu hành vi
…. - Good communication and teamwork skills,good communication and teamwork skills
…các dự án phim sitcom,các dự án phim sitcom
…– Cập nhật học phí,cập nhật học phí
● Good problem analyzing and solving skills● Good knowledge in MVC,good problem analyzing and solving skills● good knowledge in mvc
