job_id,cand_id,lf_skill,lf_sem,lf_exp,lf_role,lf_loc,y_prob
JOB_00,CV_044,0,1,1,0,-1,0.8515915098330731
JOB_00,CV_047,-1,0,1,-1,-1,0.7392104299313632
JOB_00,CV_004,1,1,1,0,1,0.9938973981992373
JOB_00,CV_055,0,1,1,0,-1,0.8515915098330731
JOB_00,CV_026,0,0,1,0,1,0.9909111581409155
JOB_00,CV_064,-1,1,1,0,1,0.9909111581409155
JOB_00,CV_073,0,1,1,0,1,0.9925513658320195
JOB_00,CV_010,0,1,1,0,-1,0.8515915098330731
JOB_00,CV_040,0,1,1,0,-1,0.8515915098330731
JOB_00,CV_107,0,0,1,0,-1,0.8244029762987993
JOB_00,CV_018,1,0,1,0,1,0.9925513658320195
JOB_00,CV_062,0,1,1,0,-1,0.8515915098330731
JOB_00,CV_011,-1,1,1,-1,-1,0.7760057395865282
JOB_00,CV_036,0,1,1,0,-1,0.8515915098330731
JOB_00,CV_089,1,1,1,0,-1,0.875207551880179
JOB_00,CV_091,0,1,1,0,-1,0.8515915098330731
JOB_00,CV_109,1,-1,1,1,-1,0.8687323344441251
JOB_00,CV_000,0,1,1,0,-1,0.8515915098330731
JOB_00,CV_088,0,1,1,-1,-1,0.8089512745610968
JOB_00,CV_104,0,1,1,0,-1,0.8515915098330731
JOB_00,CV_065,-1,1,1,-1,-1,0.7760057395865282
JOB_00,CV_045,-1,1,1,0,-1,0.8244029762987993
JOB_00,CV_031,-1,1,1,0,-1,0.8244029762987993
JOB_00,CV_070,0,1,1,0,1,0.9925513658320195
JOB_00,CV_042,0,0,1,0,-1,0.8244029762987993
JOB_00,CV_012,0,1,1,0,-1,0.8515915098330731
JOB_00,CV_015,1,0,1,-1,-1,0.8089512745610968
JOB_00,CV_114,-1,1,1,0,-1,0.8244029762987993
JOB_00,CV_076,0,1,1,0,-1,0.8515915098330731
JOB_00,CV_097,1,1,1,0,-1,0.875207551880179
JOB_00,CV_024,-1,1,1,-1,-1,0.7760057395865282
JOB_00,CV_078,-1,0,1,0,1,0.9889138067848836
JOB_00,CV_022,0,1,1,0,-1,0.8515915098330731
JOB_00,CV_096,-1,1,1,0,-1,0.8244029762987993
JOB_00,CV_056,1,1,1,0,-1,0.875207551880179
JOB_00,CV_110,1,0,1,0,-1,0.8515915098330731
JOB_00,CV_030,0,0,1,0,-1,0.8244029762987993
JOB_00,CV_053,1,1,1,1,1,0.9956630934198999
JOB_00,CV_118,1,0,1,0,1,0.9925513658320195
JOB_00,CV_009,-1,1,1,0,-1,0.8244029762987993
JOB_00,CV_033,1,1,1,0,-1,0.875207551880179
JOB_00,CV_025,0,1,1,0,-1,0.8515915098330731
JOB_00,CV_069,1,1,1,0,-1,0.875207551880179
JOB_00,CV_028,1,1,1,1,1,0.9956630934198999
JOB_00,CV_098,0,0,1,0,1,0.9909111581409155
JOB_00,CV_085,-1,0,1,0,-1,0.793441644914104
JOB_00,CV_005,-1,0,1,0,1,0.9889138067848836
JOB_00,CV_090,0,1,1,-1,-1,0.8089512745610968
JOB_00,CV_068,1,0,1,-1,1,0.9899324551676333
JOB_00,CV_039,1,1,1,0,-1,0.875207551880179
JOB_00,CV_049,-1,0,1,0,-1,0.793441644914104
JOB_00,CV_035,0,0,1,0,1,0.9909111581409155
JOB_00,CV_016,0,0,1,0,-1,0.8244029762987993
JOB_00,CV_066,-1,0,1,0,-1,0.793441644914104
JOB_00,CV_034,-1,1,1,0,-1,0.8244029762987993
JOB_00,CV_113,0,1,1,0,-1,0.8515915098330731
JOB_00,CV_007,1,1,1,0,-1,0.875207551880179
JOB_00,CV_043,0,1,1,0,-1,0.8515915098330731
JOB_00,CV_072,0,1,1,0,-1,0.8515915098330731
JOB_00,CV_067,0,1,1,0,-1,0.8515915098330731
JOB_00,CV_083,0,0,1,0,-1,0.8244029762987993
JOB_00,CV_027,1,0,1,0,-1,0.8515915098330731
JOB_00,CV_019,1,1,1,0,1,0.9938973981992373
JOB_00,CV_095,-1,-1,1,0,-1,0.7586195969184619
JOB_00,CV_100,0,1,1,0,1,0.9925513658320195
JOB_00,CV_008,0,1,1,0,-1,0.8515915098330731
JOB_00,CV_013,0,0,1,0,-1,0.8244029762987993
JOB_00,CV_084,-1,1,1,0,-1,0.8244029762987993
JOB_00,CV_003,0,0,1,0,-1,0.8244029762987993
JOB_00,CV_017,0,-1,1,-1,-1,0.7392104299313632
JOB_03,CV_003,-1,0,1,1,1,0.9921099818949954
JOB_03,CV_058,-1,0,1,1,-1,0.8441091699732922
JOB_03,CV_103,-1,0,1,1,-1,0.8441091699732922
JOB_03,CV_033,0,0,1,0,-1,0.8244029762987993
JOB_03,CV_063,-1,-1,1,1,-1,0.8158462909997302
JOB_03,CV_092,1,0,1,1,1,0.9947044400573793
JOB_03,CV_066,1,0,1,1,-1,0.8899731895162262
JOB_03,CV_113,-1,0,1,0,1,0.9889138067848836
JOB_03,CV_006,0,0,1,0,-1,0.8244029762987993
JOB_03,CV_070,-1,1,1,0,-1,0.8244029762987993
JOB_03,CV_051,0,1,1,0,1,0.9925513658320195
JOB_03,CV_065,0,1,1,-1,1,0.9899324551676333
JOB_03,CV_083,1,0,1,1,1,0.9947044400573793
JOB_03,CV_096,0,0,1,0,1,0.9909111581409155
JOB_03,CV_089,1,1,1,1,-1,0.9081404248468237
JOB_03,CV_075,1,1,1,0,-1,0.875207551880179
JOB_03,CV_100,-1,0,1,0,-1,0.793441644914104
JOB_03,CV_072,1,0,1,0,-1,0.8515915098330731
JOB_03,CV_022,0,0,1,0,1,0.9909111581409155
JOB_03,CV_078,0,0,1,0,-1,0.8244029762987993
JOB_03,CV_054,0,0,1,0,-1,0.8244029762987993
JOB_03,CV_039,1,1,1,1,-1,0.9081404248468237
JOB_03,CV_097,0,0,1,0,1,0.9909111581409155
JOB_03,CV_085,1,0,1,1,1,0.9947044400573793
JOB_03,CV_081,1,0,1,0,1,0.9925513658320195
JOB_03,CV_021,0,0,1,0,-1,0.8244029762987993
JOB_03,CV_064,1,1,1,0,-1,0.875207551880179
JOB_03,CV_025,0,0,1,0,1,0.9909111581409155
JOB_03,CV_094,0,0,1,0,1,0.9909111581409155
JOB_03,CV_010,0,0,1,1,1,0.9935352566336874
JOB_03,CV_105,-1,1,1,0,-1,0.8244029762987993
JOB_03,CV_082,0,0,1,0,-1,0.8244029762987993
JOB_03,CV_098,0,0,1,1,-1,0.8687323344441251
JOB_03,CV_042,0,0,1,1,-1,0.8687323344441251
JOB_03,CV_080,1,0,1,-1,-1,0.8089512745610968
JOB_03,CV_110,0,0,1,0,1,0.9909111581409155
JOB_03,CV_041,0,0,1,0,-1,0.8244029762987993
JOB_03,CV_029,0,1,1,0,1,0.9925513658320195
JOB_03,CV_009,1,0,1,0,1,0.9925513658320195
JOB_03,CV_001,0,0,1,0,1,0.9909111581409155
JOB_03,CV_106,1,1,1,0,-1,0.875207551880179
JOB_03,CV_004,1,1,1,0,-1,0.875207551880179
JOB_03,CV_086,-1,1,1,0,-1,0.8244029762987993
JOB_03,CV_102,-1,1,1,-1,-1,0.7760057395865282
JOB_03,CV_034,0,0,1,0,1,0.9909111581409155
JOB_03,CV_045,0,0,1,0,1,0.9909111581409155
JOB_03,CV_050,-1,0,1,0,-1,0.793441644914104
JOB_03,CV_028,0,0,1,0,-1,0.8244029762987993
JOB_03,CV_047,0,-1,1,-1,1,0.9850352274079028
JOB_03,CV_108,0,0,1,0,-1,0.8244029762987993
JOB_03,CV_012,0,0,1,1,1,0.9935352566336874
JOB_03,CV_088,0,1,1,-1,-1,0.8089512745610968
JOB_03,CV_052,0,-1,1,-1,1,0.9850352274079028
JOB_03,CV_114,0,0,1,0,-1,0.8244029762987993
JOB_03,CV_008,-1,1,1,0,-1,0.8244029762987993
JOB_03,CV_016,0,1,1,0,1,0.9925513658320195
JOB_03,CV_093,0,1,1,0,-1,0.8515915098330731
JOB_03,CV_026,1,0,1,0,-1,0.8515915098330731
JOB_03,CV_067,0,1,1,1,-1,0.8899731895162262
JOB_03,CV_040,1,0,1,1,-1,0.8899731895162262
JOB_03,CV_036,0,1,1,0,-1,0.8515915098330731
JOB_03,CV_107,-1,1,1,0,-1,0.8244029762987993
JOB_03,CV_069,1,1,1,1,-1,0.9081404248468237
JOB_03,CV_049,0,1,1,0,-1,0.8515915098330731
JOB_03,CV_059,0,0,1,0,1,0.9909111581409155
JOB_03,CV_101,-1,-1,1,0,-1,0.7586195969184619
JOB_03,CV_068,0,0,1,1,-1,0.8687323344441251
JOB_03,CV_090,0,0,1,-1,-1,0.7760057395865282
JOB_03,CV_007,0,1,1,0,1,0.9925513658320195
JOB_03,CV_027,1,0,1,0,-1,0.8515915098330731
JOB_04,CV_031,1,0,1,-1,-1,0.8089512745610968
JOB_04,CV_011,0,0,1,-1,-1,0.7760057395865282
JOB_04,CV_104,-1,0,1,-1,-1,0.7392104299313632
JOB_04,CV_084,0,0,1,-1,-1,0.7760057395865282
JOB_04,CV_066,0,-1,1,-1,-1,0.7392104299313632
JOB_04,CV_064,0,1,1,-1,1,0.9899324551676333
JOB_04,CV_061,1,0,1,-1,1,0.9899324551676333
JOB_04,CV_081,-1,0,1,-1,-1,0.7392104299313632
JOB_04,CV_114,0,0,1,-1,-1,0.7760057395865282
JOB_04,CV_028,1,0,1,-1,1,0.9899324551676333
JOB_04,CV_115,0,-1,1,-1,-1,0.7392104299313632
JOB_04,CV_067,0,1,1,-1,-1,0.8089512745610968
JOB_04,CV_065,0,1,1,1,-1,0.8899731895162262
JOB_04,CV_100,0,0,1,-1,1,0.9877226901975171
JOB_04,CV_015,0,0,1,-1,-1,0.7760057395865282
JOB_04,CV_052,0,-1,1,-1,1,0.9850352274079028
JOB_04,CV_076,-1,0,1,-1,-1,0.7392104299313632
JOB_04,CV_074,0,0,1,-1,-1,0.7760057395865282
JOB_04,CV_050,-1,0,1,-1,-1,0.7392104299313632
JOB_04,CV_019,-1,0,1,-1,1,0.9850352274079028
JOB_04,CV_091,-1,0,1,-1,-1,0.7392104299313632
JOB_04,CV_097,-1,0,1,-1,-1,0.7392104299313632
JOB_04,CV_083,0,-1,1,-1,-1,0.7392104299313632
JOB_04,CV_004,0,0,1,-1,1,0.9877226901975171
JOB_04,CV_053,1,0,1,-1,1,0.9899324551676333
JOB_04,CV_049,-1,0,1,-1,-1,0.7392104299313632
JOB_04,CV_075,1,-1,1,-1,-1,0.7760057395865282
JOB_04,CV_105,0,1,1,-1,-1,0.8089512745610968
JOB_04,CV_008,0,0,1,-1,-1,0.7760057395865282
JOB_04,CV_079,1,-1,1,-1,-1,0.7760057395865282
JOB_04,CV_023,1,0,1,-1,-1,0.8089512745610968
JOB_04,CV_030,-1,0,1,-1,-1,0.7392104299313632
JOB_04,CV_034,0,0,1,-1,-1,0.7760057395865282
JOB_04,CV_010,1,0,1,-1,-1,0.8089512745610968
JOB_04,CV_029,0,1,1,-1,-1,0.8089512745610968
JOB_04,CV_003,-1,0,1,-1,-1,0.7392104299313632
JOB_04,CV_088,1,0,1,-1,-1,0.8089512745610968
JOB_04,CV_042,1,0,1,-1,-1,0.8089512745610968
JOB_04,CV_020,0,0,1,-1,-1,0.7760057395865282
JOB_04,CV_071,1,0,1,-1,-1,0.8089512745610968
JOB_04,CV_032,1,0,1,-1,-1,0.8089512745610968
JOB_04,CV_054,-1,1,1,-1,1,0.9877226901975171
JOB_04,CV_045,-1,0,1,-1,-1,0.7392104299313632
JOB_04,CV_082,0,0,1,-1,-1,0.7760057395865282
JOB_04,CV_108,1,-1,1,-1,1,0.9877226901975171
JOB_04,CV_005,0,0,1,-1,1,0.9877226901975171
JOB_04,CV_036,0,0,1,-1,-1,0.7760057395865282
JOB_04,CV_107,0,-1,1,-1,-1,0.7392104299313632
JOB_04,CV_041,0,0,1,-1,-1,0.7760057395865282
JOB_04,CV_018,0,-1,1,-1,1,0.9850352274079028
JOB_04,CV_069,1,0,1,-1,-1,0.8089512745610968
JOB_04,CV_119,0,0,1,-1,-1,0.7760057395865282
JOB_04,CV_039,0,1,1,-1,-1,0.8089512745610968
JOB_04,CV_099,0,0,1,-1,1,0.9877226901975171
JOB_04,CV_057,0,0,1,-1,-1,0.7760057395865282
JOB_04,CV_033,0,0,1,-1,-1,0.7760057395865282
JOB_04,CV_021,0,0,1,-1,-1,0.7760057395865282
JOB_04,CV_059,0,0,1,-1,-1,0.7760057395865282
JOB_04,CV_101,-1,-1,1,-1,1,0.9817703452181514
JOB_04,CV_095,-1,-1,1,-1,-1,0.6987174891528171
JOB_04,CV_096,0,0,1,-1,-1,0.7760057395865282
JOB_04,CV_116,0,1,1,-1,-1,0.8089512745610968
JOB_04,CV_040,0,0,1,-1,-1,0.7760057395865282
JOB_04,CV_103,0,0,1,-1,-1,0.7760057395865282
JOB_04,CV_009,0,0,1,-1,-1,0.7760057395865282
JOB_04,CV_068,-1,-1,1,-1,1,0.9817703452181514
JOB_04,CV_012,1,1,1,-1,-1,0.838062317751627
JOB_04,CV_070,0,1,1,-1,1,0.9899324551676333
JOB_04,CV_024,0,0,1,-1,-1,0.7760057395865282
JOB_04,CV_043,0,-1,1,-1,-1,0.7392104299313632
JOB_05,CV_015,-1,0,1,-1,-1,0.7392104299313632
JOB_05,CV_002,1,0,1,0,1,0.9925513658320195
JOB_05,CV_052,0,-1,1,-1,1,0.9850352274079028
JOB_05,CV_113,0,0,1,0,-1,0.8244029762987993
JOB_05,CV_063,-1,0,1,1,1,0.9921099818949954
JOB_05,CV_003,0,-1,1,1,-1,0.8441091699732922
JOB_05,CV_080,-1,0,1,-1,-1,0.7392104299313632
JOB_05,CV_076,1,0,1,1,-1,0.8899731895162262
JOB_05,CV_081,-1,0,1,1,-1,0.8441091699732922
JOB_05,CV_109,-1,-1,1,-1,-1,0.6987174891528171
JOB_05,CV_031,-1,0,1,0,-1,0.793441644914104
JOB_05,CV_034,0,0,1,0,-1,0.8244029762987993
JOB_05,CV_049,0,0,1,1,-1,0.8687323344441251
JOB_05,CV_023,-1,0,1,1,-1,0.8441091699732922
JOB_05,CV_038,1,0,1,1,-1,0.8899731895162262
JOB_05,CV_069,0,-1,1,1,-1,0.8441091699732922
JOB_05,CV_112,0,0,1,1,-1,0.8687323344441251
JOB_05,CV_098,0,-1,1,1,1,0.9921099818949954
JOB_05,CV_029,0,0,1,0,-1,0.8244029762987993
JOB_05,CV_079,0,-1,1,0,-1,0.793441644914104
JOB_05,CV_090,-1,0,1,-1,-1,0.7392104299313632
JOB_05,CV_018,-1,-1,1,1,1,0.9903735230222465
JOB_05,CV_070,1,0,1,1,1,0.9947044400573793
JOB_05,CV_058,1,0,1,1,-1,0.8899731895162262
JOB_05,CV_016,0,-1,1,1,-1,0.8441091699732922
JOB_05,CV_097,0,0,1,1,-1,0.8687323344441251
JOB_05,CV_017,0,-1,1,-1,-1,0.7392104299313632
JOB_05,CV_006,0,0,1,1,-1,0.8687323344441251
JOB_05,CV_115,-1,-1,1,1,-1,0.8158462909997302
JOB_05,CV_089,-1,0,1,1,-1,0.8441091699732922
JOB_05,CV_060,0,0,1,-1,1,0.9877226901975171
JOB_05,CV_033,0,0,1,1,-1,0.8687323344441251
JOB_05,CV_024,-1,0,1,0,-1,0.793441644914104
JOB_05,CV_066,-1,-1,1,1,-1,0.8158462909997302
JOB_05,CV_108,-1,-1,1,0,1,0.9864835075253354
JOB_05,CV_088,0,0,1,-1,-1,0.7760057395865282
JOB_05,CV_117,-1,0,1,1,-1,0.8441091699732922
JOB_05,CV_043,-1,0,1,1,-1,0.8441091699732922
JOB_05,CV_105,1,1,1,0,-1,0.875207551880179
JOB_05,CV_072,-1,0,1,0,-1,0.793441644914104
JOB_05,CV_047,0,-1,1,1,-1,0.8441091699732922
JOB_05,CV_084,-1,0,1,1,-1,0.8441091699732922
JOB_05,CV_083,-1,0,1,1,-1,0.8441091699732922
JOB_05,CV_020,-1,0,1,1,-1,0.8441091699732922
JOB_05,CV_064,0,1,1,1,1,0.9947044400573793
JOB_05,CV_074,1,0,1,0,-1,0.8515915098330731
JOB_05,CV_000,1,0,1,1,-1,0.8899731895162262
JOB_05,CV_077,0,0,1,-1,1,0.9877226901975171
JOB_05,CV_078,0,-1,1,1,1,0.9921099818949954
JOB_05,CV_021,-1,0,1,1,-1,0.8441091699732922
JOB_05,CV_040,0,0,1,1,-1,0.8687323344441251
JOB_05,CV_039,1,0,1,1,-1,0.8899731895162262
JOB_05,CV_013,-1,0,1,1,-1,0.8441091699732922
JOB_05,CV_092,-1,-1,1,1,-1,0.8158462909997302
JOB_05,CV_050,-1,0,1,1,-1,0.8441091699732922
JOB_05,CV_053,-1,1,1,-1,1,0.9877226901975171
JOB_05,CV_008,-1,0,1,1,-1,0.8441091699732922
JOB_05,CV_057,0,0,1,1,-1,0.8687323344441251
JOB_05,CV_102,0,0,1,-1,-1,0.7760057395865282
JOB_05,CV_027,1,-1,1,1,-1,0.8687323344441251
JOB_05,CV_048,1,-1,1,0,-1,0.8244029762987993
JOB_05,CV_041,0,0,1,1,-1,0.8687323344441251
JOB_05,CV_062,0,0,1,1,-1,0.8687323344441251
JOB_05,CV_094,0,0,1,1,-1,0.8687323344441251
JOB_05,CV_036,0,0,1,1,-1,0.8687323344441251
JOB_05,CV_093,0,0,1,1,-1,0.8687323344441251
JOB_05,CV_082,0,0,1,1,-1,0.8687323344441251
JOB_05,CV_059,0,0,1,1,-1,0.8687323344441251
JOB_05,CV_061,0,0,1,1,1,0.9935352566336874
JOB_05,CV_103,0,0,1,1,-1,0.8687323344441251
JOB_06,CV_012,-1,1,1,-1,1,0.9877226901975171
JOB_06,CV_097,1,0,1,-1,1,0.9899324551676333
JOB_06,CV_022,1,0,1,-1,1,0.9899324551676333
JOB_06,CV_119,0,0,1,-1,-1,0.7760057395865282
JOB_06,CV_077,1,0,1,-1,-1,0.8089512745610968
JOB_06,CV_014,0,-1,1,-1,-1,0.7392104299313632
JOB_06,CV_054,0,1,1,-1,-1,0.8089512745610968
JOB_06,CV_067,1,0,1,-1,-1,0.8089512745610968
JOB_06,CV_093,1,0,1,-1,-1,0.8089512745610968
JOB_06,CV_079,0,-1,1,-1,1,0.9850352274079028
JOB_06,CV_104,0,1,1,-1,-1,0.8089512745610968
JOB_06,CV_031,-1,0,1,-1,1,0.9850352274079028
JOB_06,CV_076,0,0,1,-1,-1,0.7760057395865282
JOB_06,CV_116,-1,0,1,-1,1,0.9850352274079028
JOB_06,CV_015,0,0,1,-1,1,0.9877226901975171
JOB_06,CV_091,1,0,1,-1,1,0.9899324551676333
JOB_06,CV_087,0,0,1,-1,-1,0.7760057395865282
JOB_06,CV_089,0,1,1,-1,-1,0.8089512745610968
JOB_06,CV_047,0,-1,1,-1,1,0.9850352274079028
JOB_06,CV_002,-1,0,1,-1,-1,0.7392104299313632
JOB_06,CV_006,0,0,1,1,-1,0.8687323344441251
JOB_06,CV_071,-1,0,1,-1,-1,0.7392104299313632
JOB_06,CV_027,-1,0,1,-1,-1,0.7392104299313632
JOB_06,CV_078,0,0,1,-1,-1,0.7760057395865282
JOB_06,CV_081,1,1,1,-1,1,0.9917478125249066
JOB_06,CV_060,0,0,1,-1,-1,0.7760057395865282
JOB_06,CV_046,-1,0,1,-1,1,0.9850352274079028
JOB_06,CV_007,0,0,1,-1,1,0.9877226901975171
JOB_06,CV_111,0,0,1,-1,-1,0.7760057395865282
JOB_06,CV_082,0,0,1,-1,-1,0.7760057395865282
JOB_06,CV_062,0,0,1,-1,1,0.9877226901975171
JOB_06,CV_064,0,0,1,-1,-1,0.7760057395865282
JOB_06,CV_055,0,1,1,-1,1,0.9899324551676333
JOB_06,CV_103,0,0,1,-1,-1,0.7760057395865282
JOB_06,CV_099,1,0,1,-1,-1,0.8089512745610968
JOB_06,CV_090,0,0,1,-1,-1,0.7760057395865282
JOB_06,CV_066,0,-1,1,-1,-1,0.7392104299313632
JOB_06,CV_018,0,-1,1,-1,-1,0.7392104299313632
JOB_06,CV_019,0,0,1,-1,-1,0.7760057395865282
JOB_06,CV_049,1,0,1,-1,-1,0.8089512745610968
JOB_06,CV_032,0,1,1,-1,1,0.9899324551676333
JOB_06,CV_004,0,0,1,-1,-1,0.7760057395865282
JOB_06,CV_118,0,0,1,-1,-1,0.7760057395865282
JOB_06,CV_114,0,1,1,-1,-1,0.8089512745610968
JOB_06,CV_088,0,0,1,-1,-1,0.7760057395865282
JOB_06,CV_034,1,0,1,-1,1,0.9899324551676333
JOB_06,CV_051,0,1,1,-1,1,0.9899324551676333
JOB_06,CV_038,0,0,1,-1,-1,0.7760057395865282
JOB_06,CV_048,1,-1,1,-1,1,0.9877226901975171
JOB_06,CV_117,-1,0,1,-1,-1,0.7392104299313632
JOB_06,CV_110,-1,-1,1,-1,1,0.9817703452181514
JOB_06,CV_105,0,1,1,-1,-1,0.8089512745610968
JOB_06,CV_010,1,0,1,-1,1,0.9899324551676333
JOB_06,CV_020,-1,1,1,-1,1,0.9877226901975171
JOB_06,CV_094,-1,1,1,-1,1,0.9877226901975171
JOB_06,CV_068,-1,0,1,-1,-1,0.7392104299313632
JOB_06,CV_101,-1,-1,1,-1,-1,0.6987174891528171
JOB_06,CV_035,-1,0,1,-1,-1,0.7392104299313632
JOB_06,CV_112,0,0,1,-1,-1,0.7760057395865282
JOB_06,CV_050,0,0,1,-1,-1,0.7760057395865282
JOB_06,CV_000,0,0,1,-1,-1,0.7760057395865282
JOB_06,CV_042,0,1,1,-1,-1,0.8089512745610968
JOB_06,CV_053,-1,0,1,-1,-1,0.7392104299313632
JOB_06,CV_059,0,0,1,-1,1,0.9877226901975171
JOB_06,CV_001,0,0,1,-1,1,0.9877226901975171
JOB_06,CV_063,0,1,1,-1,-1,0.8089512745610968
JOB_06,CV_045,-1,0,1,-1,1,0.9850352274079028
JOB_06,CV_061,0,0,1,-1,-1,0.7760057395865282
JOB_06,CV_096,0,0,1,-1,1,0.9877226901975171
JOB_06,CV_083,1,-1,1,-1,1,0.9877226901975171
JOB_07,CV_054,1,1,1,0,-1,0.875207551880179
JOB_07,CV_006,0,0,1,1,-1,0.8687323344441251
JOB_07,CV_009,0,1,1,0,1,0.9925513658320195
JOB_07,CV_022,0,0,1,0,1,0.9909111581409155
JOB_07,CV_050,0,-1,1,0,-1,0.793441644914104
JOB_07,CV_101,-1,-1,1,0,-1,0.7586195969184619
JOB_07,CV_059,1,0,1,0,1,0.9925513658320195
JOB_07,CV_020,1,0,1,1,1,0.9947044400573793
JOB_07,CV_089,-1,0,1,1,-1,0.8441091699732922
JOB_07,CV_063,1,0,1,1,-1,0.8899731895162262
JOB_07,CV_000,-1,0,1,0,-1,0.793441644914104
JOB_07,CV_074,0,0,1,0,1,0.9909111581409155
JOB_07,CV_035,0,0,1,0,-1,0.8244029762987993
JOB_07,CV_001,-1,0,1,0,1,0.9889138067848836
JOB_07,CV_098,1,0,1,1,-1,0.8899731895162262
JOB_07,CV_018,1,0,1,0,-1,0.8515915098330731
JOB_07,CV_095,0,-1,1,0,1,0.9889138067848836
JOB_07,CV_021,-1,0,1,0,-1,0.793441644914104
JOB_07,CV_032,0,0,1,0,1,0.9909111581409155
JOB_07,CV_110,0,0,1,0,1,0.9909111581409155
JOB_07,CV_065,1,1,1,1,1,0.9956630934198999
JOB_07,CV_083,0,-1,1,1,1,0.9921099818949954
JOB_07,CV_115,0,0,1,0,-1,0.8244029762987993
JOB_07,CV_099,0,0,1,0,-1,0.8244029762987993
JOB_07,CV_029,0,0,1,0,1,0.9909111581409155
JOB_07,CV_030,1,0,1,1,-1,0.8899731895162262
JOB_07,CV_077,-1,0,1,-1,-1,0.7392104299313632
JOB_07,CV_119,1,0,1,-1,-1,0.8089512745610968
JOB_07,CV_025,0,0,1,0,1,0.9909111581409155
JOB_07,CV_015,1,0,1,-1,1,0.9899324551676333
JOB_07,CV_066,0,-1,1,1,-1,0.8441091699732922
JOB_07,CV_026,0,0,1,1,-1,0.8687323344441251
JOB_07,CV_007,1,0,1,1,1,0.9947044400573793
JOB_07,CV_039,-1,0,1,1,-1,0.8441091699732922
JOB_07,CV_023,1,0,1,0,-1,0.8515915098330731
JOB_07,CV_043,0,0,1,0,-1,0.8244029762987993
JOB_07,CV_088,-1,0,1,-1,-1,0.7392104299313632
JOB_07,CV_075,0,0,1,0,-1,0.8244029762987993
JOB_07,CV_044,0,0,1,1,-1,0.8687323344441251
JOB_07,CV_112,-1,0,1,0,-1,0.793441644914104
JOB_07,CV_086,0,0,1,0,-1,0.8244029762987993
JOB_07,CV_041,0,0,1,0,-1,0.8244029762987993
JOB_07,CV_105,0,0,1,1,-1,0.8687323344441251
JOB_07,CV_113,-1,0,1,0,1,0.9889138067848836
JOB_07,CV_057,1,0,1,1,1,0.9947044400573793
JOB_07,CV_106,1,0,1,1,-1,0.8899731895162262
JOB_07,CV_080,1,0,1,-1,-1,0.8089512745610968
JOB_07,CV_028,0,-1,1,0,-1,0.793441644914104
JOB_07,CV_027,-1,0,1,0,-1,0.793441644914104
JOB_07,CV_114,1,0,1,0,-1,0.8515915098330731
JOB_07,CV_079,-1,0,1,0,1,0.9889138067848836
JOB_07,CV_093,-1,0,1,0,-1,0.793441644914104
JOB_07,CV_033,0,1,1,1,-1,0.8899731895162262
JOB_07,CV_103,0,1,1,1,-1,0.8899731895162262
JOB_07,CV_013,1,-1,1,0,1,0.9909111581409155
JOB_07,CV_094,0,0,1,1,1,0.9935352566336874
JOB_07,CV_085,0,-1,1,1,1,0.9921099818949954
JOB_07,CV_090,0,-1,1,-1,-1,0.7392104299313632
JOB_07,CV_081,1,0,1,0,1,0.9925513658320195
JOB_07,CV_097,0,0,1,0,1,0.9909111581409155
JOB_07,CV_012,0,1,1,1,1,0.9947044400573793
JOB_07,CV_037,-1,0,1,-1,1,0.9850352274079028
JOB_07,CV_068,1,0,1,-1,-1,0.8089512745610968
JOB_07,CV_031,0,0,1,0,1,0.9909111581409155
JOB_07,CV_111,-1,-1,1,1,-1,0.8158462909997302
JOB_07,CV_016,-1,0,1,0,1,0.9889138067848836
JOB_07,CV_092,0,-1,1,1,1,0.9921099818949954
JOB_07,CV_049,0,0,1,1,-1,0.8687323344441251
JOB_07,CV_034,0,0,1,0,1,0.9909111581409155
JOB_07,CV_102,1,0,1,-1,-1,0.8089512745610968
JOB_08,CV_040,-1,-1,1,-1,-1,0.6987174891528171
JOB_08,CV_114,0,0,1,-1,-1,0.7760057395865282
JOB_08,CV_072,1,-1,1,-1,-1,0.7760057395865282
JOB_08,CV_004,-1,0,1,-1,-1,0.7392104299313632
JOB_08,CV_035,1,-1,1,-1,-1,0.7760057395865282
JOB_08,CV_022,0,0,1,-1,1,0.9877226901975171
JOB_08,CV_112,0,0,1,-1,-1,0.7760057395865282
JOB_08,CV_039,0,0,1,-1,-1,0.7760057395865282
JOB_08,CV_050,0,0,1,1,-1,0.8687323344441251
JOB_08,CV_006,1,0,1,-1,-1,0.8089512745610968
JOB_08,CV_109,1,-1,1,-1,-1,0.7760057395865282
JOB_08,CV_041,0,0,1,-1,-1,0.7760057395865282
JOB_08,CV_003,1,-1,1,-1,1,0.9877226901975171
JOB_08,CV_098,0,-1,1,-1,-1,0.7392104299313632
JOB_08,CV_108,0,-1,1,-1,-1,0.7392104299313632
JOB_08,CV_013,0,0,1,-1,1,0.9877226901975171
JOB_08,CV_099,0,0,1,-1,-1,0.7760057395865282
JOB_08,CV_066,0,-1,1,-1,-1,0.7392104299313632
JOB_08,CV_082,1,0,1,-1,-1,0.8089512745610968
JOB_08,CV_028,0,0,1,-1,-1,0.7760057395865282
JOB_08,CV_103,-1,-1,1,-1,-1,0.6987174891528171
JOB_08,CV_025,-1,0,1,-1,1,0.9850352274079028
JOB_08,CV_064,0,0,1,-1,-1,0.7760057395865282
JOB_08,CV_038,0,0,1,-1,-1,0.7760057395865282
JOB_08,CV_009,0,-1,1,-1,1,0.9850352274079028
JOB_08,CV_104,0,0,1,-1,-1,0.7760057395865282
JOB_08,CV_089,0,1,1,-1,-1,0.8089512745610968
JOB_08,CV_027,0,-1,1,-1,-1,0.7392104299313632
JOB_08,CV_048,0,-1,1,-1,1,0.9850352274079028
JOB_08,CV_036,0,0,1,-1,-1,0.7760057395865282
JOB_08,CV_015,0,-1,1,-1,1,0.9850352274079028
JOB_08,CV_069,1,0,1,-1,-1,0.8089512745610968
JOB_08,CV_076,0,0,1,-1,-1,0.7760057395865282
JOB_08,CV_094,-1,0,1,-1,1,0.9850352274079028
JOB_08,CV_111,-1,-1,1,-1,-1,0.6987174891528171
JOB_08,CV_077,-1,0,1,-1,-1,0.7392104299313632
JOB_08,CV_061,0,-1,1,1,-1,0.8441091699732922
JOB_08,CV_042,0,0,1,-1,-1,0.7760057395865282
JOB_08,CV_051,0,-1,1,-1,1,0.9850352274079028
JOB_08,CV_044,0,0,1,-1,-1,0.7760057395865282
JOB_08,CV_032,-1,-1,1,-1,1,0.9817703452181514
JOB_08,CV_106,0,1,1,-1,-1,0.8089512745610968
JOB_08,CV_054,-1,-1,1,-1,-1,0.6987174891528171
JOB_08,CV_031,0,0,1,-1,1,0.9877226901975171
JOB_08,CV_065,-1,0,1,-1,1,0.9850352274079028
JOB_08,CV_030,1,1,1,-1,-1,0.838062317751627
JOB_08,CV_117,-1,-1,1,-1,-1,0.6987174891528171
JOB_08,CV_080,1,0,1,-1,-1,0.8089512745610968
JOB_08,CV_029,0,0,1,-1,1,0.9877226901975171
JOB_08,CV_093,1,1,1,-1,-1,0.838062317751627
JOB_08,CV_115,0,-1,1,-1,-1,0.7392104299313632
JOB_08,CV_118,0,0,1,-1,-1,0.7760057395865282
JOB_08,CV_067,1,0,1,-1,-1,0.8089512745610968
JOB_08,CV_012,0,0,1,-1,1,0.9877226901975171
JOB_08,CV_010,0,0,1,-1,1,0.9877226901975171
JOB_08,CV_084,0,-1,1,-1,-1,0.7392104299313632
JOB_08,CV_074,0,0,1,-1,1,0.9877226901975171
JOB_08,CV_001,-1,-1,1,-1,1,0.9817703452181514
JOB_08,CV_062,0,0,1,-1,1,0.9877226901975171
JOB_08,CV_075,0,1,1,-1,-1,0.8089512745610968
JOB_08,CV_053,0,0,1,-1,-1,0.7760057395865282
JOB_08,CV_021,1,0,1,-1,-1,0.8089512745610968
JOB_08,CV_073,0,0,1,-1,-1,0.7760057395865282
JOB_08,CV_119,1,-1,1,-1,-1,0.7760057395865282
JOB_08,CV_047,0,-1,1,-1,1,0.9850352274079028
JOB_08,CV_102,0,0,1,1,-1,0.8687323344441251
JOB_08,CV_008,0,0,1,-1,-1,0.7760057395865282
JOB_08,CV_086,0,1,1,-1,-1,0.8089512745610968
JOB_08,CV_096,1,0,1,-1,1,0.9899324551676333
JOB_08,CV_116,-1,0,1,-1,1,0.9850352274079028
JOB_09,CV_052,0,-1,1,-1,1,0.9850352274079028
JOB_09,CV_003,0,0,1,0,-1,0.8244029762987993
JOB_09,CV_018,1,-1,1,0,1,0.9909111581409155
JOB_09,CV_002,0,1,1,0,1,0.9925513658320195
JOB_09,CV_031,-1,1,1,0,-1,0.8244029762987993
JOB_09,CV_038,1,1,1,0,-1,0.875207551880179
JOB_09,CV_020,1,0,1,0,-1,0.8515915098330731
JOB_09,CV_021,1,1,1,0,-1,0.875207551880179
JOB_09,CV_058,-1,0,1,0,-1,0.793441644914104
JOB_09,CV_090,0,0,1,-1,-1,0.7760057395865282
JOB_09,CV_029,0,0,1,0,-1,0.8244029762987993
JOB_09,CV_097,0,0,1,0,-1,0.8244029762987993
JOB_09,CV_100,-1,1,1,0,1,0.9909111581409155
JOB_09,CV_114,1,1,1,0,-1,0.875207551880179
JOB_09,CV_105,1,1,1,1,-1,0.9081404248468237
JOB_09,CV_050,-1,1,1,0,-1,0.8244029762987993
JOB_09,CV_072,1,0,1,0,-1,0.8515915098330731
JOB_09,CV_110,0,-1,1,0,-1,0.793441644914104
JOB_09,CV_026,1,-1,1,0,1,0.9909111581409155
JOB_09,CV_015,1,0,1,-1,-1,0.8089512745610968
JOB_09,CV_057,0,1,1,0,-1,0.8515915098330731
JOB_09,CV_012,0,1,1,0,-1,0.8515915098330731
JOB_09,CV_113,1,1,1,0,-1,0.875207551880179
JOB_09,CV_071,0,1,1,-1,-1,0.8089512745610968
JOB_09,CV_106,0,0,1,0,1,0.9909111581409155
JOB_09,CV_085,0,0,1,0,-1,0.8244029762987993
JOB_09,CV_017,1,-1,1,-1,-1,0.7760057395865282
JOB_09,CV_082,1,1,1,0,-1,0.875207551880179
JOB_09,CV_098,1,0,1,0,1,0.9925513658320195
JOB_09,CV_087,0,1,1,0,-1,0.8515915098330731
JOB_09,CV_006,1,1,1,0,-1,0.875207551880179
JOB_09,CV_054,-1,1,1,0,1,0.9909111581409155
JOB_09,CV_045,0,0,1,0,-1,0.8244029762987993
JOB_09,CV_024,-1,1,1,1,-1,0.8687323344441251
JOB_09,CV_033,0,0,1,0,-1,0.8244029762987993
JOB_09,CV_023,0,0,1,0,-1,0.8244029762987993
JOB_09,CV_047,0,-1,1,-1,-1,0.7392104299313632
JOB_09,CV_011,0,1,1,-1,-1,0.8089512745610968
JOB_09,CV_051,0,1,1,0,-1,0.8515915098330731
JOB_09,CV_032,0,1,1,0,-1,0.8515915098330731
JOB_09,CV_074,-1,1,1,0,-1,0.8244029762987993
JOB_09,CV_062,0,1,1,0,-1,0.8515915098330731
JOB_09,CV_103,-1,0,1,0,-1,0.793441644914104
JOB_09,CV_115,-1,-1,1,0,-1,0.7586195969184619
JOB_09,CV_070,0,0,1,0,1,0.9909111581409155
JOB_09,CV_028,0,0,1,0,1,0.9909111581409155
JOB_09,CV_119,0,1,1,-1,-1,0.8089512745610968
JOB_09,CV_053,0,1,1,-1,1,0.9899324551676333
JOB_09,CV_091,0,1,1,0,-1,0.8515915098330731
JOB_09,CV_008,1,0,1,0,-1,0.8515915098330731
JOB_09,CV_117,0,1,1,0,-1,0.8515915098330731
JOB_09,CV_079,0,-1,1,0,-1,0.793441644914104
JOB_09,CV_049,-1,0,1,0,-1,0.793441644914104
JOB_09,CV_078,0,0,1,0,1,0.9909111581409155
JOB_09,CV_060,0,0,1,-1,1,0.9877226901975171
JOB_09,CV_005,0,0,1,0,1,0.9909111581409155
JOB_09,CV_014,0,-1,1,0,1,0.9889138067848836
JOB_09,CV_094,0,0,1,0,-1,0.8244029762987993
JOB_09,CV_067,0,0,1,0,-1,0.8244029762987993
JOB_09,CV_104,1,1,1,0,-1,0.875207551880179
JOB_09,CV_112,1,1,1,0,-1,0.875207551880179
JOB_09,CV_096,1,1,1,0,-1,0.875207551880179
JOB_09,CV_107,1,0,1,0,-1,0.8515915098330731
JOB_09,CV_048,-1,-1,1,0,-1,0.7586195969184619
JOB_09,CV_080,-1,0,1,-1,-1,0.7392104299313632
JOB_09,CV_084,-1,1,1,0,-1,0.8244029762987993
JOB_09,CV_108,0,0,1,0,1,0.9909111581409155
JOB_09,CV_095,1,-1,1,0,-1,0.8244029762987993
JOB_09,CV_063,-1,1,1,0,1,0.9909111581409155
JOB_09,CV_056,1,0,1,0,-1,0.8515915098330731
JOB_10,CV_054,1,1,1,1,1,0.9956630934198999
JOB_10,CV_031,1,1,1,0,-1,0.875207551880179
JOB_10,CV_087,0,1,1,1,-1,0.8899731895162262
JOB_10,CV_037,0,1,1,-1,-1,0.8089512745610968
JOB_10,CV_011,0,1,1,-1,-1,0.8089512745610968
JOB_10,CV_052,0,0,1,-1,1,0.9877226901975171
JOB_10,CV_101,0,0,1,1,1,0.9935352566336874
JOB_10,CV_110,0,-1,1,1,-1,0.8441091699732922
JOB_10,CV_058,0,0,1,1,-1,0.8687323344441251
JOB_10,CV_022,0,0,1,0,-1,0.8244029762987993
JOB_10,CV_075,1,1,1,1,-1,0.9081404248468237
JOB_10,CV_050,0,0,1,1,-1,0.8687323344441251
JOB_10,CV_042,-1,0,1,1,-1,0.8441091699732922
JOB_10,CV_059,0,0,1,1,-1,0.8687323344441251
JOB_10,CV_005,0,0,1,0,1,0.9909111581409155
JOB_10,CV_090,0,0,1,-1,-1,0.7760057395865282
JOB_10,CV_019,0,0,1,1,1,0.9935352566336874
JOB_10,CV_092,-1,0,1,1,-1,0.8441091699732922
JOB_10,CV_097,0,1,1,1,-1,0.8899731895162262
JOB_10,CV_107,-1,0,1,1,-1,0.8441091699732922
JOB_10,CV_099,-1,1,1,1,1,0.9935352566336874
JOB_10,CV_071,0,0,1,-1,-1,0.7760057395865282
JOB_10,CV_013,0,0,1,1,-1,0.8687323344441251
JOB_10,CV_066,1,0,1,1,-1,0.8899731895162262
JOB_10,CV_040,0,0,1,1,-1,0.8687323344441251
JOB_10,CV_010,0,1,1,1,-1,0.8899731895162262
JOB_10,CV_112,0,1,1,1,-1,0.8899731895162262
JOB_10,CV_106,-1,1,1,1,1,0.9935352566336874
JOB_10,CV_002,1,1,1,0,1,0.9938973981992373
JOB_10,CV_065,0,1,1,-1,-1,0.8089512745610968
JOB_10,CV_072,0,0,1,0,-1,0.8244029762987993
JOB_10,CV_061,-1,1,1,1,1,0.9935352566336874
JOB_10,CV_086,0,1,1,1,1,0.9947044400573793
JOB_10,CV_016,0,1,1,1,-1,0.8899731895162262
JOB_10,CV_069,1,0,1,1,-1,0.8899731895162262
JOB_10,CV_039,-1,1,1,1,-1,0.8687323344441251
JOB_10,CV_113,0,1,1,0,-1,0.8515915098330731
JOB_10,CV_105,1,1,1,0,-1,0.875207551880179
JOB_10,CV_004,0,1,1,0,1,0.9925513658320195
JOB_10,CV_032,0,1,1,1,-1,0.8899731895162262
JOB_10,CV_045,-1,1,1,1,-1,0.8687323344441251
JOB_10,CV_047,1,-1,1,1,-1,0.8687323344441251
JOB_10,CV_080,-1,1,1,-1,-1,0.7760057395865282
JOB_10,CV_100,0,0,1,1,1,0.9935352566336874
JOB_10,CV_024,1,1,1,0,-1,0.875207551880179
JOB_10,CV_064,-1,1,1,1,1,0.9935352566336874
JOB_10,CV_095,0,-1,1,0,-1,0.793441644914104
JOB_10,CV_079,-1,-1,1,0,-1,0.7586195969184619
JOB_10,CV_114,0,1,1,1,-1,0.8899731895162262
JOB_10,CV_115,1,-1,1,1,-1,0.8687323344441251
JOB_10,CV_049,1,1,1,1,-1,0.9081404248468237
JOB_10,CV_096,0,1,1,1,-1,0.8899731895162262
JOB_10,CV_036,0,0,1,1,-1,0.8687323344441251
JOB_10,CV_108,-1,0,1,0,1,0.9889138067848836
JOB_10,CV_078,-1,0,1,1,1,0.9921099818949954
JOB_10,CV_098,-1,0,1,1,1,0.9921099818949954
JOB_10,CV_103,-1,0,1,1,-1,0.8441091699732922
JOB_10,CV_063,0,1,1,1,1,0.9947044400573793
JOB_10,CV_104,0,0,1,1,-1,0.8687323344441251
JOB_10,CV_081,0,0,1,1,-1,0.8687323344441251
JOB_10,CV_082,-1,1,1,1,-1,0.8687323344441251
JOB_10,CV_056,0,0,1,0,-1,0.8244029762987993
JOB_10,CV_057,1,1,1,1,-1,0.9081404248468237
JOB_10,CV_023,0,0,1,1,-1,0.8687323344441251
JOB_10,CV_009,1,0,1,0,-1,0.8515915098330731
JOB_10,CV_119,1,1,1,-1,-1,0.838062317751627
JOB_10,CV_068,-1,0,1,1,1,0.9921099818949954
JOB_10,CV_025,1,1,1,0,-1,0.875207551880179
JOB_10,CV_008,0,1,1,1,-1,0.8899731895162262
JOB_10,CV_117,0,1,1,1,-1,0.8899731895162262
JOB_11,CV_103,-1,1,1,0,-1,0.8244029762987993
JOB_11,CV_108,0,0,1,0,1,0.9909111581409155
JOB_11,CV_060,0,1,1,-1,1,0.9899324551676333
JOB_11,CV_076,-1,1,1,0,-1,0.8244029762987993
JOB_11,CV_025,0,1,1,1,-1,0.8899731895162262
JOB_11,CV_038,1,1,1,0,-1,0.875207551880179
JOB_11,CV_074,-1,1,1,0,-1,0.8244029762987993
JOB_11,CV_043,0,0,1,0,-1,0.8244029762987993
JOB_11,CV_039,-1,1,1,0,-1,0.8244029762987993
JOB_11,CV_075,-1,0,1,0,-1,0.793441644914104
JOB_11,CV_057,-1,1,1,1,-1,0.8687323344441251
JOB_11,CV_052,1,-1,1,-1,1,0.9877226901975171
JOB_11,CV_114,1,1,1,0,-1,0.875207551880179
JOB_11,CV_056,1,0,1,0,-1,0.8515915098330731
JOB_11,CV_054,0,0,1,0,1,0.9909111581409155
JOB_11,CV_078,-1,0,1,0,1,0.9889138067848836
JOB_11,CV_036,0,1,1,0,-1,0.8515915098330731
JOB_11,CV_021,0,1,1,0,-1,0.8515915098330731
JOB_11,CV_046,1,0,1,-1,-1,0.8089512745610968
JOB_11,CV_016,-1,0,1,0,-1,0.793441644914104
JOB_11,CV_070,0,1,1,0,1,0.9925513658320195
JOB_11,CV_089,-1,1,1,0,-1,0.8244029762987993
JOB_11,CV_023,0,1,1,0,-1,0.8515915098330731
JOB_11,CV_003,0,0,1,0,-1,0.8244029762987993
JOB_11,CV_000,0,0,1,0,-1,0.8244029762987993
JOB_11,CV_026,0,0,1,0,1,0.9909111581409155
JOB_11,CV_015,0,0,1,-1,-1,0.7760057395865282
JOB_11,CV_101,0,-1,1,0,1,0.9889138067848836
JOB_11,CV_080,1,1,1,-1,-1,0.838062317751627
JOB_11,CV_058,1,0,1,0,-1,0.8515915098330731
JOB_11,CV_106,1,1,1,0,1,0.9938973981992373
JOB_11,CV_061,1,1,1,0,1,0.9938973981992373
JOB_11,CV_091,0,0,1,0,-1,0.8244029762987993
JOB_11,CV_069,1,0,1,0,-1,0.8515915098330731
JOB_11,CV_113,0,1,1,0,-1,0.8515915098330731
JOB_11,CV_045,-1,1,1,0,-1,0.8244029762987993
JOB_11,CV_049,1,0,1,0,-1,0.8515915098330731
JOB_11,CV_008,-1,1,1,0,-1,0.8244029762987993
JOB_11,CV_097,1,1,1,0,-1,0.875207551880179
JOB_11,CV_047,0,-1,1,-1,-1,0.7392104299313632
JOB_11,CV_010,0,1,1,0,-1,0.8515915098330731
JOB_11,CV_050,0,0,1,0,-1,0.8244029762987993
JOB_11,CV_068,1,0,1,-1,1,0.9899324551676333
JOB_11,CV_086,0,0,1,0,1,0.9909111581409155
JOB_11,CV_033,0,1,1,0,-1,0.8515915098330731
JOB_11,CV_119,-1,0,1,-1,-1,0.7392104299313632
JOB_11,CV_004,0,1,1,0,1,0.9925513658320195
JOB_11,CV_084,-1,0,1,0,-1,0.793441644914104
JOB_11,CV_018,0,0,1,0,1,0.9909111581409155
JOB_11,CV_022,0,1,1,0,-1,0.8515915098330731
JOB_11,CV_092,0,0,1,0,-1,0.8244029762987993
JOB_11,CV_042,-1,0,1,0,-1,0.793441644914104
JOB_11,CV_055,-1,0,1,0,-1,0.793441644914104
JOB_11,CV_062,0,1,1,0,-1,0.8515915098330731
JOB_11,CV_073,-1,1,1,0,1,0.9909111581409155
JOB_11,CV_028,-1,0,1,0,1,0.9889138067848836
JOB_11,CV_017,-1,-1,1,-1,-1,0.6987174891528171
JOB_11,CV_088,1,1,1,-1,-1,0.838062317751627
JOB_11,CV_102,0,0,1,-1,-1,0.7760057395865282
JOB_11,CV_030,0,0,1,0,-1,0.8244029762987993
JOB_11,CV_071,0,1,1,-1,-1,0.8089512745610968
JOB_11,CV_027,0,0,1,0,-1,0.8244029762987993
JOB_11,CV_063,1,0,1,1,1,0.9947044400573793
JOB_11,CV_031,0,1,1,0,-1,0.8515915098330731
JOB_11,CV_117,-1,1,1,0,-1,0.8244029762987993
JOB_11,CV_059,-1,0,1,0,-1,0.793441644914104
JOB_11,CV_111,-1,0,1,1,-1,0.8441091699732922
JOB_11,CV_098,0,0,1,0,1,0.9909111581409155
JOB_11,CV_067,1,1,1,0,-1,0.875207551880179
JOB_11,CV_096,0,0,1,0,-1,0.8244029762987993
JOB_12,CV_013,0,0,1,0,-1,0.8244029762987993
JOB_12,CV_036,1,0,1,0,-1,0.8515915098330731
JOB_12,CV_008,0,0,1,0,-1,0.8244029762987993
JOB_12,CV_047,0,-1,1,-1,-1,0.7392104299313632
JOB_12,CV_005,0,-1,1,0,1,0.9889138067848836
JOB_12,CV_041,0,-1,1,0,-1,0.793441644914104
JOB_12,CV_104,0,0,1,0,-1,0.8244029762987993
JOB_12,CV_003,1,-1,1,0,-1,0.8244029762987993
JOB_12,CV_032,1,0,1,0,-1,0.8515915098330731
JOB_12,CV_025,1,0,1,0,-1,0.8515915098330731
JOB_12,CV_119,-1,0,1,-1,-1,0.7392104299313632
JOB_12,CV_057,0,0,1,0,-1,0.8244029762987993
JOB_12,CV_056,1,0,1,0,-1,0.8515915098330731
JOB_12,CV_082,0,-1,1,0,-1,0.793441644914104
JOB_12,CV_099,1,0,1,0,1,0.9925513658320195
JOB_12,CV_084,1,0,1,0,-1,0.8515915098330731
JOB_12,CV_059,0,0,1,0,-1,0.8244029762987993
JOB_12,CV_019,0,0,1,0,1,0.9909111581409155
JOB_12,CV_074,-1,0,1,0,-1,0.793441644914104
JOB_12,CV_117,0,0,1,0,-1,0.8244029762987993
JOB_12,CV_105,0,0,1,1,-1,0.8687323344441251
JOB_12,CV_055,1,0,1,0,-1,0.8515915098330731
JOB_12,CV_034,-1,0,1,0,-1,0.793441644914104
JOB_12,CV_018,-1,0,1,0,1,0.9889138067848836
JOB_12,CV_093,0,0,1,0,-1,0.8244029762987993
JOB_12,CV_002,-1,0,1,0,1,0.9889138067848836
JOB_12,CV_033,-1,0,1,0,-1,0.793441644914104
JOB_12,CV_000,-1,0,1,0,-1,0.793441644914104
JOB_12,CV_100,-1,0,1,0,1,0.9889138067848836
JOB_12,CV_004,-1,0,1,0,1,0.9889138067848836
JOB_12,CV_051,0,0,1,0,-1,0.8244029762987993
JOB_12,CV_108,0,-1,1,0,1,0.9889138067848836
JOB_12,CV_053,1,0,1,-1,1,0.9899324551676333
JOB_12,CV_023,0,0,1,0,-1,0.8244029762987993
JOB_12,CV_079,0,0,1,0,-1,0.8244029762987993
JOB_12,CV_102,-1,0,1,-1,-1,0.7392104299313632
JOB_12,CV_030,-1,1,1,0,-1,0.8244029762987993
JOB_12,CV_026,0,0,1,0,1,0.9909111581409155
JOB_12,CV_083,-1,0,1,1,-1,0.8441091699732922
JOB_12,CV_060,0,-1,1,-1,1,0.9850352274079028
JOB_12,CV_044,0,0,1,0,-1,0.8244029762987993
JOB_12,CV_092,0,-1,1,0,-1,0.793441644914104
JOB_12,CV_064,-1,0,1,0,1,0.9889138067848836
JOB_12,CV_062,0,0,1,0,-1,0.8244029762987993
JOB_12,CV_028,0,0,1,0,1,0.9909111581409155
JOB_12,CV_027,-1,-1,1,0,-1,0.7586195969184619
JOB_12,CV_106,0,1,1,0,1,0.9925513658320195
JOB_12,CV_101,0,-1,1,0,1,0.9889138067848836
JOB_12,CV_042,1,-1,1,0,-1,0.8244029762987993
JOB_12,CV_071,-1,0,1,-1,-1,0.7392104299313632
JOB_12,CV_075,1,0,1,0,-1,0.8515915098330731
JOB_12,CV_085,0,0,1,0,-1,0.8244029762987993
JOB_12,CV_068,0,0,1,1,1,0.9935352566336874
JOB_12,CV_073,-1,0,1,0,1,0.9889138067848836
JOB_12,CV_022,0,0,1,0,-1,0.8244029762987993
JOB_12,CV_006,-1,0,1,0,-1,0.793441644914104
JOB_12,CV_076,0,0,1,0,-1,0.8244029762987993
JOB_12,CV_081,-1,0,1,0,-1,0.793441644914104
JOB_12,CV_070,1,-1,1,0,1,0.9909111581409155
JOB_12,CV_112,1,0,1,0,-1,0.8515915098330731
JOB_12,CV_063,0,-1,1,0,1,0.9889138067848836
JOB_12,CV_098,0,-1,1,0,1,0.9889138067848836
JOB_12,CV_115,-1,0,1,0,-1,0.793441644914104
JOB_12,CV_069,0,0,1,0,-1,0.8244029762987993
JOB_12,CV_114,0,-1,1,0,-1,0.793441644914104
JOB_12,CV_046,-1,0,1,-1,-1,0.7392104299313632
JOB_12,CV_113,0,0,1,0,-1,0.8244029762987993
JOB_12,CV_038,1,0,1,1,-1,0.8899731895162262
JOB_12,CV_107,0,0,1,0,-1,0.8244029762987993
JOB_12,CV_096,0,-1,1,0,-1,0.793441644914104
JOB_13,CV_070,-1,1,1,-1,-1,0.7760057395865282
JOB_13,CV_033,0,1,1,-1,-1,0.8089512745610968
JOB_13,CV_021,0,1,-1,-1,-1,0.1542173437162248
JOB_13,CV_116,-1,1,1,-1,1,0.9877226901975171
JOB_13,CV_001,0,0,1,-1,1,0.9877226901975171
JOB_13,CV_081,0,1,1,-1,1,0.9899324551676333
JOB_13,CV_046,-1,-1,-1,-1,1,0.698717489152817
JOB_13,CV_007,1,1,-1,-1,1,0.838062317751627
JOB_13,CV_064,1,1,1,-1,-1,0.838062317751627
JOB_13,CV_028,0,1,-1,-1,-1,0.1542173437162248
JOB_13,CV_077,0,1,1,-1,-1,0.8089512745610968
JOB_13,CV_055,0,1,-1,-1,1,0.8089512745610971
JOB_13,CV_096,0,0,-1,-1,1,0.7760057395865282
JOB_13,CV_039,0,1,1,-1,-1,0.8089512745610968
JOB_13,CV_065,-1,1,1,-1,1,0.9877226901975171
JOB_13,CV_037,0,1,-1,-1,1,0.8089512745610971
JOB_13,CV_094,1,0,1,-1,1,0.9899324551676333
JOB_13,CV_061,0,1,-1,-1,-1,0.1542173437162248
JOB_13,CV_085,-1,1,1,-1,1,0.9877226901975171
JOB_13,CV_111,1,0,-1,-1,-1,0.1542173437162248
JOB_13,CV_011,-1,1,1,-1,1,0.9877226901975171
JOB_13,CV_047,0,-1,1,-1,1,0.9850352274079028
JOB_13,CV_027,-1,0,-1,-1,-1,0.1087822236783695
JOB_13,CV_104,0,1,-1,-1,-1,0.1542173437162248
JOB_13,CV_016,1,1,1,-1,1,0.9917478125249066
JOB_13,CV_087,0,1,1,-1,-1,0.8089512745610968
JOB_13,CV_062,-1,1,-1,-1,1,0.7760057395865282
JOB_13,CV_099,1,1,-1,-1,-1,0.1822423251368743
JOB_13,CV_022,1,1,-1,-1,1,0.838062317751627
JOB_13,CV_112,1,1,1,-1,-1,0.838062317751627
JOB_13,CV_090,-1,1,-1,-1,-1,0.12981785668589885
JOB_13,CV_105,0,1,-1,-1,-1,0.1542173437162248
JOB_13,CV_067,1,1,1,-1,-1,0.838062317751627
JOB_13,CV_066,1,0,1,-1,-1,0.8089512745610968
JOB_13,CV_100,-1,1,-1,-1,-1,0.12981785668589885
JOB_13,CV_113,-1,1,-1,-1,1,0.7760057395865282
JOB_13,CV_079,0,0,-1,-1,1,0.7760057395865282
JOB_13,CV_057,1,1,-1,-1,1,0.838062317751627
JOB_13,CV_071,0,1,1,-1,-1,0.8089512745610968
JOB_13,CV_052,0,-1,-1,-1,1,0.7392104299313633
JOB_13,CV_010,-1,1,1,-1,1,0.9877226901975171
JOB_13,CV_031,0,1,-1,-1,1,0.8089512745610971
JOB_13,CV_051,1,1,1,-1,1,0.9917478125249066
JOB_13,CV_014,0,-1,-1,-1,-1,0.1087822236783695
JOB_13,CV_058,1,0,1,-1,-1,0.8089512745610968
JOB_13,CV_082,1,0,1,-1,-1,0.8089512745610968
JOB_13,CV_026,-1,0,1,-1,-1,0.7392104299313632
JOB_13,CV_032,0,1,1,-1,1,0.9899324551676333
JOB_13,CV_088,0,1,1,-1,-1,0.8089512745610968
JOB_13,CV_109,1,-1,-1,-1,-1,0.12981785668589885
JOB_13,CV_091,0,0,1,-1,1,0.9877226901975171
JOB_13,CV_017,0,0,-1,-1,-1,0.1298178566858989
JOB_13,CV_019,1,1,1,-1,-1,0.838062317751627
JOB_13,CV_042,0,0,-1,-1,-1,0.1298178566858989
JOB_13,CV_098,1,0,-1,-1,-1,0.1542173437162248
JOB_13,CV_044,0,1,-1,-1,-1,0.1542173437162248
JOB_13,CV_008,-1,1,1,-1,-1,0.7760057395865282
JOB_13,CV_043,0,1,1,-1,-1,0.8089512745610968
JOB_13,CV_005,1,1,-1,-1,-1,0.1822423251368743
JOB_13,CV_012,0,1,-1,-1,1,0.8089512745610971
JOB_13,CV_024,1,1,-1,-1,-1,0.1822423251368743
JOB_13,CV_103,1,1,-1,-1,-1,0.1822423251368743
JOB_13,CV_075,0,1,1,-1,-1,0.8089512745610968
JOB_13,CV_110,1,0,1,-1,1,0.9899324551676333
JOB_13,CV_118,-1,1,1,-1,-1,0.7760057395865282
JOB_13,CV_114,-1,1,-1,-1,-1,0.12981785668589885
JOB_13,CV_013,-1,1,1,-1,1,0.9877226901975171
JOB_13,CV_054,1,0,1,-1,-1,0.8089512745610968
JOB_13,CV_086,0,1,1,-1,-1,0.8089512745610968
JOB_13,CV_006,-1,1,-1,-1,-1,0.12981785668589885
JOB_15,CV_031,1,1,1,-1,-1,0.838062317751627
JOB_15,CV_067,0,-1,1,-1,-1,0.7392104299313632
JOB_15,CV_093,0,0,1,-1,-1,0.7760057395865282
JOB_15,CV_028,-1,0,1,-1,1,0.9850352274079028
JOB_15,CV_101,-1,-1,1,-1,1,0.9817703452181514
JOB_15,CV_069,-1,0,1,-1,-1,0.7392104299313632
JOB_15,CV_009,-1,0,1,-1,-1,0.7392104299313632
JOB_15,CV_006,0,0,1,-1,-1,0.7760057395865282
JOB_15,CV_015,0,0,1,-1,-1,0.7760057395865282
JOB_15,CV_079,0,0,1,-1,-1,0.7760057395865282
JOB_15,CV_083,1,0,1,-1,-1,0.8089512745610968
JOB_15,CV_116,1,-1,1,-1,-1,0.7760057395865282
JOB_15,CV_084,1,0,1,-1,-1,0.8089512745610968
JOB_15,CV_110,0,0,1,-1,-1,0.7760057395865282
JOB_15,CV_108,0,0,1,-1,1,0.9877226901975171
JOB_15,CV_002,0,0,1,-1,1,0.9877226901975171
JOB_15,CV_035,-1,0,1,-1,1,0.9850352274079028
JOB_15,CV_062,0,0,1,-1,-1,0.7760057395865282
JOB_15,CV_046,1,-1,1,-1,-1,0.7760057395865282
JOB_15,CV_117,1,0,1,-1,-1,0.8089512745610968
JOB_15,CV_001,-1,0,1,-1,-1,0.7392104299313632
JOB_15,CV_092,0,0,1,-1,-1,0.7760057395865282
JOB_15,CV_017,1,-1,1,-1,-1,0.7760057395865282
JOB_15,CV_073,-1,0,1,-1,1,0.9850352274079028
JOB_15,CV_113,0,0,1,-1,-1,0.7760057395865282
JOB_15,CV_070,1,-1,1,-1,1,0.9877226901975171
JOB_15,CV_030,0,-1,1,-1,-1,0.7392104299313632
JOB_15,CV_014,-1,-1,1,-1,1,0.9817703452181514
JOB_15,CV_049,0,-1,1,-1,-1,0.7392104299313632
JOB_15,CV_029,1,-1,1,-1,-1,0.7760057395865282
JOB_15,CV_022,0,0,1,-1,-1,0.7760057395865282
JOB_15,CV_099,-1,0,1,-1,1,0.9850352274079028
JOB_15,CV_119,0,0,1,-1,-1,0.7760057395865282
JOB_15,CV_098,0,0,1,-1,1,0.9877226901975171
JOB_15,CV_109,0,-1,1,-1,-1,0.7392104299313632
JOB_15,CV_004,1,0,1,-1,1,0.9899324551676333
JOB_15,CV_118,-1,0,1,-1,1,0.9850352274079028
JOB_15,CV_025,1,0,1,-1,-1,0.8089512745610968
JOB_15,CV_032,-1,0,1,-1,-1,0.7392104299313632
JOB_15,CV_074,0,0,1,-1,-1,0.7760057395865282
JOB_15,CV_041,-1,0,1,-1,-1,0.7392104299313632
JOB_15,CV_115,0,0,1,-1,-1,0.7760057395865282
JOB_15,CV_094,0,0,1,-1,-1,0.7760057395865282
JOB_15,CV_051,0,0,1,-1,-1,0.7760057395865282
JOB_15,CV_043,-1,0,1,-1,-1,0.7392104299313632
JOB_15,CV_102,0,0,1,-1,-1,0.7760057395865282
JOB_15,CV_105,-1,1,1,-1,-1,0.7760057395865282
JOB_15,CV_114,1,0,1,-1,-1,0.8089512745610968
JOB_15,CV_052,1,-1,1,-1,1,0.9877226901975171
JOB_15,CV_057,0,0,1,-1,-1,0.7760057395865282
JOB_15,CV_068,0,-1,1,-1,1,0.9850352274079028
JOB_15,CV_018,0,0,1,-1,1,0.9877226901975171
JOB_15,CV_077,-1,0,1,-1,1,0.9850352274079028
JOB_15,CV_010,0,0,1,-1,-1,0.7760057395865282
JOB_15,CV_080,1,0,1,-1,-1,0.8089512745610968
JOB_15,CV_059,0,0,1,-1,-1,0.7760057395865282
JOB_15,CV_088,-1,-1,1,-1,-1,0.6987174891528171
JOB_15,CV_106,1,0,1,-1,1,0.9899324551676333
JOB_15,CV_072,0,0,1,-1,-1,0.7760057395865282
JOB_15,CV_058,1,0,1,-1,-1,0.8089512745610968
JOB_15,CV_050,0,0,1,-1,-1,0.7760057395865282
JOB_15,CV_020,0,0,1,-1,-1,0.7760057395865282
JOB_15,CV_023,-1,0,1,-1,-1,0.7392104299313632
JOB_15,CV_096,-1,0,1,-1,-1,0.7392104299313632
JOB_15,CV_040,1,0,1,-1,-1,0.8089512745610968
JOB_15,CV_103,-1,0,1,-1,-1,0.7392104299313632
JOB_15,CV_036,1,-1,1,-1,-1,0.7760057395865282
JOB_15,CV_008,0,-1,1,-1,-1,0.7392104299313632
JOB_15,CV_053,-1,1,1,-1,1,0.9877226901975171
JOB_15,CV_076,-1,-1,1,-1,-1,0.6987174891528171
JOB_16,CV_009,0,0,1,0,-1,0.8244029762987993
JOB_16,CV_051,0,1,1,0,-1,0.8515915098330731
JOB_16,CV_001,0,1,1,0,-1,0.8515915098330731
JOB_16,CV_042,1,0,1,1,-1,0.8899731895162262
JOB_16,CV_040,-1,0,1,1,1,0.9921099818949954
JOB_16,CV_091,0,0,1,0,-1,0.8244029762987993
JOB_16,CV_056,0,0,1,0,-1,0.8244029762987993
JOB_16,CV_039,0,1,1,1,-1,0.8899731895162262
JOB_16,CV_102,0,0,1,-1,-1,0.7760057395865282
JOB_16,CV_015,-1,0,1,-1,-1,0.7392104299313632
JOB_16,CV_061,0,0,1,0,-1,0.8244029762987993
JOB_16,CV_008,0,1,1,1,-1,0.8899731895162262
JOB_16,CV_082,1,0,1,0,1,0.9925513658320195
JOB_16,CV_070,0,1,1,0,-1,0.8515915098330731
JOB_16,CV_006,-1,0,1,0,-1,0.793441644914104
JOB_16,CV_003,1,1,1,1,-1,0.9081404248468237
JOB_16,CV_087,-1,0,1,1,-1,0.8441091699732922
JOB_16,CV_095,1,-1,1,0,1,0.9909111581409155
JOB_16,CV_096,0,0,1,0,-1,0.8244029762987993
JOB_16,CV_013,1,0,1,0,-1,0.8515915098330731
JOB_16,CV_030,0,1,1,1,-1,0.8899731895162262
JOB_16,CV_037,-1,0,1,-1,-1,0.7392104299313632
JOB_16,CV_098,0,1,1,1,-1,0.8899731895162262
JOB_16,CV_057,1,0,1,1,-1,0.8899731895162262
JOB_16,CV_024,0,0,1,1,-1,0.8687323344441251
JOB_16,CV_032,-1,1,1,0,-1,0.8244029762987993
JOB_16,CV_055,0,0,1,0,-1,0.8244029762987993
JOB_16,CV_109,1,-1,1,-1,-1,0.7760057395865282
JOB_16,CV_022,0,1,1,0,-1,0.8515915098330731
JOB_16,CV_066,1,0,1,1,1,0.9947044400573793
JOB_16,CV_108,1,0,1,0,-1,0.8515915098330731
JOB_16,CV_073,0,0,1,0,-1,0.8244029762987993
JOB_16,CV_078,-1,0,1,1,-1,0.8441091699732922
JOB_16,CV_112,0,0,1,1,-1,0.8687323344441251
JOB_16,CV_080,-1,1,1,-1,1,0.9877226901975171
JOB_16,CV_025,0,1,1,0,-1,0.8515915098330731
JOB_16,CV_054,0,0,1,0,-1,0.8244029762987993
JOB_16,CV_081,-1,0,1,1,-1,0.8441091699732922
JOB_16,CV_103,0,0,1,1,-1,0.8687323344441251
JOB_16,CV_047,-1,-1,1,-1,-1,0.6987174891528171
JOB_16,CV_019,1,1,1,1,-1,0.9081404248468237
JOB_16,CV_094,1,0,1,1,-1,0.8899731895162262
JOB_16,CV_059,-1,0,1,0,-1,0.793441644914104
JOB_16,CV_060,1,1,1,-1,-1,0.838062317751627
JOB_16,CV_116,0,1,1,1,-1,0.8899731895162262
JOB_16,CV_089,0,1,1,1,-1,0.8899731895162262
JOB_16,CV_097,-1,0,1,1,-1,0.8441091699732922
JOB_16,CV_011,0,0,1,-1,1,0.9877226901975171
JOB_16,CV_093,1,1,1,0,1,0.9938973981992373
JOB_16,CV_044,0,0,1,1,1,0.9935352566336874
JOB_16,CV_069,-1,0,1,1,1,0.9921099818949954
JOB_16,CV_085,-1,0,1,1,-1,0.8441091699732922
JOB_16,CV_084,0,0,1,0,-1,0.8244029762987993
JOB_16,CV_026,0,0,1,1,-1,0.8687323344441251
JOB_16,CV_065,-1,1,1,-1,-1,0.7760057395865282
JOB_16,CV_053,0,0,1,-1,-1,0.7760057395865282
JOB_16,CV_035,1,1,1,0,-1,0.875207551880179
JOB_16,CV_064,1,0,1,0,-1,0.8515915098330731
JOB_16,CV_074,0,0,1,0,-1,0.8244029762987993
JOB_16,CV_004,1,0,1,0,-1,0.8515915098330731
JOB_16,CV_027,0,1,1,0,-1,0.8515915098330731
JOB_16,CV_007,0,1,1,1,-1,0.8899731895162262
JOB_16,CV_077,-1,0,1,-1,-1,0.7392104299313632
JOB_16,CV_038,0,0,1,1,-1,0.8687323344441251
JOB_16,CV_088,1,1,1,-1,-1,0.838062317751627
JOB_16,CV_018,0,0,1,0,-1,0.8244029762987993
JOB_16,CV_071,0,0,1,-1,-1,0.7760057395865282
JOB_16,CV_092,0,0,1,1,-1,0.8687323344441251
JOB_16,CV_079,-1,0,1,0,-1,0.793441644914104
JOB_16,CV_075,1,0,1,0,-1,0.8515915098330731
JOB_17,CV_000,-1,0,1,1,-1,0.8441091699732922
JOB_17,CV_038,0,0,1,1,-1,0.8687323344441251
JOB_17,CV_039,0,0,1,1,-1,0.8687323344441251
JOB_17,CV_065,1,0,1,-1,1,0.9899324551676333
JOB_17,CV_055,-1,0,1,1,1,0.9921099818949954
JOB_17,CV_085,0,-1,1,1,1,0.9921099818949954
JOB_17,CV_042,0,-1,1,1,-1,0.8441091699732922
JOB_17,CV_102,0,0,1,-1,-1,0.7760057395865282
JOB_17,CV_100,-1,0,1,1,-1,0.8441091699732922
JOB_17,CV_054,0,0,1,1,-1,0.8687323344441251
JOB_17,CV_045,0,1,1,1,1,0.9947044400573793
JOB_17,CV_084,0,0,1,1,-1,0.8687323344441251
JOB_17,CV_117,0,0,1,1,-1,0.8687323344441251
JOB_17,CV_108,0,-1,1,1,-1,0.8441091699732922
JOB_17,CV_001,0,1,1,1,1,0.9947044400573793
JOB_17,CV_109,-1,-1,1,-1,-1,0.6987174891528171
JOB_17,CV_060,1,0,1,-1,-1,0.8089512745610968
JOB_17,CV_002,0,0,1,1,-1,0.8687323344441251
JOB_17,CV_092,0,-1,1,1,1,0.9921099818949954
JOB_17,CV_006,-1,0,1,1,-1,0.8441091699732922
JOB_17,CV_015,-1,0,1,-1,1,0.9850352274079028
JOB_17,CV_089,0,1,1,1,-1,0.8899731895162262
JOB_17,CV_034,0,1,1,1,1,0.9947044400573793
JOB_17,CV_069,1,0,1,1,-1,0.8899731895162262
JOB_17,CV_004,-1,0,1,1,-1,0.8441091699732922
JOB_17,CV_112,0,0,1,1,-1,0.8687323344441251
JOB_17,CV_113,0,0,1,1,1,0.9935352566336874
JOB_17,CV_057,-1,-1,1,1,1,0.9903735230222465
JOB_17,CV_110,-1,0,1,1,1,0.9921099818949954
JOB_17,CV_091,0,0,1,1,1,0.9935352566336874
JOB_17,CV_067,0,0,1,1,-1,0.8687323344441251
JOB_17,CV_101,0,-1,1,1,-1,0.8441091699732922
JOB_17,CV_044,0,0,1,1,-1,0.8687323344441251
JOB_17,CV_116,0,0,1,1,1,0.9935352566336874
JOB_17,CV_105,-1,1,1,1,-1,0.8687323344441251
JOB_17,CV_070,0,0,1,1,-1,0.8687323344441251
JOB_17,CV_104,1,0,1,1,-1,0.8899731895162262
JOB_17,CV_046,0,-1,1,-1,1,0.9850352274079028
JOB_17,CV_111,0,0,1,1,-1,0.8687323344441251
JOB_17,CV_097,0,0,1,1,1,0.9935352566336874
JOB_17,CV_041,1,-1,1,1,-1,0.8687323344441251
JOB_17,CV_020,1,0,1,1,1,0.9947044400573793
JOB_17,CV_079,0,0,1,1,1,0.9935352566336874
JOB_17,CV_115,1,0,1,1,-1,0.8899731895162262
JOB_17,CV_024,-1,0,1,0,-1,0.793441644914104
JOB_17,CV_066,-1,-1,1,1,-1,0.8158462909997302
JOB_17,CV_032,1,1,1,1,1,0.9956630934198999
JOB_17,CV_072,1,0,1,1,-1,0.8899731895162262
JOB_17,CV_083,-1,-1,1,1,1,0.9903735230222465
JOB_17,CV_119,0,0,1,-1,-1,0.7760057395865282
JOB_17,CV_016,-1,-1,1,1,1,0.9903735230222465
JOB_17,CV_036,0,0,1,1,-1,0.8687323344441251
JOB_17,CV_059,1,0,1,1,1,0.9947044400573793
JOB_17,CV_093,0,0,1,1,-1,0.8687323344441251
JOB_17,CV_047,0,-1,1,-1,1,0.9850352274079028
JOB_17,CV_098,0,1,1,1,-1,0.8899731895162262
JOB_17,CV_096,-1,0,1,1,1,0.9921099818949954
JOB_17,CV_087,0,0,1,1,-1,0.8687323344441251
JOB_17,CV_012,0,1,1,1,1,0.9947044400573793
JOB_17,CV_050,1,0,1,1,-1,0.8899731895162262
JOB_17,CV_014,1,-1,1,1,-1,0.8687323344441251
JOB_17,CV_082,-1,-1,1,1,-1,0.8158462909997302
JOB_17,CV_035,1,1,1,1,-1,0.9081404248468237
JOB_17,CV_114,1,0,1,0,-1,0.8515915098330731
JOB_17,CV_088,1,0,1,-1,-1,0.8089512745610968
JOB_17,CV_090,0,0,1,-1,-1,0.7760057395865282
JOB_17,CV_026,0,0,1,1,-1,0.8687323344441251
JOB_17,CV_008,0,-1,1,1,-1,0.8441091699732922
JOB_17,CV_018,-1,0,1,1,-1,0.8441091699732922
JOB_17,CV_064,-1,0,1,1,-1,0.8441091699732922
JOB_18,CV_050,0,-1,1,0,-1,0.793441644914104
JOB_18,CV_068,-1,-1,1,-1,-1,0.6987174891528171
JOB_18,CV_042,0,-1,1,0,-1,0.793441644914104
JOB_18,CV_039,1,-1,1,0,-1,0.8244029762987993
JOB_18,CV_108,1,-1,1,0,-1,0.8244029762987993
JOB_18,CV_006,1,-1,1,0,-1,0.8244029762987993
JOB_18,CV_061,1,-1,1,0,-1,0.8244029762987993
JOB_18,CV_041,0,-1,1,0,-1,0.793441644914104
JOB_18,CV_104,1,-1,1,0,-1,0.8244029762987993
JOB_18,CV_000,1,-1,1,0,-1,0.8244029762987993
JOB_18,CV_001,0,-1,1,0,1,0.9889138067848836
JOB_18,CV_022,0,-1,1,0,1,0.9889138067848836
JOB_18,CV_054,1,-1,1,1,-1,0.8687323344441251
JOB_18,CV_035,-1,-1,1,0,-1,0.7586195969184619
JOB_18,CV_105,1,-1,1,0,-1,0.8244029762987993
JOB_18,CV_060,-1,-1,1,-1,-1,0.6987174891528171
JOB_18,CV_019,0,-1,1,0,-1,0.793441644914104
JOB_18,CV_096,1,-1,1,0,1,0.9909111581409155
JOB_18,CV_062,-1,-1,1,0,1,0.9864835075253354
JOB_18,CV_018,-1,-1,1,0,-1,0.7586195969184619
JOB_18,CV_085,0,-1,1,0,1,0.9889138067848836
JOB_18,CV_081,1,-1,1,0,1,0.9909111581409155
JOB_18,CV_036,-1,-1,1,0,-1,0.7586195969184619
JOB_18,CV_011,1,-1,1,-1,1,0.9877226901975171
JOB_18,CV_091,-1,-1,1,0,1,0.9864835075253354
JOB_18,CV_094,1,-1,1,0,1,0.9909111581409155
JOB_18,CV_063,1,-1,1,0,-1,0.8244029762987993
JOB_18,CV_023,0,-1,1,0,-1,0.793441644914104
JOB_18,CV_040,0,-1,1,0,-1,0.793441644914104
JOB_18,CV_034,0,-1,1,0,1,0.9889138067848836
JOB_18,CV_065,0,-1,1,-1,1,0.9850352274079028
JOB_18,CV_111,-1,-1,1,1,-1,0.8158462909997302
JOB_18,CV_015,-1,-1,1,-1,1,0.9817703452181514
JOB_18,CV_113,-1,-1,1,0,1,0.9864835075253354
JOB_18,CV_088,0,-1,1,-1,-1,0.7392104299313632
JOB_18,CV_047,0,-1,1,-1,1,0.9850352274079028
JOB_18,CV_038,0,-1,1,0,-1,0.793441644914104
JOB_18,CV_079,1,-1,1,0,1,0.9909111581409155
JOB_18,CV_087,0,-1,1,0,-1,0.793441644914104
JOB_18,CV_118,0,-1,1,0,-1,0.793441644914104
JOB_18,CV_066,0,-1,1,0,-1,0.793441644914104
JOB_18,CV_007,1,-1,1,0,1,0.9909111581409155
JOB_18,CV_028,1,-1,1,0,-1,0.8244029762987993
JOB_18,CV_106,1,-1,1,0,-1,0.8244029762987993
JOB_18,CV_073,1,-1,1,0,-1,0.8244029762987993
JOB_18,CV_002,-1,-1,1,0,-1,0.7586195969184619
JOB_18,CV_029,1,-1,1,0,1,0.9909111581409155
JOB_18,CV_072,0,-1,1,0,-1,0.793441644914104
JOB_18,CV_012,-1,-1,1,0,1,0.9864835075253354
JOB_18,CV_075,1,-1,1,0,-1,0.8244029762987993
JOB_18,CV_090,-1,-1,1,-1,-1,0.6987174891528171
JOB_18,CV_013,0,-1,1,0,1,0.9889138067848836
JOB_18,CV_017,-1,-1,1,-1,-1,0.6987174891528171
JOB_18,CV_098,0,-1,1,0,-1,0.793441644914104
JOB_18,CV_080,0,-1,1,-1,-1,0.7392104299313632
JOB_18,CV_005,0,-1,1,0,-1,0.793441644914104
JOB_18,CV_069,0,-1,1,0,-1,0.793441644914104
JOB_18,CV_084,0,-1,1,0,-1,0.793441644914104
JOB_18,CV_020,1,-1,1,0,1,0.9909111581409155
JOB_18,CV_057,-1,-1,1,0,1,0.9864835075253354
JOB_18,CV_100,0,-1,1,0,-1,0.793441644914104
JOB_18,CV_101,1,-1,1,0,-1,0.8244029762987993
JOB_18,CV_033,1,-1,1,0,-1,0.8244029762987993
JOB_18,CV_026,0,-1,1,0,-1,0.793441644914104
JOB_18,CV_037,1,-1,1,-1,1,0.9877226901975171
JOB_18,CV_109,1,-1,1,1,-1,0.8687323344441251
JOB_18,CV_032,1,-1,1,0,1,0.9909111581409155
JOB_18,CV_114,0,-1,1,0,-1,0.793441644914104
JOB_18,CV_077,-1,-1,1,-1,-1,0.6987174891528171
JOB_18,CV_107,-1,-1,1,0,-1,0.7586195969184619
JOB_19,CV_114,0,0,1,1,-1,0.8687323344441251
JOB_19,CV_044,1,1,1,-1,-1,0.838062317751627
JOB_19,CV_073,0,0,1,-1,-1,0.7760057395865282
JOB_19,CV_017,1,-1,1,-1,-1,0.7760057395865282
JOB_19,CV_034,1,0,1,-1,1,0.9899324551676333
JOB_19,CV_011,0,0,1,-1,1,0.9877226901975171
JOB_19,CV_094,0,0,1,-1,1,0.9877226901975171
JOB_19,CV_025,0,0,1,-1,1,0.9877226901975171
JOB_19,CV_079,1,-1,1,1,1,0.9935352566336874
JOB_19,CV_112,0,0,1,-1,-1,0.7760057395865282
JOB_19,CV_116,0,1,1,-1,1,0.9899324551676333
JOB_19,CV_088,-1,0,1,-1,-1,0.7392104299313632
JOB_19,CV_028,1,0,1,-1,-1,0.8089512745610968
JOB_19,CV_080,0,0,1,-1,-1,0.7760057395865282
JOB_19,CV_076,0,0,1,-1,-1,0.7760057395865282
JOB_19,CV_063,-1,0,1,-1,-1,0.7392104299313632
JOB_19,CV_054,1,0,1,-1,-1,0.8089512745610968
JOB_19,CV_001,-1,-1,1,-1,1,0.9817703452181514
JOB_19,CV_077,0,0,1,-1,-1,0.7760057395865282
JOB_19,CV_096,1,0,1,1,1,0.9947044400573793
JOB_19,CV_032,0,0,1,-1,1,0.9877226901975171
JOB_19,CV_118,-1,1,1,-1,-1,0.7760057395865282
JOB_19,CV_107,0,1,1,-1,-1,0.8089512745610968
JOB_19,CV_070,1,1,1,-1,-1,0.838062317751627
JOB_19,CV_005,0,0,1,-1,-1,0.7760057395865282
JOB_19,CV_004,1,0,1,-1,-1,0.8089512745610968
JOB_19,CV_055,-1,0,1,-1,1,0.9850352274079028
JOB_19,CV_058,0,0,1,-1,-1,0.7760057395865282
JOB_19,CV_074,0,0,1,1,1,0.9935352566336874
JOB_19,CV_110,1,-1,1,-1,1,0.9877226901975171
JOB_19,CV_019,-1,0,1,-1,-1,0.7392104299313632
JOB_19,CV_115,1,-1,1,-1,-1,0.7760057395865282
JOB_19,CV_095,0,-1,1,1,1,0.9921099818949954
JOB_19,CV_051,0,0,1,-1,1,0.9877226901975171
JOB_19,CV_064,-1,1,1,-1,-1,0.7760057395865282
JOB_19,CV_042,1,0,1,-1,-1,0.8089512745610968
JOB_19,CV_043,-1,0,1,1,-1,0.8441091699732922
JOB_19,CV_010,0,0,1,-1,1,0.9877226901975171
JOB_19,CV_016,0,0,1,-1,1,0.9877226901975171
JOB_19,CV_008,1,1,1,-1,-1,0.838062317751627
JOB_19,CV_093,0,0,1,-1,-1,0.7760057395865282
JOB_19,CV_031,1,0,1,-1,1,0.9899324551676333
JOB_19,CV_078,-1,0,1,-1,-1,0.7392104299313632
JOB_19,CV_041,0,0,1,1,-1,0.8687323344441251
JOB_19,CV_030,0,1,1,-1,-1,0.8089512745610968
JOB_19,CV_065,1,1,1,-1,1,0.9917478125249066
JOB_19,CV_007,1,1,1,-1,1,0.9917478125249066
JOB_19,CV_091,-1,0,1,-1,1,0.9850352274079028
JOB_19,CV_020,1,1,1,-1,1,0.9917478125249066
JOB_19,CV_021,0,0,1,1,-1,0.8687323344441251
JOB_19,CV_015,0,-1,1,1,1,0.9921099818949954
JOB_19,CV_038,1,0,1,-1,-1,0.8089512745610968
JOB_19,CV_087,0,0,1,-1,-1,0.7760057395865282
JOB_19,CV_081,1,1,1,-1,1,0.9917478125249066
JOB_19,CV_071,1,0,1,-1,-1,0.8089512745610968
JOB_19,CV_082,0,0,1,1,-1,0.8687323344441251
JOB_19,CV_013,0,0,1,1,1,0.9935352566336874
JOB_19,CV_072,0,0,1,-1,-1,0.7760057395865282
JOB_19,CV_104,-1,0,1,-1,-1,0.7392104299313632
JOB_19,CV_047,1,-1,1,1,1,0.9935352566336874
JOB_19,CV_024,0,0,1,-1,-1,0.7760057395865282
JOB_19,CV_108,0,-1,1,-1,-1,0.7392104299313632
JOB_19,CV_085,0,0,1,-1,1,0.9877226901975171
JOB_19,CV_029,0,1,1,-1,1,0.9899324551676333
JOB_19,CV_049,-1,1,1,-1,-1,0.7760057395865282
JOB_19,CV_057,0,0,1,-1,1,0.9877226901975171
JOB_19,CV_012,1,1,1,1,1,0.9956630934198999
JOB_19,CV_084,0,0,1,-1,-1,0.7760057395865282
JOB_19,CV_100,0,0,1,-1,-1,0.7760057395865282
JOB_19,CV_075,0,1,1,-1,-1,0.8089512745610968
JOB_22,CV_025,1,1,1,0,-1,0.875207551880179
JOB_22,CV_103,1,1,1,0,-1,0.875207551880179
JOB_22,CV_054,1,1,1,0,-1,0.875207551880179
JOB_22,CV_040,1,1,1,0,-1,0.875207551880179
JOB_22,CV_072,0,0,1,0,-1,0.8244029762987993
JOB_22,CV_033,-1,1,1,0,-1,0.8244029762987993
JOB_22,CV_055,0,1,1,0,-1,0.8515915098330731
JOB_22,CV_024,0,1,1,-1,-1,0.8089512745610968
JOB_22,CV_034,0,0,1,0,-1,0.8244029762987993
JOB_22,CV_071,0,0,1,-1,-1,0.7760057395865282
JOB_22,CV_105,1,1,1,1,-1,0.9081404248468237
JOB_22,CV_018,1,0,1,0,-1,0.8515915098330731
JOB_22,CV_112,1,1,1,0,-1,0.875207551880179
JOB_22,CV_064,0,1,1,0,-1,0.8515915098330731
JOB_22,CV_069,-1,1,1,0,-1,0.8244029762987993
JOB_22,CV_036,-1,1,1,0,-1,0.8244029762987993
JOB_22,CV_030,0,1,1,0,-1,0.8515915098330731
JOB_22,CV_076,-1,0,1,0,-1,0.793441644914104
JOB_22,CV_048,-1,-1,1,0,-1,0.7586195969184619
JOB_22,CV_113,1,1,1,0,-1,0.875207551880179
JOB_22,CV_066,0,0,1,0,-1,0.8244029762987993
JOB_22,CV_013,0,0,1,1,-1,0.8687323344441251
JOB_22,CV_119,-1,1,1,-1,-1,0.7760057395865282
JOB_22,CV_102,0,1,1,1,-1,0.8899731895162262
JOB_22,CV_096,-1,0,1,0,-1,0.793441644914104
JOB_22,CV_051,1,0,1,0,-1,0.8515915098330731
JOB_22,CV_059,0,0,1,1,-1,0.8687323344441251
JOB_22,CV_050,0,0,1,1,-1,0.8687323344441251
JOB_22,CV_004,0,1,1,0,-1,0.8515915098330731
JOB_22,CV_062,-1,1,1,0,-1,0.8244029762987993
JOB_22,CV_079,0,0,1,0,-1,0.8244029762987993
JOB_22,CV_052,0,0,1,-1,-1,0.7760057395865282
JOB_22,CV_032,0,0,1,0,-1,0.8244029762987993
JOB_22,CV_068,-1,0,1,-1,-1,0.7392104299313632
JOB_22,CV_047,0,-1,1,-1,-1,0.7392104299313632
JOB_22,CV_019,0,1,1,0,-1,0.8515915098330731
JOB_22,CV_023,1,1,1,0,-1,0.875207551880179
JOB_22,CV_101,0,0,1,0,-1,0.8244029762987993
JOB_22,CV_067,0,0,1,0,-1,0.8244029762987993
JOB_22,CV_081,0,0,1,0,-1,0.8244029762987993
JOB_22,CV_003,0,0,1,0,-1,0.8244029762987993
JOB_22,CV_042,0,0,1,0,-1,0.8244029762987993
JOB_22,CV_014,0,-1,1,0,-1,0.793441644914104
JOB_22,CV_116,0,0,1,0,-1,0.8244029762987993
JOB_22,CV_073,1,0,1,0,-1,0.8515915098330731
JOB_22,CV_021,0,0,1,1,-1,0.8687323344441251
JOB_22,CV_006,1,1,1,0,-1,0.875207551880179
JOB_22,CV_090,0,0,1,-1,-1,0.7760057395865282
JOB_22,CV_026,1,0,1,0,-1,0.8515915098330731
JOB_22,CV_083,1,0,1,0,-1,0.8515915098330731
JOB_22,CV_045,0,0,1,0,-1,0.8244029762987993
JOB_22,CV_093,1,1,1,0,-1,0.875207551880179
JOB_22,CV_027,-1,0,1,0,-1,0.793441644914104
JOB_22,CV_031,1,1,1,0,-1,0.875207551880179
JOB_22,CV_118,0,0,1,0,-1,0.8244029762987993
JOB_22,CV_099,-1,0,1,0,-1,0.793441644914104
JOB_22,CV_000,0,1,1,1,-1,0.8899731895162262
JOB_22,CV_029,1,0,1,0,-1,0.8515915098330731
JOB_22,CV_084,-1,0,1,0,-1,0.793441644914104
JOB_22,CV_092,0,0,1,0,-1,0.8244029762987993
JOB_22,CV_115,0,0,1,0,-1,0.8244029762987993
JOB_22,CV_046,1,0,1,-1,-1,0.8089512745610968
JOB_22,CV_077,0,1,1,-1,-1,0.8089512745610968
JOB_22,CV_037,-1,1,1,-1,-1,0.7760057395865282
JOB_22,CV_065,-1,1,1,-1,-1,0.7760057395865282
JOB_22,CV_088,0,1,1,-1,-1,0.8089512745610968
JOB_22,CV_017,0,0,1,-1,-1,0.7760057395865282
JOB_22,CV_022,1,1,1,0,-1,0.875207551880179
JOB_22,CV_011,-1,1,1,-1,-1,0.7760057395865282
JOB_22,CV_049,0,1,1,0,-1,0.8515915098330731
JOB_24,CV_017,-1,-1,1,-1,-1,0.6987174891528171
JOB_24,CV_111,0,0,1,-1,-1,0.7760057395865282
JOB_24,CV_064,0,1,1,-1,1,0.9899324551676333
JOB_24,CV_025,0,1,1,1,-1,0.8899731895162262
JOB_24,CV_002,1,1,1,-1,1,0.9917478125249066
JOB_24,CV_069,1,1,1,-1,-1,0.838062317751627
JOB_24,CV_098,-1,0,1,-1,1,0.9850352274079028
JOB_24,CV_048,0,-1,1,-1,-1,0.7392104299313632
JOB_24,CV_013,1,0,1,-1,-1,0.8089512745610968
JOB_24,CV_068,-1,0,1,-1,1,0.9850352274079028
JOB_24,CV_059,-1,0,1,-1,-1,0.7392104299313632
JOB_24,CV_066,-1,-1,1,-1,-1,0.6987174891528171
JOB_24,CV_097,0,0,1,-1,-1,0.7760057395865282
JOB_24,CV_112,-1,1,1,-1,-1,0.7760057395865282
JOB_24,CV_009,1,1,1,-1,-1,0.838062317751627
JOB_24,CV_040,0,1,1,-1,-1,0.8089512745610968
JOB_24,CV_044,0,1,1,-1,-1,0.8089512745610968
JOB_24,CV_047,-1,-1,1,-1,-1,0.6987174891528171
JOB_24,CV_003,0,0,1,-1,-1,0.7760057395865282
JOB_24,CV_019,0,0,1,-1,1,0.9877226901975171
JOB_24,CV_118,0,0,1,-1,1,0.9877226901975171
JOB_24,CV_004,0,1,1,-1,1,0.9899324551676333
JOB_24,CV_024,0,0,1,-1,-1,0.7760057395865282
JOB_24,CV_033,1,1,1,-1,-1,0.838062317751627
JOB_24,CV_079,1,-1,1,-1,-1,0.7760057395865282
JOB_24,CV_035,1,0,1,-1,1,0.9899324551676333
JOB_24,CV_049,-1,1,1,-1,-1,0.7760057395865282
JOB_24,CV_078,-1,1,1,-1,1,0.9877226901975171
JOB_24,CV_055,-1,0,1,-1,-1,0.7392104299313632
JOB_24,CV_061,0,1,1,-1,1,0.9899324551676333
JOB_24,CV_101,0,-1,1,-1,1,0.9850352274079028
JOB_24,CV_006,0,1,1,-1,-1,0.8089512745610968
JOB_24,CV_018,1,-1,1,-1,1,0.9877226901975171
JOB_24,CV_096,1,0,1,-1,-1,0.8089512745610968
JOB_24,CV_109,1,-1,1,-1,-1,0.7760057395865282
JOB_24,CV_116,0,0,1,-1,-1,0.7760057395865282
JOB_24,CV_086,1,0,1,-1,1,0.9899324551676333
JOB_24,CV_034,0,0,1,-1,-1,0.7760057395865282
JOB_24,CV_062,-1,0,1,-1,-1,0.7392104299313632
JOB_24,CV_036,-1,1,1,-1,-1,0.7760057395865282
JOB_24,CV_037,0,0,1,-1,-1,0.7760057395865282
JOB_24,CV_021,0,0,1,-1,-1,0.7760057395865282
JOB_24,CV_005,1,0,1,-1,1,0.9899324551676333
JOB_24,CV_110,-1,-1,1,-1,-1,0.6987174891528171
JOB_24,CV_115,0,-1,1,-1,-1,0.7392104299313632
JOB_24,CV_046,0,-1,1,-1,-1,0.7392104299313632
JOB_24,CV_087,0,1,1,-1,-1,0.8089512745610968
JOB_24,CV_028,0,0,1,-1,1,0.9877226901975171
JOB_24,CV_067,0,0,1,-1,-1,0.7760057395865282
JOB_24,CV_075,0,0,1,-1,-1,0.7760057395865282
JOB_24,CV_094,0,0,1,-1,-1,0.7760057395865282
JOB_24,CV_030,-1,1,1,-1,-1,0.7760057395865282
JOB_24,CV_104,-1,0,1,-1,-1,0.7392104299313632
JOB_24,CV_102,0,1,1,-1,-1,0.8089512745610968
JOB_24,CV_010,1,1,1,-1,-1,0.838062317751627
JOB_24,CV_050,0,0,1,-1,-1,0.7760057395865282
JOB_24,CV_041,0,0,1,-1,-1,0.7760057395865282
JOB_24,CV_099,0,0,1,-1,1,0.9877226901975171
JOB_24,CV_105,1,0,1,-1,-1,0.8089512745610968
JOB_24,CV_070,1,0,1,-1,1,0.9899324551676333
JOB_24,CV_065,0,1,1,-1,-1,0.8089512745610968
JOB_24,CV_026,0,-1,1,-1,1,0.9850352274079028
JOB_24,CV_063,1,0,1,1,1,0.9947044400573793
JOB_24,CV_107,0,0,1,-1,-1,0.7760057395865282
JOB_24,CV_074,0,0,1,-1,-1,0.7760057395865282
JOB_24,CV_011,-1,0,1,-1,-1,0.7392104299313632
JOB_24,CV_083,1,0,1,-1,-1,0.8089512745610968
JOB_24,CV_031,1,1,1,-1,-1,0.838062317751627
JOB_24,CV_091,-1,0,1,-1,-1,0.7392104299313632
JOB_24,CV_043,0,0,1,-1,-1,0.7760057395865282
JOB_25,CV_031,0,1,1,1,-1,0.8899731895162262
JOB_25,CV_023,0,1,1,1,-1,0.8899731895162262
JOB_25,CV_118,0,0,1,1,1,0.9935352566336874
JOB_25,CV_008,-1,0,1,1,-1,0.8441091699732922
JOB_25,CV_040,-1,1,1,1,-1,0.8687323344441251
JOB_25,CV_035,1,0,1,1,1,0.9947044400573793
JOB_25,CV_074,-1,0,1,1,-1,0.8441091699732922
JOB_25,CV_043,0,0,1,1,-1,0.8687323344441251
JOB_25,CV_109,-1,-1,1,-1,-1,0.6987174891528171
JOB_25,CV_104,1,0,1,1,-1,0.8899731895162262
JOB_25,CV_079,0,-1,1,1,-1,0.8441091699732922
JOB_25,CV_049,0,1,1,1,-1,0.8899731895162262
JOB_25,CV_082,0,0,1,1,-1,0.8687323344441251
JOB_25,CV_027,0,0,1,1,-1,0.8687323344441251
JOB_25,CV_009,1,1,1,1,-1,0.9081404248468237
JOB_25,CV_015,-1,0,1,-1,-1,0.7392104299313632
JOB_25,CV_100,1,-1,1,1,1,0.9935352566336874
JOB_25,CV_105,1,0,1,1,-1,0.8899731895162262
JOB_25,CV_080,1,0,1,-1,-1,0.8089512745610968
JOB_25,CV_090,0,0,1,-1,-1,0.7760057395865282
JOB_25,CV_042,0,0,1,1,-1,0.8687323344441251
JOB_25,CV_002,0,1,1,1,1,0.9947044400573793
JOB_25,CV_028,0,0,1,1,1,0.9935352566336874
JOB_25,CV_052,0,-1,1,-1,1,0.9850352274079028
JOB_25,CV_107,0,0,1,1,-1,0.8687323344441251
JOB_25,CV_018,0,-1,1,1,1,0.9921099818949954
JOB_25,CV_098,0,0,1,1,1,0.9935352566336874
JOB_25,CV_094,1,0,1,1,-1,0.8899731895162262
JOB_25,CV_011,-1,0,1,-1,-1,0.7392104299313632
JOB_25,CV_006,1,0,1,1,-1,0.8899731895162262
JOB_25,CV_085,0,0,1,1,-1,0.8687323344441251
JOB_25,CV_032,1,0,1,1,-1,0.8899731895162262
JOB_25,CV_056,0,0,1,1,-1,0.8687323344441251
JOB_25,CV_095,0,-1,1,1,-1,0.8441091699732922
JOB_25,CV_003,1,0,1,1,-1,0.8899731895162262
JOB_25,CV_017,-1,-1,1,-1,-1,0.6987174891528171
JOB_25,CV_078,1,1,1,1,1,0.9956630934198999
JOB_25,CV_077,0,0,1,-1,1,0.9877226901975171
JOB_25,CV_019,0,0,1,1,1,0.9935352566336874
JOB_25,CV_099,0,0,1,1,1,0.9935352566336874
JOB_25,CV_088,0,1,1,-1,-1,0.8089512745610968
JOB_25,CV_025,0,0,1,1,-1,0.8687323344441251
JOB_25,CV_087,-1,1,1,1,-1,0.8687323344441251
JOB_25,CV_024,0,0,1,0,-1,0.8244029762987993
JOB_25,CV_022,-1,0,1,1,-1,0.8441091699732922
JOB_25,CV_073,1,0,1,1,1,0.9947044400573793
JOB_25,CV_004,1,1,1,1,1,0.9956630934198999
JOB_25,CV_106,0,1,1,1,1,0.9947044400573793
JOB_25,CV_110,0,-1,1,1,-1,0.8441091699732922
JOB_25,CV_086,0,0,1,1,1,0.9935352566336874
JOB_25,CV_048,0,-1,1,0,-1,0.793441644914104
JOB_25,CV_066,1,-1,1,1,-1,0.8687323344441251
JOB_25,CV_026,1,-1,1,1,1,0.9935352566336874
JOB_25,CV_014,0,-1,1,1,1,0.9921099818949954
JOB_25,CV_097,1,0,1,1,-1,0.8899731895162262
JOB_25,CV_069,0,1,1,1,-1,0.8899731895162262
JOB_25,CV_070,1,0,1,1,1,0.9947044400573793
JOB_25,CV_045,-1,0,1,1,-1,0.8441091699732922
JOB_25,CV_034,0,0,1,1,-1,0.8687323344441251
JOB_25,CV_005,0,-1,1,1,1,0.9921099818949954
JOB_25,CV_044,1,1,1,1,-1,0.9081404248468237
JOB_25,CV_013,-1,-1,1,1,-1,0.8158462909997302
JOB_25,CV_047,1,-1,1,-1,-1,0.7760057395865282
JOB_25,CV_065,-1,1,1,-1,-1,0.7760057395865282
JOB_25,CV_113,1,0,1,1,-1,0.8899731895162262
JOB_25,CV_067,-1,0,1,1,-1,0.8441091699732922
JOB_25,CV_012,0,1,1,1,-1,0.8899731895162262
JOB_25,CV_112,0,1,1,1,-1,0.8899731895162262
JOB_25,CV_016,0,0,1,1,-1,0.8687323344441251
JOB_25,CV_046,-1,-1,1,-1,-1,0.6987174891528171
JOB_26,CV_066,0,0,1,-1,-1,0.7760057395865282
JOB_26,CV_034,1,0,1,-1,-1,0.8089512745610968
JOB_26,CV_008,1,0,1,-1,-1,0.8089512745610968
JOB_26,CV_032,-1,1,1,-1,-1,0.7760057395865282
JOB_26,CV_000,0,0,1,-1,-1,0.7760057395865282
JOB_26,CV_039,-1,0,1,-1,-1,0.7392104299313632
JOB_26,CV_072,-1,-1,1,-1,-1,0.6987174891528171
JOB_26,CV_107,0,0,1,-1,-1,0.7760057395865282
JOB_26,CV_078,0,0,1,-1,1,0.9877226901975171
JOB_26,CV_067,-1,0,1,-1,-1,0.7392104299313632
JOB_26,CV_087,-1,0,1,-1,-1,0.7392104299313632
JOB_26,CV_100,1,0,1,-1,1,0.9899324551676333
JOB_26,CV_076,-1,0,1,-1,-1,0.7392104299313632
JOB_26,CV_038,0,0,1,-1,-1,0.7760057395865282
JOB_26,CV_112,0,0,1,-1,-1,0.7760057395865282
JOB_26,CV_037,-1,0,1,-1,-1,0.7392104299313632
JOB_26,CV_033,-1,0,1,-1,-1,0.7392104299313632
JOB_26,CV_023,0,0,1,-1,-1,0.7760057395865282
JOB_26,CV_030,1,0,1,-1,-1,0.8089512745610968
JOB_26,CV_099,0,0,1,-1,1,0.9877226901975171
JOB_26,CV_043,0,0,1,-1,-1,0.7760057395865282
JOB_26,CV_021,1,0,1,-1,-1,0.8089512745610968
JOB_26,CV_115,1,-1,1,-1,-1,0.7760057395865282
JOB_26,CV_086,0,0,1,-1,1,0.9877226901975171
JOB_26,CV_088,0,0,1,-1,-1,0.7760057395865282
JOB_26,CV_119,0,0,1,-1,-1,0.7760057395865282
JOB_26,CV_050,0,0,1,-1,-1,0.7760057395865282
JOB_26,CV_019,0,0,1,-1,1,0.9877226901975171
JOB_26,CV_096,1,0,1,-1,-1,0.8089512745610968
JOB_26,CV_070,-1,0,1,-1,1,0.9850352274079028
JOB_26,CV_054,0,0,1,-1,1,0.9877226901975171
JOB_26,CV_031,0,0,1,-1,-1,0.7760057395865282
JOB_26,CV_094,-1,1,1,-1,-1,0.7760057395865282
JOB_26,CV_064,0,0,1,-1,1,0.9877226901975171
JOB_26,CV_018,0,-1,1,-1,1,0.9850352274079028
JOB_26,CV_051,0,1,1,-1,-1,0.8089512745610968
JOB_26,CV_014,-1,-1,1,-1,1,0.9817703452181514
JOB_26,CV_002,0,0,1,-1,1,0.9877226901975171
JOB_26,CV_049,0,0,1,-1,-1,0.7760057395865282
JOB_26,CV_048,-1,-1,1,-1,-1,0.6987174891528171
JOB_26,CV_069,0,0,1,-1,-1,0.7760057395865282
JOB_26,CV_103,1,0,1,-1,-1,0.8089512745610968
JOB_26,CV_013,1,-1,1,-1,-1,0.7760057395865282
JOB_26,CV_052,0,0,1,-1,1,0.9877226901975171
JOB_26,CV_022,0,0,1,-1,-1,0.7760057395865282
JOB_26,CV_029,-1,0,1,-1,-1,0.7392104299313632
JOB_26,CV_036,0,0,1,-1,-1,0.7760057395865282
JOB_26,CV_065,-1,1,1,1,-1,0.8687323344441251
JOB_26,CV_079,1,-1,1,-1,-1,0.7760057395865282
JOB_26,CV_028,-1,0,1,1,1,0.9921099818949954
JOB_26,CV_027,-1,0,1,-1,-1,0.7392104299313632
JOB_26,CV_118,1,0,1,-1,1,0.9899324551676333
JOB_26,CV_082,1,0,1,-1,-1,0.8089512745610968
JOB_26,CV_025,1,0,1,-1,-1,0.8089512745610968
JOB_26,CV_004,-1,0,1,-1,1,0.9850352274079028
JOB_26,CV_007,0,0,1,-1,-1,0.7760057395865282
JOB_26,CV_102,0,0,1,-1,-1,0.7760057395865282
JOB_26,CV_035,-1,0,1,-1,1,0.9850352274079028
JOB_26,CV_055,-1,0,1,-1,-1,0.7392104299313632
JOB_26,CV_092,0,0,1,-1,-1,0.7760057395865282
JOB_26,CV_060,1,0,1,-1,1,0.9899324551676333
JOB_26,CV_016,0,0,1,-1,-1,0.7760057395865282
JOB_26,CV_042,0,1,1,-1,-1,0.8089512745610968
JOB_26,CV_061,0,0,1,-1,1,0.9877226901975171
JOB_26,CV_012,-1,1,1,-1,-1,0.7760057395865282
JOB_26,CV_011,0,0,1,-1,-1,0.7760057395865282
JOB_26,CV_068,-1,1,1,-1,1,0.9877226901975171
JOB_26,CV_045,-1,0,1,-1,-1,0.7392104299313632
JOB_26,CV_062,0,0,1,-1,-1,0.7760057395865282
JOB_26,CV_095,-1,-1,1,-1,-1,0.6987174891528171
JOB_27,CV_024,1,-1,-1,-1,-1,0.12981785668589885
JOB_27,CV_082,0,-1,1,-1,-1,0.7392104299313632
JOB_27,CV_046,0,-1,-1,-1,-1,0.1087822236783695
JOB_27,CV_029,1,-1,1,-1,-1,0.7760057395865282
JOB_27,CV_025,1,-1,1,-1,-1,0.7760057395865282
JOB_27,CV_068,0,-1,-1,-1,-1,0.1087822236783695
JOB_27,CV_049,1,-1,1,-1,-1,0.7760057395865282
JOB_27,CV_041,0,-1,1,-1,-1,0.7392104299313632
JOB_27,CV_084,0,-1,1,-1,-1,0.7392104299313632
JOB_27,CV_045,0,-1,1,-1,-1,0.7392104299313632
JOB_27,CV_040,0,-1,1,-1,-1,0.7392104299313632
JOB_27,CV_090,0,-1,-1,-1,-1,0.1087822236783695
JOB_27,CV_094,0,-1,1,-1,-1,0.7392104299313632
JOB_27,CV_086,-1,-1,1,-1,-1,0.6987174891528171
JOB_27,CV_063,0,-1,-1,-1,-1,0.1087822236783695
JOB_27,CV_067,-1,-1,1,-1,1,0.9817703452181514
JOB_27,CV_104,0,-1,-1,-1,-1,0.1087822236783695
JOB_27,CV_008,0,-1,1,-1,-1,0.7392104299313632
JOB_27,CV_036,0,-1,-1,-1,-1,0.1087822236783695
JOB_27,CV_109,0,-1,-1,-1,-1,0.1087822236783695
JOB_27,CV_099,1,-1,-1,-1,-1,0.12981785668589885
JOB_27,CV_012,0,-1,-1,-1,-1,0.1087822236783695
JOB_27,CV_007,0,-1,-1,-1,-1,0.1087822236783695
JOB_27,CV_034,0,-1,1,-1,-1,0.7392104299313632
JOB_27,CV_070,-1,-1,1,-1,-1,0.6987174891528171
JOB_27,CV_062,-1,-1,-1,-1,-1,0.09079952375892328
JOB_27,CV_018,0,-1,1,-1,-1,0.7392104299313632
JOB_27,CV_052,0,-1,-1,-1,-1,0.1087822236783695
JOB_27,CV_061,0,-1,-1,-1,-1,0.1087822236783695
JOB_27,CV_054,1,-1,1,-1,-1,0.7760057395865282
JOB_27,CV_000,-1,-1,-1,-1,-1,0.09079952375892328
JOB_27,CV_010,-1,-1,1,-1,-1,0.6987174891528171
JOB_27,CV_053,1,-1,-1,-1,-1,0.12981785668589885
JOB_27,CV_042,-1,-1,-1,-1,-1,0.09079952375892328
JOB_27,CV_043,0,-1,1,-1,-1,0.7392104299313632
JOB_27,CV_106,0,-1,1,-1,-1,0.7392104299313632
JOB_27,CV_092,0,-1,-1,-1,-1,0.1087822236783695
JOB_27,CV_078,-1,-1,-1,-1,-1,0.09079952375892328
JOB_27,CV_058,-1,-1,1,-1,1,0.9817703452181514
JOB_27,CV_115,-1,-1,1,-1,-1,0.6987174891528171
JOB_27,CV_101,0,-1,-1,-1,-1,0.1087822236783695
JOB_27,CV_006,0,-1,-1,-1,1,0.7392104299313633
JOB_27,CV_048,-1,-1,-1,-1,-1,0.09079952375892328
JOB_27,CV_074,0,-1,1,-1,-1,0.7392104299313632
JOB_27,CV_016,1,-1,1,-1,-1,0.7760057395865282
JOB_27,CV_081,-1,-1,1,-1,-1,0.6987174891528171
JOB_27,CV_087,0,-1,1,-1,-1,0.7392104299313632
JOB_27,CV_005,0,-1,-1,-1,-1,0.1087822236783695
JOB_27,CV_051,-1,-1,1,-1,-1,0.6987174891528171
JOB_27,CV_093,0,-1,1,-1,-1,0.7392104299313632
JOB_27,CV_102,0,-1,-1,-1,-1,0.1087822236783695
JOB_27,CV_119,1,-1,1,-1,-1,0.7760057395865282
JOB_27,CV_098,1,-1,-1,-1,-1,0.12981785668589885
JOB_27,CV_112,0,-1,1,-1,-1,0.7392104299313632
JOB_27,CV_085,0,-1,1,-1,-1,0.7392104299313632
JOB_27,CV_003,0,-1,1,-1,-1,0.7392104299313632
JOB_27,CV_004,0,-1,1,-1,-1,0.7392104299313632
JOB_27,CV_015,0,-1,-1,-1,-1,0.1087822236783695
JOB_27,CV_066,-1,-1,1,-1,-1,0.6987174891528171
JOB_27,CV_117,0,-1,-1,-1,-1,0.1087822236783695
JOB_27,CV_022,0,-1,-1,-1,-1,0.1087822236783695
JOB_27,CV_002,0,-1,1,-1,-1,0.7392104299313632
JOB_27,CV_037,1,-1,-1,-1,-1,0.12981785668589885
JOB_27,CV_080,-1,-1,1,-1,-1,0.6987174891528171
JOB_27,CV_103,0,-1,-1,-1,-1,0.1087822236783695
JOB_27,CV_071,-1,-1,1,-1,-1,0.6987174891528171
JOB_27,CV_108,1,-1,1,-1,-1,0.7760057395865282
JOB_27,CV_032,0,-1,1,-1,-1,0.7392104299313632
JOB_27,CV_055,0,-1,-1,-1,-1,0.1087822236783695
JOB_27,CV_060,0,-1,1,-1,-1,0.7392104299313632
JOB_28,CV_110,-1,0,1,-1,1,0.9850352274079028
JOB_28,CV_041,1,0,1,-1,-1,0.8089512745610968
JOB_28,CV_039,0,1,1,-1,-1,0.8089512745610968
JOB_28,CV_072,-1,1,1,-1,-1,0.7760057395865282
JOB_28,CV_002,0,1,1,-1,-1,0.8089512745610968
JOB_28,CV_069,0,1,1,-1,-1,0.8089512745610968
JOB_28,CV_019,0,1,1,-1,-1,0.8089512745610968
JOB_28,CV_047,-1,-1,1,-1,1,0.9817703452181514
JOB_28,CV_085,0,0,1,-1,1,0.9877226901975171
JOB_28,CV_108,1,0,1,-1,-1,0.8089512745610968
JOB_28,CV_076,0,1,1,-1,-1,0.8089512745610968
JOB_28,CV_055,-1,0,1,-1,1,0.9850352274079028
JOB_28,CV_100,0,0,1,-1,-1,0.7760057395865282
JOB_28,CV_045,-1,0,1,-1,1,0.9850352274079028
JOB_28,CV_014,1,0,1,-1,-1,0.8089512745610968
JOB_28,CV_071,1,1,1,-1,-1,0.838062317751627
JOB_28,CV_004,0,1,1,-1,-1,0.8089512745610968
JOB_28,CV_062,0,1,1,-1,1,0.9899324551676333
JOB_28,CV_043,1,1,1,-1,-1,0.838062317751627
JOB_28,CV_103,0,0,1,-1,-1,0.7760057395865282
JOB_28,CV_005,1,0,1,1,-1,0.8899731895162262
JOB_28,CV_012,0,1,1,-1,1,0.9899324551676333
JOB_28,CV_068,1,0,1,-1,-1,0.8089512745610968
JOB_28,CV_058,0,0,1,-1,-1,0.7760057395865282
JOB_28,CV_020,0,0,1,-1,1,0.9877226901975171
JOB_28,CV_088,1,1,1,-1,-1,0.838062317751627
JOB_28,CV_087,0,1,1,-1,-1,0.8089512745610968
JOB_28,CV_117,0,0,1,-1,-1,0.7760057395865282
JOB_28,CV_011,-1,0,1,-1,1,0.9850352274079028
JOB_28,CV_001,0,1,1,-1,1,0.9899324551676333
JOB_28,CV_114,0,1,1,-1,-1,0.8089512745610968
JOB_28,CV_090,-1,0,1,-1,-1,0.7392104299313632
JOB_28,CV_067,-1,1,1,-1,-1,0.7760057395865282
JOB_28,CV_057,0,1,1,-1,1,0.9899324551676333
JOB_28,CV_038,1,0,1,-1,-1,0.8089512745610968
JOB_28,CV_061,0,0,1,-1,-1,0.7760057395865282
JOB_28,CV_065,-1,0,1,-1,1,0.9850352274079028
JOB_28,CV_036,0,1,1,-1,-1,0.8089512745610968
JOB_28,CV_060,-1,1,1,-1,-1,0.7760057395865282
JOB_28,CV_030,0,1,1,-1,-1,0.8089512745610968
JOB_28,CV_054,-1,0,1,-1,-1,0.7392104299313632
JOB_28,CV_015,-1,-1,1,-1,1,0.9817703452181514
JOB_28,CV_101,-1,0,1,-1,-1,0.7392104299313632
JOB_28,CV_107,0,0,1,-1,-1,0.7760057395865282
JOB_28,CV_017,-1,-1,1,-1,-1,0.6987174891528171
JOB_28,CV_097,0,1,1,-1,1,0.9899324551676333
JOB_28,CV_031,0,0,1,-1,1,0.9877226901975171
JOB_28,CV_026,0,0,1,-1,-1,0.7760057395865282
JOB_28,CV_081,0,0,1,-1,1,0.9877226901975171
JOB_28,CV_075,1,0,1,-1,-1,0.8089512745610968
JOB_28,CV_098,-1,1,1,-1,-1,0.7760057395865282
JOB_28,CV_018,0,0,1,-1,-1,0.7760057395865282
JOB_28,CV_023,-1,0,1,-1,-1,0.7392104299313632
JOB_28,CV_007,0,1,1,-1,1,0.9899324551676333
JOB_28,CV_118,0,0,1,-1,-1,0.7760057395865282
JOB_28,CV_008,0,1,1,-1,-1,0.8089512745610968
JOB_28,CV_099,1,1,1,-1,-1,0.838062317751627
JOB_28,CV_089,0,0,1,-1,-1,0.7760057395865282
JOB_28,CV_119,1,0,1,-1,-1,0.8089512745610968
JOB_28,CV_070,-1,1,1,-1,-1,0.7760057395865282
JOB_28,CV_064,-1,0,1,-1,-1,0.7392104299313632
JOB_28,CV_111,-1,0,1,-1,-1,0.7392104299313632
JOB_28,CV_102,-1,1,1,1,-1,0.8687323344441251
JOB_28,CV_042,0,0,1,-1,-1,0.7760057395865282
JOB_28,CV_093,0,0,1,-1,-1,0.7760057395865282
JOB_28,CV_092,-1,0,1,-1,1,0.9850352274079028
JOB_28,CV_003,1,1,1,-1,1,0.9917478125249066
JOB_28,CV_033,1,0,1,-1,-1,0.8089512745610968
JOB_28,CV_059,0,1,1,-1,1,0.9899324551676333
JOB_28,CV_084,-1,0,1,-1,-1,0.7392104299313632
JOB_30,CV_020,0,-1,1,-1,-1,0.7392104299313632
JOB_30,CV_021,0,-1,-1,-1,-1,0.1087822236783695
JOB_30,CV_065,-1,-1,1,-1,-1,0.6987174891528171
JOB_30,CV_087,1,-1,1,-1,-1,0.7760057395865282
JOB_30,CV_000,-1,-1,-1,-1,-1,0.09079952375892328
JOB_30,CV_102,-1,-1,-1,-1,-1,0.09079952375892328
JOB_30,CV_101,0,-1,-1,-1,1,0.7392104299313633
JOB_30,CV_116,0,-1,1,-1,-1,0.7392104299313632
JOB_30,CV_118,1,-1,1,-1,1,0.9877226901975171
JOB_30,CV_107,0,-1,1,-1,-1,0.7392104299313632
JOB_30,CV_076,-1,-1,1,-1,-1,0.6987174891528171
JOB_30,CV_042,1,-1,-1,-1,-1,0.12981785668589885
JOB_30,CV_047,0,-1,1,-1,-1,0.7392104299313632
JOB_30,CV_004,-1,-1,1,-1,1,0.9817703452181514
JOB_30,CV_033,0,-1,1,-1,-1,0.7392104299313632
JOB_30,CV_075,0,-1,1,-1,-1,0.7392104299313632
JOB_30,CV_080,0,-1,1,-1,-1,0.7392104299313632
JOB_30,CV_064,0,-1,1,-1,1,0.9850352274079028
JOB_30,CV_025,1,-1,1,-1,-1,0.7760057395865282
JOB_30,CV_002,1,-1,1,-1,1,0.9877226901975171
JOB_30,CV_114,0,-1,-1,-1,-1,0.1087822236783695
JOB_30,CV_038,-1,-1,1,-1,-1,0.6987174891528171
JOB_30,CV_100,1,-1,-1,-1,1,0.7760057395865282
JOB_30,CV_053,0,-1,-1,-1,1,0.7392104299313633
JOB_30,CV_079,0,-1,-1,-1,-1,0.1087822236783695
JOB_30,CV_081,0,-1,1,-1,-1,0.7392104299313632
JOB_30,CV_032,1,-1,1,-1,-1,0.7760057395865282
JOB_30,CV_031,0,-1,-1,-1,-1,0.1087822236783695
JOB_30,CV_082,-1,-1,1,-1,-1,0.6987174891528171
JOB_30,CV_099,0,-1,-1,-1,1,0.7392104299313633
JOB_30,CV_103,1,-1,-1,-1,-1,0.12981785668589885
JOB_30,CV_005,-1,-1,-1,-1,1,0.698717489152817
JOB_30,CV_045,1,-1,1,-1,-1,0.7760057395865282
JOB_30,CV_009,0,-1,-1,-1,-1,0.1087822236783695
JOB_30,CV_026,0,-1,1,-1,1,0.9850352274079028
JOB_30,CV_052,0,-1,-1,-1,1,0.7392104299313633
JOB_30,CV_071,-1,-1,1,-1,-1,0.6987174891528171
JOB_30,CV_016,1,-1,1,-1,-1,0.7760057395865282
JOB_30,CV_046,0,-1,-1,-1,-1,0.1087822236783695
JOB_30,CV_044,1,-1,-1,-1,-1,0.12981785668589885
JOB_30,CV_027,0,-1,-1,-1,-1,0.1087822236783695
JOB_30,CV_117,-1,-1,-1,-1,-1,0.09079952375892328
JOB_30,CV_105,-1,-1,-1,-1,-1,0.09079952375892328
JOB_30,CV_084,0,-1,1,-1,-1,0.7392104299313632
JOB_30,CV_067,1,-1,1,-1,-1,0.7760057395865282
JOB_30,CV_089,0,-1,1,-1,-1,0.7392104299313632
JOB_30,CV_090,0,-1,-1,-1,-1,0.1087822236783695
JOB_30,CV_029,0,-1,1,-1,-1,0.7392104299313632
JOB_30,CV_006,0,-1,-1,-1,-1,0.1087822236783695
JOB_30,CV_096,0,-1,-1,-1,-1,0.1087822236783695
JOB_30,CV_037,1,-1,-1,-1,-1,0.12981785668589885
JOB_30,CV_018,0,-1,1,-1,1,0.9850352274079028
JOB_30,CV_048,0,-1,-1,-1,-1,0.1087822236783695
JOB_30,CV_013,-1,-1,1,-1,-1,0.6987174891528171
JOB_30,CV_056,1,-1,-1,-1,-1,0.12981785668589885
JOB_30,CV_034,-1,-1,1,-1,-1,0.6987174891528171
JOB_30,CV_074,-1,-1,1,-1,-1,0.6987174891528171
JOB_30,CV_043,0,-1,1,-1,-1,0.7392104299313632
JOB_30,CV_091,0,-1,1,-1,-1,0.7392104299313632
JOB_30,CV_014,0,-1,-1,-1,1,0.7392104299313633
JOB_30,CV_112,0,-1,1,-1,-1,0.7392104299313632
JOB_30,CV_040,1,-1,1,-1,-1,0.7760057395865282
JOB_30,CV_023,-1,-1,-1,-1,-1,0.09079952375892328
JOB_30,CV_015,1,-1,-1,-1,-1,0.12981785668589885
JOB_30,CV_061,0,-1,-1,-1,1,0.7392104299313633
JOB_30,CV_086,0,-1,1,-1,1,0.9850352274079028
JOB_30,CV_058,0,-1,1,-1,-1,0.7392104299313632
JOB_30,CV_083,0,-1,-1,-1,-1,0.1087822236783695
JOB_30,CV_057,0,-1,-1,-1,-1,0.1087822236783695
JOB_30,CV_106,0,-1,1,-1,1,0.9850352274079028
JOB_31,CV_071,0,0,1,-1,-1,0.7760057395865282
JOB_31,CV_101,-1,-1,1,-1,-1,0.6987174891528171
JOB_31,CV_004,1,0,1,-1,-1,0.8089512745610968
JOB_31,CV_045,-1,0,1,-1,1,0.9850352274079028
JOB_31,CV_043,1,0,1,-1,-1,0.8089512745610968
JOB_31,CV_044,-1,1,1,-1,-1,0.7760057395865282
JOB_31,CV_066,-1,-1,1,-1,-1,0.6987174891528171
JOB_31,CV_052,0,-1,1,-1,1,0.9850352274079028
JOB_31,CV_091,0,0,1,-1,1,0.9877226901975171
JOB_31,CV_078,-1,0,1,-1,-1,0.7392104299313632
JOB_31,CV_057,0,0,1,-1,1,0.9877226901975171
JOB_31,CV_034,0,0,1,-1,1,0.9877226901975171
JOB_31,CV_109,-1,-1,1,-1,-1,0.6987174891528171
JOB_31,CV_040,-1,1,1,-1,-1,0.7760057395865282
JOB_31,CV_079,1,0,1,-1,1,0.9899324551676333
JOB_31,CV_001,0,0,1,-1,1,0.9877226901975171
JOB_31,CV_009,-1,1,1,-1,1,0.9877226901975171
JOB_31,CV_049,1,0,1,-1,-1,0.8089512745610968
JOB_31,CV_051,1,1,1,-1,1,0.9917478125249066
JOB_31,CV_106,0,1,1,-1,-1,0.8089512745610968
JOB_31,CV_010,0,1,1,-1,1,0.9899324551676333
JOB_31,CV_024,1,0,1,-1,-1,0.8089512745610968
JOB_31,CV_077,1,1,1,-1,-1,0.838062317751627
JOB_31,CV_100,0,0,1,-1,-1,0.7760057395865282
JOB_31,CV_116,0,0,1,-1,1,0.9877226901975171
JOB_31,CV_018,0,0,1,-1,-1,0.7760057395865282
JOB_31,CV_084,0,0,1,-1,-1,0.7760057395865282
JOB_31,CV_062,-1,0,1,-1,1,0.9850352274079028
JOB_31,CV_035,0,0,1,-1,-1,0.7760057395865282
JOB_31,CV_030,1,0,1,-1,-1,0.8089512745610968
JOB_31,CV_119,0,0,1,-1,-1,0.7760057395865282
JOB_31,CV_047,0,-1,1,-1,1,0.9850352274079028
JOB_31,CV_046,0,0,1,-1,1,0.9877226901975171
JOB_31,CV_007,-1,0,1,-1,1,0.9850352274079028
JOB_31,CV_083,0,0,1,-1,1,0.9877226901975171
JOB_31,CV_023,1,1,1,-1,-1,0.838062317751627
JOB_31,CV_111,-1,0,1,-1,-1,0.7392104299313632
JOB_31,CV_048,-1,-1,1,-1,1,0.9817703452181514
JOB_31,CV_011,1,0,1,-1,1,0.9899324551676333
JOB_31,CV_099,-1,1,1,-1,-1,0.7760057395865282
JOB_31,CV_013,0,0,1,-1,1,0.9877226901975171
JOB_31,CV_025,1,0,1,-1,1,0.9899324551676333
JOB_31,CV_020,0,1,1,-1,1,0.9899324551676333
JOB_31,CV_092,0,-1,1,-1,1,0.9850352274079028
JOB_31,CV_067,1,0,1,-1,-1,0.8089512745610968
JOB_31,CV_089,-1,1,1,-1,-1,0.7760057395865282
JOB_31,CV_087,0,0,1,-1,-1,0.7760057395865282
JOB_31,CV_095,0,-1,1,-1,1,0.9850352274079028
JOB_31,CV_117,1,0,1,-1,-1,0.8089512745610968
JOB_31,CV_039,0,0,1,-1,-1,0.7760057395865282
JOB_31,CV_076,0,0,1,-1,-1,0.7760057395865282
JOB_31,CV_114,0,1,1,-1,-1,0.8089512745610968
JOB_31,CV_074,0,0,1,-1,1,0.9877226901975171
JOB_31,CV_006,1,1,1,-1,-1,0.838062317751627
JOB_31,CV_002,0,0,1,-1,-1,0.7760057395865282
JOB_31,CV_096,0,0,1,-1,1,0.9877226901975171
JOB_31,CV_073,0,0,1,-1,-1,0.7760057395865282
JOB_31,CV_029,0,0,1,-1,1,0.9877226901975171
JOB_31,CV_108,0,-1,1,-1,-1,0.7392104299313632
JOB_31,CV_105,1,1,1,-1,-1,0.838062317751627
JOB_31,CV_022,0,0,1,-1,1,0.9877226901975171
JOB_31,CV_075,1,0,1,-1,-1,0.8089512745610968
JOB_31,CV_014,1,-1,1,-1,-1,0.7760057395865282
JOB_31,CV_016,0,0,1,-1,1,0.9877226901975171
JOB_31,CV_115,0,0,1,-1,-1,0.7760057395865282
JOB_31,CV_060,1,0,1,-1,-1,0.8089512745610968
JOB_31,CV_038,0,1,1,-1,-1,0.8089512745610968
JOB_31,CV_082,1,0,1,-1,-1,0.8089512745610968
JOB_31,CV_053,0,1,1,-1,-1,0.8089512745610968
JOB_31,CV_090,0,0,1,-1,-1,0.7760057395865282
JOB_32,CV_065,0,1,1,-1,-1,0.8089512745610968
JOB_32,CV_005,1,0,1,1,1,0.9947044400573793
JOB_32,CV_043,1,0,1,1,-1,0.8899731895162262
JOB_32,CV_099,0,0,1,1,1,0.9935352566336874
JOB_32,CV_004,-1,1,1,0,1,0.9909111581409155
JOB_32,CV_098,0,0,1,1,1,0.9935352566336874
JOB_32,CV_046,0,-1,1,-1,-1,0.7392104299313632
JOB_32,CV_038,0,1,1,1,-1,0.8899731895162262
JOB_32,CV_029,0,1,1,0,-1,0.8515915098330731
JOB_32,CV_091,1,0,1,1,-1,0.8899731895162262
JOB_32,CV_006,0,0,1,1,-1,0.8687323344441251
JOB_32,CV_015,-1,0,1,-1,-1,0.7392104299313632
JOB_32,CV_010,0,1,1,1,-1,0.8899731895162262
JOB_32,CV_032,0,1,1,1,-1,0.8899731895162262
JOB_32,CV_007,-1,1,1,1,-1,0.8687323344441251
JOB_32,CV_069,0,0,1,1,-1,0.8687323344441251
JOB_32,CV_068,0,0,1,-1,1,0.9877226901975171
JOB_32,CV_022,0,0,1,1,-1,0.8687323344441251
JOB_32,CV_011,-1,0,1,-1,-1,0.7392104299313632
JOB_32,CV_094,1,0,1,1,-1,0.8899731895162262
JOB_32,CV_095,0,-1,1,0,-1,0.793441644914104
JOB_32,CV_087,1,1,1,1,-1,0.9081404248468237
JOB_32,CV_000,0,0,1,1,-1,0.8687323344441251
JOB_32,CV_109,0,-1,1,-1,-1,0.7392104299313632
JOB_32,CV_002,1,1,1,0,1,0.9938973981992373
JOB_32,CV_072,1,0,1,1,-1,0.8899731895162262
JOB_32,CV_045,0,0,1,1,-1,0.8687323344441251
JOB_32,CV_052,-1,-1,1,-1,1,0.9817703452181514
JOB_32,CV_081,0,1,1,1,-1,0.8899731895162262
JOB_32,CV_111,-1,0,1,1,-1,0.8441091699732922
JOB_32,CV_105,-1,0,1,1,-1,0.8441091699732922
JOB_32,CV_033,-1,0,1,1,-1,0.8441091699732922
JOB_32,CV_084,-1,0,1,1,-1,0.8441091699732922
JOB_32,CV_034,1,0,1,0,-1,0.8515915098330731
JOB_32,CV_025,-1,0,1,1,-1,0.8441091699732922
JOB_32,CV_018,0,0,1,1,1,0.9935352566336874
JOB_32,CV_108,1,-1,1,1,1,0.9935352566336874
JOB_32,CV_101,0,-1,1,1,1,0.9921099818949954
JOB_32,CV_100,-1,0,1,1,1,0.9921099818949954
JOB_32,CV_102,0,1,1,-1,-1,0.8089512745610968
JOB_32,CV_092,0,-1,1,1,-1,0.8441091699732922
JOB_32,CV_093,0,1,1,1,-1,0.8899731895162262
JOB_32,CV_051,1,1,1,1,-1,0.9081404248468237
JOB_32,CV_082,1,0,1,1,-1,0.8899731895162262
JOB_32,CV_076,0,0,1,1,-1,0.8687323344441251
JOB_32,CV_053,0,0,1,-1,1,0.9877226901975171
JOB_32,CV_003,0,0,1,1,-1,0.8687323344441251
JOB_32,CV_030,-1,1,1,1,-1,0.8687323344441251
JOB_32,CV_064,1,1,1,1,1,0.9956630934198999
JOB_32,CV_048,-1,-1,1,0,-1,0.7586195969184619
JOB_32,CV_013,0,0,1,1,-1,0.8687323344441251
JOB_32,CV_085,1,0,1,1,-1,0.8899731895162262
JOB_32,CV_060,0,1,1,-1,1,0.9899324551676333
JOB_32,CV_089,0,1,1,1,-1,0.8899731895162262
JOB_32,CV_090,0,0,1,-1,-1,0.7760057395865282
JOB_32,CV_036,1,1,1,1,-1,0.9081404248468237
JOB_32,CV_019,0,0,1,1,1,0.9935352566336874
JOB_32,CV_083,1,0,1,1,-1,0.8899731895162262
JOB_32,CV_112,-1,1,1,1,-1,0.8687323344441251
JOB_32,CV_066,1,-1,1,1,-1,0.8687323344441251
JOB_32,CV_071,1,1,1,-1,-1,0.838062317751627
JOB_32,CV_107,-1,0,1,1,-1,0.8441091699732922
JOB_32,CV_009,0,0,1,1,-1,0.8687323344441251
JOB_32,CV_023,-1,1,1,1,-1,0.8687323344441251
JOB_32,CV_028,0,0,1,1,1,0.9935352566336874
JOB_32,CV_054,0,1,1,1,1,0.9947044400573793
JOB_32,CV_017,0,-1,1,-1,-1,0.7392104299313632
JOB_32,CV_020,-1,1,1,1,-1,0.8687323344441251
JOB_32,CV_097,-1,0,1,1,-1,0.8441091699732922
JOB_32,CV_078,-1,0,1,1,1,0.9921099818949954
JOB_33,CV_069,0,-1,1,-1,-1,0.7392104299313632
JOB_33,CV_059,1,-1,-1,-1,1,0.7760057395865282
JOB_33,CV_106,-1,-1,1,-1,-1,0.6987174891528171
JOB_33,CV_076,0,-1,1,-1,-1,0.7392104299313632
JOB_33,CV_088,1,-1,1,-1,-1,0.7760057395865282
JOB_33,CV_042,1,-1,-1,-1,-1,0.12981785668589885
JOB_33,CV_099,0,-1,-1,-1,-1,0.1087822236783695
JOB_33,CV_113,0,-1,-1,-1,1,0.7392104299313633
JOB_33,CV_036,0,-1,-1,-1,-1,0.1087822236783695
JOB_33,CV_002,0,-1,-1,-1,-1,0.1087822236783695
JOB_33,CV_091,1,-1,-1,-1,1,0.7760057395865282
JOB_33,CV_015,0,-1,-1,-1,1,0.7392104299313633
JOB_33,CV_004,0,-1,1,-1,-1,0.7392104299313632
JOB_33,CV_047,-1,-1,-1,-1,1,0.698717489152817
JOB_33,CV_014,0,-1,-1,-1,-1,0.1087822236783695
JOB_33,CV_048,-1,-1,-1,-1,1,0.698717489152817
JOB_33,CV_039,-1,-1,1,-1,-1,0.6987174891528171
JOB_33,CV_058,0,-1,-1,-1,-1,0.1087822236783695
JOB_33,CV_095,-1,-1,1,-1,1,0.9817703452181514
JOB_33,CV_060,-1,-1,1,-1,-1,0.6987174891528171
JOB_33,CV_044,0,-1,-1,-1,-1,0.1087822236783695
JOB_33,CV_029,-1,-1,1,-1,1,0.9817703452181514
JOB_33,CV_075,-1,-1,1,-1,-1,0.6987174891528171
JOB_33,CV_100,0,-1,-1,-1,-1,0.1087822236783695
JOB_33,CV_093,-1,-1,1,-1,-1,0.6987174891528171
JOB_33,CV_030,0,-1,1,-1,-1,0.7392104299313632
JOB_33,CV_057,-1,-1,-1,-1,1,0.698717489152817
JOB_33,CV_028,0,-1,-1,-1,-1,0.1087822236783695
JOB_33,CV_115,1,-1,1,-1,-1,0.7760057395865282
JOB_33,CV_063,0,-1,-1,-1,-1,0.1087822236783695
JOB_33,CV_024,0,-1,-1,-1,-1,0.1087822236783695
JOB_33,CV_089,1,-1,1,-1,-1,0.7760057395865282
JOB_33,CV_045,0,-1,1,-1,1,0.9850352274079028
JOB_33,CV_026,-1,-1,1,-1,-1,0.6987174891528171
JOB_33,CV_077,0,-1,1,-1,-1,0.7392104299313632
JOB_33,CV_031,1,-1,-1,-1,1,0.7760057395865282
JOB_33,CV_027,0,-1,-1,-1,-1,0.1087822236783695
JOB_33,CV_017,-1,-1,-1,-1,-1,0.09079952375892328
JOB_33,CV_032,0,-1,1,-1,1,0.9850352274079028
JOB_33,CV_046,1,-1,-1,-1,1,0.7760057395865282
JOB_33,CV_064,-1,-1,1,-1,-1,0.6987174891528171
JOB_33,CV_051,0,-1,1,-1,1,0.9850352274079028
JOB_33,CV_065,-1,-1,-1,-1,1,0.698717489152817
JOB_33,CV_101,0,-1,-1,-1,-1,0.1087822236783695
JOB_33,CV_070,0,-1,1,-1,-1,0.7392104299313632
JOB_33,CV_090,0,-1,-1,-1,-1,0.1087822236783695
JOB_33,CV_079,1,-1,-1,-1,1,0.7760057395865282
JOB_33,CV_055,0,-1,-1,-1,1,0.7392104299313633
JOB_33,CV_102,0,-1,-1,-1,-1,0.1087822236783695
JOB_33,CV_083,0,-1,-1,-1,1,0.7392104299313633
JOB_33,CV_116,0,-1,1,-1,1,0.9850352274079028
JOB_33,CV_054,0,-1,1,-1,-1,0.7392104299313632
JOB_33,CV_021,-1,-1,-1,-1,-1,0.09079952375892328
JOB_33,CV_043,0,-1,-1,-1,-1,0.1087822236783695
JOB_33,CV_067,-1,-1,-1,-1,-1,0.09079952375892328
JOB_33,CV_078,0,-1,-1,-1,-1,0.1087822236783695
JOB_33,CV_108,1,-1,1,-1,-1,0.7760057395865282
JOB_33,CV_025,1,-1,1,-1,1,0.9877226901975171
JOB_33,CV_098,0,-1,-1,-1,-1,0.1087822236783695
JOB_33,CV_008,-1,-1,-1,-1,-1,0.09079952375892328
JOB_33,CV_006,0,-1,-1,-1,-1,0.1087822236783695
JOB_33,CV_022,1,-1,-1,-1,1,0.7760057395865282
JOB_33,CV_023,-1,-1,-1,-1,-1,0.09079952375892328
JOB_33,CV_019,1,-1,1,-1,-1,0.7760057395865282
JOB_33,CV_038,0,-1,1,-1,-1,0.7392104299313632
JOB_33,CV_049,1,-1,1,-1,-1,0.7760057395865282
JOB_33,CV_119,1,-1,-1,-1,-1,0.12981785668589885
JOB_33,CV_053,1,-1,-1,-1,-1,0.12981785668589885
JOB_33,CV_111,0,-1,-1,-1,-1,0.1087822236783695
JOB_33,CV_035,-1,-1,1,-1,-1,0.6987174891528171
JOB_34,CV_069,0,-1,1,0,-1,0.793441644914104
JOB_34,CV_054,0,1,1,1,1,0.9947044400573793
JOB_34,CV_043,1,0,1,0,-1,0.8515915098330731
JOB_34,CV_019,-1,0,1,0,1,0.9889138067848836
JOB_34,CV_063,1,-1,1,0,1,0.9909111581409155
JOB_34,CV_036,0,0,1,0,-1,0.8244029762987993
JOB_34,CV_106,-1,-1,1,0,1,0.9864835075253354
JOB_34,CV_080,1,0,1,-1,-1,0.8089512745610968
JOB_34,CV_092,0,-1,1,0,-1,0.793441644914104
JOB_34,CV_005,0,0,1,1,1,0.9935352566336874
JOB_34,CV_002,0,0,1,0,1,0.9909111581409155
JOB_34,CV_020,1,0,1,0,-1,0.8515915098330731
JOB_34,CV_056,0,0,1,0,-1,0.8244029762987993
JOB_34,CV_013,-1,-1,1,0,-1,0.7586195969184619
JOB_34,CV_099,-1,-1,1,0,1,0.9864835075253354
JOB_34,CV_028,0,-1,1,0,1,0.9889138067848836
JOB_34,CV_030,1,-1,1,0,-1,0.8244029762987993
JOB_34,CV_012,0,0,1,0,-1,0.8244029762987993
JOB_34,CV_046,-1,-1,1,-1,-1,0.6987174891528171
JOB_34,CV_075,-1,-1,1,0,-1,0.7586195969184619
JOB_34,CV_061,0,0,1,0,1,0.9909111581409155
JOB_34,CV_094,1,0,1,0,-1,0.8515915098330731
JOB_34,CV_010,0,-1,1,0,-1,0.793441644914104
JOB_34,CV_018,1,-1,1,0,1,0.9909111581409155
JOB_34,CV_101,0,-1,1,0,1,0.9889138067848836
JOB_34,CV_029,-1,0,1,0,-1,0.793441644914104
JOB_34,CV_059,1,0,1,0,-1,0.8515915098330731
JOB_34,CV_115,0,-1,1,0,-1,0.793441644914104
JOB_34,CV_083,1,0,1,0,-1,0.8515915098330731
JOB_34,CV_007,1,0,1,0,-1,0.8515915098330731
JOB_34,CV_045,-1,0,1,0,-1,0.793441644914104
JOB_34,CV_047,-1,-1,1,-1,-1,0.6987174891528171
JOB_34,CV_001,0,-1,1,0,-1,0.793441644914104
JOB_34,CV_039,0,1,1,0,-1,0.8515915098330731
JOB_34,CV_006,0,0,1,0,-1,0.8244029762987993
JOB_34,CV_064,-1,0,1,0,1,0.9889138067848836
JOB_34,CV_072,-1,-1,1,1,-1,0.8158462909997302
JOB_34,CV_065,1,0,1,-1,-1,0.8089512745610968
JOB_34,CV_021,0,0,1,0,-1,0.8244029762987993
JOB_34,CV_022,0,0,1,0,-1,0.8244029762987993
JOB_34,CV_086,0,-1,1,0,1,0.9889138067848836
JOB_34,CV_048,0,-1,1,0,-1,0.793441644914104
JOB_34,CV_081,-1,0,1,0,-1,0.793441644914104
JOB_34,CV_093,1,0,1,0,-1,0.8515915098330731
JOB_34,CV_116,-1,1,1,0,-1,0.8244029762987993
JOB_34,CV_023,1,0,1,0,-1,0.8515915098330731
JOB_34,CV_026,1,-1,1,0,1,0.9909111581409155
JOB_34,CV_016,0,0,1,0,-1,0.8244029762987993
JOB_34,CV_025,0,0,1,0,-1,0.8244029762987993
JOB_34,CV_031,0,0,1,0,-1,0.8244029762987993
JOB_34,CV_038,0,0,1,0,-1,0.8244029762987993
JOB_34,CV_000,1,-1,1,0,-1,0.8244029762987993
JOB_34,CV_058,1,0,1,0,-1,0.8515915098330731
JOB_34,CV_033,0,0,1,0,-1,0.8244029762987993
JOB_34,CV_084,0,-1,1,0,-1,0.793441644914104
JOB_34,CV_051,1,0,1,0,-1,0.8515915098330731
JOB_34,CV_079,1,-1,1,0,-1,0.8244029762987993
JOB_34,CV_015,0,-1,1,-1,-1,0.7392104299313632
JOB_34,CV_107,0,0,1,0,-1,0.8244029762987993
JOB_34,CV_109,0,-1,1,1,-1,0.8441091699732922
JOB_34,CV_085,1,0,1,0,-1,0.8515915098330731
JOB_34,CV_049,-1,-1,1,0,-1,0.7586195969184619
JOB_34,CV_044,1,0,1,0,-1,0.8515915098330731
JOB_34,CV_119,0,0,1,-1,-1,0.7760057395865282
JOB_34,CV_040,0,0,1,0,-1,0.8244029762987993
JOB_34,CV_078,0,0,1,0,1,0.9909111581409155
JOB_34,CV_062,1,0,1,0,-1,0.8515915098330731
JOB_34,CV_034,-1,0,1,0,-1,0.793441644914104
JOB_34,CV_088,0,0,1,-1,-1,0.7760057395865282
JOB_34,CV_118,-1,0,1,0,1,0.9889138067848836
JOB_35,CV_036,0,0,-1,1,-1,0.221781771504529
JOB_35,CV_103,1,0,-1,1,-1,0.2583346292282553
JOB_35,CV_053,-1,0,-1,-1,-1,0.1087822236783695
JOB_35,CV_012,-1,0,-1,1,1,0.8441091699732921
JOB_35,CV_063,0,-1,-1,1,-1,0.18908236238037454
JOB_35,CV_073,-1,-1,1,0,-1,0.7586195969184619
JOB_35,CV_004,-1,0,1,0,-1,0.793441644914104
JOB_35,CV_037,0,0,-1,-1,1,0.7760057395865282
JOB_35,CV_077,1,-1,1,-1,-1,0.7760057395865282
JOB_35,CV_002,-1,0,1,0,-1,0.793441644914104
JOB_35,CV_033,0,0,1,1,-1,0.8687323344441251
JOB_35,CV_030,-1,0,1,1,-1,0.8441091699732922
JOB_35,CV_075,1,-1,1,0,-1,0.8244029762987993
JOB_35,CV_048,0,-1,-1,0,1,0.7934416449141041
JOB_35,CV_047,-1,-1,1,-1,1,0.9817703452181514
JOB_35,CV_107,1,-1,1,1,-1,0.8687323344441251
JOB_35,CV_005,0,0,-1,0,-1,0.16817150740353892
JOB_35,CV_045,1,-1,1,1,1,0.9935352566336874
JOB_35,CV_074,0,0,1,0,1,0.9909111581409155
JOB_35,CV_025,0,0,1,0,1,0.9909111581409155
JOB_35,CV_102,1,-1,-1,-1,-1,0.12981785668589885
JOB_35,CV_007,0,0,-1,1,1,0.8687323344441249
JOB_35,CV_040,-1,0,1,1,-1,0.8441091699732922
JOB_35,CV_104,1,-1,-1,1,-1,0.221781771504529
JOB_35,CV_052,0,-1,-1,-1,1,0.7392104299313633
JOB_35,CV_096,0,0,-1,1,1,0.8687323344441249
JOB_35,CV_057,-1,0,-1,1,1,0.8441091699732921
JOB_35,CV_032,0,0,1,0,1,0.9909111581409155
JOB_35,CV_087,1,0,1,1,-1,0.8899731895162262
JOB_35,CV_042,0,-1,-1,1,-1,0.18908236238037454
JOB_35,CV_099,0,1,-1,0,-1,0.1981382408985132
JOB_35,CV_015,0,-1,-1,-1,1,0.7392104299313633
JOB_35,CV_059,1,0,-1,0,1,0.8515915098330731
JOB_35,CV_111,0,-1,-1,1,-1,0.18908236238037454
JOB_35,CV_049,0,0,1,1,-1,0.8687323344441251
JOB_35,CV_009,1,0,-1,0,1,0.8515915098330731
JOB_35,CV_078,0,0,-1,1,-1,0.221781771504529
JOB_35,CV_020,-1,-1,1,1,1,0.9903735230222465
JOB_35,CV_112,-1,0,1,1,-1,0.8441091699732922
JOB_35,CV_091,1,-1,1,0,1,0.9909111581409155
JOB_35,CV_060,-1,0,1,-1,-1,0.7392104299313632
JOB_35,CV_110,-1,-1,1,0,1,0.9864835075253354
JOB_35,CV_088,1,0,1,-1,-1,0.8089512745610968
JOB_35,CV_021,-1,-1,-1,0,-1,0.11920467168363139
JOB_35,CV_106,0,0,1,1,-1,0.8687323344441251
JOB_35,CV_085,0,0,1,1,1,0.9935352566336874
JOB_35,CV_027,1,-1,-1,0,-1,0.16817150740353892
JOB_35,CV_090,0,-1,-1,-1,-1,0.1087822236783695
JOB_35,CV_008,-1,0,1,1,-1,0.8441091699732922
JOB_35,CV_031,0,-1,-1,0,1,0.7934416449141041
JOB_35,CV_014,0,-1,-1,0,-1,0.14193475735256328
JOB_35,CV_000,1,-1,-1,1,-1,0.221781771504529
JOB_35,CV_092,1,-1,-1,1,1,0.8687323344441249
JOB_35,CV_022,0,-1,-1,0,1,0.7934416449141041
JOB_35,CV_034,0,-1,1,0,1,0.9889138067848836
JOB_35,CV_010,0,-1,1,1,1,0.9921099818949954
JOB_35,CV_119,0,0,1,-1,-1,0.7760057395865282
JOB_35,CV_071,0,0,1,-1,-1,0.7760057395865282
JOB_35,CV_109,0,1,-1,-1,-1,0.1542173437162248
JOB_35,CV_064,0,0,1,0,-1,0.8244029762987993
JOB_35,CV_011,-1,-1,1,-1,1,0.9817703452181514
JOB_35,CV_113,0,0,-1,0,1,0.8244029762987993
JOB_35,CV_056,-1,0,-1,0,1,0.7934416449141041
JOB_35,CV_093,0,0,1,0,-1,0.8244029762987993
JOB_35,CV_017,-1,-1,-1,-1,-1,0.09079952375892328
JOB_35,CV_013,-1,-1,1,1,1,0.9903735230222465
JOB_35,CV_023,0,-1,-1,0,-1,0.14193475735256328
JOB_35,CV_050,1,-1,1,1,-1,0.8687323344441251
JOB_35,CV_079,1,-1,-1,0,1,0.8244029762987992
JOB_35,CV_028,-1,0,-1,0,-1,0.14193475735256328
JOB_36,CV_003,1,-1,1,-1,1,0.9877226901975171
JOB_36,CV_099,0,-1,1,-1,-1,0.7392104299313632
JOB_36,CV_053,0,-1,1,-1,-1,0.7392104299313632
JOB_36,CV_067,1,-1,1,-1,-1,0.7760057395865282
JOB_36,CV_077,-1,-1,1,-1,-1,0.6987174891528171
JOB_36,CV_013,0,-1,1,-1,1,0.9850352274079028
JOB_36,CV_043,0,-1,1,-1,-1,0.7392104299313632
JOB_36,CV_000,1,-1,1,-1,-1,0.7760057395865282
JOB_36,CV_090,1,-1,1,-1,-1,0.7760057395865282
JOB_36,CV_023,1,-1,1,-1,-1,0.7760057395865282
JOB_36,CV_080,-1,-1,1,-1,-1,0.6987174891528171
JOB_36,CV_018,1,-1,1,-1,-1,0.7760057395865282
JOB_36,CV_035,0,-1,1,-1,-1,0.7392104299313632
JOB_36,CV_061,0,-1,1,-1,-1,0.7392104299313632
JOB_36,CV_078,-1,-1,1,-1,-1,0.6987174891528171
JOB_36,CV_025,0,-1,1,-1,1,0.9850352274079028
JOB_36,CV_075,1,-1,1,-1,-1,0.7760057395865282
JOB_36,CV_094,1,-1,1,-1,1,0.9877226901975171
JOB_36,CV_072,0,-1,1,-1,-1,0.7392104299313632
JOB_36,CV_050,-1,-1,1,-1,-1,0.6987174891528171
JOB_36,CV_109,0,-1,1,-1,-1,0.7392104299313632
JOB_36,CV_076,1,-1,1,-1,-1,0.7760057395865282
JOB_36,CV_006,0,-1,1,-1,-1,0.7392104299313632
JOB_36,CV_020,0,-1,1,-1,1,0.9850352274079028
JOB_36,CV_118,-1,-1,1,-1,-1,0.6987174891528171
JOB_36,CV_047,0,-1,1,-1,1,0.9850352274079028
JOB_36,CV_063,0,-1,1,-1,-1,0.7392104299313632
JOB_36,CV_119,1,-1,1,-1,-1,0.7760057395865282
JOB_36,CV_008,0,-1,1,-1,-1,0.7392104299313632
JOB_36,CV_097,0,-1,1,-1,1,0.9850352274079028
JOB_36,CV_041,0,-1,1,-1,-1,0.7392104299313632
JOB_36,CV_115,-1,-1,1,-1,-1,0.6987174891528171
JOB_36,CV_027,1,-1,1,-1,-1,0.7760057395865282
JOB_36,CV_084,0,-1,1,-1,-1,0.7392104299313632
JOB_36,CV_015,0,-1,1,-1,1,0.9850352274079028
JOB_36,CV_082,0,-1,1,-1,-1,0.7392104299313632
JOB_36,CV_064,0,-1,1,-1,-1,0.7392104299313632
JOB_36,CV_105,0,-1,1,-1,-1,0.7392104299313632
JOB_36,CV_086,0,-1,1,-1,-1,0.7392104299313632
JOB_36,CV_085,0,-1,1,-1,1,0.9850352274079028
JOB_36,CV_081,0,-1,1,-1,1,0.9850352274079028
JOB_36,CV_029,-1,-1,1,-1,1,0.9817703452181514
JOB_36,CV_051,0,-1,1,-1,1,0.9850352274079028
JOB_36,CV_060,-1,-1,1,-1,-1,0.6987174891528171
JOB_36,CV_017,0,-1,1,-1,-1,0.7392104299313632
JOB_36,CV_114,1,-1,1,-1,-1,0.7760057395865282
JOB_36,CV_117,1,-1,1,-1,-1,0.7760057395865282
JOB_36,CV_046,0,-1,1,-1,1,0.9850352274079028
JOB_36,CV_058,0,-1,1,-1,-1,0.7392104299313632
JOB_36,CV_032,-1,-1,1,-1,1,0.9817703452181514
JOB_36,CV_113,0,-1,1,-1,1,0.9850352274079028
JOB_36,CV_036,1,-1,1,-1,-1,0.7760057395865282
JOB_36,CV_007,-1,-1,1,-1,1,0.9817703452181514
JOB_36,CV_028,0,-1,1,-1,-1,0.7392104299313632
JOB_36,CV_048,1,-1,1,-1,1,0.9877226901975171
JOB_36,CV_014,1,-1,1,-1,-1,0.7760057395865282
JOB_36,CV_093,-1,-1,1,-1,-1,0.6987174891528171
JOB_36,CV_096,0,-1,1,-1,1,0.9850352274079028
JOB_36,CV_116,-1,-1,1,-1,1,0.9817703452181514
JOB_36,CV_001,-1,-1,1,-1,1,0.9817703452181514
JOB_36,CV_037,1,-1,1,-1,1,0.9877226901975171
JOB_36,CV_005,1,-1,1,-1,-1,0.7760057395865282
JOB_36,CV_045,1,-1,1,-1,1,0.9877226901975171
JOB_36,CV_026,-1,-1,1,-1,-1,0.6987174891528171
JOB_36,CV_022,1,-1,1,-1,1,0.9877226901975171
JOB_36,CV_088,0,-1,1,-1,-1,0.7392104299313632
JOB_36,CV_092,0,-1,1,-1,1,0.9850352274079028
JOB_36,CV_016,0,-1,1,-1,1,0.9850352274079028
JOB_36,CV_103,-1,-1,1,-1,-1,0.6987174891528171
JOB_36,CV_111,1,-1,1,-1,-1,0.7760057395865282
JOB_38,CV_060,0,1,1,-1,1,0.9899324551676333
JOB_38,CV_119,1,1,1,-1,-1,0.838062317751627
JOB_38,CV_035,-1,1,1,-1,1,0.9877226901975171
JOB_38,CV_014,-1,0,1,-1,1,0.9850352274079028
JOB_38,CV_106,-1,1,1,-1,1,0.9877226901975171
JOB_38,CV_100,0,1,1,-1,1,0.9899324551676333
JOB_38,CV_000,0,1,1,-1,-1,0.8089512745610968
JOB_38,CV_078,0,0,1,-1,1,0.9877226901975171
JOB_38,CV_015,-1,1,1,-1,-1,0.7760057395865282
JOB_38,CV_018,0,0,1,-1,1,0.9877226901975171
JOB_38,CV_047,0,0,1,-1,-1,0.7760057395865282
JOB_38,CV_055,0,1,1,-1,-1,0.8089512745610968
JOB_38,CV_114,0,1,1,-1,-1,0.8089512745610968
JOB_38,CV_109,-1,-1,1,-1,-1,0.6987174891528171
JOB_38,CV_082,1,1,1,-1,-1,0.838062317751627
JOB_38,CV_090,0,1,1,-1,-1,0.8089512745610968
JOB_38,CV_071,-1,1,1,-1,-1,0.7760057395865282
JOB_38,CV_112,-1,1,1,-1,-1,0.7760057395865282
JOB_38,CV_021,0,1,1,-1,-1,0.8089512745610968
JOB_38,CV_038,1,1,1,-1,-1,0.838062317751627
JOB_38,CV_039,0,1,1,-1,-1,0.8089512745610968
JOB_38,CV_052,0,0,1,-1,1,0.9877226901975171
JOB_38,CV_118,1,0,1,-1,1,0.9899324551676333
JOB_38,CV_026,0,0,1,-1,1,0.9877226901975171
JOB_38,CV_011,0,1,1,-1,-1,0.8089512745610968
JOB_38,CV_085,0,1,1,-1,-1,0.8089512745610968
JOB_38,CV_016,-1,0,1,-1,-1,0.7392104299313632
JOB_38,CV_058,0,1,1,-1,-1,0.8089512745610968
JOB_38,CV_027,0,1,1,-1,-1,0.8089512745610968
JOB_38,CV_010,1,1,1,-1,-1,0.838062317751627
JOB_38,CV_037,0,1,1,-1,-1,0.8089512745610968
JOB_38,CV_020,0,1,1,-1,-1,0.8089512745610968
JOB_38,CV_023,0,1,1,-1,-1,0.8089512745610968
JOB_38,CV_073,1,1,1,-1,1,0.9917478125249066
JOB_38,CV_099,1,1,1,-1,1,0.9917478125249066
JOB_38,CV_049,0,1,1,-1,-1,0.8089512745610968
JOB_38,CV_070,0,1,1,-1,1,0.9899324551676333
JOB_38,CV_005,0,1,1,-1,1,0.9899324551676333
JOB_38,CV_006,0,1,1,-1,-1,0.8089512745610968
JOB_38,CV_111,-1,1,1,-1,-1,0.7760057395865282
JOB_38,CV_093,0,1,1,-1,-1,0.8089512745610968
JOB_38,CV_033,-1,0,1,-1,-1,0.7392104299313632
JOB_38,CV_087,1,1,1,-1,-1,0.838062317751627
JOB_38,CV_042,0,1,1,-1,-1,0.8089512745610968
JOB_38,CV_009,1,0,1,-1,-1,0.8089512745610968
JOB_38,CV_062,0,0,1,-1,-1,0.7760057395865282
JOB_38,CV_041,0,1,1,-1,-1,0.8089512745610968
JOB_38,CV_098,0,1,1,-1,1,0.9899324551676333
JOB_38,CV_069,-1,0,1,-1,-1,0.7392104299313632
JOB_38,CV_065,0,1,1,-1,-1,0.8089512745610968
JOB_38,CV_017,-1,0,1,-1,-1,0.7392104299313632
JOB_38,CV_083,0,1,1,-1,-1,0.8089512745610968
JOB_38,CV_059,0,1,1,-1,-1,0.8089512745610968
JOB_38,CV_046,1,0,1,-1,-1,0.8089512745610968
JOB_38,CV_096,-1,1,1,-1,-1,0.7760057395865282
JOB_38,CV_086,-1,1,1,-1,1,0.9877226901975171
JOB_38,CV_064,0,1,1,-1,1,0.9899324551676333
JOB_38,CV_040,1,0,1,-1,-1,0.8089512745610968
JOB_38,CV_053,0,1,1,-1,1,0.9899324551676333
JOB_38,CV_072,0,1,1,-1,-1,0.8089512745610968
JOB_38,CV_110,0,0,1,-1,-1,0.7760057395865282
JOB_38,CV_022,-1,0,1,-1,-1,0.7392104299313632
JOB_38,CV_054,1,1,1,-1,1,0.9917478125249066
JOB_38,CV_034,0,1,1,-1,-1,0.8089512745610968
JOB_38,CV_089,0,1,1,-1,-1,0.8089512745610968
JOB_38,CV_012,0,1,1,-1,-1,0.8089512745610968
JOB_38,CV_050,-1,1,1,-1,-1,0.7760057395865282
JOB_38,CV_024,1,1,1,-1,-1,0.838062317751627
JOB_38,CV_095,-1,-1,1,-1,-1,0.6987174891528171
JOB_38,CV_045,0,1,1,-1,-1,0.8089512745610968
JOB_39,CV_009,1,1,1,0,-1,0.875207551880179
JOB_39,CV_084,0,0,1,0,-1,0.8244029762987993
JOB_39,CV_116,1,1,1,0,-1,0.875207551880179
JOB_39,CV_085,-1,0,1,0,-1,0.793441644914104
JOB_39,CV_033,0,1,1,0,-1,0.8515915098330731
JOB_39,CV_078,-1,1,1,0,1,0.9909111581409155
JOB_39,CV_046,0,0,1,-1,-1,0.7760057395865282
JOB_39,CV_115,1,0,1,0,-1,0.8515915098330731
JOB_39,CV_019,0,1,1,0,1,0.9925513658320195
JOB_39,CV_049,0,1,1,0,-1,0.8515915098330731
JOB_39,CV_061,-1,0,1,1,1,0.9921099818949954
JOB_39,CV_015,-1,1,1,-1,-1,0.7760057395865282
JOB_39,CV_118,0,0,1,0,1,0.9909111581409155
JOB_39,CV_055,1,0,1,0,-1,0.8515915098330731
JOB_39,CV_012,-1,1,1,0,-1,0.8244029762987993
JOB_39,CV_003,0,1,1,0,-1,0.8515915098330731
JOB_39,CV_070,1,1,1,0,1,0.9938973981992373
JOB_39,CV_050,0,0,1,1,-1,0.8687323344441251
JOB_39,CV_006,0,0,1,0,-1,0.8244029762987993
JOB_39,CV_112,1,1,1,0,-1,0.875207551880179
JOB_39,CV_072,0,0,1,0,-1,0.8244029762987993
JOB_39,CV_114,0,0,1,0,-1,0.8244029762987993
JOB_39,CV_007,-1,1,1,0,-1,0.8244029762987993
JOB_39,CV_105,1,1,1,1,-1,0.9081404248468237
JOB_39,CV_075,1,1,1,0,-1,0.875207551880179
JOB_39,CV_074,1,0,1,0,-1,0.8515915098330731
JOB_39,CV_107,-1,0,1,0,-1,0.793441644914104
JOB_39,CV_077,0,0,1,-1,1,0.9877226901975171
JOB_39,CV_097,-1,1,1,0,-1,0.8244029762987993
JOB_39,CV_018,-1,0,1,0,1,0.9889138067848836
JOB_39,CV_060,0,1,1,-1,1,0.9899324551676333
JOB_39,CV_013,1,0,1,1,-1,0.8899731895162262
JOB_39,CV_056,1,0,1,0,-1,0.8515915098330731
JOB_39,CV_032,0,1,1,0,-1,0.8515915098330731
JOB_39,CV_089,-1,1,1,0,-1,0.8244029762987993
JOB_39,CV_082,0,0,1,0,-1,0.8244029762987993
JOB_39,CV_087,0,1,1,0,-1,0.8515915098330731
JOB_39,CV_071,1,0,1,-1,-1,0.8089512745610968
JOB_39,CV_094,1,0,1,0,-1,0.8515915098330731
JOB_39,CV_092,0,1,1,0,-1,0.8515915098330731
JOB_39,CV_100,0,1,1,0,1,0.9925513658320195
JOB_39,CV_110,-1,0,1,0,-1,0.793441644914104
JOB_39,CV_069,0,1,1,0,-1,0.8515915098330731
JOB_39,CV_004,0,1,1,0,1,0.9925513658320195
JOB_39,CV_029,-1,1,1,0,-1,0.8244029762987993
JOB_39,CV_022,0,1,1,0,-1,0.8515915098330731
JOB_39,CV_099,1,0,1,0,1,0.9925513658320195
JOB_39,CV_096,0,0,1,0,-1,0.8244029762987993
JOB_39,CV_083,-1,0,1,0,-1,0.793441644914104
JOB_39,CV_053,-1,1,1,-1,1,0.9877226901975171
JOB_39,CV_038,0,1,1,0,-1,0.8515915098330731
JOB_39,CV_109,0,-1,1,-1,-1,0.7392104299313632
JOB_39,CV_002,0,1,1,0,1,0.9925513658320195
JOB_39,CV_051,0,1,1,0,-1,0.8515915098330731
JOB_39,CV_039,0,1,1,0,-1,0.8515915098330731
JOB_39,CV_016,1,1,1,0,-1,0.875207551880179
JOB_39,CV_104,0,0,1,0,-1,0.8244029762987993
JOB_39,CV_027,1,1,1,0,-1,0.875207551880179
JOB_39,CV_035,0,1,1,0,1,0.9925513658320195
JOB_39,CV_043,-1,0,1,1,-1,0.8441091699732922
JOB_39,CV_054,0,1,1,0,1,0.9925513658320195
JOB_39,CV_005,0,0,1,0,1,0.9909111581409155
JOB_39,CV_058,1,0,1,0,-1,0.8515915098330731
JOB_39,CV_113,1,0,1,0,-1,0.8515915098330731
JOB_39,CV_026,1,0,1,0,1,0.9925513658320195
JOB_39,CV_117,1,0,1,0,-1,0.8515915098330731
JOB_39,CV_088,0,1,1,-1,-1,0.8089512745610968
JOB_39,CV_020,0,1,1,0,-1,0.8515915098330731
JOB_39,CV_080,0,1,1,-1,-1,0.8089512745610968
JOB_39,CV_008,1,1,1,0,-1,0.875207551880179
JOB_40,CV_009,-1,0,1,1,-1,0.8441091699732922
JOB_40,CV_103,0,0,1,1,-1,0.8687323344441251
JOB_40,CV_082,-1,0,1,1,-1,0.8441091699732922
JOB_40,CV_086,0,0,1,1,1,0.9935352566336874
JOB_40,CV_107,0,0,1,1,-1,0.8687323344441251
JOB_40,CV_114,1,0,1,0,-1,0.8515915098330731
JOB_40,CV_106,-1,1,1,1,1,0.9935352566336874
JOB_40,CV_110,0,-1,1,1,-1,0.8441091699732922
JOB_40,CV_068,1,0,1,-1,1,0.9899324551676333
JOB_40,CV_095,0,-1,1,0,-1,0.793441644914104
JOB_40,CV_012,0,1,1,1,-1,0.8899731895162262
JOB_40,CV_047,1,-1,1,-1,-1,0.7760057395865282
JOB_40,CV_081,-1,0,1,1,-1,0.8441091699732922
JOB_40,CV_091,1,0,1,1,-1,0.8899731895162262
JOB_40,CV_050,1,0,1,1,-1,0.8899731895162262
JOB_40,CV_061,-1,0,1,1,1,0.9921099818949954
JOB_40,CV_064,0,1,1,1,1,0.9947044400573793
JOB_40,CV_096,0,0,1,1,-1,0.8687323344441251
JOB_40,CV_080,0,0,1,-1,-1,0.7760057395865282
JOB_40,CV_003,0,0,1,1,-1,0.8687323344441251
JOB_40,CV_085,0,-1,1,1,-1,0.8441091699732922
JOB_40,CV_074,0,0,1,0,-1,0.8244029762987993
JOB_40,CV_102,0,1,1,-1,-1,0.8089512745610968
JOB_40,CV_001,0,0,1,1,-1,0.8687323344441251
JOB_40,CV_043,-1,-1,1,1,-1,0.8158462909997302
JOB_40,CV_063,1,0,1,1,1,0.9947044400573793
JOB_40,CV_059,-1,0,1,1,-1,0.8441091699732922
JOB_40,CV_055,1,0,1,1,-1,0.8899731895162262
JOB_40,CV_033,0,0,1,1,-1,0.8687323344441251
JOB_40,CV_032,0,0,1,1,-1,0.8687323344441251
JOB_40,CV_004,0,0,1,1,1,0.9935352566336874
JOB_40,CV_048,0,-1,1,0,-1,0.793441644914104
JOB_40,CV_097,0,0,1,1,-1,0.8687323344441251
JOB_40,CV_014,0,-1,1,0,1,0.9889138067848836
JOB_40,CV_105,0,0,1,1,-1,0.8687323344441251
JOB_40,CV_111,-1,-1,1,1,-1,0.8158462909997302
JOB_40,CV_022,-1,0,1,1,-1,0.8441091699732922
JOB_40,CV_056,0,0,1,1,-1,0.8687323344441251
JOB_40,CV_067,-1,1,1,1,-1,0.8687323344441251
JOB_40,CV_038,0,0,1,1,-1,0.8687323344441251
JOB_40,CV_072,0,-1,1,1,-1,0.8441091699732922
JOB_40,CV_117,0,0,1,1,-1,0.8687323344441251
JOB_40,CV_101,-1,-1,1,1,1,0.9903735230222465
JOB_40,CV_088,1,0,1,-1,-1,0.8089512745610968
JOB_40,CV_027,-1,0,1,1,-1,0.8441091699732922
JOB_40,CV_029,0,1,1,1,-1,0.8899731895162262
JOB_40,CV_018,-1,-1,1,1,1,0.9903735230222465
JOB_40,CV_021,1,0,1,1,-1,0.8899731895162262
JOB_40,CV_041,-1,0,1,1,-1,0.8441091699732922
JOB_40,CV_112,1,0,1,1,-1,0.8899731895162262
JOB_40,CV_007,0,0,1,1,-1,0.8687323344441251
JOB_40,CV_104,-1,0,1,1,-1,0.8441091699732922
JOB_40,CV_116,1,1,1,1,-1,0.9081404248468237
JOB_40,CV_077,0,0,1,-1,1,0.9877226901975171
JOB_40,CV_036,0,0,1,1,-1,0.8687323344441251
JOB_40,CV_066,1,-1,1,1,-1,0.8687323344441251
JOB_40,CV_073,1,0,1,1,1,0.9947044400573793
JOB_40,CV_017,0,-1,1,-1,-1,0.7392104299313632
JOB_40,CV_051,0,0,1,1,-1,0.8687323344441251
JOB_40,CV_108,1,-1,1,1,1,0.9935352566336874
JOB_40,CV_071,1,0,1,-1,-1,0.8089512745610968
JOB_40,CV_092,1,-1,1,1,-1,0.8687323344441251
JOB_40,CV_094,0,1,1,1,-1,0.8899731895162262
JOB_40,CV_075,-1,0,1,1,-1,0.8441091699732922
JOB_40,CV_062,1,0,1,1,-1,0.8899731895162262
JOB_40,CV_023,0,0,1,1,-1,0.8687323344441251
JOB_40,CV_057,0,-1,1,1,-1,0.8441091699732922
JOB_40,CV_035,0,0,1,1,1,0.9935352566336874
JOB_40,CV_076,0,0,1,1,-1,0.8687323344441251
JOB_40,CV_100,-1,-1,1,1,1,0.9903735230222465
JOB_41,CV_090,0,0,1,-1,-1,0.7760057395865282
JOB_41,CV_107,1,0,1,-1,-1,0.8089512745610968
JOB_41,CV_015,1,1,1,1,-1,0.9081404248468237
JOB_41,CV_069,0,0,1,-1,-1,0.7760057395865282
JOB_41,CV_054,0,0,1,1,-1,0.8687323344441251
JOB_41,CV_034,0,1,1,-1,-1,0.8089512745610968
JOB_41,CV_035,0,1,1,-1,-1,0.8089512745610968
JOB_41,CV_030,-1,0,1,-1,-1,0.7392104299313632
JOB_41,CV_037,0,0,1,-1,-1,0.7760057395865282
JOB_41,CV_012,0,1,1,-1,-1,0.8089512745610968
JOB_41,CV_075,-1,-1,1,-1,-1,0.6987174891528171
JOB_41,CV_025,0,0,1,-1,-1,0.7760057395865282
JOB_41,CV_045,0,1,1,-1,-1,0.8089512745610968
JOB_41,CV_118,0,0,1,-1,-1,0.7760057395865282
JOB_41,CV_013,-1,0,1,-1,-1,0.7392104299313632
JOB_41,CV_093,0,0,1,-1,-1,0.7760057395865282
JOB_41,CV_065,0,1,1,-1,-1,0.8089512745610968
JOB_41,CV_020,0,0,1,-1,-1,0.7760057395865282
JOB_41,CV_014,0,-1,1,1,-1,0.8441091699732922
JOB_41,CV_092,0,0,1,-1,-1,0.7760057395865282
JOB_41,CV_113,1,1,1,-1,-1,0.838062317751627
JOB_41,CV_064,-1,0,1,-1,-1,0.7392104299313632
JOB_41,CV_111,1,0,1,-1,-1,0.8089512745610968
JOB_41,CV_023,0,0,1,-1,-1,0.7760057395865282
JOB_41,CV_048,0,-1,1,1,-1,0.8441091699732922
JOB_41,CV_059,0,1,1,1,-1,0.8899731895162262
JOB_41,CV_109,-1,-1,1,1,-1,0.8158462909997302
JOB_41,CV_078,-1,0,1,-1,-1,0.7392104299313632
JOB_41,CV_041,0,0,1,-1,-1,0.7760057395865282
JOB_41,CV_050,1,0,1,-1,-1,0.8089512745610968
JOB_41,CV_016,1,0,1,-1,-1,0.8089512745610968
JOB_41,CV_004,0,1,1,-1,-1,0.8089512745610968
JOB_41,CV_072,-1,0,1,1,-1,0.8441091699732922
JOB_41,CV_056,0,0,1,-1,-1,0.7760057395865282
JOB_41,CV_000,0,1,1,-1,-1,0.8089512745610968
JOB_41,CV_074,1,1,1,-1,-1,0.838062317751627
JOB_41,CV_031,1,0,1,-1,-1,0.8089512745610968
JOB_41,CV_089,1,0,1,-1,-1,0.8089512745610968
JOB_41,CV_055,0,1,1,-1,-1,0.8089512745610968
JOB_41,CV_080,0,0,1,-1,-1,0.7760057395865282
JOB_41,CV_063,0,0,1,-1,-1,0.7760057395865282
JOB_41,CV_007,1,0,1,-1,-1,0.8089512745610968
JOB_41,CV_088,-1,0,1,-1,-1,0.7392104299313632
JOB_41,CV_071,-1,0,1,-1,-1,0.7392104299313632
JOB_41,CV_100,-1,0,1,-1,-1,0.7392104299313632
JOB_41,CV_051,1,1,1,-1,-1,0.838062317751627
JOB_41,CV_049,0,0,1,-1,-1,0.7760057395865282
JOB_41,CV_046,0,0,1,-1,-1,0.7760057395865282
JOB_41,CV_085,1,0,1,-1,-1,0.8089512745610968
JOB_41,CV_058,1,0,1,-1,-1,0.8089512745610968
JOB_41,CV_098,0,1,1,-1,-1,0.8089512745610968
JOB_41,CV_028,-1,0,1,-1,-1,0.7392104299313632
JOB_41,CV_043,1,1,1,-1,-1,0.838062317751627
JOB_41,CV_116,1,0,1,-1,-1,0.8089512745610968
JOB_41,CV_042,0,0,1,-1,-1,0.7760057395865282
JOB_41,CV_005,0,0,1,1,-1,0.8687323344441251
JOB_41,CV_053,0,0,1,-1,-1,0.7760057395865282
JOB_41,CV_011,1,1,1,1,-1,0.9081404248468237
JOB_41,CV_001,0,1,1,-1,-1,0.8089512745610968
JOB_41,CV_083,0,0,1,-1,-1,0.7760057395865282
JOB_41,CV_095,-1,-1,1,-1,-1,0.6987174891528171
JOB_41,CV_017,1,0,1,-1,-1,0.8089512745610968
JOB_41,CV_096,0,0,1,-1,-1,0.7760057395865282
JOB_41,CV_119,-1,1,1,-1,-1,0.7760057395865282
JOB_41,CV_002,0,0,1,-1,-1,0.7760057395865282
JOB_41,CV_021,0,0,1,-1,-1,0.7760057395865282
JOB_41,CV_029,0,0,1,-1,-1,0.7760057395865282
JOB_41,CV_009,0,1,1,-1,-1,0.8089512745610968
JOB_41,CV_032,0,1,1,-1,-1,0.8089512745610968
JOB_41,CV_112,1,0,1,-1,-1,0.8089512745610968
JOB_42,CV_049,-1,1,1,1,-1,0.8687323344441251
JOB_42,CV_110,0,0,1,1,1,0.9935352566336874
JOB_42,CV_086,-1,1,1,1,-1,0.8687323344441251
JOB_42,CV_119,0,0,1,-1,-1,0.7760057395865282
JOB_42,CV_035,0,0,1,1,-1,0.8687323344441251
JOB_42,CV_045,0,1,1,1,1,0.9947044400573793
JOB_42,CV_109,-1,-1,1,-1,-1,0.6987174891528171
JOB_42,CV_077,-1,0,1,-1,-1,0.7392104299313632
JOB_42,CV_060,0,0,1,-1,-1,0.7760057395865282
JOB_42,CV_029,1,0,1,0,1,0.9925513658320195
JOB_42,CV_003,0,0,1,1,1,0.9935352566336874
JOB_42,CV_000,0,0,1,0,-1,0.8244029762987993
JOB_42,CV_065,0,0,1,-1,1,0.9877226901975171
JOB_42,CV_014,1,-1,1,0,-1,0.8244029762987993
JOB_42,CV_082,0,0,1,1,-1,0.8687323344441251
JOB_42,CV_020,0,1,1,1,1,0.9947044400573793
JOB_42,CV_116,-1,0,1,1,1,0.9921099818949954
JOB_42,CV_093,1,1,1,1,-1,0.9081404248468237
JOB_42,CV_055,-1,0,1,1,1,0.9921099818949954
JOB_42,CV_039,0,0,1,1,-1,0.8687323344441251
JOB_42,CV_111,-1,0,1,1,-1,0.8441091699732922
JOB_42,CV_054,-1,0,1,0,-1,0.793441644914104
JOB_42,CV_076,1,0,1,1,-1,0.8899731895162262
JOB_42,CV_001,-1,0,1,0,1,0.9889138067848836
JOB_42,CV_056,-1,0,1,0,1,0.9889138067848836
JOB_42,CV_078,0,1,1,1,-1,0.8899731895162262
JOB_42,CV_002,-1,1,1,0,-1,0.8244029762987993
JOB_42,CV_062,-1,1,1,1,1,0.9935352566336874
JOB_42,CV_044,1,1,1,1,-1,0.9081404248468237
JOB_42,CV_067,1,0,1,1,-1,0.8899731895162262
JOB_42,CV_023,1,1,1,1,-1,0.9081404248468237
JOB_42,CV_073,1,1,1,1,-1,0.9081404248468237
JOB_42,CV_048,0,-1,1,0,1,0.9889138067848836
JOB_42,CV_006,-1,0,1,1,-1,0.8441091699732922
JOB_42,CV_040,1,0,1,1,-1,0.8899731895162262
JOB_42,CV_057,1,0,1,1,1,0.9947044400573793
JOB_42,CV_097,1,0,1,1,1,0.9947044400573793
JOB_42,CV_010,0,-1,1,1,1,0.9921099818949954
JOB_42,CV_033,-1,0,1,1,-1,0.8441091699732922
JOB_42,CV_103,1,0,1,1,-1,0.8899731895162262
JOB_42,CV_074,1,0,1,0,1,0.9925513658320195
JOB_42,CV_013,1,0,1,1,1,0.9947044400573793
JOB_42,CV_050,-1,0,1,0,-1,0.793441644914104
JOB_42,CV_112,-1,1,1,1,-1,0.8687323344441251
JOB_42,CV_058,-1,0,1,1,-1,0.8441091699732922
JOB_42,CV_064,1,0,1,0,-1,0.8515915098330731
JOB_42,CV_028,-1,0,1,0,-1,0.793441644914104
JOB_42,CV_008,-1,1,1,1,-1,0.8687323344441251
JOB_42,CV_091,1,0,1,0,1,0.9925513658320195
JOB_42,CV_117,-1,0,1,0,-1,0.793441644914104
JOB_42,CV_089,1,1,1,1,-1,0.9081404248468237
JOB_42,CV_069,0,1,1,1,-1,0.8899731895162262
JOB_42,CV_115,1,0,1,1,-1,0.8899731895162262
JOB_42,CV_081,0,1,1,1,1,0.9947044400573793
JOB_42,CV_071,1,0,1,-1,-1,0.8089512745610968
JOB_42,CV_009,1,0,1,0,1,0.9925513658320195
JOB_42,CV_068,-1,0,1,1,-1,0.8441091699732922
JOB_42,CV_096,-1,0,1,1,1,0.9921099818949954
JOB_42,CV_021,-1,0,1,1,-1,0.8441091699732922
JOB_42,CV_099,0,0,1,0,-1,0.8244029762987993
JOB_42,CV_025,1,0,1,0,1,0.9925513658320195
JOB_42,CV_031,0,1,1,0,1,0.9925513658320195
JOB_42,CV_024,0,0,1,0,-1,0.8244029762987993
JOB_42,CV_084,-1,-1,1,0,-1,0.7586195969184619
JOB_42,CV_113,1,-1,1,0,1,0.9909111581409155
JOB_42,CV_105,1,1,1,0,-1,0.875207551880179
JOB_42,CV_118,0,1,1,1,-1,0.8899731895162262
JOB_42,CV_034,0,1,1,0,1,0.9925513658320195
JOB_42,CV_114,-1,0,1,1,-1,0.8441091699732922
JOB_42,CV_005,0,-1,1,0,-1,0.793441644914104
JOB_43,CV_082,1,0,1,1,-1,0.8899731895162262
JOB_43,CV_107,0,0,1,1,-1,0.8687323344441251
JOB_43,CV_006,1,1,1,1,-1,0.9081404248468237
JOB_43,CV_040,1,1,1,1,-1,0.9081404248468237
JOB_43,CV_069,-1,0,1,1,-1,0.8441091699732922
JOB_43,CV_115,0,0,1,1,-1,0.8687323344441251
JOB_43,CV_105,0,0,1,1,-1,0.8687323344441251
JOB_43,CV_095,-1,-1,1,1,-1,0.8158462909997302
JOB_43,CV_078,0,1,1,1,1,0.9947044400573793
JOB_43,CV_088,0,1,1,-1,-1,0.8089512745610968
JOB_43,CV_102,-1,0,1,-1,-1,0.7392104299313632
JOB_43,CV_036,0,1,1,1,-1,0.8899731895162262
JOB_43,CV_057,0,0,1,1,-1,0.8687323344441251
JOB_43,CV_067,-1,0,1,1,-1,0.8441091699732922
JOB_43,CV_044,0,1,1,1,-1,0.8899731895162262
JOB_43,CV_060,0,0,1,-1,1,0.9877226901975171
JOB_43,CV_053,0,0,1,-1,1,0.9877226901975171
JOB_43,CV_074,-1,0,1,1,-1,0.8441091699732922
JOB_43,CV_070,1,0,1,1,1,0.9947044400573793
JOB_43,CV_072,0,1,1,1,-1,0.8899731895162262
JOB_43,CV_014,-1,-1,1,1,1,0.9903735230222465
JOB_43,CV_008,0,0,1,1,-1,0.8687323344441251
JOB_43,CV_068,0,0,1,1,1,0.9935352566336874
JOB_43,CV_117,0,0,1,1,-1,0.8687323344441251
JOB_43,CV_031,0,0,1,1,-1,0.8687323344441251
JOB_43,CV_000,0,0,1,1,-1,0.8687323344441251
JOB_43,CV_087,-1,1,1,1,-1,0.8687323344441251
JOB_43,CV_108,-1,0,1,1,1,0.9921099818949954
JOB_43,CV_062,0,1,1,1,-1,0.8899731895162262
JOB_43,CV_098,0,0,1,1,1,0.9935352566336874
JOB_43,CV_063,0,0,1,1,1,0.9935352566336874
JOB_43,CV_061,1,1,1,1,1,0.9956630934198999
JOB_43,CV_041,0,0,1,1,-1,0.8687323344441251
JOB_43,CV_049,1,0,1,1,-1,0.8899731895162262
JOB_43,CV_058,0,0,1,1,-1,0.8687323344441251
JOB_43,CV_086,-1,0,1,1,1,0.9921099818949954
JOB_43,CV_037,1,0,1,-1,-1,0.8089512745610968
JOB_43,CV_116,0,0,1,1,-1,0.8687323344441251
JOB_43,CV_033,1,1,1,1,-1,0.9081404248468237
JOB_43,CV_119,0,0,1,-1,-1,0.7760057395865282
JOB_43,CV_019,0,1,1,1,1,0.9947044400573793
JOB_43,CV_022,1,1,1,1,-1,0.9081404248468237
JOB_43,CV_103,-1,1,1,1,-1,0.8687323344441251
JOB_43,CV_039,1,0,1,1,-1,0.8899731895162262
JOB_43,CV_094,0,0,1,1,-1,0.8687323344441251
JOB_43,CV_042,0,0,1,1,-1,0.8687323344441251
JOB_43,CV_073,0,0,1,1,1,0.9935352566336874
JOB_43,CV_043,1,0,1,1,-1,0.8899731895162262
JOB_43,CV_027,-1,0,1,1,-1,0.8441091699732922
JOB_43,CV_011,0,0,1,-1,-1,0.7760057395865282
JOB_43,CV_059,1,1,1,1,-1,0.9081404248468237
JOB_43,CV_047,0,-1,1,1,-1,0.8441091699732922
JOB_43,CV_034,-1,0,1,1,-1,0.8441091699732922
JOB_43,CV_029,0,0,1,1,-1,0.8687323344441251
JOB_43,CV_048,0,0,1,0,-1,0.8244029762987993
JOB_43,CV_050,0,0,1,1,-1,0.8687323344441251
JOB_43,CV_046,0,0,1,-1,-1,0.7760057395865282
JOB_43,CV_071,0,0,1,-1,-1,0.7760057395865282
JOB_43,CV_023,-1,1,1,1,-1,0.8687323344441251
JOB_43,CV_079,1,0,1,1,-1,0.8899731895162262
JOB_43,CV_056,1,1,1,1,-1,0.9081404248468237
JOB_43,CV_026,0,0,1,1,1,0.9935352566336874
JOB_43,CV_106,0,1,1,1,1,0.9947044400573793
JOB_43,CV_109,0,-1,1,-1,-1,0.7392104299313632
JOB_43,CV_089,0,1,1,1,-1,0.8899731895162262
JOB_43,CV_080,0,0,1,-1,-1,0.7760057395865282
JOB_43,CV_012,0,1,1,1,-1,0.8899731895162262
JOB_43,CV_084,0,0,1,1,-1,0.8687323344441251
JOB_43,CV_021,0,0,1,1,-1,0.8687323344441251
JOB_43,CV_065,0,1,1,-1,-1,0.8089512745610968
JOB_44,CV_066,1,0,1,-1,-1,0.8089512745610968
JOB_44,CV_037,1,0,1,-1,1,0.9899324551676333
JOB_44,CV_016,1,0,1,-1,1,0.9899324551676333
JOB_44,CV_002,1,0,1,-1,-1,0.8089512745610968
JOB_44,CV_088,0,0,1,-1,-1,0.7760057395865282
JOB_44,CV_055,1,0,1,-1,1,0.9899324551676333
JOB_44,CV_010,0,-1,1,-1,1,0.9850352274079028
JOB_44,CV_073,0,0,1,-1,-1,0.7760057395865282
JOB_44,CV_050,0,0,1,-1,-1,0.7760057395865282
JOB_44,CV_118,0,0,1,-1,-1,0.7760057395865282
JOB_44,CV_074,0,0,1,-1,1,0.9877226901975171
JOB_44,CV_081,1,0,1,-1,1,0.9899324551676333
JOB_44,CV_001,0,0,1,-1,1,0.9877226901975171
JOB_44,CV_012,-1,1,1,-1,1,0.9877226901975171
JOB_44,CV_049,0,-1,1,-1,-1,0.7392104299313632
JOB_44,CV_064,-1,1,1,-1,-1,0.7760057395865282
JOB_44,CV_035,-1,0,1,-1,-1,0.7392104299313632
JOB_44,CV_031,-1,1,1,-1,1,0.9877226901975171
JOB_44,CV_043,0,-1,1,-1,-1,0.7392104299313632
JOB_44,CV_011,0,-1,1,-1,1,0.9850352274079028
JOB_44,CV_094,1,1,1,-1,1,0.9917478125249066
JOB_44,CV_096,0,-1,1,-1,1,0.9850352274079028
JOB_44,CV_084,0,-1,1,-1,-1,0.7392104299313632
JOB_44,CV_087,0,0,1,-1,-1,0.7760057395865282
JOB_44,CV_117,0,-1,1,-1,-1,0.7392104299313632
JOB_44,CV_007,1,-1,1,-1,1,0.9877226901975171
JOB_44,CV_116,-1,0,1,-1,1,0.9850352274079028
JOB_44,CV_054,-1,1,1,-1,-1,0.7760057395865282
JOB_44,CV_097,1,0,1,-1,1,0.9899324551676333
JOB_44,CV_069,0,-1,1,-1,-1,0.7392104299313632
JOB_44,CV_013,-1,0,1,-1,1,0.9850352274079028
JOB_44,CV_025,-1,0,1,-1,1,0.9850352274079028
JOB_44,CV_028,1,-1,1,-1,-1,0.7760057395865282
JOB_44,CV_058,1,1,1,-1,-1,0.838062317751627
JOB_44,CV_030,0,-1,1,-1,-1,0.7392104299313632
JOB_44,CV_103,0,0,1,-1,-1,0.7760057395865282
JOB_44,CV_101,0,-1,1,-1,-1,0.7392104299313632
JOB_44,CV_053,1,0,1,-1,-1,0.8089512745610968
JOB_44,CV_112,1,0,1,-1,-1,0.8089512745610968
JOB_44,CV_093,-1,1,1,-1,-1,0.7760057395865282
JOB_44,CV_106,1,1,1,-1,-1,0.838062317751627
JOB_44,CV_026,-1,0,1,-1,-1,0.7392104299313632
JOB_44,CV_024,-1,0,1,-1,-1,0.7392104299313632
JOB_44,CV_045,0,0,1,-1,1,0.9877226901975171
JOB_44,CV_115,0,0,1,-1,-1,0.7760057395865282
JOB_44,CV_022,1,0,1,-1,1,0.9899324551676333
JOB_44,CV_110,-1,0,1,-1,1,0.9850352274079028
JOB_44,CV_104,0,0,1,-1,-1,0.7760057395865282
JOB_44,CV_040,1,0,1,-1,-1,0.8089512745610968
JOB_44,CV_004,1,0,1,-1,-1,0.8089512745610968
JOB_44,CV_078,-1,0,1,-1,-1,0.7392104299313632
JOB_44,CV_014,0,-1,1,-1,-1,0.7392104299313632
JOB_44,CV_046,0,-1,1,-1,1,0.9850352274079028
JOB_44,CV_062,-1,0,1,-1,1,0.9850352274079028
JOB_44,CV_020,1,0,1,-1,1,0.9899324551676333
JOB_44,CV_041,1,0,1,-1,-1,0.8089512745610968
JOB_44,CV_086,-1,0,1,-1,-1,0.7392104299313632
JOB_44,CV_009,-1,0,1,-1,1,0.9850352274079028
JOB_44,CV_095,-1,-1,1,-1,1,0.9817703452181514
JOB_44,CV_056,1,-1,1,1,1,0.9935352566336874
JOB_44,CV_034,-1,0,1,-1,1,0.9850352274079028
JOB_44,CV_027,0,0,1,-1,-1,0.7760057395865282
JOB_44,CV_100,0,0,1,-1,-1,0.7760057395865282
JOB_44,CV_018,0,0,1,-1,-1,0.7760057395865282
JOB_44,CV_057,-1,-1,1,-1,1,0.9817703452181514
JOB_44,CV_077,-1,0,1,-1,-1,0.7392104299313632
JOB_44,CV_091,1,-1,1,-1,1,0.9877226901975171
JOB_44,CV_076,1,0,1,-1,-1,0.8089512745610968
JOB_44,CV_098,1,0,1,-1,-1,0.8089512745610968
JOB_44,CV_089,0,1,1,-1,-1,0.8089512745610968
JOB_45,CV_063,0,0,1,1,1,0.9935352566336874
JOB_45,CV_052,1,-1,1,-1,1,0.9877226901975171
JOB_45,CV_097,0,0,1,1,-1,0.8687323344441251
JOB_45,CV_116,0,-1,1,1,-1,0.8441091699732922
JOB_45,CV_000,-1,0,1,0,-1,0.793441644914104
JOB_45,CV_006,-1,0,1,1,-1,0.8441091699732922
JOB_45,CV_094,0,-1,1,1,-1,0.8441091699732922
JOB_45,CV_026,-1,-1,1,1,1,0.9903735230222465
JOB_45,CV_083,0,-1,1,1,-1,0.8441091699732922
JOB_45,CV_098,0,-1,1,1,1,0.9921099818949954
JOB_45,CV_038,1,-1,1,1,-1,0.8687323344441251
JOB_45,CV_032,0,0,1,1,-1,0.8687323344441251
JOB_45,CV_100,0,-1,1,0,1,0.9889138067848836
JOB_45,CV_045,0,0,1,1,-1,0.8687323344441251
JOB_45,CV_023,-1,-1,1,1,-1,0.8158462909997302
JOB_45,CV_109,-1,-1,1,-1,-1,0.6987174891528171
JOB_45,CV_005,0,-1,1,0,1,0.9889138067848836
JOB_45,CV_104,1,-1,1,1,-1,0.8687323344441251
JOB_45,CV_049,-1,-1,1,1,-1,0.8158462909997302
JOB_45,CV_093,0,0,1,1,-1,0.8687323344441251
JOB_45,CV_042,1,-1,1,1,-1,0.8687323344441251
JOB_45,CV_043,1,-1,1,0,-1,0.8244029762987993
JOB_45,CV_082,-1,0,1,1,-1,0.8441091699732922
JOB_45,CV_075,1,-1,1,1,-1,0.8687323344441251
JOB_45,CV_014,-1,-1,1,0,1,0.9864835075253354
JOB_45,CV_085,0,-1,1,1,-1,0.8441091699732922
JOB_45,CV_050,1,-1,1,0,-1,0.8244029762987993
JOB_45,CV_056,0,0,1,0,-1,0.8244029762987993
JOB_45,CV_119,0,-1,1,-1,-1,0.7392104299313632
JOB_45,CV_004,0,-1,1,0,1,0.9889138067848836
JOB_45,CV_067,0,-1,1,1,-1,0.8441091699732922
JOB_45,CV_020,0,-1,1,1,-1,0.8441091699732922
JOB_45,CV_047,0,-1,1,-1,-1,0.7392104299313632
JOB_45,CV_008,1,-1,1,1,-1,0.8687323344441251
JOB_45,CV_112,1,-1,1,1,-1,0.8687323344441251
JOB_45,CV_068,1,-1,1,-1,1,0.9877226901975171
JOB_45,CV_035,0,-1,1,1,1,0.9921099818949954
JOB_45,CV_080,0,0,1,-1,-1,0.7760057395865282
JOB_45,CV_108,1,-1,1,0,1,0.9909111581409155
JOB_45,CV_061,1,-1,1,0,1,0.9909111581409155
JOB_45,CV_059,0,-1,1,0,-1,0.793441644914104
JOB_45,CV_051,-1,0,1,1,-1,0.8441091699732922
JOB_45,CV_066,-1,-1,1,1,-1,0.8158462909997302
JOB_45,CV_077,0,0,1,-1,1,0.9877226901975171
JOB_45,CV_007,0,0,1,1,-1,0.8687323344441251
JOB_45,CV_106,1,0,1,1,1,0.9947044400573793
JOB_45,CV_114,0,0,1,0,-1,0.8244029762987993
JOB_45,CV_115,-1,-1,1,1,-1,0.8158462909997302
JOB_45,CV_057,0,-1,1,1,-1,0.8441091699732922
JOB_45,CV_113,0,-1,1,0,-1,0.793441644914104
JOB_45,CV_078,-1,-1,1,1,1,0.9903735230222465
JOB_45,CV_087,0,-1,1,1,-1,0.8441091699732922
JOB_45,CV_048,0,-1,1,0,-1,0.793441644914104
JOB_45,CV_033,0,-1,1,1,-1,0.8441091699732922
JOB_45,CV_069,0,-1,1,1,-1,0.8441091699732922
JOB_45,CV_111,0,-1,1,1,-1,0.8441091699732922
JOB_45,CV_019,0,-1,1,1,1,0.9921099818949954
JOB_45,CV_017,1,-1,1,-1,-1,0.7760057395865282
JOB_45,CV_028,-1,-1,1,0,1,0.9864835075253354
JOB_45,CV_002,1,-1,1,0,1,0.9909111581409155
JOB_45,CV_081,0,-1,1,1,-1,0.8441091699732922
JOB_45,CV_060,1,-1,1,-1,1,0.9877226901975171
JOB_45,CV_010,1,0,1,1,-1,0.8899731895162262
JOB_45,CV_001,0,-1,1,0,-1,0.793441644914104
JOB_45,CV_090,0,-1,1,-1,-1,0.7392104299313632
JOB_45,CV_016,-1,-1,1,1,-1,0.8158462909997302
JOB_45,CV_044,1,-1,1,1,-1,0.8687323344441251
JOB_45,CV_011,0,0,1,-1,-1,0.7760057395865282
JOB_45,CV_037,0,0,1,-1,-1,0.7760057395865282
JOB_45,CV_013,0,-1,1,1,-1,0.8441091699732922
JOB_46,CV_103,0,1,1,1,-1,0.8899731895162262
JOB_46,CV_058,0,0,1,1,-1,0.8687323344441251
JOB_46,CV_073,0,0,1,1,-1,0.8687323344441251
JOB_46,CV_096,0,0,1,1,1,0.9935352566336874
JOB_46,CV_021,0,0,1,1,-1,0.8687323344441251
JOB_46,CV_097,1,0,1,1,1,0.9947044400573793
JOB_46,CV_005,0,0,1,1,-1,0.8687323344441251
JOB_46,CV_003,0,0,1,1,1,0.9935352566336874
JOB_46,CV_081,0,0,1,1,1,0.9935352566336874
JOB_46,CV_078,-1,0,1,1,-1,0.8441091699732922
JOB_46,CV_118,0,0,1,1,-1,0.8687323344441251
JOB_46,CV_006,0,-1,1,1,-1,0.8441091699732922
JOB_46,CV_099,0,0,1,1,-1,0.8687323344441251
JOB_46,CV_066,-1,0,1,1,-1,0.8441091699732922
JOB_46,CV_052,-1,0,1,-1,1,0.9850352274079028
JOB_46,CV_044,1,0,1,1,-1,0.8899731895162262
JOB_46,CV_033,0,1,1,1,-1,0.8899731895162262
JOB_46,CV_105,-1,0,1,1,-1,0.8441091699732922
JOB_46,CV_057,0,-1,1,1,1,0.9921099818949954
JOB_46,CV_068,0,0,1,1,-1,0.8687323344441251
JOB_46,CV_030,1,1,1,1,-1,0.9081404248468237
JOB_46,CV_087,-1,-1,1,1,-1,0.8158462909997302
JOB_46,CV_055,-1,0,1,1,1,0.9921099818949954
JOB_46,CV_086,1,1,1,1,-1,0.9081404248468237
JOB_46,CV_106,-1,0,1,1,-1,0.8441091699732922
JOB_46,CV_113,-1,0,1,1,1,0.9921099818949954
JOB_46,CV_060,1,0,1,-1,-1,0.8089512745610968
JOB_46,CV_028,0,0,1,1,-1,0.8687323344441251
JOB_46,CV_095,0,-1,1,1,1,0.9921099818949954
JOB_46,CV_045,-1,0,1,1,1,0.9921099818949954
JOB_46,CV_059,-1,0,1,1,1,0.9921099818949954
JOB_46,CV_046,-1,0,1,-1,1,0.9850352274079028
JOB_46,CV_094,1,0,1,1,1,0.9947044400573793
JOB_46,CV_069,0,1,1,1,-1,0.8899731895162262
JOB_46,CV_116,0,0,1,1,1,0.9935352566336874
JOB_46,CV_091,1,0,1,1,1,0.9947044400573793
JOB_46,CV_083,0,-1,1,1,1,0.9921099818949954
JOB_46,CV_107,-1,0,1,1,-1,0.8441091699732922
JOB_46,CV_018,0,0,1,1,-1,0.8687323344441251
JOB_46,CV_048,1,-1,1,1,1,0.9935352566336874
JOB_46,CV_041,1,0,1,1,-1,0.8899731895162262
JOB_46,CV_111,-1,0,1,1,-1,0.8441091699732922
JOB_46,CV_007,0,0,1,1,1,0.9935352566336874
JOB_46,CV_077,0,0,1,-1,-1,0.7760057395865282
JOB_46,CV_016,1,1,1,1,1,0.9956630934198999
JOB_46,CV_000,-1,0,1,1,-1,0.8441091699732922
JOB_46,CV_013,0,0,1,1,1,0.9935352566336874
JOB_46,CV_031,1,1,1,1,1,0.9956630934198999
JOB_46,CV_034,0,0,1,1,1,0.9935352566336874
JOB_46,CV_053,0,0,1,-1,-1,0.7760057395865282
JOB_46,CV_049,-1,1,1,1,-1,0.8687323344441251
JOB_46,CV_076,0,0,1,1,-1,0.8687323344441251
JOB_46,CV_010,0,0,1,1,1,0.9935352566336874
JOB_46,CV_108,1,0,1,1,-1,0.8899731895162262
JOB_46,CV_020,0,0,1,1,1,0.9935352566336874
JOB_46,CV_109,0,-1,1,-1,-1,0.7392104299313632
JOB_46,CV_024,0,0,1,0,-1,0.8244029762987993
JOB_46,CV_065,-1,0,1,-1,1,0.9850352274079028
JOB_46,CV_104,0,0,1,1,-1,0.8687323344441251
JOB_46,CV_047,0,-1,1,1,1,0.9921099818949954
JOB_46,CV_071,1,0,1,-1,-1,0.8089512745610968
JOB_46,CV_119,0,0,1,-1,-1,0.7760057395865282
JOB_46,CV_079,0,0,1,1,1,0.9935352566336874
JOB_46,CV_061,-1,0,1,1,-1,0.8441091699732922
JOB_46,CV_011,1,0,1,-1,1,0.9899324551676333
JOB_46,CV_101,-1,0,1,1,-1,0.8441091699732922
JOB_46,CV_009,1,1,1,1,1,0.9956630934198999
JOB_46,CV_035,0,0,1,1,-1,0.8687323344441251
JOB_46,CV_023,1,0,1,1,-1,0.8899731895162262
JOB_46,CV_032,0,1,1,1,1,0.9947044400573793
JOB_47,CV_079,1,0,1,0,-1,0.8515915098330731
JOB_47,CV_062,0,-1,1,1,-1,0.8441091699732922
JOB_47,CV_074,1,-1,1,0,-1,0.8244029762987993
JOB_47,CV_054,0,-1,1,0,-1,0.793441644914104
JOB_47,CV_019,-1,-1,1,1,-1,0.8158462909997302
JOB_47,CV_085,0,-1,1,1,-1,0.8441091699732922
JOB_47,CV_076,-1,-1,1,1,-1,0.8158462909997302
JOB_47,CV_113,0,-1,1,0,-1,0.793441644914104
JOB_47,CV_032,1,0,1,1,-1,0.8899731895162262
JOB_47,CV_061,1,-1,1,0,-1,0.8244029762987993
JOB_47,CV_033,-1,0,1,1,-1,0.8441091699732922
JOB_47,CV_071,0,-1,1,-1,1,0.9850352274079028
JOB_47,CV_011,0,-1,1,-1,-1,0.7392104299313632
JOB_47,CV_021,1,-1,1,1,-1,0.8687323344441251
JOB_47,CV_111,-1,-1,1,1,-1,0.8158462909997302
JOB_47,CV_041,0,-1,1,1,-1,0.8441091699732922
JOB_47,CV_059,0,-1,1,0,-1,0.793441644914104
JOB_47,CV_049,-1,1,1,1,-1,0.8687323344441251
JOB_47,CV_035,0,0,1,1,1,0.9935352566336874
JOB_47,CV_073,0,0,1,0,-1,0.8244029762987993
JOB_47,CV_098,1,-1,1,1,-1,0.8687323344441251
JOB_47,CV_010,1,-1,1,1,-1,0.8687323344441251
JOB_47,CV_088,0,0,1,-1,1,0.9877226901975171
JOB_47,CV_008,0,1,1,1,-1,0.8899731895162262
JOB_47,CV_045,-1,0,1,1,-1,0.8441091699732922
JOB_47,CV_100,1,-1,1,0,-1,0.8244029762987993
JOB_47,CV_065,1,-1,1,-1,-1,0.7760057395865282
JOB_47,CV_107,1,0,1,1,-1,0.8899731895162262
JOB_47,CV_015,1,-1,1,1,-1,0.8687323344441251
JOB_47,CV_022,0,-1,1,0,-1,0.793441644914104
JOB_47,CV_070,1,1,1,1,-1,0.9081404248468237
JOB_47,CV_087,0,0,1,1,-1,0.8687323344441251
JOB_47,CV_104,0,-1,1,1,-1,0.8441091699732922
JOB_47,CV_112,0,0,1,1,-1,0.8687323344441251
JOB_47,CV_039,-1,1,1,1,-1,0.8687323344441251
JOB_47,CV_006,-1,-1,1,1,-1,0.8158462909997302
JOB_47,CV_030,0,1,1,1,-1,0.8899731895162262
JOB_47,CV_004,0,0,1,0,-1,0.8244029762987993
JOB_47,CV_029,1,1,1,0,-1,0.875207551880179
JOB_47,CV_046,-1,-1,1,-1,-1,0.6987174891528171
JOB_47,CV_090,-1,-1,1,-1,-1,0.6987174891528171
JOB_47,CV_013,-1,-1,1,1,-1,0.8158462909997302
JOB_47,CV_056,-1,-1,1,0,-1,0.7586195969184619
JOB_47,CV_009,-1,0,1,0,-1,0.793441644914104
JOB_47,CV_089,0,1,1,1,-1,0.8899731895162262
JOB_47,CV_064,0,0,1,0,-1,0.8244029762987993
JOB_47,CV_080,1,0,1,-1,-1,0.8089512745610968
JOB_47,CV_110,1,0,1,1,-1,0.8899731895162262
JOB_47,CV_105,0,-1,1,0,-1,0.793441644914104
JOB_47,CV_101,-1,-1,1,0,-1,0.7586195969184619
JOB_47,CV_116,-1,1,1,1,-1,0.8687323344441251
JOB_47,CV_036,1,0,1,1,-1,0.8899731895162262
JOB_47,CV_040,0,0,1,1,-1,0.8687323344441251
JOB_47,CV_003,1,0,1,1,-1,0.8899731895162262
JOB_47,CV_002,1,0,1,0,-1,0.8515915098330731
JOB_47,CV_038,1,-1,1,1,1,0.9935352566336874
JOB_47,CV_047,1,-1,1,1,-1,0.8687323344441251
JOB_47,CV_000,0,-1,1,0,-1,0.793441644914104
JOB_47,CV_053,0,-1,1,-1,-1,0.7392104299313632
JOB_47,CV_017,1,-1,1,-1,-1,0.7760057395865282
JOB_47,CV_068,0,-1,1,1,-1,0.8441091699732922
JOB_47,CV_026,-1,0,1,1,-1,0.8441091699732922
JOB_47,CV_034,0,0,1,0,-1,0.8244029762987993
JOB_47,CV_007,0,0,1,1,-1,0.8687323344441251
JOB_47,CV_086,1,0,1,1,-1,0.8899731895162262
JOB_47,CV_048,0,-1,1,0,-1,0.793441644914104
JOB_47,CV_001,0,0,1,0,-1,0.8244029762987993
JOB_47,CV_066,1,-1,1,1,-1,0.8687323344441251
JOB_47,CV_024,1,-1,1,0,-1,0.8244029762987993
JOB_47,CV_093,0,0,1,1,-1,0.8687323344441251
JOB_48,CV_039,0,1,1,0,-1,0.8515915098330731
JOB_48,CV_066,0,-1,1,0,-1,0.793441644914104
JOB_48,CV_095,-1,-1,1,0,-1,0.7586195969184619
JOB_48,CV_099,1,0,1,0,1,0.9925513658320195
JOB_48,CV_022,0,0,1,0,-1,0.8244029762987993
JOB_48,CV_004,0,0,1,0,1,0.9909111581409155
JOB_48,CV_017,0,-1,1,-1,-1,0.7392104299313632
JOB_48,CV_084,-1,0,1,0,-1,0.793441644914104
JOB_48,CV_013,1,-1,1,0,-1,0.8244029762987993
JOB_48,CV_058,0,0,1,0,-1,0.8244029762987993
JOB_48,CV_106,0,0,1,0,1,0.9909111581409155
JOB_48,CV_110,-1,-1,1,0,-1,0.7586195969184619
JOB_48,CV_096,-1,-1,1,0,-1,0.7586195969184619
JOB_48,CV_069,1,0,1,0,-1,0.8515915098330731
JOB_48,CV_046,0,-1,1,-1,-1,0.7392104299313632
JOB_48,CV_108,-1,-1,1,0,1,0.9864835075253354
JOB_48,CV_104,-1,0,1,0,-1,0.793441644914104
JOB_48,CV_115,0,-1,1,0,-1,0.793441644914104
JOB_48,CV_055,0,0,1,0,-1,0.8244029762987993
JOB_48,CV_081,0,0,1,0,-1,0.8244029762987993
JOB_48,CV_077,0,-1,1,-1,1,0.9850352274079028
JOB_48,CV_009,-1,0,1,0,-1,0.793441644914104
JOB_48,CV_033,0,0,1,0,-1,0.8244029762987993
JOB_48,CV_024,1,0,1,-1,-1,0.8089512745610968
JOB_48,CV_043,-1,-1,1,0,-1,0.7586195969184619
JOB_48,CV_113,0,0,1,0,-1,0.8244029762987993
JOB_48,CV_012,0,0,1,0,-1,0.8244029762987993
JOB_48,CV_008,0,0,1,0,-1,0.8244029762987993
JOB_48,CV_028,-1,-1,1,1,1,0.9903735230222465
JOB_48,CV_094,1,0,1,0,-1,0.8515915098330731
JOB_48,CV_005,0,0,1,0,1,0.9909111581409155
JOB_48,CV_007,0,0,1,0,-1,0.8244029762987993
JOB_48,CV_038,0,0,1,0,-1,0.8244029762987993
JOB_48,CV_001,-1,-1,1,0,-1,0.7586195969184619
JOB_48,CV_000,-1,0,1,0,-1,0.793441644914104
JOB_48,CV_027,0,-1,1,0,-1,0.793441644914104
JOB_48,CV_062,-1,0,1,0,-1,0.793441644914104
JOB_48,CV_101,0,-1,1,0,1,0.9889138067848836
JOB_48,CV_061,0,0,1,0,1,0.9909111581409155
JOB_48,CV_018,0,-1,1,0,1,0.9889138067848836
JOB_48,CV_065,0,0,1,-1,-1,0.7760057395865282
JOB_48,CV_025,0,0,1,0,-1,0.8244029762987993
JOB_48,CV_020,-1,0,1,0,-1,0.793441644914104
JOB_48,CV_071,0,0,1,-1,-1,0.7760057395865282
JOB_48,CV_015,0,0,1,1,-1,0.8687323344441251
JOB_48,CV_068,0,-1,1,-1,1,0.9850352274079028
JOB_48,CV_093,0,0,1,0,-1,0.8244029762987993
JOB_48,CV_070,0,0,1,0,1,0.9909111581409155
JOB_48,CV_103,-1,0,1,0,-1,0.793441644914104
JOB_48,CV_082,-1,0,1,0,-1,0.793441644914104
JOB_48,CV_083,-1,-1,1,0,-1,0.7586195969184619
JOB_48,CV_047,1,-1,1,-1,-1,0.7760057395865282
JOB_48,CV_119,-1,0,1,-1,-1,0.7392104299313632
JOB_48,CV_089,-1,0,1,0,-1,0.793441644914104
JOB_48,CV_021,0,0,1,0,-1,0.8244029762987993
JOB_48,CV_037,-1,0,1,1,-1,0.8441091699732922
JOB_48,CV_040,0,0,1,0,-1,0.8244029762987993
JOB_48,CV_034,-1,0,1,0,-1,0.793441644914104
JOB_48,CV_029,-1,0,1,0,-1,0.793441644914104
JOB_48,CV_097,0,1,1,0,-1,0.8515915098330731
JOB_48,CV_044,0,0,1,0,-1,0.8244029762987993
JOB_48,CV_086,0,0,1,0,1,0.9909111581409155
JOB_48,CV_054,0,-1,1,0,1,0.9889138067848836
JOB_48,CV_092,0,-1,1,0,-1,0.793441644914104
JOB_48,CV_053,0,0,1,-1,1,0.9877226901975171
JOB_48,CV_118,-1,-1,1,0,1,0.9864835075253354
JOB_48,CV_090,0,0,1,-1,-1,0.7760057395865282
JOB_48,CV_051,0,0,1,0,-1,0.8244029762987993
JOB_48,CV_003,0,-1,1,0,-1,0.793441644914104
JOB_48,CV_006,0,0,1,0,-1,0.8244029762987993
JOB_49,CV_042,0,1,1,1,-1,0.8899731895162262
JOB_49,CV_034,1,1,1,0,-1,0.875207551880179
JOB_49,CV_005,0,0,1,0,1,0.9909111581409155
JOB_49,CV_089,1,1,1,1,-1,0.9081404248468237
JOB_49,CV_053,1,1,1,1,-1,0.9081404248468237
JOB_49,CV_047,0,-1,1,-1,-1,0.7392104299313632
JOB_49,CV_010,0,1,1,1,-1,0.8899731895162262
JOB_49,CV_114,0,1,1,0,-1,0.8515915098330731
JOB_49,CV_061,-1,0,1,0,-1,0.793441644914104
JOB_49,CV_109,0,-1,1,-1,-1,0.7392104299313632
JOB_49,CV_046,1,0,1,-1,-1,0.8089512745610968
JOB_49,CV_016,-1,0,1,1,-1,0.8441091699732922
JOB_49,CV_026,-1,0,1,1,-1,0.8441091699732922
JOB_49,CV_001,1,0,1,0,-1,0.8515915098330731
JOB_49,CV_092,-1,0,1,1,-1,0.8441091699732922
JOB_49,CV_074,1,1,1,0,-1,0.875207551880179
JOB_49,CV_106,0,1,1,1,-1,0.8899731895162262
JOB_49,CV_083,1,1,1,1,-1,0.9081404248468237
JOB_49,CV_035,0,0,1,1,-1,0.8687323344441251
JOB_49,CV_041,1,0,1,1,-1,0.8899731895162262
JOB_49,CV_087,0,1,1,1,1,0.9947044400573793
JOB_49,CV_024,0,1,1,0,-1,0.8515915098330731
JOB_49,CV_112,0,1,1,1,-1,0.8899731895162262
JOB_49,CV_080,-1,0,1,-1,-1,0.7392104299313632
JOB_49,CV_008,0,1,1,1,1,0.9947044400573793
JOB_49,CV_094,0,1,1,1,-1,0.8899731895162262
JOB_49,CV_105,1,1,1,0,-1,0.875207551880179
JOB_49,CV_100,1,1,1,0,-1,0.875207551880179
JOB_49,CV_084,0,1,1,0,-1,0.8515915098330731
JOB_49,CV_036,-1,1,1,1,-1,0.8687323344441251
JOB_49,CV_065,0,1,1,-1,-1,0.8089512745610968
JOB_49,CV_063,0,1,1,1,-1,0.8899731895162262
JOB_49,CV_072,1,1,1,0,-1,0.875207551880179
JOB_49,CV_082,1,0,1,1,-1,0.8899731895162262
JOB_49,CV_020,0,1,1,1,-1,0.8899731895162262
JOB_49,CV_119,1,0,1,-1,-1,0.8089512745610968
JOB_49,CV_019,-1,1,1,1,-1,0.8687323344441251
JOB_49,CV_099,0,1,1,1,-1,0.8899731895162262
JOB_49,CV_039,0,0,1,1,-1,0.8687323344441251
JOB_49,CV_107,-1,1,1,1,1,0.9935352566336874
JOB_49,CV_044,1,1,1,1,-1,0.9081404248468237
JOB_49,CV_097,-1,1,1,1,-1,0.8687323344441251
JOB_49,CV_067,-1,0,1,1,-1,0.8441091699732922
JOB_49,CV_000,1,1,1,0,-1,0.875207551880179
JOB_49,CV_025,0,1,1,0,-1,0.8515915098330731
JOB_49,CV_098,1,0,1,1,-1,0.8899731895162262
JOB_49,CV_037,1,1,1,1,-1,0.9081404248468237
JOB_49,CV_049,0,1,1,1,-1,0.8899731895162262
JOB_49,CV_090,0,0,1,-1,-1,0.7760057395865282
JOB_49,CV_057,-1,1,1,1,-1,0.8687323344441251
JOB_49,CV_108,-1,0,1,0,-1,0.793441644914104
JOB_49,CV_003,0,0,1,1,-1,0.8687323344441251
JOB_49,CV_078,0,1,1,1,-1,0.8899731895162262
JOB_49,CV_014,0,0,1,0,1,0.9909111581409155
JOB_49,CV_007,1,1,1,1,-1,0.9081404248468237
JOB_49,CV_075,0,1,1,1,-1,0.8899731895162262
JOB_49,CV_081,0,1,1,1,-1,0.8899731895162262
JOB_49,CV_004,-1,1,1,0,-1,0.8244029762987993
JOB_49,CV_095,1,-1,1,0,-1,0.8244029762987993
JOB_49,CV_006,1,1,1,1,-1,0.9081404248468237
JOB_49,CV_052,1,-1,1,-1,-1,0.7760057395865282
JOB_49,CV_055,-1,1,1,1,-1,0.8687323344441251
JOB_49,CV_031,1,1,1,0,-1,0.875207551880179
JOB_49,CV_017,-1,0,1,-1,-1,0.7392104299313632
JOB_49,CV_070,-1,0,1,1,-1,0.8441091699732922
JOB_49,CV_029,1,0,1,0,-1,0.8515915098330731
JOB_49,CV_022,0,1,1,0,-1,0.8515915098330731
JOB_49,CV_071,1,1,1,-1,1,0.9917478125249066
JOB_49,CV_062,-1,1,1,1,-1,0.8687323344441251
JOB_49,CV_023,1,1,1,1,-1,0.9081404248468237
JOB_50,CV_117,0,1,1,-1,-1,0.8089512745610968
JOB_50,CV_099,0,1,1,-1,-1,0.8089512745610968
JOB_50,CV_057,0,1,1,-1,1,0.9899324551676333
JOB_50,CV_085,-1,0,1,-1,1,0.9850352274079028
JOB_50,CV_078,1,1,1,-1,-1,0.838062317751627
JOB_50,CV_115,0,0,1,-1,-1,0.7760057395865282
JOB_50,CV_041,0,0,1,-1,-1,0.7760057395865282
JOB_50,CV_047,0,-1,1,-1,1,0.9850352274079028
JOB_50,CV_043,1,0,1,-1,-1,0.8089512745610968
JOB_50,CV_107,-1,0,1,-1,-1,0.7392104299313632
JOB_50,CV_072,1,1,1,-1,-1,0.838062317751627
JOB_50,CV_084,0,0,1,-1,-1,0.7760057395865282
JOB_50,CV_113,0,1,1,-1,1,0.9899324551676333
JOB_50,CV_010,1,1,1,-1,1,0.9917478125249066
JOB_50,CV_108,0,0,1,-1,-1,0.7760057395865282
JOB_50,CV_093,0,1,1,-1,-1,0.8089512745610968
JOB_50,CV_025,0,1,1,-1,1,0.9899324551676333
JOB_50,CV_027,0,0,1,-1,-1,0.7760057395865282
JOB_50,CV_019,0,1,1,-1,-1,0.8089512745610968
JOB_50,CV_039,1,1,1,-1,-1,0.838062317751627
JOB_50,CV_014,0,0,1,-1,-1,0.7760057395865282
JOB_50,CV_059,0,1,1,-1,1,0.9899324551676333
JOB_50,CV_070,0,1,1,-1,-1,0.8089512745610968
JOB_50,CV_064,-1,1,1,-1,-1,0.7760057395865282
JOB_50,CV_080,-1,1,1,-1,-1,0.7760057395865282
JOB_50,CV_020,0,1,1,-1,1,0.9899324551676333
JOB_50,CV_061,1,1,1,-1,-1,0.838062317751627
JOB_50,CV_018,0,0,1,-1,-1,0.7760057395865282
JOB_50,CV_094,1,1,1,-1,1,0.9917478125249066
JOB_50,CV_005,-1,1,1,-1,-1,0.7760057395865282
JOB_50,CV_050,0,1,1,-1,-1,0.8089512745610968
JOB_50,CV_029,-1,1,1,-1,1,0.9877226901975171
JOB_50,CV_046,0,0,1,-1,1,0.9877226901975171
JOB_50,CV_034,-1,1,1,-1,1,0.9877226901975171
JOB_50,CV_092,1,0,1,-1,1,0.9899324551676333
JOB_50,CV_023,-1,1,1,-1,-1,0.7760057395865282
JOB_50,CV_058,1,1,1,-1,-1,0.838062317751627
JOB_50,CV_109,0,-1,1,-1,-1,0.7392104299313632
JOB_50,CV_030,1,1,1,-1,-1,0.838062317751627
JOB_50,CV_074,0,1,1,-1,1,0.9899324551676333
JOB_50,CV_003,1,0,1,-1,1,0.9899324551676333
JOB_50,CV_087,-1,1,1,-1,-1,0.7760057395865282
JOB_50,CV_096,0,0,1,-1,1,0.9877226901975171
JOB_50,CV_000,1,1,1,-1,-1,0.838062317751627
JOB_50,CV_007,-1,1,1,-1,1,0.9877226901975171
JOB_50,CV_105,-1,1,1,-1,-1,0.7760057395865282
JOB_50,CV_042,0,1,1,-1,-1,0.8089512745610968
JOB_50,CV_116,1,1,1,-1,1,0.9917478125249066
JOB_50,CV_103,0,1,1,-1,-1,0.8089512745610968
JOB_50,CV_001,0,0,1,-1,1,0.9877226901975171
JOB_50,CV_081,-1,1,1,-1,1,0.9877226901975171
JOB_50,CV_048,-1,-1,1,-1,1,0.9817703452181514
JOB_50,CV_035,1,0,1,-1,-1,0.8089512745610968
JOB_50,CV_065,-1,1,1,-1,1,0.9877226901975171
JOB_50,CV_067,0,1,1,-1,-1,0.8089512745610968
JOB_50,CV_076,1,1,1,-1,-1,0.838062317751627
JOB_50,CV_101,-1,0,1,-1,-1,0.7392104299313632
JOB_50,CV_036,0,1,1,-1,-1,0.8089512745610968
JOB_50,CV_054,-1,1,1,-1,-1,0.7760057395865282
JOB_50,CV_033,0,1,1,-1,-1,0.8089512745610968
JOB_50,CV_086,-1,0,1,-1,-1,0.7392104299313632
JOB_50,CV_097,0,1,1,-1,1,0.9899324551676333
JOB_50,CV_091,0,0,1,-1,1,0.9877226901975171
JOB_50,CV_024,0,1,1,-1,-1,0.8089512745610968
JOB_50,CV_009,0,1,1,-1,1,0.9899324551676333
JOB_50,CV_053,-1,1,1,-1,-1,0.7760057395865282
JOB_50,CV_026,0,0,1,-1,-1,0.7760057395865282
JOB_50,CV_069,0,1,1,-1,-1,0.8089512745610968
JOB_50,CV_060,0,1,1,-1,-1,0.8089512745610968
JOB_50,CV_022,-1,1,1,-1,1,0.9877226901975171
JOB_53,CV_026,0,1,1,0,-1,0.8515915098330731
JOB_53,CV_044,0,1,1,0,-1,0.8515915098330731
JOB_53,CV_049,1,1,1,0,-1,0.875207551880179
JOB_53,CV_084,1,0,1,0,-1,0.8515915098330731
JOB_53,CV_064,-1,1,1,0,-1,0.8244029762987993
JOB_53,CV_052,0,-1,1,-1,-1,0.7392104299313632
JOB_53,CV_061,1,0,1,1,-1,0.8899731895162262
JOB_53,CV_071,0,0,1,-1,-1,0.7760057395865282
JOB_53,CV_030,0,1,1,0,-1,0.8515915098330731
JOB_53,CV_029,0,1,1,0,-1,0.8515915098330731
JOB_53,CV_031,1,1,1,0,-1,0.875207551880179
JOB_53,CV_039,-1,1,1,0,-1,0.8244029762987993
JOB_53,CV_080,1,0,1,-1,-1,0.8089512745610968
JOB_53,CV_043,1,0,1,1,-1,0.8899731895162262
JOB_53,CV_111,-1,1,1,1,-1,0.8687323344441251
JOB_53,CV_066,0,1,1,0,-1,0.8515915098330731
JOB_53,CV_019,0,1,1,0,-1,0.8515915098330731
JOB_53,CV_099,0,0,1,0,-1,0.8244029762987993
JOB_53,CV_110,1,1,1,0,-1,0.875207551880179
JOB_53,CV_036,1,1,1,0,-1,0.875207551880179
JOB_53,CV_034,-1,1,1,0,-1,0.8244029762987993
JOB_53,CV_023,0,1,1,0,-1,0.8515915098330731
JOB_53,CV_012,0,1,1,0,-1,0.8515915098330731
JOB_53,CV_107,0,0,1,0,-1,0.8244029762987993
JOB_53,CV_102,0,1,1,-1,-1,0.8089512745610968
JOB_53,CV_095,-1,-1,1,1,-1,0.8158462909997302
JOB_53,CV_010,1,1,1,0,-1,0.875207551880179
JOB_53,CV_028,0,0,1,0,-1,0.8244029762987993
JOB_53,CV_101,-1,-1,1,0,-1,0.7586195969184619
JOB_53,CV_106,1,1,1,0,-1,0.875207551880179
JOB_53,CV_017,1,0,1,-1,-1,0.8089512745610968
JOB_53,CV_089,0,1,1,0,-1,0.8515915098330731
JOB_53,CV_053,0,1,1,-1,-1,0.8089512745610968
JOB_53,CV_097,0,1,1,0,-1,0.8515915098330731
JOB_53,CV_037,0,1,1,-1,-1,0.8089512745610968
JOB_53,CV_075,-1,1,1,0,-1,0.8244029762987993
JOB_53,CV_045,0,1,1,0,-1,0.8515915098330731
JOB_53,CV_018,-1,1,1,0,-1,0.8244029762987993
JOB_53,CV_070,-1,1,1,0,-1,0.8244029762987993
JOB_53,CV_068,-1,0,1,-1,-1,0.7392104299313632
JOB_53,CV_077,-1,0,1,-1,-1,0.7392104299313632
JOB_53,CV_079,-1,1,1,0,-1,0.8244029762987993
JOB_53,CV_094,1,0,1,0,-1,0.8515915098330731
JOB_53,CV_054,0,0,1,0,-1,0.8244029762987993
JOB_53,CV_082,-1,0,1,0,-1,0.793441644914104
JOB_53,CV_001,-1,1,1,0,-1,0.8244029762987993
JOB_53,CV_073,1,1,1,0,-1,0.875207551880179
JOB_53,CV_109,0,-1,1,-1,-1,0.7392104299313632
JOB_53,CV_096,0,0,1,0,-1,0.8244029762987993
JOB_53,CV_027,1,1,1,0,1,0.9938973981992373
JOB_53,CV_103,0,1,1,0,-1,0.8515915098330731
JOB_53,CV_092,0,1,1,0,-1,0.8515915098330731
JOB_53,CV_113,0,0,1,0,-1,0.8244029762987993
JOB_53,CV_024,0,1,1,-1,-1,0.8089512745610968
JOB_53,CV_013,0,0,1,1,-1,0.8687323344441251
JOB_53,CV_011,0,1,1,-1,-1,0.8089512745610968
JOB_53,CV_108,0,1,1,0,-1,0.8515915098330731
JOB_53,CV_042,0,0,1,0,-1,0.8244029762987993
JOB_53,CV_063,-1,0,1,0,-1,0.793441644914104
JOB_53,CV_116,-1,1,1,0,-1,0.8244029762987993
JOB_53,CV_118,0,0,1,0,-1,0.8244029762987993
JOB_53,CV_060,1,1,1,-1,-1,0.838062317751627
JOB_53,CV_081,0,1,1,0,-1,0.8515915098330731
JOB_53,CV_104,0,1,1,0,-1,0.8515915098330731
JOB_53,CV_002,-1,1,1,0,-1,0.8244029762987993
JOB_53,CV_087,-1,1,1,0,-1,0.8244029762987993
JOB_53,CV_005,-1,0,1,0,-1,0.793441644914104
JOB_53,CV_021,0,0,1,0,1,0.9909111581409155
JOB_53,CV_105,-1,1,1,1,1,0.9935352566336874
JOB_53,CV_114,-1,0,1,0,-1,0.793441644914104
JOB_54,CV_075,1,-1,1,0,-1,0.8244029762987993
JOB_54,CV_037,1,1,-1,-1,-1,0.1822423251368743
JOB_54,CV_022,0,0,-1,0,-1,0.16817150740353892
JOB_54,CV_040,0,1,1,1,-1,0.8899731895162262
JOB_54,CV_056,-1,0,-1,1,-1,0.18908236238037454
JOB_54,CV_050,1,0,1,0,-1,0.8515915098330731
JOB_54,CV_046,1,-1,-1,-1,-1,0.12981785668589885
JOB_54,CV_073,0,1,1,0,1,0.9925513658320195
JOB_54,CV_004,0,0,1,0,1,0.9909111581409155
JOB_54,CV_098,-1,0,-1,1,1,0.8441091699732921
JOB_54,CV_106,-1,1,1,0,1,0.9909111581409155
JOB_54,CV_107,-1,0,1,0,-1,0.793441644914104
JOB_54,CV_086,-1,0,1,0,1,0.9889138067848836
JOB_54,CV_072,0,0,-1,0,-1,0.16817150740353892
JOB_54,CV_021,0,1,-1,0,-1,0.1981382408985132
JOB_54,CV_093,0,1,1,0,-1,0.8515915098330731
JOB_54,CV_099,0,0,-1,0,1,0.8244029762987993
JOB_54,CV_067,0,1,1,1,-1,0.8899731895162262
JOB_54,CV_094,-1,0,1,0,-1,0.793441644914104
JOB_54,CV_097,0,0,-1,0,-1,0.16817150740353892
JOB_54,CV_026,0,0,1,0,1,0.9909111581409155
JOB_54,CV_001,0,0,1,0,-1,0.8244029762987993
JOB_54,CV_000,1,0,-1,0,-1,0.1981382408985132
JOB_54,CV_076,0,0,1,0,-1,0.8244029762987993
JOB_54,CV_090,1,0,-1,-1,-1,0.1542173437162248
JOB_54,CV_074,0,1,1,0,-1,0.8515915098330731
JOB_54,CV_091,-1,0,1,0,-1,0.793441644914104
JOB_54,CV_044,1,1,-1,1,-1,0.29860036576401555
JOB_54,CV_103,-1,1,-1,1,-1,0.221781771504529
JOB_54,CV_015,0,0,-1,-1,-1,0.1298178566858989
JOB_54,CV_110,-1,0,1,0,-1,0.793441644914104
JOB_54,CV_008,1,0,1,0,-1,0.8515915098330731
JOB_54,CV_066,-1,0,1,1,-1,0.8441091699732922
JOB_54,CV_045,1,1,1,0,-1,0.875207551880179
JOB_54,CV_116,1,1,1,1,-1,0.9081404248468237
JOB_54,CV_042,0,0,-1,1,-1,0.221781771504529
JOB_54,CV_010,0,1,1,1,-1,0.8899731895162262
JOB_54,CV_013,0,0,1,0,-1,0.8244029762987993
JOB_54,CV_063,1,1,-1,0,1,0.8752075518801787
JOB_54,CV_069,0,0,1,1,-1,0.8687323344441251
JOB_54,CV_019,1,0,1,1,1,0.9947044400573793
JOB_54,CV_048,0,-1,-1,0,-1,0.14193475735256328
JOB_54,CV_038,1,0,1,0,-1,0.8515915098330731
JOB_54,CV_009,0,1,-1,0,-1,0.1981382408985132
JOB_54,CV_018,0,0,1,0,1,0.9909111581409155
JOB_54,CV_043,1,0,1,0,-1,0.8515915098330731
JOB_54,CV_049,1,0,1,0,-1,0.8515915098330731
JOB_54,CV_118,0,0,1,0,1,0.9909111581409155
JOB_54,CV_109,-1,-1,-1,-1,-1,0.09079952375892328
JOB_54,CV_030,0,0,1,1,-1,0.8687323344441251
JOB_54,CV_007,1,0,-1,0,-1,0.1981382408985132
JOB_54,CV_102,0,0,-1,1,-1,0.221781771504529
JOB_54,CV_054,1,1,1,0,1,0.9938973981992373
JOB_54,CV_114,-1,1,-1,1,-1,0.221781771504529
JOB_54,CV_039,0,1,1,1,-1,0.8899731895162262
JOB_54,CV_113,0,0,-1,0,-1,0.16817150740353892
JOB_54,CV_111,1,0,-1,1,-1,0.2583346292282553
JOB_54,CV_032,-1,1,1,0,-1,0.8244029762987993
JOB_54,CV_035,1,0,1,0,1,0.9925513658320195
JOB_54,CV_077,0,1,1,-1,1,0.9899324551676333
JOB_54,CV_105,-1,1,-1,0,-1,0.16817150740353892
JOB_54,CV_081,0,1,1,0,-1,0.8515915098330731
JOB_54,CV_029,0,1,1,0,-1,0.8515915098330731
JOB_54,CV_059,0,0,-1,0,-1,0.16817150740353892
JOB_54,CV_027,-1,0,-1,0,-1,0.14193475735256328
JOB_54,CV_092,-1,0,-1,1,-1,0.18908236238037454
JOB_54,CV_101,1,-1,-1,0,1,0.8244029762987992
JOB_54,CV_062,-1,0,-1,0,-1,0.14193475735256328
JOB_54,CV_071,0,1,1,-1,-1,0.8089512745610968
JOB_54,CV_088,0,0,1,-1,-1,0.7760057395865282
JOB_55,CV_033,0,0,1,1,-1,0.8687323344441251
JOB_55,CV_112,1,1,1,1,-1,0.9081404248468237
JOB_55,CV_083,-1,0,1,1,1,0.9921099818949954
JOB_55,CV_102,1,1,1,1,-1,0.9081404248468237
JOB_55,CV_009,0,0,1,0,1,0.9909111581409155
JOB_55,CV_001,-1,0,1,0,1,0.9889138067848836
JOB_55,CV_082,0,0,1,1,-1,0.8687323344441251
JOB_55,CV_109,0,-1,1,-1,-1,0.7392104299313632
JOB_55,CV_072,1,0,1,0,-1,0.8515915098330731
JOB_55,CV_101,-1,0,1,0,-1,0.793441644914104
JOB_55,CV_045,0,0,1,1,1,0.9935352566336874
JOB_55,CV_016,0,0,1,1,1,0.9935352566336874
JOB_55,CV_113,1,0,1,0,1,0.9925513658320195
JOB_55,CV_027,0,0,1,1,-1,0.8687323344441251
JOB_55,CV_058,1,0,1,1,-1,0.8899731895162262
JOB_55,CV_020,1,1,1,1,1,0.9956630934198999
JOB_55,CV_067,0,-1,1,1,-1,0.8441091699732922
JOB_55,CV_057,1,0,1,1,1,0.9947044400573793
JOB_55,CV_099,1,0,1,0,-1,0.8515915098330731
JOB_55,CV_095,-1,-1,1,1,1,0.9903735230222465
JOB_55,CV_069,0,0,1,1,-1,0.8687323344441251
JOB_55,CV_068,0,0,1,1,-1,0.8687323344441251
JOB_55,CV_110,0,0,1,1,1,0.9935352566336874
JOB_55,CV_012,-1,0,1,1,1,0.9921099818949954
JOB_55,CV_065,-1,0,1,-1,1,0.9850352274079028
JOB_55,CV_073,0,0,1,1,-1,0.8687323344441251
JOB_55,CV_114,0,0,1,1,-1,0.8687323344441251
JOB_55,CV_046,-1,0,1,-1,1,0.9850352274079028
JOB_55,CV_032,1,0,1,1,1,0.9947044400573793
JOB_55,CV_042,0,0,1,1,-1,0.8687323344441251
JOB_55,CV_055,-1,0,1,1,1,0.9921099818949954
JOB_55,CV_014,0,-1,1,0,-1,0.793441644914104
JOB_55,CV_107,0,0,1,1,-1,0.8687323344441251
JOB_55,CV_119,1,0,1,-1,-1,0.8089512745610968
JOB_55,CV_059,-1,0,1,0,1,0.9889138067848836
JOB_55,CV_019,-1,0,1,1,-1,0.8441091699732922
JOB_55,CV_004,1,1,1,0,-1,0.875207551880179
JOB_55,CV_031,1,0,1,0,1,0.9925513658320195
JOB_55,CV_002,0,1,1,0,-1,0.8515915098330731
JOB_55,CV_015,1,0,1,-1,1,0.9899324551676333
JOB_55,CV_007,-1,0,1,1,1,0.9921099818949954
JOB_55,CV_061,0,0,1,1,-1,0.8687323344441251
JOB_55,CV_104,-1,0,1,1,-1,0.8441091699732922
JOB_55,CV_077,-1,0,1,-1,-1,0.7392104299313632
JOB_55,CV_034,1,0,1,0,1,0.9925513658320195
JOB_55,CV_049,-1,1,1,1,-1,0.8687323344441251
JOB_55,CV_118,0,0,1,1,-1,0.8687323344441251
JOB_55,CV_000,1,0,1,1,-1,0.8899731895162262
JOB_55,CV_115,-1,0,1,1,-1,0.8441091699732922
JOB_55,CV_100,1,0,1,0,-1,0.8515915098330731
JOB_55,CV_022,1,0,1,0,1,0.9925513658320195
JOB_55,CV_090,0,0,1,-1,-1,0.7760057395865282
JOB_55,CV_066,-1,-1,1,1,-1,0.8158462909997302
JOB_55,CV_036,0,1,1,1,-1,0.8899731895162262
JOB_55,CV_079,0,0,1,0,1,0.9909111581409155
JOB_55,CV_075,0,0,1,1,-1,0.8687323344441251
JOB_55,CV_105,0,1,1,0,-1,0.8515915098330731
JOB_55,CV_028,1,0,1,0,-1,0.8515915098330731
JOB_55,CV_106,-1,1,1,1,-1,0.8687323344441251
JOB_55,CV_111,0,0,1,1,-1,0.8687323344441251
JOB_55,CV_025,-1,0,1,0,1,0.9889138067848836
JOB_55,CV_060,0,-1,1,-1,-1,0.7392104299313632
JOB_55,CV_088,1,1,1,-1,-1,0.838062317751627
JOB_55,CV_054,0,-1,1,0,-1,0.793441644914104
JOB_55,CV_096,-1,0,1,1,1,0.9921099818949954
JOB_55,CV_053,0,0,1,-1,-1,0.7760057395865282
JOB_55,CV_052,0,0,1,-1,1,0.9877226901975171
JOB_55,CV_062,0,0,1,1,1,0.9935352566336874
JOB_55,CV_047,0,0,1,1,1,0.9935352566336874
JOB_55,CV_074,-1,1,1,0,1,0.9909111581409155
JOB_56,CV_096,0,0,1,0,-1,0.8244029762987993
JOB_56,CV_054,0,0,1,1,-1,0.8687323344441251
JOB_56,CV_009,0,0,1,1,-1,0.8687323344441251
JOB_56,CV_000,0,1,1,1,-1,0.8899731895162262
JOB_56,CV_066,0,-1,1,1,-1,0.8441091699732922
JOB_56,CV_039,0,0,1,1,-1,0.8687323344441251
JOB_56,CV_047,1,-1,1,-1,-1,0.7760057395865282
JOB_56,CV_103,-1,0,1,1,-1,0.8441091699732922
JOB_56,CV_021,0,0,1,0,-1,0.8244029762987993
JOB_56,CV_082,0,0,1,1,-1,0.8687323344441251
JOB_56,CV_012,0,0,1,1,-1,0.8687323344441251
JOB_56,CV_031,-1,1,1,0,-1,0.8244029762987993
JOB_56,CV_063,0,0,1,1,-1,0.8687323344441251
JOB_56,CV_080,1,0,1,-1,-1,0.8089512745610968
JOB_56,CV_059,0,0,1,1,-1,0.8687323344441251
JOB_56,CV_116,1,0,1,1,-1,0.8899731895162262
JOB_56,CV_089,1,1,1,1,-1,0.9081404248468237
JOB_56,CV_055,-1,0,1,1,-1,0.8441091699732922
JOB_56,CV_101,-1,-1,1,1,-1,0.8158462909997302
JOB_56,CV_094,1,0,1,1,-1,0.8899731895162262
JOB_56,CV_016,1,0,1,1,-1,0.8899731895162262
JOB_56,CV_074,-1,0,1,0,-1,0.793441644914104
JOB_56,CV_038,-1,1,1,1,1,0.9935352566336874
JOB_56,CV_117,-1,1,1,1,-1,0.8687323344441251
JOB_56,CV_018,1,-1,1,1,-1,0.8687323344441251
JOB_56,CV_032,-1,0,1,1,-1,0.8441091699732922
JOB_56,CV_104,0,0,1,1,-1,0.8687323344441251
JOB_56,CV_087,1,0,1,1,-1,0.8899731895162262
JOB_56,CV_079,-1,-1,1,1,-1,0.8158462909997302
JOB_56,CV_111,0,0,1,1,-1,0.8687323344441251
JOB_56,CV_109,0,-1,1,-1,-1,0.7392104299313632
JOB_56,CV_069,1,0,1,1,-1,0.8899731895162262
JOB_56,CV_017,0,-1,1,-1,-1,0.7392104299313632
JOB_56,CV_106,0,1,1,1,-1,0.8899731895162262
JOB_56,CV_065,0,0,1,-1,-1,0.7760057395865282
JOB_56,CV_002,-1,0,1,0,-1,0.793441644914104
JOB_56,CV_001,-1,0,1,0,-1,0.793441644914104
JOB_56,CV_071,0,0,1,-1,1,0.9877226901975171
JOB_56,CV_077,0,0,1,-1,-1,0.7760057395865282
JOB_56,CV_086,1,0,1,1,-1,0.8899731895162262
JOB_56,CV_027,1,0,1,1,-1,0.8899731895162262
JOB_56,CV_053,0,1,1,-1,-1,0.8089512745610968
JOB_56,CV_010,0,0,1,1,-1,0.8687323344441251
JOB_56,CV_044,0,0,1,1,-1,0.8687323344441251
JOB_56,CV_004,1,0,1,0,-1,0.8515915098330731
JOB_56,CV_057,0,0,1,1,-1,0.8687323344441251
JOB_56,CV_058,0,0,1,1,-1,0.8687323344441251
JOB_56,CV_112,0,0,1,1,-1,0.8687323344441251
JOB_56,CV_049,0,0,1,1,-1,0.8687323344441251
JOB_56,CV_092,0,-1,1,1,-1,0.8441091699732922
JOB_56,CV_008,0,0,1,1,-1,0.8687323344441251
JOB_56,CV_073,-1,0,1,1,-1,0.8441091699732922
JOB_56,CV_083,0,0,1,1,-1,0.8687323344441251
JOB_56,CV_091,-1,0,1,1,-1,0.8441091699732922
JOB_56,CV_028,-1,0,1,0,-1,0.793441644914104
JOB_56,CV_105,0,1,1,0,-1,0.8515915098330731
JOB_56,CV_026,-1,-1,1,1,-1,0.8158462909997302
JOB_56,CV_100,0,0,1,1,-1,0.8687323344441251
JOB_56,CV_062,0,0,1,1,-1,0.8687323344441251
JOB_56,CV_064,0,0,1,1,-1,0.8687323344441251
JOB_56,CV_015,0,0,1,-1,-1,0.7760057395865282
JOB_56,CV_078,-1,0,1,1,-1,0.8441091699732922
JOB_56,CV_088,-1,0,1,-1,1,0.9850352274079028
JOB_56,CV_085,1,0,1,1,-1,0.8899731895162262
JOB_56,CV_108,0,-1,1,0,-1,0.793441644914104
JOB_56,CV_097,0,0,1,1,-1,0.8687323344441251
JOB_56,CV_093,-1,1,1,1,-1,0.8687323344441251
JOB_56,CV_102,0,0,1,-1,-1,0.7760057395865282
JOB_56,CV_043,0,0,1,1,-1,0.8687323344441251
JOB_56,CV_011,0,0,1,-1,-1,0.7760057395865282
JOB_57,CV_115,-1,0,1,-1,-1,0.7392104299313632
JOB_57,CV_089,-1,1,1,-1,-1,0.7760057395865282
JOB_57,CV_005,1,1,1,-1,-1,0.838062317751627
JOB_57,CV_015,1,0,1,-1,1,0.9899324551676333
JOB_57,CV_064,-1,0,1,-1,-1,0.7392104299313632
JOB_57,CV_000,0,1,1,-1,-1,0.8089512745610968
JOB_57,CV_050,-1,0,1,-1,-1,0.7392104299313632
JOB_57,CV_004,0,0,1,-1,-1,0.7760057395865282
JOB_57,CV_017,-1,0,1,-1,-1,0.7392104299313632
JOB_57,CV_119,0,0,1,-1,-1,0.7760057395865282
JOB_57,CV_114,0,1,1,-1,-1,0.8089512745610968
JOB_57,CV_060,1,1,1,-1,-1,0.838062317751627
JOB_57,CV_105,-1,1,1,-1,-1,0.7760057395865282
JOB_57,CV_062,1,0,1,-1,1,0.9899324551676333
JOB_57,CV_096,1,1,1,-1,1,0.9917478125249066
JOB_57,CV_083,0,0,1,-1,1,0.9877226901975171
JOB_57,CV_058,0,0,1,-1,-1,0.7760057395865282
JOB_57,CV_110,-1,0,1,-1,1,0.9850352274079028
JOB_57,CV_002,-1,0,1,-1,-1,0.7392104299313632
JOB_57,CV_093,0,1,1,-1,-1,0.8089512745610968
JOB_57,CV_113,0,1,1,-1,1,0.9899324551676333
JOB_57,CV_048,0,-1,1,-1,1,0.9850352274079028
JOB_57,CV_118,1,0,1,-1,-1,0.8089512745610968
JOB_57,CV_051,-1,1,1,-1,1,0.9877226901975171
JOB_57,CV_044,1,1,1,-1,-1,0.838062317751627
JOB_57,CV_013,-1,0,1,-1,1,0.9850352274079028
JOB_57,CV_103,1,0,1,-1,-1,0.8089512745610968
JOB_57,CV_008,0,1,1,-1,-1,0.8089512745610968
JOB_57,CV_084,-1,0,1,-1,-1,0.7392104299313632
JOB_57,CV_092,1,-1,1,-1,1,0.9877226901975171
JOB_57,CV_071,0,1,1,-1,-1,0.8089512745610968
JOB_57,CV_031,0,0,1,-1,1,0.9877226901975171
JOB_57,CV_069,0,0,1,-1,-1,0.7760057395865282
JOB_57,CV_068,0,0,1,-1,-1,0.7760057395865282
JOB_57,CV_026,0,0,1,-1,-1,0.7760057395865282
JOB_57,CV_091,1,1,1,-1,1,0.9917478125249066
JOB_57,CV_088,-1,0,1,-1,-1,0.7392104299313632
JOB_57,CV_055,0,0,1,-1,1,0.9877226901975171
JOB_57,CV_108,1,-1,1,-1,-1,0.7760057395865282
JOB_57,CV_040,-1,0,1,-1,-1,0.7392104299313632
JOB_57,CV_074,-1,1,1,-1,1,0.9877226901975171
JOB_57,CV_029,0,1,1,-1,1,0.9899324551676333
JOB_57,CV_102,0,0,1,-1,-1,0.7760057395865282
JOB_57,CV_100,0,0,1,-1,-1,0.7760057395865282
JOB_57,CV_099,-1,1,1,-1,-1,0.7760057395865282
JOB_57,CV_020,0,1,1,-1,1,0.9899324551676333
JOB_57,CV_023,0,1,1,-1,-1,0.8089512745610968
JOB_57,CV_085,0,0,1,-1,1,0.9877226901975171
JOB_57,CV_035,1,0,1,-1,-1,0.8089512745610968
JOB_57,CV_024,0,1,1,-1,-1,0.8089512745610968
JOB_57,CV_061,0,0,1,-1,-1,0.7760057395865282
JOB_57,CV_067,1,1,1,-1,-1,0.838062317751627
JOB_57,CV_072,0,0,1,-1,-1,0.7760057395865282
JOB_57,CV_077,1,0,1,-1,-1,0.8089512745610968
JOB_57,CV_032,0,1,1,-1,1,0.9899324551676333
JOB_57,CV_101,1,0,1,-1,-1,0.8089512745610968
JOB_57,CV_007,-1,1,1,-1,1,0.9877226901975171
JOB_57,CV_094,-1,0,1,-1,1,0.9850352274079028
JOB_57,CV_090,-1,1,1,-1,-1,0.7760057395865282
JOB_57,CV_034,0,0,1,-1,1,0.9877226901975171
JOB_57,CV_052,1,0,1,-1,1,0.9899324551676333
JOB_57,CV_087,0,0,1,-1,-1,0.7760057395865282
JOB_57,CV_057,0,1,1,-1,1,0.9899324551676333
JOB_57,CV_078,0,0,1,-1,-1,0.7760057395865282
JOB_57,CV_059,0,1,1,-1,1,0.9899324551676333
JOB_57,CV_075,0,-1,1,-1,-1,0.7392104299313632
JOB_57,CV_063,0,1,1,-1,-1,0.8089512745610968
JOB_57,CV_036,0,0,1,-1,-1,0.7760057395865282
JOB_57,CV_056,-1,1,1,1,1,0.9935352566336874
JOB_57,CV_109,1,-1,1,-1,-1,0.7760057395865282
JOB_58,CV_080,1,1,-1,-1,-1,0.1822423251368743
JOB_58,CV_095,1,0,1,-1,-1,0.8089512745610968
JOB_58,CV_021,-1,1,-1,1,-1,0.221781771504529
JOB_58,CV_117,-1,1,-1,-1,-1,0.12981785668589885
JOB_58,CV_090,0,1,-1,-1,-1,0.1542173437162248
JOB_58,CV_035,0,0,1,-1,1,0.9877226901975171
JOB_58,CV_107,1,1,1,-1,-1,0.838062317751627
JOB_58,CV_101,0,0,-1,-1,1,0.7760057395865282
JOB_58,CV_098,0,0,-1,-1,1,0.7760057395865282
JOB_58,CV_059,0,0,-1,-1,-1,0.1298178566858989
JOB_58,CV_102,-1,1,-1,1,-1,0.221781771504529
JOB_58,CV_070,0,1,1,-1,1,0.9899324551676333
JOB_58,CV_113,1,1,-1,-1,-1,0.1822423251368743
JOB_58,CV_051,-1,1,1,-1,-1,0.7760057395865282
JOB_58,CV_058,0,1,-1,-1,-1,0.1542173437162248
JOB_58,CV_042,0,1,-1,-1,-1,0.1542173437162248
JOB_58,CV_057,-1,1,-1,-1,-1,0.12981785668589885
JOB_58,CV_066,-1,-1,-1,-1,-1,0.09079952375892328
JOB_58,CV_000,1,1,-1,-1,-1,0.1822423251368743
JOB_58,CV_064,0,1,1,-1,1,0.9899324551676333
JOB_58,CV_108,-1,0,1,-1,1,0.9850352274079028
JOB_58,CV_056,-1,1,-1,-1,-1,0.12981785668589885
JOB_58,CV_119,0,1,-1,-1,-1,0.1542173437162248
JOB_58,CV_019,0,1,1,-1,1,0.9899324551676333
JOB_58,CV_006,0,1,-1,-1,-1,0.1542173437162248
JOB_58,CV_104,-1,1,-1,-1,-1,0.12981785668589885
JOB_58,CV_082,1,1,-1,-1,-1,0.1822423251368743
JOB_58,CV_100,0,1,-1,-1,1,0.8089512745610971
JOB_58,CV_001,0,0,1,-1,-1,0.7760057395865282
JOB_58,CV_094,0,1,1,-1,-1,0.8089512745610968
JOB_58,CV_078,0,1,-1,-1,1,0.8089512745610971
JOB_58,CV_023,1,1,-1,-1,-1,0.1822423251368743
JOB_58,CV_003,1,0,1,-1,-1,0.8089512745610968
JOB_58,CV_099,0,1,-1,-1,1,0.8089512745610971
JOB_58,CV_092,1,-1,-1,-1,-1,0.12981785668589885
JOB_58,CV_005,1,1,-1,1,1,0.9081404248468236
JOB_58,CV_015,1,0,-1,-1,-1,0.1542173437162248
JOB_58,CV_014,-1,-1,-1,-1,1,0.698717489152817
JOB_58,CV_039,0,1,1,-1,-1,0.8089512745610968
JOB_58,CV_032,0,1,1,-1,-1,0.8089512745610968
JOB_58,CV_089,1,1,1,-1,-1,0.838062317751627
JOB_58,CV_068,-1,0,-1,1,1,0.8441091699732921
JOB_58,CV_115,0,0,1,-1,-1,0.7760057395865282
JOB_58,CV_109,0,-1,-1,-1,-1,0.1087822236783695
JOB_58,CV_030,0,1,1,-1,-1,0.8089512745610968
JOB_58,CV_084,0,1,-1,-1,-1,0.1542173437162248
JOB_58,CV_047,1,-1,-1,1,-1,0.221781771504529
JOB_58,CV_105,0,1,-1,-1,-1,0.1542173437162248
JOB_58,CV_038,1,1,1,-1,-1,0.838062317751627
JOB_58,CV_116,0,1,1,-1,-1,0.8089512745610968
JOB_58,CV_049,0,1,1,-1,-1,0.8089512745610968
JOB_58,CV_046,0,0,-1,-1,-1,0.1298178566858989
JOB_58,CV_011,-1,1,1,-1,-1,0.7760057395865282
JOB_58,CV_077,0,1,1,1,1,0.9947044400573793
JOB_58,CV_034,0,1,-1,-1,-1,0.1542173437162248
JOB_58,CV_083,0,0,-1,-1,-1,0.1298178566858989
JOB_58,CV_022,0,1,-1,-1,-1,0.1542173437162248
JOB_58,CV_028,0,1,-1,1,1,0.889973189516226
JOB_58,CV_027,-1,0,-1,-1,-1,0.1087822236783695
JOB_58,CV_002,-1,1,-1,-1,1,0.7760057395865282
JOB_58,CV_071,0,1,-1,-1,-1,0.1542173437162248
JOB_58,CV_081,0,1,1,-1,-1,0.8089512745610968
JOB_58,CV_013,-1,1,-1,-1,-1,0.12981785668589885
JOB_58,CV_010,0,1,1,-1,-1,0.8089512745610968
JOB_58,CV_088,0,1,1,-1,-1,0.8089512745610968
JOB_58,CV_067,0,1,-1,-1,-1,0.1542173437162248
JOB_58,CV_025,0,1,1,-1,-1,0.8089512745610968
JOB_58,CV_072,0,1,-1,-1,-1,0.1542173437162248
JOB_58,CV_062,0,1,-1,-1,-1,0.1542173437162248
JOB_58,CV_085,1,1,1,-1,-1,0.838062317751627
JOB_61,CV_072,1,-1,1,0,-1,0.8244029762987993
JOB_61,CV_107,-1,-1,1,0,-1,0.7586195969184619
JOB_61,CV_080,-1,-1,1,-1,-1,0.6987174891528171
JOB_61,CV_060,-1,-1,1,-1,-1,0.6987174891528171
JOB_61,CV_076,1,-1,1,0,-1,0.8244029762987993
JOB_61,CV_033,0,-1,1,0,-1,0.793441644914104
JOB_61,CV_043,0,0,1,0,-1,0.8244029762987993
JOB_61,CV_093,-1,0,1,0,-1,0.793441644914104
JOB_61,CV_116,1,-1,1,0,1,0.9909111581409155
JOB_61,CV_029,1,-1,1,0,1,0.9909111581409155
JOB_61,CV_018,0,-1,1,0,-1,0.793441644914104
JOB_61,CV_110,0,-1,1,0,1,0.9889138067848836
JOB_61,CV_019,-1,-1,1,0,-1,0.7586195969184619
JOB_61,CV_050,0,0,1,0,-1,0.8244029762987993
JOB_61,CV_103,0,-1,1,0,-1,0.793441644914104
JOB_61,CV_057,-1,-1,1,0,1,0.9864835075253354
JOB_61,CV_059,0,0,1,0,1,0.9909111581409155
JOB_61,CV_115,0,-1,1,0,-1,0.793441644914104
JOB_61,CV_064,1,1,1,0,-1,0.875207551880179
JOB_61,CV_009,0,-1,1,0,1,0.9889138067848836
JOB_61,CV_088,-1,0,1,-1,-1,0.7392104299313632
JOB_61,CV_098,0,-1,1,0,-1,0.793441644914104
JOB_61,CV_089,0,0,1,0,-1,0.8244029762987993
JOB_61,CV_095,-1,-1,1,0,1,0.9864835075253354
JOB_61,CV_040,1,-1,1,0,-1,0.8244029762987993
JOB_61,CV_027,-1,-1,1,0,-1,0.7586195969184619
JOB_61,CV_097,0,-1,1,0,1,0.9889138067848836
JOB_61,CV_070,-1,-1,1,0,-1,0.7586195969184619
JOB_61,CV_034,-1,0,1,0,1,0.9889138067848836
JOB_61,CV_022,0,-1,1,0,1,0.9889138067848836
JOB_61,CV_074,-1,-1,1,0,1,0.9864835075253354
JOB_61,CV_038,0,1,1,1,-1,0.8899731895162262
JOB_61,CV_083,-1,-1,1,1,1,0.9903735230222465
JOB_61,CV_117,0,0,1,0,-1,0.8244029762987993
JOB_61,CV_082,-1,0,1,0,-1,0.793441644914104
JOB_61,CV_048,-1,-1,1,0,1,0.9864835075253354
JOB_61,CV_100,0,0,1,0,-1,0.8244029762987993
JOB_61,CV_053,1,0,1,-1,-1,0.8089512745610968
JOB_61,CV_092,0,-1,1,0,1,0.9889138067848836
JOB_61,CV_086,1,0,1,0,-1,0.8515915098330731
JOB_61,CV_008,0,0,1,0,-1,0.8244029762987993
JOB_61,CV_114,1,-1,1,0,-1,0.8244029762987993
JOB_61,CV_063,-1,-1,1,0,-1,0.7586195969184619
JOB_61,CV_003,-1,-1,1,0,1,0.9864835075253354
JOB_61,CV_054,0,-1,1,0,-1,0.793441644914104
JOB_61,CV_109,0,-1,1,-1,-1,0.7392104299313632
JOB_61,CV_001,1,-1,1,0,1,0.9909111581409155
JOB_61,CV_005,-1,-1,1,0,-1,0.7586195969184619
JOB_61,CV_031,1,-1,1,0,1,0.9909111581409155
JOB_61,CV_077,0,0,1,-1,-1,0.7760057395865282
JOB_61,CV_105,0,-1,1,0,-1,0.793441644914104
JOB_61,CV_085,-1,-1,1,0,1,0.9864835075253354
JOB_61,CV_028,0,0,1,0,-1,0.8244029762987993
JOB_61,CV_094,1,-1,1,0,1,0.9909111581409155
JOB_61,CV_042,0,-1,1,0,-1,0.793441644914104
JOB_61,CV_102,0,0,1,-1,-1,0.7760057395865282
JOB_61,CV_104,1,-1,1,0,-1,0.8244029762987993
JOB_61,CV_073,0,0,1,0,-1,0.8244029762987993
JOB_61,CV_046,0,-1,1,-1,1,0.9850352274079028
JOB_61,CV_014,0,-1,1,0,-1,0.793441644914104
JOB_61,CV_039,-1,-1,1,0,-1,0.7586195969184619
JOB_61,CV_084,-1,0,1,0,-1,0.793441644914104
JOB_61,CV_013,0,0,1,0,1,0.9909111581409155
JOB_61,CV_049,0,0,1,0,-1,0.8244029762987993
JOB_61,CV_087,0,0,1,0,-1,0.8244029762987993
JOB_61,CV_002,-1,0,1,0,-1,0.793441644914104
JOB_61,CV_004,1,0,1,0,-1,0.8515915098330731
JOB_61,CV_091,-1,0,1,0,1,0.9889138067848836
JOB_61,CV_015,0,-1,1,-1,1,0.9850352274079028
JOB_61,CV_017,0,-1,1,-1,-1,0.7392104299313632
JOB_62,CV_040,-1,0,1,-1,-1,0.7392104299313632
JOB_62,CV_062,-1,0,1,-1,-1,0.7392104299313632
JOB_62,CV_100,0,0,1,-1,-1,0.7760057395865282
JOB_62,CV_114,0,0,1,1,-1,0.8687323344441251
JOB_62,CV_087,0,0,1,-1,-1,0.7760057395865282
JOB_62,CV_105,-1,1,1,-1,-1,0.7760057395865282
JOB_62,CV_112,-1,0,1,-1,-1,0.7392104299313632
JOB_62,CV_041,-1,0,1,-1,-1,0.7392104299313632
JOB_62,CV_074,0,0,1,-1,-1,0.7760057395865282
JOB_62,CV_018,1,-1,1,-1,-1,0.7760057395865282
JOB_62,CV_060,-1,0,1,-1,-1,0.7392104299313632
JOB_62,CV_086,0,0,1,-1,-1,0.7760057395865282
JOB_62,CV_054,0,0,1,-1,-1,0.7760057395865282
JOB_62,CV_056,0,0,1,-1,-1,0.7760057395865282
JOB_62,CV_055,0,0,1,-1,-1,0.7760057395865282
JOB_62,CV_082,1,0,1,-1,-1,0.8089512745610968
JOB_62,CV_079,-1,-1,1,-1,-1,0.6987174891528171
JOB_62,CV_043,0,0,1,1,-1,0.8687323344441251
JOB_62,CV_033,0,0,1,-1,-1,0.7760057395865282
JOB_62,CV_025,0,0,1,-1,-1,0.7760057395865282
JOB_62,CV_026,1,-1,1,-1,-1,0.7760057395865282
JOB_62,CV_083,-1,0,1,1,-1,0.8441091699732922
JOB_62,CV_092,0,-1,1,-1,-1,0.7392104299313632
JOB_62,CV_076,0,1,1,-1,-1,0.8089512745610968
JOB_62,CV_065,0,0,1,-1,-1,0.7760057395865282
JOB_62,CV_069,1,0,1,-1,-1,0.8089512745610968
JOB_62,CV_101,1,-1,1,-1,-1,0.7760057395865282
JOB_62,CV_010,1,0,1,-1,-1,0.8089512745610968
JOB_62,CV_028,0,0,1,-1,-1,0.7760057395865282
JOB_62,CV_031,-1,0,1,-1,-1,0.7392104299313632
JOB_62,CV_049,0,1,1,-1,-1,0.8089512745610968
JOB_62,CV_093,0,1,1,-1,-1,0.8089512745610968
JOB_62,CV_057,-1,0,1,-1,-1,0.7392104299313632
JOB_62,CV_012,0,1,1,1,-1,0.8899731895162262
JOB_62,CV_099,1,1,1,-1,-1,0.838062317751627
JOB_62,CV_002,0,0,1,-1,-1,0.7760057395865282
JOB_62,CV_000,0,0,1,1,-1,0.8687323344441251
JOB_62,CV_117,1,0,1,-1,-1,0.8089512745610968
JOB_62,CV_077,-1,0,1,-1,-1,0.7392104299313632
JOB_62,CV_014,-1,-1,1,-1,-1,0.6987174891528171
JOB_62,CV_116,0,0,1,-1,-1,0.7760057395865282
JOB_62,CV_045,0,0,1,-1,-1,0.7760057395865282
JOB_62,CV_016,0,0,1,-1,-1,0.7760057395865282
JOB_62,CV_011,-1,0,1,-1,-1,0.7392104299313632
JOB_62,CV_017,-1,-1,1,-1,-1,0.6987174891528171
JOB_62,CV_036,-1,0,1,-1,-1,0.7392104299313632
JOB_62,CV_063,1,0,1,-1,-1,0.8089512745610968
JOB_62,CV_097,0,1,1,-1,-1,0.8089512745610968
JOB_62,CV_075,0,1,1,-1,-1,0.8089512745610968
JOB_62,CV_042,-1,0,1,-1,-1,0.7392104299313632
JOB_62,CV_001,-1,0,1,-1,-1,0.7392104299313632
JOB_62,CV_037,0,1,1,-1,-1,0.8089512745610968
JOB_62,CV_038,-1,0,1,-1,-1,0.7392104299313632
JOB_62,CV_048,0,-1,1,-1,-1,0.7392104299313632
JOB_62,CV_058,0,0,1,-1,-1,0.7760057395865282
JOB_62,CV_027,1,0,1,-1,-1,0.8089512745610968
JOB_62,CV_005,0,0,1,-1,-1,0.7760057395865282
JOB_62,CV_073,0,0,1,-1,-1,0.7760057395865282
JOB_62,CV_078,-1,0,1,-1,-1,0.7392104299313632
JOB_62,CV_072,0,0,1,-1,-1,0.7760057395865282
JOB_62,CV_070,0,0,1,-1,-1,0.7760057395865282
JOB_62,CV_019,-1,0,1,-1,-1,0.7392104299313632
JOB_62,CV_096,1,0,1,1,-1,0.8899731895162262
JOB_62,CV_119,-1,0,1,-1,-1,0.7392104299313632
JOB_62,CV_118,-1,0,1,-1,-1,0.7392104299313632
JOB_62,CV_084,-1,1,1,-1,-1,0.7760057395865282
JOB_62,CV_053,1,1,1,-1,-1,0.838062317751627
JOB_62,CV_034,0,0,1,-1,-1,0.7760057395865282
JOB_62,CV_081,1,0,1,-1,-1,0.8089512745610968
JOB_62,CV_106,-1,1,1,-1,-1,0.7760057395865282
JOB_64,CV_099,0,1,-1,-1,1,0.8089512745610971
JOB_64,CV_110,1,0,1,-1,-1,0.8089512745610968
JOB_64,CV_053,1,1,-1,-1,1,0.838062317751627
JOB_64,CV_102,1,1,-1,-1,-1,0.1822423251368743
JOB_64,CV_042,0,0,-1,-1,-1,0.1298178566858989
JOB_64,CV_093,0,1,1,-1,-1,0.8089512745610968
JOB_64,CV_028,-1,1,-1,-1,1,0.7760057395865282
JOB_64,CV_097,0,1,-1,-1,-1,0.1542173437162248
JOB_64,CV_098,1,0,-1,-1,1,0.8089512745610971
JOB_64,CV_116,0,0,1,-1,-1,0.7760057395865282
JOB_64,CV_078,0,1,-1,-1,1,0.8089512745610971
JOB_64,CV_032,0,1,1,-1,-1,0.8089512745610968
JOB_64,CV_084,0,1,1,-1,-1,0.8089512745610968
JOB_64,CV_001,1,0,1,-1,-1,0.8089512745610968
JOB_64,CV_060,-1,0,1,-1,1,0.9850352274079028
JOB_64,CV_100,0,1,-1,1,1,0.889973189516226
JOB_64,CV_087,1,1,1,-1,-1,0.838062317751627
JOB_64,CV_064,0,1,1,-1,1,0.9899324551676333
JOB_64,CV_091,-1,1,1,-1,-1,0.7760057395865282
JOB_64,CV_089,0,1,1,-1,-1,0.8089512745610968
JOB_64,CV_113,0,1,-1,-1,-1,0.1542173437162248
JOB_64,CV_021,0,1,-1,-1,-1,0.1542173437162248
JOB_64,CV_020,1,0,1,-1,-1,0.8089512745610968
JOB_64,CV_067,0,0,1,-1,-1,0.7760057395865282
JOB_64,CV_105,1,1,-1,1,-1,0.29860036576401555
JOB_64,CV_027,1,0,-1,-1,-1,0.1542173437162248
JOB_64,CV_045,0,0,1,-1,-1,0.7760057395865282
JOB_64,CV_106,-1,1,1,-1,1,0.9877226901975171
JOB_64,CV_025,0,1,1,-1,-1,0.8089512745610968
JOB_64,CV_002,-1,1,1,-1,1,0.9877226901975171
JOB_64,CV_046,1,0,-1,-1,-1,0.1542173437162248
JOB_64,CV_107,-1,0,1,-1,-1,0.7392104299313632
JOB_64,CV_083,0,0,-1,1,-1,0.221781771504529
JOB_64,CV_022,0,1,-1,-1,-1,0.1542173437162248
JOB_64,CV_076,0,1,1,-1,-1,0.8089512745610968
JOB_64,CV_068,-1,0,-1,1,1,0.8441091699732921
JOB_64,CV_101,0,-1,-1,-1,1,0.7392104299313633
JOB_64,CV_017,-1,0,-1,-1,-1,0.1087822236783695
JOB_64,CV_050,-1,0,1,-1,-1,0.7392104299313632
JOB_64,CV_088,0,1,1,-1,-1,0.8089512745610968
JOB_64,CV_047,0,-1,1,-1,-1,0.7392104299313632
JOB_64,CV_012,0,1,-1,1,-1,0.2583346292282553
JOB_64,CV_041,0,1,1,-1,-1,0.8089512745610968
JOB_64,CV_006,0,1,-1,-1,-1,0.1542173437162248
JOB_64,CV_109,0,-1,-1,-1,-1,0.1087822236783695
JOB_64,CV_009,1,0,-1,-1,-1,0.1542173437162248
JOB_64,CV_048,-1,-1,-1,-1,-1,0.09079952375892328
JOB_64,CV_051,0,1,1,-1,-1,0.8089512745610968
JOB_64,CV_024,1,1,-1,1,-1,0.29860036576401555
JOB_64,CV_055,1,1,-1,-1,-1,0.1822423251368743
JOB_64,CV_079,-1,0,-1,-1,-1,0.1087822236783695
JOB_64,CV_003,0,0,1,-1,-1,0.7760057395865282
JOB_64,CV_023,1,0,-1,-1,-1,0.1542173437162248
JOB_64,CV_069,-1,1,1,-1,-1,0.7760057395865282
JOB_64,CV_066,1,0,1,-1,-1,0.8089512745610968
JOB_64,CV_086,0,0,1,-1,1,0.9877226901975171
JOB_64,CV_062,0,1,-1,-1,-1,0.1542173437162248
JOB_64,CV_077,-1,1,1,-1,1,0.9877226901975171
JOB_64,CV_034,0,0,1,-1,-1,0.7760057395865282
JOB_64,CV_004,0,1,1,-1,1,0.9899324551676333
JOB_64,CV_092,1,0,-1,-1,-1,0.1542173437162248
JOB_64,CV_063,-1,1,-1,-1,1,0.7760057395865282
JOB_64,CV_117,-1,1,-1,-1,-1,0.12981785668589885
JOB_64,CV_059,0,1,-1,-1,-1,0.1542173437162248
JOB_64,CV_037,0,1,-1,1,-1,0.2583346292282553
JOB_64,CV_029,0,0,1,-1,-1,0.7760057395865282
JOB_64,CV_119,1,1,1,-1,-1,0.838062317751627
JOB_64,CV_090,0,1,-1,-1,-1,0.1542173437162248
JOB_64,CV_103,1,0,-1,-1,-1,0.1542173437162248
JOB_64,CV_104,-1,1,-1,-1,-1,0.12981785668589885
JOB_65,CV_043,1,-1,1,0,-1,0.8244029762987993
JOB_65,CV_024,1,-1,1,-1,-1,0.7760057395865282
JOB_65,CV_069,-1,-1,1,0,-1,0.7586195969184619
JOB_65,CV_048,0,-1,1,0,1,0.9889138067848836
JOB_65,CV_007,0,0,1,0,1,0.9909111581409155
JOB_65,CV_087,-1,-1,1,0,-1,0.7586195969184619
JOB_65,CV_074,0,0,1,0,1,0.9909111581409155
JOB_65,CV_110,0,-1,1,0,1,0.9889138067848836
JOB_65,CV_013,-1,0,1,0,1,0.9889138067848836
JOB_65,CV_092,1,-1,1,0,1,0.9909111581409155
JOB_65,CV_086,0,-1,1,0,-1,0.793441644914104
JOB_65,CV_020,1,0,1,0,1,0.9925513658320195
JOB_65,CV_093,0,0,1,0,-1,0.8244029762987993
JOB_65,CV_103,1,-1,1,0,-1,0.8244029762987993
JOB_65,CV_066,0,-1,1,0,-1,0.793441644914104
JOB_65,CV_075,-1,-1,1,0,-1,0.7586195969184619
JOB_65,CV_105,1,0,1,0,-1,0.8515915098330731
JOB_65,CV_003,0,-1,1,0,1,0.9889138067848836
JOB_65,CV_045,0,-1,1,0,1,0.9889138067848836
JOB_65,CV_104,0,0,1,0,-1,0.8244029762987993
JOB_65,CV_002,-1,-1,1,0,-1,0.7586195969184619
JOB_65,CV_028,0,-1,1,0,-1,0.793441644914104
JOB_65,CV_051,0,0,1,0,1,0.9909111581409155
JOB_65,CV_117,0,-1,1,0,-1,0.793441644914104
JOB_65,CV_065,0,-1,1,-1,1,0.9850352274079028
JOB_65,CV_008,1,-1,1,0,-1,0.8244029762987993
JOB_65,CV_006,0,-1,1,0,-1,0.793441644914104
JOB_65,CV_102,0,-1,1,-1,-1,0.7392104299313632
JOB_65,CV_034,1,-1,1,0,1,0.9909111581409155
JOB_65,CV_042,0,0,1,0,-1,0.8244029762987993
JOB_65,CV_098,-1,-1,1,0,-1,0.7586195969184619
JOB_65,CV_118,-1,-1,1,0,-1,0.7586195969184619
JOB_65,CV_094,0,0,1,0,1,0.9909111581409155
JOB_65,CV_004,0,-1,1,0,-1,0.793441644914104
JOB_65,CV_106,0,0,1,0,-1,0.8244029762987993
JOB_65,CV_088,-1,0,1,-1,-1,0.7392104299313632
JOB_65,CV_068,0,-1,1,-1,-1,0.7392104299313632
JOB_65,CV_111,0,0,1,1,-1,0.8687323344441251
JOB_65,CV_072,1,-1,1,0,-1,0.8244029762987993
JOB_65,CV_062,0,0,1,0,1,0.9909111581409155
JOB_65,CV_063,1,-1,1,0,-1,0.8244029762987993
JOB_65,CV_005,1,0,1,0,-1,0.8515915098330731
JOB_65,CV_026,-1,-1,1,0,-1,0.7586195969184619
JOB_65,CV_017,0,-1,1,-1,-1,0.7392104299313632
JOB_65,CV_099,1,0,1,0,-1,0.8515915098330731
JOB_65,CV_018,1,-1,1,0,-1,0.8244029762987993
JOB_65,CV_089,0,0,1,0,-1,0.8244029762987993
JOB_65,CV_036,1,0,1,0,-1,0.8515915098330731
JOB_65,CV_109,-1,-1,1,-1,-1,0.6987174891528171
JOB_65,CV_009,0,-1,1,0,1,0.9889138067848836
JOB_65,CV_010,0,0,1,0,1,0.9909111581409155
JOB_65,CV_054,0,0,1,0,-1,0.8244029762987993
JOB_65,CV_064,-1,-1,1,0,-1,0.7586195969184619
JOB_65,CV_041,0,-1,1,0,-1,0.793441644914104
JOB_65,CV_070,-1,0,1,0,-1,0.793441644914104
JOB_65,CV_058,0,0,1,0,-1,0.8244029762987993
JOB_65,CV_060,1,0,1,-1,-1,0.8089512745610968
JOB_65,CV_050,1,-1,1,0,-1,0.8244029762987993
JOB_65,CV_025,0,0,1,0,1,0.9909111581409155
JOB_65,CV_112,0,-1,1,0,-1,0.793441644914104
JOB_65,CV_046,0,-1,1,1,1,0.9921099818949954
JOB_65,CV_116,-1,0,1,0,1,0.9889138067848836
JOB_65,CV_001,0,-1,1,0,1,0.9889138067848836
JOB_65,CV_049,-1,0,1,0,-1,0.793441644914104
JOB_65,CV_091,1,-1,1,0,1,0.9909111581409155
JOB_65,CV_033,1,-1,1,0,-1,0.8244029762987993
JOB_65,CV_053,0,0,1,-1,-1,0.7760057395865282
JOB_65,CV_067,0,0,1,0,-1,0.8244029762987993
JOB_65,CV_052,-1,-1,1,-1,1,0.9817703452181514
JOB_65,CV_073,0,-1,1,0,-1,0.793441644914104
JOB_66,CV_035,-1,0,1,1,-1,0.8441091699732922
JOB_66,CV_069,1,0,1,1,-1,0.8899731895162262
JOB_66,CV_000,1,0,1,0,-1,0.8515915098330731
JOB_66,CV_028,1,0,1,0,-1,0.8515915098330731
JOB_66,CV_050,1,-1,1,0,-1,0.8244029762987993
JOB_66,CV_004,0,0,1,0,-1,0.8244029762987993
JOB_66,CV_091,-1,-1,1,0,-1,0.7586195969184619
JOB_66,CV_037,0,0,1,-1,-1,0.7760057395865282
JOB_66,CV_009,0,0,1,0,-1,0.8244029762987993
JOB_66,CV_105,0,1,1,0,-1,0.8515915098330731
JOB_66,CV_025,0,1,1,0,-1,0.8515915098330731
JOB_66,CV_007,0,0,1,1,-1,0.8687323344441251
JOB_66,CV_049,0,0,1,1,-1,0.8687323344441251
JOB_66,CV_052,0,-1,1,-1,-1,0.7392104299313632
JOB_66,CV_011,-1,-1,1,-1,-1,0.6987174891528171
JOB_66,CV_060,0,0,1,-1,-1,0.7760057395865282
JOB_66,CV_047,1,-1,1,-1,-1,0.7760057395865282
JOB_66,CV_101,1,-1,1,0,-1,0.8244029762987993
JOB_66,CV_030,0,0,1,1,-1,0.8687323344441251
JOB_66,CV_055,0,0,1,1,-1,0.8687323344441251
JOB_66,CV_041,-1,-1,1,1,-1,0.8158462909997302
JOB_66,CV_008,0,-1,1,1,-1,0.8441091699732922
JOB_66,CV_082,0,-1,1,1,-1,0.8441091699732922
JOB_66,CV_043,0,-1,1,0,-1,0.793441644914104
JOB_66,CV_099,1,0,1,0,-1,0.8515915098330731
JOB_66,CV_058,0,0,1,1,-1,0.8687323344441251
JOB_66,CV_110,-1,0,1,1,-1,0.8441091699732922
JOB_66,CV_067,-1,0,1,1,-1,0.8441091699732922
JOB_66,CV_010,0,0,1,1,-1,0.8687323344441251
JOB_66,CV_088,0,0,1,-1,-1,0.7760057395865282
JOB_66,CV_119,1,0,1,-1,-1,0.8089512745610968
JOB_66,CV_096,0,-1,1,0,-1,0.793441644914104
JOB_66,CV_115,0,0,1,1,-1,0.8687323344441251
JOB_66,CV_057,0,-1,1,1,-1,0.8441091699732922
JOB_66,CV_042,0,0,1,1,-1,0.8687323344441251
JOB_66,CV_073,0,0,1,0,-1,0.8244029762987993
JOB_66,CV_027,0,0,1,1,-1,0.8687323344441251
JOB_66,CV_020,0,0,1,1,-1,0.8687323344441251
JOB_66,CV_074,-1,0,1,0,-1,0.793441644914104
JOB_66,CV_113,1,-1,1,0,-1,0.8244029762987993
JOB_66,CV_081,0,0,1,1,-1,0.8687323344441251
JOB_66,CV_076,-1,0,1,1,-1,0.8441091699732922
JOB_66,CV_093,-1,0,1,1,-1,0.8441091699732922
JOB_66,CV_086,-1,0,1,1,-1,0.8441091699732922
JOB_66,CV_087,0,0,1,1,-1,0.8687323344441251
JOB_66,CV_063,-1,-1,1,1,-1,0.8158462909997302
JOB_66,CV_029,-1,0,1,0,-1,0.793441644914104
JOB_66,CV_107,0,0,1,1,-1,0.8687323344441251
JOB_66,CV_106,0,0,1,1,-1,0.8687323344441251
JOB_66,CV_068,-1,-1,1,-1,-1,0.6987174891528171
JOB_66,CV_045,0,0,1,1,-1,0.8687323344441251
JOB_66,CV_032,0,1,1,1,-1,0.8899731895162262
JOB_66,CV_109,1,-1,1,-1,-1,0.7760057395865282
JOB_66,CV_095,0,-1,1,0,-1,0.793441644914104
JOB_66,CV_034,-1,0,1,0,-1,0.793441644914104
JOB_66,CV_040,0,0,1,1,-1,0.8687323344441251
JOB_66,CV_064,0,0,1,0,1,0.9909111581409155
JOB_66,CV_071,-1,0,1,-1,-1,0.7392104299313632
JOB_66,CV_094,1,0,1,1,-1,0.8899731895162262
JOB_66,CV_021,0,-1,1,0,-1,0.793441644914104
JOB_66,CV_092,1,0,1,1,-1,0.8899731895162262
JOB_66,CV_100,0,-1,1,0,-1,0.793441644914104
JOB_66,CV_089,0,0,1,1,1,0.9935352566336874
JOB_66,CV_056,0,0,1,0,-1,0.8244029762987993
JOB_66,CV_066,0,0,1,1,-1,0.8687323344441251
JOB_66,CV_112,0,0,1,1,-1,0.8687323344441251
JOB_66,CV_022,1,0,1,0,-1,0.8515915098330731
JOB_66,CV_048,0,-1,1,1,-1,0.8441091699732922
JOB_66,CV_016,1,0,1,1,-1,0.8899731895162262
JOB_66,CV_070,1,0,1,1,1,0.9947044400573793
JOB_67,CV_106,1,1,1,0,-1,0.875207551880179
JOB_67,CV_103,1,0,1,0,-1,0.8515915098330731
JOB_67,CV_074,1,0,1,0,1,0.9925513658320195
JOB_67,CV_118,-1,0,1,0,-1,0.793441644914104
JOB_67,CV_053,1,-1,1,-1,-1,0.7760057395865282
JOB_67,CV_108,0,-1,1,0,-1,0.793441644914104
JOB_67,CV_110,0,-1,1,0,1,0.9889138067848836
JOB_67,CV_063,1,-1,1,0,-1,0.8244029762987993
JOB_67,CV_038,-1,0,1,0,-1,0.793441644914104
JOB_67,CV_039,1,0,1,0,-1,0.8515915098330731
JOB_67,CV_013,0,0,1,0,1,0.9909111581409155
JOB_67,CV_067,1,0,1,0,-1,0.8515915098330731
JOB_67,CV_003,0,-1,1,0,1,0.9889138067848836
JOB_67,CV_097,1,-1,1,0,1,0.9909111581409155
JOB_67,CV_058,-1,0,1,0,-1,0.793441644914104
JOB_67,CV_033,0,0,1,0,-1,0.8244029762987993
JOB_67,CV_104,0,0,1,0,-1,0.8244029762987993
JOB_67,CV_075,0,1,1,0,-1,0.8515915098330731
JOB_67,CV_052,-1,-1,1,-1,1,0.9817703452181514
JOB_67,CV_080,0,0,1,-1,-1,0.7760057395865282
JOB_67,CV_031,-1,0,1,0,1,0.9889138067848836
JOB_67,CV_014,0,-1,1,0,-1,0.793441644914104
JOB_67,CV_050,-1,-1,1,0,-1,0.7586195969184619
JOB_67,CV_068,1,0,1,1,-1,0.8899731895162262
JOB_67,CV_047,-1,-1,1,1,1,0.9903735230222465
JOB_67,CV_020,-1,0,1,0,1,0.9889138067848836
JOB_67,CV_009,-1,0,1,0,1,0.9889138067848836
JOB_67,CV_056,0,0,1,0,1,0.9909111581409155
JOB_67,CV_048,-1,-1,1,0,1,0.9864835075253354
JOB_67,CV_107,0,0,1,0,-1,0.8244029762987993
JOB_67,CV_041,1,-1,1,0,-1,0.8244029762987993
JOB_67,CV_116,0,0,1,0,1,0.9909111581409155
JOB_67,CV_119,0,0,1,-1,-1,0.7760057395865282
JOB_67,CV_066,-1,-1,1,0,-1,0.7586195969184619
JOB_67,CV_004,0,0,1,0,-1,0.8244029762987993
JOB_67,CV_077,-1,-1,1,-1,-1,0.6987174891528171
JOB_67,CV_094,1,0,1,0,1,0.9925513658320195
JOB_67,CV_027,-1,-1,1,0,-1,0.7586195969184619
JOB_67,CV_060,0,0,1,-1,-1,0.7760057395865282
JOB_67,CV_011,0,-1,1,-1,1,0.9850352274079028
JOB_67,CV_025,1,0,1,0,1,0.9925513658320195
JOB_67,CV_069,-1,0,1,0,-1,0.793441644914104
JOB_67,CV_072,0,-1,1,0,-1,0.793441644914104
JOB_67,CV_034,-1,0,1,0,1,0.9889138067848836
JOB_67,CV_098,0,-1,1,0,-1,0.793441644914104
JOB_67,CV_076,1,-1,1,0,-1,0.8244029762987993
JOB_67,CV_057,0,0,1,0,1,0.9909111581409155
JOB_67,CV_000,0,0,1,0,-1,0.8244029762987993
JOB_67,CV_089,1,1,1,0,-1,0.875207551880179
JOB_67,CV_113,0,-1,1,0,1,0.9889138067848836
JOB_67,CV_015,0,-1,1,-1,1,0.9850352274079028
JOB_67,CV_087,0,0,1,0,-1,0.8244029762987993
JOB_67,CV_070,0,0,1,0,-1,0.8244029762987993
JOB_67,CV_111,-1,-1,1,1,-1,0.8158462909997302
JOB_67,CV_016,1,0,1,0,1,0.9925513658320195
JOB_67,CV_042,0,0,1,0,-1,0.8244029762987993
JOB_67,CV_062,-1,0,1,0,1,0.9889138067848836
JOB_67,CV_010,1,0,1,0,1,0.9925513658320195
JOB_67,CV_045,0,0,1,0,1,0.9909111581409155
JOB_67,CV_021,-1,0,1,1,-1,0.8441091699732922
JOB_67,CV_029,0,0,1,0,1,0.9909111581409155
JOB_67,CV_055,1,0,1,0,1,0.9925513658320195
JOB_67,CV_054,1,0,1,0,-1,0.8515915098330731
JOB_67,CV_101,1,-1,1,0,-1,0.8244029762987993
JOB_67,CV_073,1,0,1,0,-1,0.8515915098330731
JOB_67,CV_090,-1,0,1,-1,-1,0.7392104299313632
JOB_67,CV_079,0,-1,1,0,1,0.9889138067848836
JOB_67,CV_023,1,0,1,0,-1,0.8515915098330731
JOB_67,CV_065,0,0,1,-1,1,0.9877226901975171
JOB_67,CV_040,0,0,1,0,-1,0.8244029762987993
JOB_68,CV_049,-1,0,1,-1,-1,0.7392104299313632
JOB_68,CV_018,0,0,1,-1,1,0.9877226901975171
JOB_68,CV_068,-1,0,1,-1,1,0.9850352274079028
JOB_68,CV_041,0,-1,1,-1,-1,0.7392104299313632
JOB_68,CV_101,0,-1,1,-1,1,0.9850352274079028
JOB_68,CV_012,-1,1,1,-1,-1,0.7760057395865282
JOB_68,CV_103,-1,0,1,-1,-1,0.7392104299313632
JOB_68,CV_000,0,0,1,-1,-1,0.7760057395865282
JOB_68,CV_051,0,0,1,-1,-1,0.7760057395865282
JOB_68,CV_112,1,0,1,-1,-1,0.8089512745610968
JOB_68,CV_086,-1,0,1,-1,1,0.9850352274079028
JOB_68,CV_067,-1,0,1,-1,-1,0.7392104299313632
JOB_68,CV_109,-1,-1,1,-1,-1,0.6987174891528171
JOB_68,CV_090,0,0,1,-1,-1,0.7760057395865282
JOB_68,CV_075,0,0,1,-1,-1,0.7760057395865282
JOB_68,CV_008,1,-1,1,-1,-1,0.7760057395865282
JOB_68,CV_031,0,0,1,-1,-1,0.7760057395865282
JOB_68,CV_048,-1,-1,1,-1,-1,0.6987174891528171
JOB_68,CV_007,0,0,1,-1,-1,0.7760057395865282
JOB_68,CV_062,1,0,1,-1,-1,0.8089512745610968
JOB_68,CV_032,0,0,1,-1,-1,0.7760057395865282
JOB_68,CV_055,0,0,1,-1,-1,0.7760057395865282
JOB_68,CV_077,1,0,1,-1,1,0.9899324551676333
JOB_68,CV_061,0,0,1,-1,1,0.9877226901975171
JOB_68,CV_047,0,-1,1,-1,-1,0.7392104299313632
JOB_68,CV_118,-1,-1,1,-1,1,0.9817703452181514
JOB_68,CV_060,0,0,1,-1,1,0.9877226901975171
JOB_68,CV_006,0,0,1,-1,-1,0.7760057395865282
JOB_68,CV_076,0,0,1,-1,-1,0.7760057395865282
JOB_68,CV_030,-1,0,1,-1,-1,0.7392104299313632
JOB_68,CV_113,1,0,1,-1,-1,0.8089512745610968
JOB_68,CV_036,1,0,1,-1,-1,0.8089512745610968
JOB_68,CV_021,0,0,1,-1,-1,0.7760057395865282
JOB_68,CV_074,-1,0,1,-1,-1,0.7392104299313632
JOB_68,CV_045,-1,0,1,-1,-1,0.7392104299313632
JOB_68,CV_010,1,0,1,-1,-1,0.8089512745610968
JOB_68,CV_108,0,-1,1,-1,1,0.9850352274079028
JOB_68,CV_024,0,0,1,-1,-1,0.7760057395865282
JOB_68,CV_015,0,0,1,-1,-1,0.7760057395865282
JOB_68,CV_082,0,-1,1,-1,-1,0.7392104299313632
JOB_68,CV_063,0,0,1,1,1,0.9935352566336874
JOB_68,CV_088,0,0,1,-1,-1,0.7760057395865282
JOB_68,CV_105,0,0,1,-1,-1,0.7760057395865282
JOB_68,CV_053,1,1,1,-1,1,0.9917478125249066
JOB_68,CV_087,-1,0,1,-1,-1,0.7392104299313632
JOB_68,CV_106,-1,0,1,-1,1,0.9850352274079028
JOB_68,CV_052,0,-1,1,-1,1,0.9850352274079028
JOB_68,CV_069,-1,0,1,-1,-1,0.7392104299313632
JOB_68,CV_029,1,0,1,-1,-1,0.8089512745610968
JOB_68,CV_099,0,0,1,-1,1,0.9877226901975171
JOB_68,CV_057,1,0,1,1,-1,0.8899731895162262
JOB_68,CV_054,0,0,1,-1,1,0.9877226901975171
JOB_68,CV_078,-1,0,1,-1,1,0.9850352274079028
JOB_68,CV_038,0,0,1,-1,-1,0.7760057395865282
JOB_68,CV_094,1,0,1,-1,-1,0.8089512745610968
JOB_68,CV_116,-1,0,1,-1,-1,0.7392104299313632
JOB_68,CV_026,0,0,1,-1,1,0.9877226901975171
JOB_68,CV_066,1,-1,1,-1,-1,0.7760057395865282
JOB_68,CV_095,0,-1,1,-1,-1,0.7392104299313632
JOB_68,CV_083,0,-1,1,-1,-1,0.7392104299313632
JOB_68,CV_104,0,0,1,-1,-1,0.7760057395865282
JOB_68,CV_027,1,0,1,-1,-1,0.8089512745610968
JOB_68,CV_102,-1,0,1,-1,-1,0.7392104299313632
JOB_68,CV_044,1,0,1,-1,-1,0.8089512745610968
JOB_68,CV_035,0,0,1,-1,1,0.9877226901975171
JOB_68,CV_079,1,0,1,-1,-1,0.8089512745610968
JOB_68,CV_064,-1,0,1,-1,1,0.9850352274079028
JOB_68,CV_019,-1,0,1,-1,1,0.9850352274079028
JOB_68,CV_070,1,0,1,-1,1,0.9899324551676333
JOB_68,CV_081,1,0,1,-1,-1,0.8089512745610968
JOB_70,CV_117,0,0,1,0,-1,0.8244029762987993
JOB_70,CV_107,0,0,1,0,-1,0.8244029762987993
JOB_70,CV_014,0,-1,1,0,1,0.9889138067848836
JOB_70,CV_034,-1,0,1,0,-1,0.793441644914104
JOB_70,CV_106,-1,1,1,0,1,0.9909111581409155
JOB_70,CV_045,-1,0,1,0,-1,0.793441644914104
JOB_70,CV_118,0,0,1,0,1,0.9909111581409155
JOB_70,CV_056,0,0,1,0,-1,0.8244029762987993
JOB_70,CV_041,1,0,1,0,-1,0.8515915098330731
JOB_70,CV_040,-1,1,1,0,-1,0.8244029762987993
JOB_70,CV_108,1,0,1,0,1,0.9925513658320195
JOB_70,CV_100,0,0,1,1,1,0.9935352566336874
JOB_70,CV_104,1,0,1,0,-1,0.8515915098330731
JOB_70,CV_030,0,0,1,0,-1,0.8244029762987993
JOB_70,CV_113,0,0,1,0,-1,0.8244029762987993
JOB_70,CV_029,-1,0,1,0,-1,0.793441644914104
JOB_70,CV_119,-1,0,1,-1,-1,0.7392104299313632
JOB_70,CV_058,-1,0,1,0,-1,0.793441644914104
JOB_70,CV_063,0,0,1,0,1,0.9909111581409155
JOB_70,CV_051,0,0,1,0,-1,0.8244029762987993
JOB_70,CV_096,1,0,1,0,-1,0.8515915098330731
JOB_70,CV_116,0,0,1,0,-1,0.8244029762987993
JOB_70,CV_043,1,0,1,0,-1,0.8515915098330731
JOB_70,CV_037,-1,1,1,-1,-1,0.7760057395865282
JOB_70,CV_074,-1,0,1,0,-1,0.793441644914104
JOB_70,CV_092,0,0,1,0,-1,0.8244029762987993
JOB_70,CV_076,0,1,1,0,-1,0.8515915098330731
JOB_70,CV_078,0,0,1,0,1,0.9909111581409155
JOB_70,CV_062,1,0,1,0,-1,0.8515915098330731
JOB_70,CV_057,-1,0,1,0,-1,0.793441644914104
JOB_70,CV_038,0,0,1,0,-1,0.8244029762987993
JOB_70,CV_053,1,1,1,-1,1,0.9917478125249066
JOB_70,CV_075,-1,-1,1,0,-1,0.7586195969184619
JOB_70,CV_067,1,0,1,0,-1,0.8515915098330731
JOB_70,CV_021,1,0,1,0,-1,0.8515915098330731
JOB_70,CV_020,-1,0,1,0,-1,0.793441644914104
JOB_70,CV_005,0,0,1,1,1,0.9935352566336874
JOB_70,CV_082,0,0,1,0,-1,0.8244029762987993
JOB_70,CV_028,1,0,1,0,1,0.9925513658320195
JOB_70,CV_114,0,1,1,0,-1,0.8515915098330731
JOB_70,CV_071,0,0,1,-1,-1,0.7760057395865282
JOB_70,CV_084,1,0,1,0,-1,0.8515915098330731
JOB_70,CV_083,-1,0,1,0,-1,0.793441644914104
JOB_70,CV_110,1,0,1,0,-1,0.8515915098330731
JOB_70,CV_052,0,-1,1,-1,1,0.9850352274079028
JOB_70,CV_036,0,0,1,0,-1,0.8244029762987993
JOB_70,CV_099,1,1,1,0,1,0.9938973981992373
JOB_70,CV_010,0,1,1,0,-1,0.8515915098330731
JOB_70,CV_023,-1,0,1,0,-1,0.793441644914104
JOB_70,CV_012,0,1,1,0,-1,0.8515915098330731
JOB_70,CV_050,0,0,1,0,-1,0.8244029762987993
JOB_70,CV_073,-1,0,1,0,1,0.9889138067848836
JOB_70,CV_077,1,0,1,-1,1,0.9899324551676333
JOB_70,CV_042,-1,0,1,0,-1,0.793441644914104
JOB_70,CV_022,0,0,1,0,-1,0.8244029762987993
JOB_70,CV_066,0,0,1,0,-1,0.8244029762987993
JOB_70,CV_004,-1,0,1,0,1,0.9889138067848836
JOB_70,CV_015,1,1,1,1,-1,0.9081404248468237
JOB_70,CV_008,1,0,1,0,-1,0.8515915098330731
JOB_70,CV_006,0,0,1,0,-1,0.8244029762987993
JOB_70,CV_072,-1,0,1,0,-1,0.793441644914104
JOB_70,CV_032,-1,0,1,0,-1,0.793441644914104
JOB_70,CV_093,0,0,1,0,-1,0.8244029762987993
JOB_70,CV_039,-1,0,1,0,-1,0.793441644914104
JOB_70,CV_026,0,0,1,0,1,0.9909111581409155
JOB_70,CV_069,1,0,1,0,-1,0.8515915098330731
JOB_70,CV_081,0,0,1,0,-1,0.8244029762987993
JOB_70,CV_009,1,1,1,0,-1,0.875207551880179
JOB_70,CV_019,0,0,1,0,1,0.9909111581409155
JOB_70,CV_060,0,0,1,-1,1,0.9877226901975171
JOB_72,CV_065,-1,1,1,1,-1,0.8687323344441251
JOB_72,CV_090,0,1,1,-1,-1,0.8089512745610968
JOB_72,CV_008,0,0,1,-1,-1,0.7760057395865282
JOB_72,CV_089,0,1,1,-1,-1,0.8089512745610968
JOB_72,CV_050,0,1,1,-1,-1,0.8089512745610968
JOB_72,CV_063,0,1,1,-1,1,0.9899324551676333
JOB_72,CV_087,1,0,1,-1,-1,0.8089512745610968
JOB_72,CV_060,-1,0,1,-1,1,0.9850352274079028
JOB_72,CV_010,1,0,1,-1,-1,0.8089512745610968
JOB_72,CV_015,0,0,1,-1,-1,0.7760057395865282
JOB_72,CV_093,0,0,1,-1,-1,0.7760057395865282
JOB_72,CV_084,0,0,1,1,-1,0.8687323344441251
JOB_72,CV_053,0,1,1,-1,1,0.9899324551676333
JOB_72,CV_075,-1,0,1,-1,-1,0.7392104299313632
JOB_72,CV_103,0,1,1,-1,-1,0.8089512745610968
JOB_72,CV_068,1,0,1,-1,1,0.9899324551676333
JOB_72,CV_097,0,1,1,-1,-1,0.8089512745610968
JOB_72,CV_099,-1,1,1,-1,1,0.9877226901975171
JOB_72,CV_118,-1,0,1,-1,1,0.9850352274079028
JOB_72,CV_104,1,1,1,-1,-1,0.838062317751627
JOB_72,CV_070,-1,1,1,-1,1,0.9877226901975171
JOB_72,CV_039,-1,0,1,-1,-1,0.7392104299313632
JOB_72,CV_101,0,0,1,-1,1,0.9877226901975171
JOB_72,CV_034,1,0,1,-1,-1,0.8089512745610968
JOB_72,CV_048,0,-1,1,-1,-1,0.7392104299313632
JOB_72,CV_081,0,0,1,-1,-1,0.7760057395865282
JOB_72,CV_119,0,0,1,-1,-1,0.7760057395865282
JOB_72,CV_027,-1,0,1,-1,-1,0.7392104299313632
JOB_72,CV_042,1,0,1,-1,-1,0.8089512745610968
JOB_72,CV_076,0,1,1,-1,-1,0.8089512745610968
JOB_72,CV_111,0,0,1,-1,-1,0.7760057395865282
JOB_72,CV_016,1,0,1,-1,-1,0.8089512745610968
JOB_72,CV_023,1,0,1,-1,-1,0.8089512745610968
JOB_72,CV_054,0,1,1,1,1,0.9947044400573793
JOB_72,CV_083,-1,0,1,-1,-1,0.7392104299313632
JOB_72,CV_088,1,0,1,-1,-1,0.8089512745610968
JOB_72,CV_059,0,0,1,-1,-1,0.7760057395865282
JOB_72,CV_035,1,0,1,-1,1,0.9899324551676333
JOB_72,CV_116,1,0,1,-1,-1,0.8089512745610968
JOB_72,CV_044,-1,0,1,-1,-1,0.7392104299313632
JOB_72,CV_004,1,0,1,-1,1,0.9899324551676333
JOB_72,CV_045,0,0,1,-1,-1,0.7760057395865282
JOB_72,CV_047,0,-1,1,-1,-1,0.7392104299313632
JOB_72,CV_098,-1,0,1,-1,1,0.9850352274079028
JOB_72,CV_102,1,0,1,-1,-1,0.8089512745610968
JOB_72,CV_032,0,1,1,-1,-1,0.8089512745610968
JOB_72,CV_007,0,0,1,-1,-1,0.7760057395865282
JOB_72,CV_031,1,0,1,-1,-1,0.8089512745610968
JOB_72,CV_014,0,-1,1,1,1,0.9921099818949954
JOB_72,CV_000,0,1,1,-1,-1,0.8089512745610968
JOB_72,CV_036,1,0,1,-1,-1,0.8089512745610968
JOB_72,CV_073,0,0,1,-1,1,0.9877226901975171
JOB_72,CV_079,1,0,1,-1,-1,0.8089512745610968
JOB_72,CV_071,1,1,1,1,-1,0.9081404248468237
JOB_72,CV_033,0,1,1,-1,-1,0.8089512745610968
JOB_72,CV_040,0,1,1,-1,-1,0.8089512745610968
JOB_72,CV_055,0,1,1,-1,-1,0.8089512745610968
JOB_72,CV_051,0,1,1,-1,-1,0.8089512745610968
JOB_72,CV_041,0,1,1,-1,-1,0.8089512745610968
JOB_72,CV_058,1,0,1,-1,-1,0.8089512745610968
JOB_72,CV_037,-1,1,1,-1,-1,0.7760057395865282
JOB_72,CV_026,-1,0,1,-1,1,0.9850352274079028
JOB_72,CV_072,-1,0,1,1,-1,0.8441091699732922
JOB_72,CV_100,-1,1,1,-1,1,0.9877226901975171
JOB_72,CV_077,0,0,1,1,1,0.9935352566336874
JOB_72,CV_029,-1,1,1,-1,-1,0.7760057395865282
JOB_72,CV_013,-1,1,1,-1,-1,0.7760057395865282
JOB_72,CV_021,-1,1,1,-1,-1,0.7760057395865282
JOB_72,CV_011,1,1,1,1,-1,0.9081404248468237
JOB_72,CV_110,1,0,1,-1,-1,0.8089512745610968
JOB_73,CV_037,0,-1,1,-1,-1,0.7392104299313632
JOB_73,CV_063,-1,-1,1,1,-1,0.8158462909997302
JOB_73,CV_025,0,-1,1,0,-1,0.793441644914104
JOB_73,CV_040,0,-1,1,1,-1,0.8441091699732922
JOB_73,CV_099,1,-1,1,1,-1,0.8687323344441251
JOB_73,CV_098,0,-1,1,1,-1,0.8441091699732922
JOB_73,CV_105,0,0,1,1,-1,0.8687323344441251
JOB_73,CV_008,-1,-1,1,1,-1,0.8158462909997302
JOB_73,CV_093,1,-1,1,1,-1,0.8687323344441251
JOB_73,CV_117,-1,-1,1,1,-1,0.8158462909997302
JOB_73,CV_076,0,-1,1,1,-1,0.8441091699732922
JOB_73,CV_101,-1,-1,1,1,-1,0.8158462909997302
JOB_73,CV_082,1,-1,1,1,-1,0.8687323344441251
JOB_73,CV_006,0,-1,1,1,-1,0.8441091699732922
JOB_73,CV_031,0,-1,1,1,-1,0.8441091699732922
JOB_73,CV_032,0,-1,1,1,-1,0.8441091699732922
JOB_73,CV_038,1,-1,1,1,-1,0.8687323344441251
JOB_73,CV_051,0,-1,1,1,-1,0.8441091699732922
JOB_73,CV_002,0,-1,1,0,-1,0.793441644914104
JOB_73,CV_065,1,-1,1,-1,-1,0.7760057395865282
JOB_73,CV_097,1,-1,1,1,-1,0.8687323344441251
JOB_73,CV_034,0,-1,1,0,-1,0.793441644914104
JOB_73,CV_033,1,-1,1,1,-1,0.8687323344441251
JOB_73,CV_092,-1,-1,1,1,-1,0.8158462909997302
JOB_73,CV_016,0,-1,1,1,-1,0.8441091699732922
JOB_73,CV_089,1,-1,1,1,-1,0.8687323344441251
JOB_73,CV_056,0,-1,1,1,-1,0.8441091699732922
JOB_73,CV_020,0,-1,1,1,-1,0.8441091699732922
JOB_73,CV_022,0,-1,1,0,-1,0.793441644914104
JOB_73,CV_001,0,-1,1,0,-1,0.793441644914104
JOB_73,CV_081,0,-1,1,1,-1,0.8441091699732922
JOB_73,CV_048,0,-1,1,0,-1,0.793441644914104
JOB_73,CV_011,1,-1,1,-1,-1,0.7760057395865282
JOB_73,CV_079,0,-1,1,1,-1,0.8441091699732922
JOB_73,CV_094,-1,-1,1,1,-1,0.8158462909997302
JOB_73,CV_106,1,-1,1,1,-1,0.8687323344441251
JOB_73,CV_024,0,-1,1,0,-1,0.793441644914104
JOB_73,CV_026,-1,-1,1,1,-1,0.8158462909997302
JOB_73,CV_058,-1,-1,1,1,-1,0.8158462909997302
JOB_73,CV_083,0,-1,1,1,-1,0.8441091699732922
JOB_73,CV_045,-1,-1,1,1,-1,0.8158462909997302
JOB_73,CV_055,-1,-1,1,1,-1,0.8158462909997302
JOB_73,CV_021,0,-1,1,0,-1,0.793441644914104
JOB_73,CV_060,0,-1,1,-1,-1,0.7392104299313632
JOB_73,CV_109,0,-1,1,-1,-1,0.7392104299313632
JOB_73,CV_053,1,-1,1,-1,-1,0.7760057395865282
JOB_73,CV_012,1,-1,1,1,-1,0.8687323344441251
JOB_73,CV_059,0,-1,1,1,-1,0.8441091699732922
JOB_73,CV_118,-1,-1,1,1,-1,0.8158462909997302
JOB_73,CV_017,1,-1,1,-1,-1,0.7760057395865282
JOB_73,CV_104,-1,-1,1,1,-1,0.8158462909997302
JOB_73,CV_071,1,-1,1,-1,-1,0.7760057395865282
JOB_73,CV_049,-1,-1,1,1,-1,0.8158462909997302
JOB_73,CV_004,1,-1,1,0,-1,0.8244029762987993
JOB_73,CV_091,0,-1,1,1,-1,0.8441091699732922
JOB_73,CV_096,0,-1,1,0,-1,0.793441644914104
JOB_73,CV_103,0,-1,1,1,-1,0.8441091699732922
JOB_73,CV_115,0,-1,1,1,-1,0.8441091699732922
JOB_73,CV_005,0,-1,1,1,1,0.9921099818949954
JOB_73,CV_027,0,-1,1,1,-1,0.8441091699732922
JOB_73,CV_000,0,-1,1,1,-1,0.8441091699732922
JOB_73,CV_070,-1,-1,1,1,-1,0.8158462909997302
JOB_73,CV_036,-1,-1,1,1,-1,0.8158462909997302
JOB_73,CV_003,0,-1,1,1,-1,0.8441091699732922
JOB_73,CV_069,-1,-1,1,1,-1,0.8158462909997302
JOB_73,CV_061,0,-1,1,1,-1,0.8441091699732922
JOB_73,CV_090,-1,-1,1,-1,-1,0.6987174891528171
JOB_73,CV_087,0,-1,1,1,-1,0.8441091699732922
JOB_73,CV_029,-1,-1,1,0,-1,0.7586195969184619
JOB_73,CV_102,0,-1,1,-1,-1,0.7392104299313632
JOB_75,CV_023,-1,1,1,1,-1,0.8687323344441251
JOB_75,CV_004,0,0,1,1,-1,0.8687323344441251
JOB_75,CV_018,0,0,1,1,-1,0.8687323344441251
JOB_75,CV_026,0,0,1,1,-1,0.8687323344441251
JOB_75,CV_034,-1,0,1,1,1,0.9921099818949954
JOB_75,CV_068,-1,0,1,-1,-1,0.7392104299313632
JOB_75,CV_082,1,0,1,1,-1,0.8899731895162262
JOB_75,CV_102,0,0,1,-1,-1,0.7760057395865282
JOB_75,CV_071,0,0,1,-1,-1,0.7760057395865282
JOB_75,CV_025,1,0,1,1,1,0.9947044400573793
JOB_75,CV_109,0,-1,1,1,-1,0.8441091699732922
JOB_75,CV_045,1,0,1,1,1,0.9947044400573793
JOB_75,CV_060,0,0,1,-1,-1,0.7760057395865282
JOB_75,CV_033,-1,0,1,1,-1,0.8441091699732922
JOB_75,CV_106,0,0,1,1,-1,0.8687323344441251
JOB_75,CV_024,0,0,1,0,-1,0.8244029762987993
JOB_75,CV_087,0,0,1,1,-1,0.8687323344441251
JOB_75,CV_058,0,0,1,1,-1,0.8687323344441251
JOB_75,CV_099,0,0,1,1,-1,0.8687323344441251
JOB_75,CV_062,-1,0,1,1,1,0.9921099818949954
JOB_75,CV_093,-1,0,1,1,-1,0.8441091699732922
JOB_75,CV_072,-1,0,1,1,-1,0.8441091699732922
JOB_75,CV_046,-1,0,1,-1,1,0.9850352274079028
JOB_75,CV_010,0,0,1,1,1,0.9935352566336874
JOB_75,CV_007,0,0,1,1,1,0.9935352566336874
JOB_75,CV_077,-1,0,1,-1,-1,0.7392104299313632
JOB_75,CV_048,1,-1,1,0,1,0.9909111581409155
JOB_75,CV_084,1,0,1,1,-1,0.8899731895162262
JOB_75,CV_037,0,0,1,-1,1,0.9877226901975171
JOB_75,CV_030,0,0,1,1,-1,0.8687323344441251
JOB_75,CV_015,0,0,1,-1,1,0.9877226901975171
JOB_75,CV_080,-1,0,1,-1,-1,0.7392104299313632
JOB_75,CV_039,1,0,1,1,-1,0.8899731895162262
JOB_75,CV_036,-1,1,1,1,-1,0.8687323344441251
JOB_75,CV_006,1,0,1,1,-1,0.8899731895162262
JOB_75,CV_002,0,0,1,1,-1,0.8687323344441251
JOB_75,CV_065,0,0,1,-1,1,0.9877226901975171
JOB_75,CV_098,0,0,1,1,-1,0.8687323344441251
JOB_75,CV_001,0,0,1,1,1,0.9935352566336874
JOB_75,CV_064,-1,0,1,1,-1,0.8441091699732922
JOB_75,CV_101,0,-1,1,1,-1,0.8441091699732922
JOB_75,CV_057,0,0,1,1,1,0.9935352566336874
JOB_75,CV_053,0,0,1,-1,-1,0.7760057395865282
JOB_75,CV_105,-1,1,1,1,-1,0.8687323344441251
JOB_75,CV_090,0,0,1,-1,-1,0.7760057395865282
JOB_75,CV_085,1,0,1,1,1,0.9947044400573793
JOB_75,CV_119,0,0,1,-1,-1,0.7760057395865282
JOB_75,CV_081,0,1,1,1,1,0.9947044400573793
JOB_75,CV_000,1,0,1,1,-1,0.8899731895162262
JOB_75,CV_061,0,0,1,1,-1,0.8687323344441251
JOB_75,CV_021,0,0,1,1,-1,0.8687323344441251
JOB_75,CV_107,1,0,1,1,-1,0.8899731895162262
JOB_75,CV_017,1,-1,1,-1,-1,0.7760057395865282
JOB_75,CV_032,0,1,1,1,1,0.9947044400573793
JOB_75,CV_050,-1,0,1,1,-1,0.8441091699732922
JOB_75,CV_029,0,0,1,1,1,0.9935352566336874
JOB_75,CV_011,0,0,1,-1,1,0.9877226901975171
JOB_75,CV_083,1,0,1,1,1,0.9947044400573793
JOB_75,CV_069,-1,0,1,1,-1,0.8441091699732922
JOB_75,CV_042,0,0,1,1,-1,0.8687323344441251
JOB_75,CV_092,-1,0,1,1,1,0.9921099818949954
JOB_75,CV_020,0,1,1,1,1,0.9947044400573793
JOB_75,CV_049,1,0,1,1,-1,0.8899731895162262
JOB_75,CV_056,0,0,1,1,1,0.9935352566336874
JOB_75,CV_022,1,0,1,1,1,0.9947044400573793
JOB_75,CV_111,-1,0,1,1,-1,0.8441091699732922
JOB_75,CV_052,-1,-1,1,-1,1,0.9817703452181514
JOB_75,CV_028,1,0,1,1,-1,0.8899731895162262
JOB_75,CV_044,1,1,1,1,-1,0.9081404248468237
JOB_75,CV_089,1,0,1,1,-1,0.8899731895162262
JOB_76,CV_034,1,1,1,0,-1,0.875207551880179
JOB_76,CV_042,0,0,1,1,-1,0.8687323344441251
JOB_76,CV_105,0,1,1,1,-1,0.8899731895162262
JOB_76,CV_054,0,1,1,0,1,0.9925513658320195
JOB_76,CV_114,0,0,1,0,-1,0.8244029762987993
JOB_76,CV_018,0,0,1,0,1,0.9909111581409155
JOB_76,CV_060,-1,1,1,-1,1,0.9877226901975171
JOB_76,CV_010,0,1,1,1,-1,0.8899731895162262
JOB_76,CV_073,-1,1,1,0,1,0.9909111581409155
JOB_76,CV_051,-1,1,1,0,-1,0.8244029762987993
JOB_76,CV_116,0,1,1,1,-1,0.8899731895162262
JOB_76,CV_021,0,0,1,0,-1,0.8244029762987993
JOB_76,CV_022,0,1,1,0,-1,0.8515915098330731
JOB_76,CV_003,0,1,1,1,-1,0.8899731895162262
JOB_76,CV_064,0,1,1,0,1,0.9925513658320195
JOB_76,CV_084,-1,0,1,1,-1,0.8441091699732922
JOB_76,CV_090,0,0,1,-1,-1,0.7760057395865282
JOB_76,CV_065,1,1,1,-1,-1,0.838062317751627
JOB_76,CV_118,-1,0,1,0,1,0.9889138067848836
JOB_76,CV_004,0,1,1,0,1,0.9925513658320195
JOB_76,CV_101,1,0,1,0,1,0.9925513658320195
JOB_76,CV_006,-1,0,1,0,-1,0.793441644914104
JOB_76,CV_080,-1,1,1,1,-1,0.8687323344441251
JOB_76,CV_011,1,1,1,-1,-1,0.838062317751627
JOB_76,CV_005,-1,0,1,0,1,0.9889138067848836
JOB_76,CV_066,1,1,1,1,-1,0.9081404248468237
JOB_76,CV_058,0,0,1,1,-1,0.8687323344441251
JOB_76,CV_083,0,0,1,1,-1,0.8687323344441251
JOB_76,CV_019,0,1,1,1,1,0.9947044400573793
JOB_76,CV_111,0,1,1,1,-1,0.8899731895162262
JOB_76,CV_008,0,1,1,0,-1,0.8515915098330731
JOB_76,CV_077,0,0,1,-1,1,0.9877226901975171
JOB_76,CV_071,1,0,1,-1,-1,0.8089512745610968
JOB_76,CV_036,1,1,1,0,-1,0.875207551880179
JOB_76,CV_067,0,1,1,1,-1,0.8899731895162262
JOB_76,CV_103,1,1,1,1,-1,0.9081404248468237
JOB_76,CV_053,1,1,1,-1,1,0.9917478125249066
JOB_76,CV_047,1,-1,1,-1,-1,0.7760057395865282
JOB_76,CV_041,0,0,1,0,-1,0.8244029762987993
JOB_76,CV_046,1,0,1,-1,-1,0.8089512745610968
JOB_76,CV_033,0,1,1,1,-1,0.8899731895162262
JOB_76,CV_048,0,-1,1,0,-1,0.793441644914104
JOB_76,CV_096,1,0,1,0,-1,0.8515915098330731
JOB_76,CV_112,-1,1,1,0,-1,0.8244029762987993
JOB_76,CV_072,-1,0,1,0,-1,0.793441644914104
JOB_76,CV_012,1,1,1,1,-1,0.9081404248468237
JOB_76,CV_013,-1,0,1,0,-1,0.793441644914104
JOB_76,CV_002,1,1,1,0,1,0.9938973981992373
JOB_76,CV_016,0,1,1,0,-1,0.8515915098330731
JOB_76,CV_070,-1,1,1,0,1,0.9909111581409155
JOB_76,CV_050,0,0,1,0,-1,0.8244029762987993
JOB_76,CV_115,0,0,1,0,-1,0.8244029762987993
JOB_76,CV_025,0,1,1,0,-1,0.8515915098330731
JOB_76,CV_068,1,0,1,-1,1,0.9899324551676333
JOB_76,CV_097,1,1,1,0,-1,0.875207551880179
JOB_76,CV_093,0,1,1,0,-1,0.8515915098330731
JOB_76,CV_020,-1,1,1,1,-1,0.8687323344441251
JOB_76,CV_108,1,1,1,0,1,0.9938973981992373
JOB_76,CV_043,0,0,1,0,-1,0.8244029762987993
JOB_76,CV_059,-1,0,1,0,-1,0.793441644914104
JOB_76,CV_014,1,-1,1,0,1,0.9909111581409155
JOB_76,CV_040,1,1,1,1,-1,0.9081404248468237
JOB_76,CV_052,0,0,1,-1,1,0.9877226901975171
JOB_76,CV_026,0,0,1,1,1,0.9935352566336874
JOB_76,CV_109,0,-1,1,-1,-1,0.7392104299313632
JOB_76,CV_028,0,0,1,0,1,0.9909111581409155
JOB_76,CV_049,1,1,1,1,-1,0.9081404248468237
JOB_76,CV_001,1,1,1,0,-1,0.875207551880179
JOB_76,CV_078,0,1,1,1,1,0.9947044400573793
JOB_76,CV_056,1,0,1,0,-1,0.8515915098330731
JOB_77,CV_027,-1,0,1,-1,-1,0.7392104299313632
JOB_77,CV_083,0,0,1,-1,-1,0.7760057395865282
JOB_77,CV_011,0,0,1,-1,-1,0.7760057395865282
JOB_77,CV_024,1,0,1,-1,-1,0.8089512745610968
JOB_77,CV_075,1,1,1,-1,-1,0.838062317751627
JOB_77,CV_092,1,0,1,-1,-1,0.8089512745610968
JOB_77,CV_042,-1,0,1,-1,-1,0.7392104299313632
JOB_77,CV_098,1,0,1,-1,1,0.9899324551676333
JOB_77,CV_046,1,-1,1,-1,-1,0.7760057395865282
JOB_77,CV_103,1,1,1,-1,-1,0.838062317751627
JOB_77,CV_097,-1,0,1,-1,-1,0.7392104299313632
JOB_77,CV_050,-1,0,1,-1,-1,0.7392104299313632
JOB_77,CV_077,-1,0,1,-1,1,0.9850352274079028
JOB_77,CV_002,0,0,1,-1,1,0.9877226901975171
JOB_77,CV_052,0,-1,1,-1,1,0.9850352274079028
JOB_77,CV_084,1,0,1,-1,-1,0.8089512745610968
JOB_77,CV_015,0,0,1,-1,-1,0.7760057395865282
JOB_77,CV_073,0,1,1,-1,1,0.9899324551676333
JOB_77,CV_014,0,-1,1,-1,1,0.9850352274079028
JOB_77,CV_005,1,-1,1,-1,1,0.9877226901975171
JOB_77,CV_080,1,0,1,-1,-1,0.8089512745610968
JOB_77,CV_117,1,0,1,-1,-1,0.8089512745610968
JOB_77,CV_099,0,0,1,-1,1,0.9877226901975171
JOB_77,CV_064,0,0,1,-1,1,0.9877226901975171
JOB_77,CV_068,1,0,1,-1,1,0.9899324551676333
JOB_77,CV_071,0,0,1,-1,-1,0.7760057395865282
JOB_77,CV_090,-1,0,1,-1,-1,0.7392104299313632
JOB_77,CV_000,-1,0,1,-1,-1,0.7392104299313632
JOB_77,CV_111,-1,0,1,-1,-1,0.7392104299313632
JOB_77,CV_057,0,0,1,-1,-1,0.7760057395865282
JOB_77,CV_119,-1,0,1,-1,-1,0.7392104299313632
JOB_77,CV_081,0,1,1,-1,-1,0.8089512745610968
JOB_77,CV_044,0,1,1,-1,-1,0.8089512745610968
JOB_77,CV_112,0,0,1,-1,-1,0.7760057395865282
JOB_77,CV_049,0,1,1,-1,-1,0.8089512745610968
JOB_77,CV_017,0,0,1,-1,-1,0.7760057395865282
JOB_77,CV_093,-1,1,1,-1,-1,0.7760057395865282
JOB_77,CV_048,-1,-1,1,-1,-1,0.6987174891528171
JOB_77,CV_040,0,1,1,-1,-1,0.8089512745610968
JOB_77,CV_021,0,0,1,-1,-1,0.7760057395865282
JOB_77,CV_038,0,0,1,-1,-1,0.7760057395865282
JOB_77,CV_006,0,0,1,-1,-1,0.7760057395865282
JOB_77,CV_060,1,1,1,-1,1,0.9917478125249066
JOB_77,CV_118,0,0,1,-1,1,0.9877226901975171
JOB_77,CV_036,-1,1,1,-1,-1,0.7760057395865282
JOB_77,CV_105,-1,1,1,-1,-1,0.7760057395865282
JOB_77,CV_087,1,0,1,-1,-1,0.8089512745610968
JOB_77,CV_088,0,1,1,-1,-1,0.8089512745610968
JOB_77,CV_053,0,0,1,-1,1,0.9877226901975171
JOB_77,CV_094,0,0,1,-1,-1,0.7760057395865282
JOB_77,CV_026,1,0,1,-1,1,0.9899324551676333
JOB_77,CV_076,1,0,1,-1,-1,0.8089512745610968
JOB_77,CV_096,0,0,1,-1,-1,0.7760057395865282
JOB_77,CV_055,0,0,1,-1,-1,0.7760057395865282
JOB_77,CV_035,-1,0,1,-1,1,0.9850352274079028
JOB_77,CV_086,1,0,1,-1,1,0.9899324551676333
JOB_77,CV_065,0,1,1,-1,-1,0.8089512745610968
JOB_77,CV_030,-1,1,1,-1,-1,0.7760057395865282
JOB_77,CV_020,1,1,1,-1,-1,0.838062317751627
JOB_77,CV_100,1,0,1,-1,1,0.9899324551676333
JOB_77,CV_079,1,0,1,-1,-1,0.8089512745610968
JOB_77,CV_104,1,0,1,-1,-1,0.8089512745610968
JOB_77,CV_115,1,0,1,-1,-1,0.8089512745610968
JOB_77,CV_054,-1,0,1,-1,1,0.9850352274079028
JOB_77,CV_114,1,0,1,-1,-1,0.8089512745610968
JOB_77,CV_051,1,0,1,-1,-1,0.8089512745610968
JOB_77,CV_095,0,-1,1,-1,-1,0.7392104299313632
JOB_77,CV_108,-1,0,1,-1,1,0.9850352274079028
JOB_77,CV_078,1,0,1,-1,1,0.9899324551676333
JOB_77,CV_106,0,1,1,-1,1,0.9899324551676333
JOB_78,CV_018,-1,0,1,1,-1,0.8441091699732922
JOB_78,CV_116,-1,0,1,1,1,0.9921099818949954
JOB_78,CV_113,1,0,1,0,1,0.9925513658320195
JOB_78,CV_038,0,1,1,1,-1,0.8899731895162262
JOB_78,CV_000,1,0,1,1,-1,0.8899731895162262
JOB_78,CV_045,0,0,1,1,1,0.9935352566336874
JOB_78,CV_011,1,0,1,-1,1,0.9899324551676333
JOB_78,CV_093,0,1,1,1,-1,0.8899731895162262
JOB_78,CV_111,1,0,1,1,-1,0.8899731895162262
JOB_78,CV_086,1,1,1,1,-1,0.9081404248468237
JOB_78,CV_078,0,1,1,1,-1,0.8899731895162262
JOB_78,CV_066,1,-1,1,1,-1,0.8687323344441251
JOB_78,CV_096,1,0,1,1,1,0.9947044400573793
JOB_78,CV_104,-1,0,1,1,-1,0.8441091699732922
JOB_78,CV_044,0,1,1,1,-1,0.8899731895162262
JOB_78,CV_084,-1,0,1,1,-1,0.8441091699732922
JOB_78,CV_014,1,-1,1,0,-1,0.8244029762987993
JOB_78,CV_115,-1,0,1,1,-1,0.8441091699732922
JOB_78,CV_057,-1,0,1,1,1,0.9921099818949954
JOB_78,CV_029,0,0,1,0,1,0.9909111581409155
JOB_78,CV_070,0,0,1,1,-1,0.8687323344441251
JOB_78,CV_105,1,0,1,0,-1,0.8515915098330731
JOB_78,CV_069,1,1,1,1,-1,0.9081404248468237
JOB_78,CV_040,0,0,1,1,-1,0.8687323344441251
JOB_78,CV_117,-1,0,1,1,-1,0.8441091699732922
JOB_78,CV_082,0,0,1,1,-1,0.8687323344441251
JOB_78,CV_022,0,0,1,0,1,0.9909111581409155
JOB_78,CV_035,0,-1,1,1,-1,0.8441091699732922
JOB_78,CV_037,0,0,1,-1,1,0.9877226901975171
JOB_78,CV_021,0,0,1,1,-1,0.8687323344441251
JOB_78,CV_108,0,-1,1,0,-1,0.793441644914104
JOB_78,CV_112,1,1,1,1,-1,0.9081404248468237
JOB_78,CV_100,0,0,1,1,-1,0.8687323344441251
JOB_78,CV_097,1,0,1,1,1,0.9947044400573793
JOB_78,CV_114,0,0,1,1,-1,0.8687323344441251
JOB_78,CV_027,-1,-1,1,1,-1,0.8158462909997302
JOB_78,CV_101,1,-1,1,1,-1,0.8687323344441251
JOB_78,CV_064,0,0,1,1,-1,0.8687323344441251
JOB_78,CV_072,-1,-1,1,0,-1,0.7586195969184619
JOB_78,CV_092,0,-1,1,1,1,0.9921099818949954
JOB_78,CV_094,0,0,1,1,1,0.9935352566336874
JOB_78,CV_008,1,0,1,1,-1,0.8899731895162262
JOB_78,CV_005,0,-1,1,1,-1,0.8441091699732922
JOB_78,CV_050,0,0,1,1,-1,0.8687323344441251
JOB_78,CV_059,-1,0,1,1,1,0.9921099818949954
JOB_78,CV_016,0,1,1,1,1,0.9947044400573793
JOB_78,CV_010,1,0,1,1,1,0.9947044400573793
JOB_78,CV_003,1,-1,1,1,1,0.9935352566336874
JOB_78,CV_024,-1,0,1,0,-1,0.793441644914104
JOB_78,CV_060,0,0,1,-1,-1,0.7760057395865282
JOB_78,CV_001,0,-1,1,0,1,0.9889138067848836
JOB_78,CV_049,0,1,1,1,-1,0.8899731895162262
JOB_78,CV_053,1,0,1,-1,-1,0.8089512745610968
JOB_78,CV_056,0,0,1,0,1,0.9909111581409155
JOB_78,CV_074,0,1,1,0,1,0.9925513658320195
JOB_78,CV_079,1,0,1,1,1,0.9947044400573793
JOB_78,CV_118,0,0,1,1,-1,0.8687323344441251
JOB_78,CV_062,-1,0,1,1,1,0.9921099818949954
JOB_78,CV_083,0,0,1,1,1,0.9935352566336874
JOB_78,CV_061,1,0,1,1,-1,0.8899731895162262
JOB_78,CV_071,1,1,1,-1,-1,0.838062317751627
JOB_78,CV_095,1,-1,1,0,1,0.9909111581409155
JOB_78,CV_106,0,1,1,1,-1,0.8899731895162262
JOB_78,CV_020,1,1,1,1,1,0.9956630934198999
JOB_78,CV_063,0,-1,1,1,-1,0.8441091699732922
JOB_78,CV_109,0,-1,1,-1,-1,0.7392104299313632
JOB_78,CV_032,1,0,1,1,1,0.9947044400573793
JOB_78,CV_026,1,0,1,1,-1,0.8899731895162262
JOB_78,CV_036,0,1,1,1,-1,0.8899731895162262
JOB_78,CV_102,0,1,1,-1,-1,0.8089512745610968
JOB_79,CV_025,-1,0,1,-1,1,0.9850352274079028
JOB_79,CV_054,0,1,1,-1,-1,0.8089512745610968
JOB_79,CV_027,0,0,1,-1,-1,0.7760057395865282
JOB_79,CV_058,-1,1,1,-1,-1,0.7760057395865282
JOB_79,CV_051,0,1,1,-1,1,0.9899324551676333
JOB_79,CV_043,0,0,1,-1,-1,0.7760057395865282
JOB_79,CV_113,0,1,1,-1,1,0.9899324551676333
JOB_79,CV_030,-1,1,1,-1,-1,0.7760057395865282
JOB_79,CV_057,-1,0,1,-1,1,0.9850352274079028
JOB_79,CV_106,0,1,1,-1,-1,0.8089512745610968
JOB_79,CV_014,-1,-1,1,-1,-1,0.6987174891528171
JOB_79,CV_036,0,1,1,-1,-1,0.8089512745610968
JOB_79,CV_015,0,0,1,-1,1,0.9877226901975171
JOB_79,CV_040,0,1,1,-1,-1,0.8089512745610968
JOB_79,CV_112,-1,1,1,-1,-1,0.7760057395865282
JOB_79,CV_078,0,1,1,-1,-1,0.8089512745610968
JOB_79,CV_066,0,-1,1,-1,-1,0.7392104299313632
JOB_79,CV_004,1,1,1,-1,-1,0.838062317751627
JOB_79,CV_089,0,1,1,-1,-1,0.8089512745610968
JOB_79,CV_002,0,1,1,-1,-1,0.8089512745610968
JOB_79,CV_028,0,1,1,-1,-1,0.8089512745610968
JOB_79,CV_097,0,1,1,-1,1,0.9899324551676333
JOB_79,CV_012,1,1,1,-1,1,0.9917478125249066
JOB_79,CV_084,-1,1,1,-1,-1,0.7760057395865282
JOB_79,CV_042,1,1,1,-1,-1,0.838062317751627
JOB_79,CV_060,0,1,1,-1,-1,0.8089512745610968
JOB_79,CV_067,0,1,1,-1,-1,0.8089512745610968
JOB_79,CV_055,-1,1,1,-1,1,0.9877226901975171
JOB_79,CV_099,0,1,1,-1,-1,0.8089512745610968
JOB_79,CV_048,0,-1,1,-1,1,0.9850352274079028
JOB_79,CV_119,-1,1,1,-1,-1,0.7760057395865282
JOB_79,CV_003,0,0,1,-1,1,0.9877226901975171
JOB_79,CV_062,1,1,1,-1,1,0.9917478125249066
JOB_79,CV_037,0,1,1,-1,1,0.9899324551676333
JOB_79,CV_056,0,0,1,-1,1,0.9877226901975171
JOB_79,CV_086,-1,0,1,-1,-1,0.7392104299313632
JOB_79,CV_079,0,0,1,-1,1,0.9877226901975171
JOB_79,CV_100,0,1,1,-1,-1,0.8089512745610968
JOB_79,CV_083,1,0,1,-1,1,0.9899324551676333
JOB_79,CV_095,0,-1,1,-1,1,0.9850352274079028
JOB_79,CV_064,0,1,1,-1,-1,0.8089512745610968
JOB_79,CV_088,0,1,1,-1,-1,0.8089512745610968
JOB_79,CV_104,-1,1,1,-1,-1,0.7760057395865282
JOB_79,CV_071,1,1,1,-1,-1,0.838062317751627
JOB_79,CV_047,0,-1,1,-1,1,0.9850352274079028
JOB_79,CV_026,0,0,1,-1,-1,0.7760057395865282
JOB_79,CV_070,0,1,1,-1,-1,0.8089512745610968
JOB_79,CV_009,1,1,1,-1,1,0.9917478125249066
JOB_79,CV_090,-1,0,1,-1,-1,0.7392104299313632
JOB_79,CV_101,0,0,1,-1,-1,0.7760057395865282
JOB_79,CV_021,0,1,1,-1,-1,0.8089512745610968
JOB_79,CV_109,0,-1,1,-1,-1,0.7392104299313632
JOB_79,CV_029,1,1,1,-1,1,0.9917478125249066
JOB_79,CV_117,-1,1,1,-1,-1,0.7760057395865282
JOB_79,CV_069,1,1,1,-1,-1,0.838062317751627
JOB_79,CV_046,-1,0,1,-1,1,0.9850352274079028
JOB_79,CV_105,-1,1,1,-1,-1,0.7760057395865282
JOB_79,CV_019,1,1,1,-1,-1,0.838062317751627
JOB_79,CV_031,0,1,1,-1,1,0.9899324551676333
JOB_79,CV_063,0,1,1,-1,-1,0.8089512745610968
JOB_79,CV_041,-1,0,1,-1,-1,0.7392104299313632
JOB_79,CV_107,0,1,1,-1,-1,0.8089512745610968
JOB_79,CV_096,0,1,1,-1,1,0.9899324551676333
JOB_79,CV_108,1,-1,1,-1,-1,0.7760057395865282
JOB_79,CV_110,1,0,1,-1,1,0.9899324551676333
JOB_79,CV_077,0,1,1,1,-1,0.8899731895162262
JOB_79,CV_033,0,1,1,-1,-1,0.8089512745610968
JOB_79,CV_074,0,1,1,-1,1,0.9899324551676333
JOB_79,CV_111,0,0,1,-1,-1,0.7760057395865282
JOB_79,CV_065,-1,1,1,-1,1,0.9877226901975171
