pair_id,jd_text,cv_text,"label (1=relevant, 0=not_relevant)",Q2_dealbreaker (Yes/No/Uncertain),annotator_id
3475,"TITLE: Nhân Viên Kinh Doanh Hỗ Trợ Npp | REQ: - Ưu tiên có kinh nghiệm ở vị trí nhân viên kinh doanh( chưa có kinh nghiệm sẽ được đào tạo)- Trung thực, nhanh nhẹn, nhiệt tình, có trách nhiệm với công việc- Có khả năng ăn nói, giao tiếp, đàm phán, thuyết phục- Có khả năng đi thị trường | DESC: - Chăm sóc khách hàng cũ được giao trên địa bàn- Khai thác các khách hàng mới trên địa bàn- Thúc đẩy doanh số- Tương tác và xây dựng mối quan hệ thân thiết với khách hàng- Báo cáo, kế hoạch, phương án kinh doanh- Hỗ trợ các bộ phận khác hoàn thành công việc- Thực hiện các nhiệm vụ khác theo yêu cầu của công ty","DESIRED JOB: Nhân viên lái xe hạng FC | SKILLS: Có chí tiến thủ đối với công việc Có khả năng đi xa, đi dài ngày, sức khỏe đảm bảo tốt cho tính chất công việc vận tải Chăm chỉ, làm việc nhiệt tình, không quản ngại khó khăn, tinh thần trách nhiệm cao, chấp hành tốt các quy định mà công ty đề ra. Thông thạo luật giao thông, thạo đường xá Tích cực giải quyết các vấn đề liên quan đến công việc Có thể tăng ca ngoài giờ làm Kiểm tra, đánh giá cẩn thận các tuyến vận chuyển đã thực hiện, chủ động rút kinh nghiệm cho các công tác sau | EXP: 5-10 năm",,,
1946,"TITLE: Python Django Developer | REQ: ● Good problem analyzing and solving skills● Good knowledge in MVC, SOAP and/or RESTful.● Good knowledge about Design patterns● Good knowledge in Restful API development.● Experience in requirement analysis, system design, Web Application Development architect● Have at least 2 years of experience in Python, with knowledge in web programming withextensive knowledge of Python web (Django).● Understanding of the threading limitations of Python, and multi-process architecture.● Good understanding of server-side templating languages (Jinja 2, Mako).● Experience in SQL/NoSQL databases and their declarative query languages● Proficient understanding of code versioning tools (Git) and git flow process.NICE TO HAVE:● Have knowledge in Micro service architecture.● Good knowledge working with system or working CI/CD tools such as Jenkins, Docker● Experience working with common third-party APIs (LINE, Stripe ... ) is a plus● Experience with some service of aws, gcp, azure ..● Experience with multiple database types such as Redis, MongoDB, ElasticSearch, etc. | DESC: ● Write effective, scalable, usable code.● Develop back-end components to improve responsiveness and overall performance.● Integrate user-facing elements into applications.● Test and debug programs.● Improve functionality of existing systems.● Implement security and data protection solutions.● Assess and prioritize feature requests.● Coordinate with internal teams to understand user requirements and provide technicalsolutions.","DESIRED JOB: Nhân viên lái xe hạng B2 | SKILLS: - Tôi tự tin rằng mình có khả năng ghi nhớ tốt đối với những quãng đường từng đi qua, bên cạnh đó nếu có yêu cầu thì cũng sẽ tìm hiểu để đáp ứng nhiệm vụ được phân công trên những tuyến đường mới - Có khả năng quan sát, điều khiển phương tiện giao thông an toàn khi làm nhiệm vụ | EXP: Trên 10 năm",,,
4955,"TITLE: Lập Trình Viên Fullstack (Đi Làm Sau Tết) | REQ: - Nam/Nữ, từ 25 đến 35 tuổi- Tốt nghiệp đại học chính quy, ngành CNTT, Điện tử viễn thông, Toán tin; Ưu tiên sinh viên tốt nghiệp trường Đại học Bách Khoa, Đại học Khoa học tự nhiên, Đại học Công nghệ, Học viện bưu chính viễn thông- Thành thạo các kỹ thuật trong .NET technology: C thăng, ASP.NET WebForms, .NET MVC ADO.NET, Webservice, XML…- Có kinh nghiệm các kỹ thuật lập trình Website: HTML, CSS, JS, Ajax, jQuery…- Hiểu biết tốt về Design pattern ( Singleton, factory … ),OOP, SOAP services, Web API- Sử dụng thành thạo các công cụ quản lý Source Code như Git, SVN…;- Thành thạo RESTful, SOAP.- Đã làm việc trên: Oracle hoặc có kinh nghiệm trên các hệ quản trị cơ sở dữ liệu khác: MSSQL server, MySQL, NonSQL…- Hiểu biết và có kinh nghiệm về xây dựng hệ thống bán hàng trực tuyến, php,java là một lợi thế- Có khả năng tự học tập, tra cứu và đọc hiểu tiếng Anh chuyên ngành- Có khả năng làm việc độc lập hoặc làm việc theo nhóm | DESC: - Tham gia phát triển sản phẩm là các hệ thống về thương mại điện tử, hệ thống Loyalty và sản phẩm khác…- Tham gia phát triển core, backend, frontend các dự án, sản phẩm của công ty.- Lập trình xây dựng sản phẩm cho các hệ thống với đối tác là các doanh nghiệp, các tổ chức hợp tác.- Lập trình, xây dựng API cho các dịch vụ của công ty theo sự phân công của trưởng bộ phận.- Công việc khác:• Phân tích thiết kế hệ thống, phân tích thiết kế CSDL.• Triển khai hệ thống, hỗ trợ dự án.","DESIRED JOB: Nhân viên bán thuốc | SKILLS: - Sự hiểu biết và tính ham học hỏi - Giao tiếp, ứng xử với mọi người tốt - Dễ dàng hòa nhập với môi trường làm việc mới - Kỹ năng lên kế hoạch, tổ chức sắp xếp công việc. - Khả năng tư duy sáng tạo. - Kỹ năng tự chủ, nghiên cứu học hỏi tốt. - Biết cách phân loại vấn đề diễn ra trong quá trình xử lý công việc - Sử dụng thành thạo phần mềm Microsoft Word, Excel, Power Point … - Kỹ năng lãnh đạo tốt | EXP: 3-5 năm",,,
2151,"TITLE: Nodejs Developer | REQ: - 3+ years in project development-Good English communication- Strong proficiency with JavaScript (CoffeeScript depending on your technology stack)- Knowledge of Node.js and frameworks available for it such as Express, StrongLoop, etc)- Understanding the nature of asynchronous programming and its quirks and workarounds- Good understanding of server-side templating languages ( Jade, EJS, etc)- Good understanding of server-side CSS preprocessors (Stylus, Less, etc)- Basic understanding of front-end technologies, such as HTML5, and CSS3- Understanding accessibility and security compliance- User authentication and authorization between multiple systems, servers, and environments- Integration of multiple data sources and databases into one system- Understanding fundamental design principles behind a scalable application- Understanding differences between multiple delivery platforms, such as mobile vs. desktop, and optimizing output to match the specific platform- Creating database schemas that represent and support business processes- Implementing automated testing platforms and unit tests- Proficient understanding of code versioning tools, such as Git- Fluent in English communication | DESC: - Integration of user-facing elements developed by front-end developers with server side logic. - Writing reusable, testable, and efficient code. - Design and implementation of low-latency, high-availability, and performant applications. - Implementation of security and data protection. - Integration of data storage solutions (databases, key-value stores, blob stores, etc.)","DESIRED JOB: Nhân viên lái xe hạng E | SKILLS: - Nắm rõ luật giao thông và luôn chấp hành nghiêm chỉnh luật giao thông khi tham gia trên đường - Luôn ý thức được hành vi của bản thân khi đang điều khiển phương tiện giao thông trên đường - Tuân thủ đúng quy định mà Nhà nước và doanh nghiệp đề ra đối với nghiệp vụ lái xe như chạy đúng tốc độ, không sử dụng rượu bia hoặc các chất kích thích khác, không lái xe khi không đủ tỉnh táo,... - Có khả năng ghi nhớ đường cực tốt, chỉ cần đi một lần là nhớ - Có tính cần cù, chăm chỉ và siêng năng trong khi làm việc - Luôn đặt công việc là ưu tiên hàng đầu - Có kỹ năng giải quyết các vấn đề phát sinh trong quá trình làm việc hiệu quả | EXP: Trên 10 năm",,,
731,"TITLE: Nhân Viên Quản Lý Đơn Hàng | REQ: 1. Tốt nghiệp Đại học/cao đẳng 2. Có kinh nghiệm 2 - 3 năm tại vị trí tương đương (hàng dệt kim)3. Hiểu biết kỹ lưỡng về phát triển sản phẩm và quy trình tìm nguồn cung ứng4. Có kiến thức về sản phẩm dệt may và kỹ thuật, nguyên phụ liệu.5. Khả năng đánh giá nhà cung cấp và dự báo rủi ro trong hợp tác.6. Có trách nhiệm, thành thạo kỹ năng giao tiếp, tạo dựng từng mối quan hệ và kỹ năng làm việc nhóm.7. Có khả năng làm việc với tất cả các cấp và phải có khả năng thích ứng với các phong cách làm việc khác nhau. | DESC: 1. Xây dựng kế hoạch mua theo mùa và kế hoạch chi tiết theo đơn hàng với nhà máy và nội bộ2. Phát triển mẫu mã sản phẩm3. Đảm bảo đồng bộ sản xuất đúng với kế hoạch của nhà máy4. Kiểm tra và giám sát báo giá, đàm phán giá đảm bảo tối ưu hóa giá vốn5. Trình duyệt đơn hàng/hợp đồng/phụ lục theo đúng quy trình6. Phân công và sắp xếp công việc cho các nhân viên trong team phù hợp với kế hoạch.7. Kiểm soát tiến độ hoạt động mua hàng cung ứng theo kế hoạch chung8. Triển khai theo dõi tiến độ sản xuất thực tế, xuất nguyên phụ liệu cho đơn vị gia công9. Giải quyết các vấn đề phát sinh tại nhà cung cấp về tiến độ giao hàng, quyết toán nguyên phụ liệu, hàng hóa và các khiếu nại nếu có10. Báo cáo tiến độ theo tuần, tháng, mùa của từng mã hàng","DESIRED JOB: Nhân viên lái xe bằng D | SKILLS: - Luôn đặt công việc làm ưu tiên hàng đầu trong cuộc sống - Có thể đi công tác xa nhà trong thời gian dài - Có khả năng ghi nhớ đường tốt, thành thạo các cung đường thuộc địa bàn mà công ty yêu cầu - Có am hiểu luật giao thông đường bộ và luôn chấp hành nghiêm chỉnh các quy định khi tham gia giao thông - Có khả năng quan sát kỹ các làn đường, tuyến đường, quan sát từ xa để giảm thiểu những rủi ro không đáng có - Có sức khỏe tốt để thực hiện được tất cả các công việc được giao phó như bốc dỡ hàng hóa khi thiếu người | EXP: 5-10 năm",,,
224,"TITLE: Nhân Viên Kinh Doanh (Lương Trung Bình Lên Đến 10 Triệu) Thành Phố Thủ Đức | REQ: 1. Có kinh nghiệm tư vấn chốt đơn online qua: shopee, lazada,...2. Có đam mê với việc bán hàng.3. Cầu tiến, có chí tiến thủ.4. Chăm chỉ, biết lắng nghe.5. Có khả năng làm việc nhóm6. Biết lái xe ô tô là một lợi thế | DESC: Công việc liên quan đến điện lạnh: Bán băng quấn Hàn Quốc, Máy lạnh di động 1.Tư vấn sản phẩm2. Lên đơn. Hướng dẫn khách hàng thanh toán.3.Chăm sóc lại Remarketing4. Báo cáo xuất kho hàng bán.5. Theo sát, kiểm tra đường đi của đơn hàng sau khi khách hàng mua sản phẩm, Cho đến khi khách hàng nhận và thanh toán.6. Trực và nhận điện thoại làm việc với Đơn vị vận chuyển xử lý vụ việc COD (nếu có).7. Xử lý tình huống từ chối của khách hàng sau khi mua hàng.8. Các công việc khác của một nhân viên bán hàng.","DESIRED JOB: Nhân viên Lái xe hạng C | SKILLS: Có những kỹ năng chuyên sâu trong vấn đề chuyển giao nhận hàng vì đã có kinh nghiệm. Biết cách phục vụ khách hàng, làm hài lòng khách hàng. Có khả năng lãnh đạo, đứng đầu trong việc quản lý hàng hóa. Cẩn trọng trong từng khâu chuỗi làm việc. Hòa đồng, năng động, vui vẻ với mọi người xung quanh. | EXP: Trên 10 năm",,,
2339,"TITLE: Senior Human Resource Officer | REQ: • Minimum 4 - 5 years of experience in a similar position, at least 1-2 years in the IT field.• Experienced in recruiting Tech positions.• University degree in Human Resource Management, Business Administration or related field…• Good communication & presentation skills• Good management & organization skills• Dynamic, enthusiastic, eager to learn. | DESC: • Talent Acquisition (40%)- Plan and execute the company's talent acquisition strategy- Manage and implement recruitment and selection processes (resume screening, call screening, interviews, etc.).- Develop and measure the success of recruitment procedure.- Conduct sourcing activities to fill vacant positions- Manage these candidate pools to ensure qualified candidates remain engaged in current or future opportunities.- Build long-term relationships with partner & potential candidates. - In charge of onboarding training • Employee Retention (30%)- Developing and implementing employee training programs aimed at improving employee performance on the job- Participate reviewing employee performance records to determine if employees should be terminated or promoted based on their performance- Recommending changes in employee compensation based on market data to ensure that salaries are competitive with other companies in the industry- Conducting exit interviews to identify reasons why they left the company and ways to prevent turnover in the future.- Reviewing employee complaints so that appropriate action can be taken• General tasks: (30%)- Management and implementation of labor contracts, employee records, ... other related documents.- Manage and conduct administrative tasks: office repair, electricity payment, monthly rent- Organize all engagement activities: employee birthday, teambuilding, YEP,....- Manage the office operation cost monthly• Work closely with other departments to solve problems","DESIRED JOB: Nhân viên lái xe ca đêm hạng C | SKILLS: - Tôi tự tin rằng mình có khả năng ghi nhớ tốt đối với những quãng đường từng đi qua, bên cạnh đó nếu có yêu cầu thì cũng sẽ tìm hiểu để đáp ứng nhiệm vụ được phân công trên những tuyến đường mới - Có khả năng quan sát, điều khiển phương tiện giao thông an toàn khi làm nhiệm vụ | EXP: 1-3 năm",,,
3500,"TITLE: Trưởng Nhóm Kinh Doanh | REQ: • Tốt nghiệp Cao đẳng/ Đại học. • Có kinh nghiệm quản lý nhóm. • Sử dụng thành thạo máy tính văn phòng. • Có khả năng phân tích, thu thập thông tin, xử lý tình huống, làm báo cáo.. • Có kinh nghiệm ở vị trí tương đương | DESC: • Chịu trách nhiệm thực hiện chỉ tiêu kinh doanh cá nhân và chỉ tiêu kinh doanh nhóm đã được phân bổ theo chiến lược kinh doanh của Công ty.. • Lập và tổ chức thực hiện kế hoạch kinh doanh đảm bảo đạt được chỉ tiêu của Công ty. • Điều hành đội ngũ nhân viên trong nhóm phối hợp với các bộ phận liên quan thực hiện các buổi hội thảo, sự kiện của trung tâm hoặc công ty tổ chức và các buổi học thử cho học sinh.. • Cập nhật doanh số bán hàng trong phần mềm quản lý bán hàng của Công ty. • Lập và nộp báo cáo theo định kỳ quy định của Công ty hoặc khi được yêu cầu","DESIRED JOB: Nhân viên lái xe bằng D | SKILLS: - Luôn đặt công việc làm ưu tiên hàng đầu trong cuộc sống - Có thể đi công tác xa nhà trong thời gian dài - Có khả năng ghi nhớ đường tốt, thành thạo các cung đường thuộc địa bàn mà công ty yêu cầu - Có am hiểu luật giao thông đường bộ và luôn chấp hành nghiêm chỉnh các quy định khi tham gia giao thông - Có khả năng quan sát kỹ các làn đường, tuyến đường, quan sát từ xa để giảm thiểu những rủi ro không đáng có - Có sức khỏe tốt để thực hiện được tất cả các công việc được giao phó như bốc dỡ hàng hóa khi thiếu người | EXP: 5-10 năm",,,
3240,"TITLE: Nhân viên bán hàng, nhân viên kho, nhân viên thu ngân | REQ: Cửa hàng tiện lợi cần tuyển thêm 6 nhân viên- Công việc: + Sắp xếp, kiểm tra tem, nhãn mác sản phẩm + Vệ sinh sạch sẽ, gọn gàng nơi làm việc + Trưng bày sản phẩm và đứng bán trực tiếp tại cửa hàng - Vị trí cần tuyển: + 4 nhân viên bán hàng + 1 nhân viên kho+ 1 nhân viên thu ngân - Mức lương: + Ca 4 tiếng: 3.200.000 + phụ cấp xăng xe đi lại + Ca 8 tiếng: 7.500.000 + phụ cấp xăng xe đi lại - Yêu cầu: + Độ tuổi từ 19 đến 35 tuổi + Giao tiếp tốt, tự tin, lịch sự với khách hàng cũng như các bạn nhân viên làm việc+ Không yêu cầu kĩ năng, ngoại hình hay kinh nghiệm + Đã tiêm vaccine trên 1 mũi - Quyền lợi: + Được làm việc trong môi trường sạch sẽ, thoáng mát, lịch sự+ Được nghỉ 2 ngày trong 1 tháng + Sau 2 tháng làm việc sẽ được ký kết hợp đồng lao động và được nhận đồng phục của cửa hàng + Sau 3 tháng làm việc sẽ được xem xét tăng lương từ 500.000 đến 1.500.000 và được hưởng các chế độ BHXH, BHYT + Sau 6 tháng gắn bó làm việc sẽ được hưởng lương tháng thứ 13 LIÊN HỆ TRỰC TIẾP SẼ ĐƯỢC ƯU TIÊN SẮP XẾP VÀO VỊ TRÍ MÌNH MUỐN | DESC: Cửa hàng tiện lợi cần tuyển thêm 6 nhân viên- Công việc: + Sắp xếp, kiểm tra tem, nhãn mác sản phẩm + Vệ sinh sạch sẽ, gọn gàng nơi làm việc + Trưng bày sản phẩm và đứng bán trực tiếp tại cửa hàng - Vị trí cần tuyển: + 4 nhân viên bán hàng + 1 nhân viên kho+ 1 nhân viên thu ngân - Mức lương: + Ca 4 tiếng: 3.200.000 + phụ cấp xăng xe đi lại + Ca 8 tiếng: 7.500.000 + phụ cấp xăng xe đi lại - Yêu cầu: + Độ tuổi từ 19 đến 35 tuổi + Giao tiếp tốt, tự tin, lịch sự với khách hàng cũng như các bạn nhân viên làm việc+ Không yêu cầu kĩ năng, ngoại hình hay kinh nghiệm + Đã tiêm vaccine trên 1 mũi - Quyền lợi: + Được làm việc trong môi trường sạch sẽ, thoáng mát, lịch sự+ Được nghỉ 2 ngày trong 1 tháng + Sau 2 tháng làm việc sẽ được ký kết hợp đồng lao động và được nhận đồng phục của cửa hàng + Sau 3 tháng làm việc sẽ được xem xét tăng lương từ 500.000 đến 1.500.000 và được hưởng các chế độ BHXH, BHYT + Sau 6 tháng gắn bó làm việc sẽ được hưởng lương tháng thứ 13 LIÊN HỆ TRỰC TIẾP SẼ ĐƯỢC ƯU TIÊN SẮP XẾP VÀO VỊ TRÍ MÌNH MUỐN","DESIRED JOB: nhân viên QC Thực phẩm | SKILLS: Lập báo cáo chi tiết tình hình chất lượng trong từng công đoạn, phụ trách báo cáo tổng hợp Phụ trách tốt những đầu việc mà sếp giao (không liên quan đến vị trí công việc như làm powerpoint, thống kê thông tin khách hàng,...) Có sức khoẻ tốt, chịu được áp lực cao trong công việc Có khả năng phân tích dữ liệu Kiểm soát chất lượng nguyên liệu đầu vào và quy trình đóng gói hàng hóa, sản phẩm Phối hợp với bộ phận sản xuất để tìm cách giải quyết khi có lỗi phát sinh Trình độ ngoại ngữ tốt: TOEIC 900 | EXP: Chưa có kinh nghiệm",,,
4013,"TITLE: Vị Trí Kế Toán | REQ: - Trình độ chuyên môn: Tài chính – kế toán hoặc chuyên ngành liên quan- Sử dụng thành thạo tin học văn phòng- Ưu tiên ứng viên đã có kinh nghiệm- Biết hạch toán chi phí- Nhanh nhẹn, nhiệt tình, trung thực có chuyên môn tốt, có kỹ năng làm việc nhóm, chủ động trong công việc- Có tính kỷ luật, thái độ tốt, trách nhiệm và nghiêm túc trong công việc | DESC: - Thực hiện nghiệp vụ kế toán, lưu trữ chứng từ hóa đơn.- Theo dõi công nợ phải thu, phải trả- Theo dõi thu chi- Tính bảng lương, chế độ BHXH- Kiểm soát doanh thu- Cuối tháng làm báo cáo công nợ và doanh thu cho ban giám đốc- Các công việc hành chính khác theo yêu cầu","DESIRED JOB: Nhân viên Kế Toán | SKILLS: - Trung thực, nhiệt tình, trách nhiệm. - Kỹ năng thuyết trình tốt - Dễ dàng hòa nhập với môi trường làm việc mới - Quản lý thời gian hiệu quả - Có khả năng làm việc dưới áp lực cao - Kỹ năng làm việc nhóm tốt. - Khả năng giải quyết vấn đề linh hoạt - Kỹ năng thao tác bàn phím tốt - Khả năng truyền đạt thông tin hiệu quả | EXP: Chưa có kinh nghiệm",,,
499,"TITLE: Chuyên viên thiết kế | REQ: YÊU CẦU CÔNG VIỆC - Thành thạo Adobe Illustrator, Photoshop, CorelDRAW (biết dựng 3D là lợi thế) - Có trên 1 năm kinh nghiệm Giờ làm việc: Sáng từ 7h30-11h30, chiều từ 13h-17h30 | DESC: MÔ TẢ CÔNG VIỆC: - Nghiên cứu sản phẩm, hàng hóa, thương hiệu, lắng nghe yêu cầu khách hàng để tìm ra ý tưởng thiết kế. - Chuẩn bị nhiều phương án thiết kế khác nhau và gửi phác thảo, đề xuất. - Tư vấn, thuyết phục về phương án thiết kế. - Sáng tạo ra những quảng cáo bắt mắt bằng hình ảnh và thông điệp ngắn gọn. - Đảm bảo thiết kế dựa trên nhu cầu và khả năng thực tế, xây dựng bố cục phù hợp với yêu cầu về kích thước, chất liệu, vị trí của quảng cáo. - Điều chỉnh theo yêu cầu của khách hàng hoặc các bên liên quan.","DESIRED JOB: Nhân viên văn phòng - Nhân viên kinh doanh | SKILLS: - Chăm chỉ, nhanh nhẹn, nhiệt tình, trách nhiệm - Kỹ năng giao tiếp tốt (điện thoại, email…) - Dễ dàng hòa nhập với môi trường làm việc mới - Biết quan sát, sắp xếp, quản lý tốt - Khả năng tư duy sáng tạo. - Làm việc độc lập và làm việc nhóm - Xử lý tình huống nhanh - Kỹ năng thao tác bàn phím tốt - Kỹ năng lãnh đạo tốt | EXP: Chưa có kinh nghiệm",,,
1056,"TITLE: Video Editor (12 -15 Triệu) | REQ: - Có từ 1 năm kinh nghiệm ở vị trí tương đương- Có kinh nghiệm làm Video Motion Graphic- Thành thạo các phần mềm edit video như After Effect, Premiere,…- Sử dụng cơ bản các phần mềm thiết kế đồ họa như Photoshop, Illustrator,…- Yêu thích việc tìm tòi thấu hiểu hành vi, nhu cầu của người dùng là một lợi thế lớn- Có khiếu thẩm mỹ khá, khả năng cảm thụ âm thanh và hình ảnh tốt, tư duy thiết kế và khả năng sáng tạo- Có đam mê, yêu thích học hỏi kiến thức mới, tìm tòi các cách làm mới để phát triển bản thân và công việc | DESC: - Sản xuất Video quảng cáo theo kịch bản cho sản phẩm Mobile Apps- Phối hợp với team Marketing để theo dõi và tối ưu hiệu quả Video quảng cáo - Tham gia lên ý tưởng, xây dựng kế hoạch sản xuất Video theo chiến lược Marketing tổng thể- Tham gia đào tạo, chia sẻ chuyên môn để phát triển kỹ năng sản xuất Video của team","DESIRED JOB: Nhân viên pháp chế | SKILLS: Biết lắng nghe tiếp thu ý kiến của đồng nghiệp và cấp trênChăm chỉ, chịu khó tìm hiểu các vấn đề trong công việc và cuộc sốngTinh thần trách nhiệm trong công việcChịu được áp lực trong công việcHòa đồng, vui vẻ với đồng nghiệp | EXP: Dưới 1 năm",,,
3045,"TITLE: NHÂN VIÊN BÁN HÀNG | REQ: - Có khả năng đàm phán với khách hàng đạt hiệu quả cao - Ưu tiên có kinh nghiệm phát triển đại lý và quản lý kênh phân phối - Đam mê kinh doanh, năng động, sáng tạo, độc lập, chủ động trong công việc, hoàn thành tốt nhiệm vụ được giao. - Ưu tiên ứng viên đã có kinh nghiệm làm trong ngành sơn nước, sơn tường, vật liệu xây dựng và các ngành liên quan khác. | DESC: Tìm kiếm và mời hợp tác đại lý kinh doanh ngành sơn nước quét tường trong phạm vi mà mình làm việc - Triển khai các chương trình khuyến mãi đến các đại lý - Nghiên cứu và khai thác thị trường khu vực, tham mưu cho ban lãnh đạo công ty về cách thức phát triển thị trường khu vực. - Thu thập thông tin đối thủ cạnh tranh, các chính sách của các đối thủ cạnh tranh - Báo cáo cấp trên (BGĐ khi có yêu cầu) theo tuần, tháng, quý, năm. - Các công việc cụ thể sẽ được trao đổi khi phỏng vấn.Tìm kiếm và mời hợp tác đại lý kinh doanh ngành sơn nước quét tường trong phạm vi mà mình làm việc - Triển khai các chương trình khuyến mãi đến các đại lý - Nghiên cứu và khai thác thị trường khu vực, tham mưu cho ban lãnh đạo công ty về cách thức phát triển thị trường khu vực. - Thu thập thông tin đối thủ cạnh tranh, các chính sách của các đối thủ cạnh tranh - Báo cáo cấp trên (BGĐ khi có yêu cầu) theo tuần, tháng, quý, năm. - Các công việc cụ thể sẽ được trao đổi khi phỏng vấn.","DESIRED JOB: Nhân viên Lái xe hạng C | SKILLS: - Có khả năng tiếp thu kiến thức lái xe tốt. - Có thể giao tiếp với người nước ngoài bằng tiếng anh lưu loát. - Có thể xử lý các tình huống trên đường chuyên nghiệp. - Tạo ra được những hiệu ứng tích cực cho các tài xế trong đội xe. - Biết sử dụng máy tính và các phần mềm hỗ trợ trong quá trình lái xe. - Có trách nhiệm cao với công việc, nhiệm vụ được giao. | EXP: 1-3 năm",,,
5368,"TITLE: Chuyên Viên Tư Vấn Bảo Hiểm Nhân Thọ Toàn Thời Gian - Kênh Pruventure [Hà Nội] | REQ: - Tuổi từ 24 - 39- Tốt nghiệp Cao Đẳng, Đại Học- Từng là nhân viên kinh doanh/ tư vấn viên với ít nhất từ 1 năm kinh nghiệm trong các ngành: Bảo Hiểm, Tài Chính Ngân Hàng, Bất Động Sản, Du Lịch,...- Định hướng phát triển lâu dài đối với lĩnh vực Bảo hiểm nhân thọ- Kỹ năng giao tiếp, tư vấn thuyết phục khách hàng tốt- Ngoại hình ưa nhìn, tác phong chuyên nghiệp, năng động, nhiệt huyết và tinh thần ham học hỏi, cầu tiến trong sự nghiệp | DESC: PRUVenture là một dự án được phát triển bởi tập đoàn đa quốc gia Prudential. Tại đây, chúng tôi đã đào tạo một lực lượng PRUPlanner - Chuyên viên hoạch định tài chính tại Pruventure. Dành cho những ứng viên có tham vọng trở thành chủ doanh nghiệp thành đạt hoặc chuyên viên Hoạch Định Tài chính Cấp Cao trong ngành Bảo Hiểm Nhân Thọ đầy tiềm năng tại Việt Nam, mong muốn phát triển thương hiệu bản thân và làm chủ tài chính của mình.1. Tham gia các hoạt động kinh doanh/đào tạo- Tư vấn và thiết kế giải pháp tài chính/ bảo hiểm- Thiết lập kế hoạch kinh doanh đảm bảo hoàn thành chỉ tiêu hàng tháng, hàng quý dưới sự hỗ trợ từ Quản lý kinh doanh và đồng nghiệp- Tham gia các hoạt động Training, Coaching, Teamwork2. Chăm sóc khách hàng- Đảm bảo chất lượng dịch vụ, xây dựng mối quan hệ bền chặt, tốt đẹp với khách hàng- Xử lý khách hàng khiếu nại và yêu cầu với hướng dẫn của công ty để đảm bảo sự hài lòng của khách hàng","DESIRED JOB: Nhân viên Lái xe hạng C | SKILLS: - Muốn phấn đấu trở thành nhân viên lái xe ưu tú xuất sắc để nhận thưởng theo quy định của công ty - Muốn được nâng cao kiến thức, hoàn thiện bản thân khi tham gia làm việc ở môi trường chuyên nghiệp như công ty mình - Mong muốn sẽ tạo ra giá trị cốt lõi cho toàn công ty - Muốn được cống hiến hết mình bởi vì đây là niềm đam mê của tôi - Tôi mong muốn được gắn bó lâu dài với công ty để xây dựng sự nghiệp của bản thân một cách bền vững nhất | EXP: 1-3 năm",,,
2991,"TITLE: Nhân viên giao nhận chăm sóc khach hàng | REQ: - Trình độ: cấp 2 trở lên - Không cần kinh nghiệm, ưu tiên sinh viên mới tốt nghiệp, công ty sẽ đào tạo miễn phí - Sử dụng Vi tính văn phòng là lợi thế - Có xe, điện thoại - Sức khỏe tốt, chăm chỉ, không ngại khó - Nam Tuổi dưới 30 tuổi | DESC: - Chăm sóc khách hàng, tư vấn phát triển thị trường ( nếu có), quản lý đơn hàng thuộc khu vực phụ trách - Giao nhận mẫu và hàng hóa: giao nhận mẫn hoặc hàng hóa thuộc khu vực TPHCM - Các công việc khác liên quan đến chuyên môn nghiệp vụ","DESIRED JOB: Nhân viên lái xe hạng C | SKILLS: - Có bằng lái xe B2 - Nắm rõ các quy định về quy trình vận tải hành khách và hàng hóa, hiểu luật giao thông - Đảm bảo lái xe an toàn trên mọi hành trình - Xử lý tình huống nhanh, linh hoạt - Có sức khỏe tốt đảm bảo phục vụ công việc lái xe hiệu quả | EXP: 5-10 năm",,,
4083,"TITLE: Quản Lý Nhà Hàng (Thu Nhập Lên Đến 25 Triệu) | REQ: - Yêu cầu: Tối thiểu >5 năm kinh nghiệm ở vị trí quản lý khác sạn nhà hàng lớn.- Hiểu biết sâu về ẩm thực.- Tiếng Anh giao tiếp tốt.- Thành thạo vi tính văn phòng- Kỹ năng lập kế hoạch- Kỹ năng lãnh đạo- Kỹ năng tổ chức, quản lý và giám sát công việc.- Kỹ năng phân tích, tổng hợp, báo cáo.- Kỹ năng giao tiếp.- Có khả năng chịu được áp lực cao trong công việc. | DESC: - Quản lý và chịu trách nhiệm hoạt động kinh doanh, vận hành của nhà hàng- Xây dựng các quy trình, quy định, hướng dẫn nghiệp vụ áp dụng cho nhà hàng.- Xây dựng các tiêu chuẩn về chất lượng món ăn, thức uống, phục vụ, vệ sinh…cho nhà hàng.- Quản lý nhân sự, tham gia tuyển dụng và đào tạo nhân viên nhà hàng.- Lên được định biên chi phí cost và kiểm soát doanh thu hàng tháng.- Đảm bảo chất lượng sản phẩm và chất lượng dịch vụ tại nhà hàng.- Chịu trách nhiệm giải quyết tình huống và xử lý kịp thời các phản hồi khiếu nại của khách hàng- Quản lý chặt chẽ số lượng tài sản, công cụ dụng cụ cần thiết cho vận hành nhà hàng- Triển khai, kiểm tra việc sử dụng hệ thống nhận diện thương hiệu trong nhà hàng.- Đại diện cho nhà hàng trong việc giải quyết tất cả mối quan hệ với các cơ quan nhà nước, các tổ chức..liên quan đến nhà hàng.- Báo cáo công việc định kỳ và theo yêu cầu cấp trên.- Các công việc khác theo sự phân công của cấp trên.2. Tiêu chuẩn yêu cầu:","DESIRED JOB: Việc làm online tại nhà | SKILLS: + Kỹ năng làm việc có tổ chức + Hiểu biết về quy trình vận hành kho hàng + Có khả năng đọc đơn hàng, phiếu kiểm hàng, thông tin hàng hóa và tìm kiếm hàng + Sử dụng thành thạo máy tính và một số phần mềm quản lý kho hàng + Có khả năng phối hợp và làm việc nhóm tôt + Có sức khỏe tốt và có thể làm thêm giờ + Có khả năng xử lý các tình huống phát sinh tốt + Kỹ năng giao tiếp bằng lời nói và phi lời nói | EXP: Dưới 1 năm",,,
3520,"TITLE: Trưởng Nhóm Kinh Doanh | REQ: • Tốt nghiệp Cao đẳng/ Đại học. • Có kinh nghiệm quản lý nhóm. • Sử dụng thành thạo máy tính văn phòng. • Có khả năng phân tích, thu thập thông tin, xử lý tình huống, làm báo cáo.. • Có kinh nghiệm ở vị trí tương đương | DESC: • Chịu trách nhiệm thực hiện chỉ tiêu kinh doanh cá nhân và chỉ tiêu kinh doanh nhóm đã được phân bổ theo chiến lược kinh doanh của Công ty.. • Lập và tổ chức thực hiện kế hoạch kinh doanh đảm bảo đạt được chỉ tiêu của Công ty. • Điều hành đội ngũ nhân viên trong nhóm phối hợp với các bộ phận liên quan thực hiện các buổi hội thảo, sự kiện của trung tâm hoặc công ty tổ chức và các buổi học thử cho học sinh.. • Cập nhật doanh số bán hàng trong phần mềm quản lý bán hàng của Công ty. • Lập và nộp báo cáo theo định kỳ quy định của Công ty hoặc khi được yêu cầu","DESIRED JOB: Nhân viên bán hàng - Nhân viên khinh doanh | SKILLS: Biết lắng nghe tiếp thu ý kiến của đồng nghiệp và cấp trênChăm chỉ, chịu khó tìm hiểu các vấn đề trong công việc và cuộc sốngTinh thần trách nhiệm trong công việcChịu được áp lực trong công việcHòa đồng, vui vẻ với đồng nghiệp- Cẩn thận trong từng công việc và tổng kết đánh giá lại tình hình thực hiện để rút kinh nghiệm cho những nhiệm vụ sắp tới. - Có khả năng nắm bắt tâm lý đối tác để các cuộc trao đổi thông tin diễn ra thuận lợi. - Lập các báo cáo, thành thạo các kỹ năng sử dụng hàm tính toán trong Excel, làm các slide trình chiếu trên Powerpoint. - Có khả năng thuyết trình lưu loát, tự tin trước đám đông. - Có thể soạn thảo các hợp đồng và viết báo cáo công việc bằng tiếng Anh. - Biết sử dụng nhiều phần mềm tin học văn phòng chuyên nghiệp để quản lý các kế hoạch công việc được thực hiện đúng thời gian, đảm bảo tiến độ. | EXP: Chưa có kinh nghiệm",,,
768,"TITLE: Nhân Viên Quản Lý Đơn Hàng | REQ: 1. Tốt nghiệp Đại học/cao đẳng 2. Có kinh nghiệm 2 - 3 năm tại vị trí tương đương (hàng dệt kim)3. Hiểu biết kỹ lưỡng về phát triển sản phẩm và quy trình tìm nguồn cung ứng4. Có kiến thức về sản phẩm dệt may và kỹ thuật, nguyên phụ liệu.5. Khả năng đánh giá nhà cung cấp và dự báo rủi ro trong hợp tác.6. Có trách nhiệm, thành thạo kỹ năng giao tiếp, tạo dựng từng mối quan hệ và kỹ năng làm việc nhóm.7. Có khả năng làm việc với tất cả các cấp và phải có khả năng thích ứng với các phong cách làm việc khác nhau. | DESC: 1. Xây dựng kế hoạch mua theo mùa và kế hoạch chi tiết theo đơn hàng với nhà máy và nội bộ2. Phát triển mẫu mã sản phẩm3. Đảm bảo đồng bộ sản xuất đúng với kế hoạch của nhà máy4. Kiểm tra và giám sát báo giá, đàm phán giá đảm bảo tối ưu hóa giá vốn5. Trình duyệt đơn hàng/hợp đồng/phụ lục theo đúng quy trình6. Phân công và sắp xếp công việc cho các nhân viên trong team phù hợp với kế hoạch.7. Kiểm soát tiến độ hoạt động mua hàng cung ứng theo kế hoạch chung8. Triển khai theo dõi tiến độ sản xuất thực tế, xuất nguyên phụ liệu cho đơn vị gia công9. Giải quyết các vấn đề phát sinh tại nhà cung cấp về tiến độ giao hàng, quyết toán nguyên phụ liệu, hàng hóa và các khiếu nại nếu có10. Báo cáo tiến độ theo tuần, tháng, mùa của từng mã hàng","DESIRED JOB: Nhân viên lái xe hạng FC | SKILLS: Có khả năng chu toàn công việc, siêng năng, tỉ mỉ Kỹ năng bảo dưỡng, sửa chữa xe tốt Am hiểu các kỹ thuật khó, mang tính chuyên môn cao Có khả năng quản lý công việc, từng nằm trong đội ngũ chuyên viên kỹ thuật về xe tải Có chứng chỉ đảm bảo kỹ thuật sửa chữa, bảo trì các phương tiện (ô tô, xe máy) Thân thiện, hòa đồng, cởi mở trong môi trường làm việc Khả năng công nghệ thông tin, tin học văn phòng ở mức độ trung bình - khá Tốt nghiệp nghiệp vụ kỹ thuật ôtô được cấp bởi Trường trung cấp công nghệ Hà Nội Có điều kiện, khả năng gắn bó lâu dài với công ty, doanh nghiệp | EXP: 5-10 năm",,,
2285,"TITLE: Nhân Viên Sale Admin | REQ: - Có từ 1-2 năm kinh nghiệm ở vị trí tương đương. Cẩn thận, chăm chỉ, nhanh nhẹn, trách nhiệm- Tốt nghiệp Đại học, cao đẳng chuyên ngành Kế toán hoặc các ngành liên quan- Tư duy logic, có kỹ năng xử lý số liệu tốt | DESC: - Thực hiện và hỗ trợ công tác kinh doanh: Tiếp nhận và xử lý đơn hàng từ khách hàng và NVKD. Thông tin đến NVKD, Khách hàng các Chương trình tích lũy doanh số, chương trình đặc biệt, theo dõi và thúc đẩy để chương trình thực hiện hiệu quả. Cập nhật thông tin cho NVKD: thông tin sản phẩm mới, báo giá, chính sách bán hàng, chính sách nhân viên liên quan đến NVKD… Quản lý, lưu trữ và cung cấp cho NVKD các vật dụng phục vụ công việc: báo giá, catalogue, tờ rơi, hình ảnh sản phẩm, thông tin sản phẩm…- Thực hiện tiếp nhận và xử lý khiếu nại của khách hàng. Tiếp nhận mọi thông tin phản hồi từ khách hàng/đại lý qua điện thoại, thực hiện việc check các thông tin, đề xuất phương án xử lý, gửi báo cáo cho GĐKD. Là đầu mối tiếp nhận, đối soát và xử lý giấy tờ, chuyển cấp có thẩm quyền giải quyết khi cần thiết hoặc có yêu cầu.- Thực hiện công tác báo cáo kinh doanh theo yêu cầu: Báo cáo đầy đủ, đúng hạn, kịp thời về tình hình công việc cho quản lý trực tiếp và BLĐ: Doanh số, Số...","DESIRED JOB: Nhân viên lái xe bằng B2 | SKILLS: Khả năng thông thạo đường xá nhanh chóng Chăm chỉ, nhiệt tình, thực hiện công việc với thái độ nghiêm túc, có trách nhiệm, trung thực, minh bạch Nắm rõ các điều luật giao thông cũng như chú trọng tuân thủ luật giao thông Không uống rượu bia, tuyệt đối không sử dụng chất kích thích Có thể vận hành xe trên tuyến đường dài, không kể các khu vực thành phố hay địa bàn các tỉnh lân cận, vùng sâu vùng xa Có kỹ năng quản lý thời gian, quản lý tổ chức công việc tốt, dễ dàng thiết lập các mối quan hệ Tinh thần làm việc hoạt bát, chủ động giải quyết, xử lý tốt các vấn đề bất cập có thể xảy ra. | EXP: 1-3 năm",,,
2694,"TITLE: SUPPORT MERCHANDISER | REQ: 1. Nam Tốt nghiệp Cao Đẳng/ Đại học. 2. Có kinh nghiệm làm việc liên quan mỹ phẩm là một điểm cộng lớn . 3. Nhanh nhẹn,có trách nhiệm với công việc, làm việc có nguyên tắc, tinh thần chủ động làm việc, học hỏi. 4. Ưu tiên ứng viên có kinh nghiệm làm việc liên quan mua bán hàng, logistics. 5. Sử dụng tin học văn phòng cơ bản. 6. Đam mê và muốn gắn bó lâu với nghề. | DESC: + Hỗ trợ quản lý dữ liệu mua hàng. + Quản lý data tồn kho, File nhập xuất hàng hóa. + Kiểm tra, update giá mua hàng, bán hàng + Tìm kiếm nhà cung cấp và sản phẩm liên quan. + Đảm bảo tiến độ thực hiện, khắc phục các sự cố, theo dõi mức độ hiệu quả ,lập kế hoạch hàng tháng và báo cáo cho cấp trên. + Các công việc khác được giao khác.","DESIRED JOB: Nhân viên triển khai phần mềm, Lập trình viên | SKILLS: - Sự hiểu biết và tính ham học hỏi - Giao tiếp, ứng xử với mọi người tốt - Dễ dàng làm quen với môi trường mới - Quản lý thời gian hiệu quả - Khả năng chịu được áp lực công việc - Kỹ năng tự chủ, nghiên cứu học hỏi tốt. - Khả năng giải quyết vấn đề linh hoạt - Kỹ năng thao tác bàn phím tốt - Có tầm nhìn và sự quyết đoán | EXP: Chưa có kinh nghiệm",,,
1377,"TITLE: [QUẬN 9] - TUYỂN NV BÁN HÀNG CA HÀNH CHÍNH | REQ: Nam/nỮ từ 19 - 27 tuổi, Thân thiện, trung thực, nhiệt tình, giao tiếp tốt; Có kỹ năng excel cơ bản; KHÔNG YÊU CẦU KINH NGHIỆM, BẰNG CẤP | DESC: - LÀM VIỆC TẠI: SỐ 215 Lê Văn Viêt, Hiệp Phú, quận 9, TP Hồ Chí Minh - THỜI GIAN: 8:20 - 18:00, nghỉ trưa 1.5 tiếng, tháng có 3 ngày nghỉ Lịch sự, vui vẻ chào đón khách hàng vào thanh toán hóa đơn mua hàng; Lập và xuất hóa đơn bán hàng trên phần mềm kế toán; Nắm bắt và cập nhật nhanh các sản phẩm có trong cửa hàng; Thu tiền bán hàng, dịch vụ; Thực hiện các báo cáo liên quan đến công việc kế toán bán hàng; Bàn giao tiền và tài sản cho nhân viên thu ngân sau ca làm việc của mình; Hỗ các công việc khác theo yêu cầu cửa hàng trưởng.","DESIRED JOB: Nhân viên lái xe hạng C | SKILLS: - Có thể ghi nhớ tên cùng vị trí đường ngay cả khi mới đi qua 1 lần - Là người có tinh thần trách nhiệm cao, biết ưu tiên các đầu việc quan trọng để hoàn thành kịp tiến độ cấp trên yêu cầu - Là người siêng năng, chịu khó | EXP: 5-10 năm",,,
1692,"TITLE: Trade Marketing (Nam, 12 - 18 Triệu) | REQ: - Tốt nghiệp tối thiểu Cao đẳng chuyên nghành Marketing; - Quản trị Kinh doanh hoăc các chuyên nghành liên quan. - Từ 1-3 năm kinh nghiệm tại vị trí ứng tuyển. - Ưu tiên ứng viên có kinh nghiệm làm việc tại các chuỗi kinh doanh bán lẻ; tài chính;.... - Kỹ năng giao tiếp, xử lý tình huống và tương tác tốt. - Trung thực, tận tâm, biết lắng nghe, sẻ chia cùng khách hàng và đồng nghiệp. | DESC: - Lập kế hoạch Trade marketing theo năm/quý/tháng và cho từng chiến dịch: kế hoạch khuyến mãi, hỗ trợ điểm bán,…- Khảo sát khách hàng, đối thủ cạnh tranh thuộc phạm vị phụ trách. - Triển khai các hoạt động khuyến mãi & Chủ động theo dõi tình hình kinh doanh tại các phòng giao dịch (PGD) thuôc phạm vi phụ trách; báo cáo nhanh các trường hợp: đối thủ cạnh tranh có chương trình mới, doanh số PGD tăng / giảm bất thường,... - Phân tích đánh giá hiệu quả bán hàng, hiệu quả truyền thông của các chương trình truyền thông/khuyến mãi trong năm- Quản lý các công cụ để thực hiện triển khai theo kế hoạch- Đưa ra các đề xuất cho các chương trình xây dựng thương hiệu, marketing và hệ thống bán hàng- Quản lý và kiểm soát việc vận hành các hoạt động quảng cáo, truyền thông, in ấn, thiết kế theo đúng nhận diện thương hiệu, đảm bảo tính thống nhất thương hiệu đã được thông qua- Đề xuất, lập kế hoạch, quản lý và triển khai báo cáo, đánh giá hiệu quả sử dụng các vật dụng chăm sóc khách hàng, POSM định kỳ: poster, standee, banner,…- Phối hợp và tổ chức nghiên cứu thị trường, đối thủ cạnh tranh: chính sách giá, chương trình bán hàng,… tại các kênh, các hoạt động xúc tiến bán hàng,… phục vụ cho việc xây dựng kế hoạch, chiến lược Trade marketing- Phối hợp với các PGD thuộc hệ thống Công ty và Team Marketing triển khai Roadshow/Event","DESIRED JOB: Nhân viên lái xe bằng C | SKILLS: - Tôi tự tin rằng mình có khả năng ghi nhớ tốt đối với những quãng đường từng đi qua, bên cạnh đó nếu có yêu cầu thì cũng sẽ tìm hiểu để đáp ứng nhiệm vụ được phân công trên những tuyến đường mới - Có khả năng quan sát, điều khiển phương tiện giao thông an toàn khi làm nhiệm vụ | EXP: Trên 10 năm",,,
2832,"TITLE: TUYỂN NHÂN VIÊN KẾ TOÁN | REQ: -Tuổi: Từ 20-40 tuổi -Trình độ: tốt nghiệp trung cấp ,cao đẳng chuyên ngành tài chính, kế toán trở lên; -Thành thạo phần mềm Misa, tin học văn phòng – đặc biệt là xử lý dữ liệu excel tốt; -Nhiệt tình, chăm chỉ, cẩn thận, giao tiếp tốt;-Kinh nghiệm: Yêu cầu kinh nghiệm >1 năm | DESC: -Xác nhận kết quả kiểm, đếm, giao nhận hóa đơn, chứng từ và ghi chép sổ sách theo quy định; -Thường xuyên: kiểm tra việc ghi chép, hàng hóa vật tư trong kho được sắp xếp hợp lý chưa, kiểm tra, đối chiếu số liệu nhập xuất -Lập báo cáo tồn kho, báo cáo nhập xuất tồn; -Theo dõi công nợ khách hàng, xuất hóa đơn; -Hạch toán các nghiệp vụ kinh tế phát sinh; -Lập chứng từ xuất nhập trên phần mềm Misa đơn hàng mới, bảo hành; -Thực hiện các công việc khác theo yêu cầu của Quản lý.","DESIRED JOB: Nhân viên lái xe hạng C | SKILLS: - Có trình độ về tin học văn phòng, thành thạo sử dụng các trình duyệt, các phần mềm hỗ trợ cho việc lái xe, các phần mềm tính km di chuyển và phần mềm tính tiền. - Có thể giao tiếp tốt, nói năng lưu loát, nói tiếng phổ thông. - Có khả năng về ngoại ngữ, có thể giao tiếp được với người nước ngoài. - Có trách nhiệm với công việc được giao phó. - Sử dụng các thiết bị điều khiển trên xe một cách thành thạo. | EXP: 3-5 năm",,,
2940,"TITLE: Nhân viên giao nhận chăm sóc khach hàng | REQ: - Trình độ: cấp 2 trở lên - Không cần kinh nghiệm, ưu tiên sinh viên mới tốt nghiệp, công ty sẽ đào tạo miễn phí - Sử dụng Vi tính văn phòng là lợi thế - Có xe, điện thoại - Sức khỏe tốt, chăm chỉ, không ngại khó - Nam Tuổi dưới 30 tuổi | DESC: - Chăm sóc khách hàng, tư vấn phát triển thị trường ( nếu có), quản lý đơn hàng thuộc khu vực phụ trách - Giao nhận mẫu và hàng hóa: giao nhận mẫn hoặc hàng hóa thuộc khu vực TPHCM - Các công việc khác liên quan đến chuyên môn nghiệp vụ","DESIRED JOB: Nhân viên lái xe bằng D | SKILLS: - Luôn đặt công việc làm ưu tiên hàng đầu trong cuộc sống - Có thể đi công tác xa nhà trong thời gian dài - Có khả năng ghi nhớ đường tốt, thành thạo các cung đường thuộc địa bàn mà công ty yêu cầu - Có am hiểu luật giao thông đường bộ và luôn chấp hành nghiêm chỉnh các quy định khi tham gia giao thông - Có khả năng quan sát kỹ các làn đường, tuyến đường, quan sát từ xa để giảm thiểu những rủi ro không đáng có - Có sức khỏe tốt để thực hiện được tất cả các công việc được giao phó như bốc dỡ hàng hóa khi thiếu người | EXP: 5-10 năm",,,
1927,"TITLE: Python Django Developer | REQ: ● Good problem analyzing and solving skills● Good knowledge in MVC, SOAP and/or RESTful.● Good knowledge about Design patterns● Good knowledge in Restful API development.● Experience in requirement analysis, system design, Web Application Development architect● Have at least 2 years of experience in Python, with knowledge in web programming withextensive knowledge of Python web (Django).● Understanding of the threading limitations of Python, and multi-process architecture.● Good understanding of server-side templating languages (Jinja 2, Mako).● Experience in SQL/NoSQL databases and their declarative query languages● Proficient understanding of code versioning tools (Git) and git flow process.NICE TO HAVE:● Have knowledge in Micro service architecture.● Good knowledge working with system or working CI/CD tools such as Jenkins, Docker● Experience working with common third-party APIs (LINE, Stripe ... ) is a plus● Experience with some service of aws, gcp, azure ..● Experience with multiple database types such as Redis, MongoDB, ElasticSearch, etc. | DESC: ● Write effective, scalable, usable code.● Develop back-end components to improve responsiveness and overall performance.● Integrate user-facing elements into applications.● Test and debug programs.● Improve functionality of existing systems.● Implement security and data protection solutions.● Assess and prioritize feature requests.● Coordinate with internal teams to understand user requirements and provide technicalsolutions.","DESIRED JOB: Nhân viên lái xe bằng D | SKILLS: - Tiếp thu tốt các kiến thức lái xe, - Có trí nhớ lâu. - Ý thức trách nhiệm tốt với khách trên xe và hàng hóa, đảm bảo an toàn cho người và hàng hóa trên xe. - Thành thạo ngôn ngữ tiếng Anh, Hàn Quốc, phục vụ tốt cho công việc với khách nước ngoài. - Có thể sử dụng các phần mềm quản lý hệ thống xe; phần mềm tính km; phần mềm tính tiền đối với xe taxi, xe dịch vụ. - Có thể sắp xếp thời gian cho công việc, có thể đi công tác theo xe lâu. - Có thể sắp xếp lịch lái xe ổn định, sẵn sàng cho công việc. - Có sức khỏe tốt để phục vụ công việc lái xe. | EXP: 5-10 năm",,,
2356,"TITLE: Senior Human Resource Officer | REQ: • Minimum 4 - 5 years of experience in a similar position, at least 1-2 years in the IT field.• Experienced in recruiting Tech positions.• University degree in Human Resource Management, Business Administration or related field…• Good communication & presentation skills• Good management & organization skills• Dynamic, enthusiastic, eager to learn. | DESC: • Talent Acquisition (40%)- Plan and execute the company's talent acquisition strategy- Manage and implement recruitment and selection processes (resume screening, call screening, interviews, etc.).- Develop and measure the success of recruitment procedure.- Conduct sourcing activities to fill vacant positions- Manage these candidate pools to ensure qualified candidates remain engaged in current or future opportunities.- Build long-term relationships with partner & potential candidates. - In charge of onboarding training • Employee Retention (30%)- Developing and implementing employee training programs aimed at improving employee performance on the job- Participate reviewing employee performance records to determine if employees should be terminated or promoted based on their performance- Recommending changes in employee compensation based on market data to ensure that salaries are competitive with other companies in the industry- Conducting exit interviews to identify reasons why they left the company and ways to prevent turnover in the future.- Reviewing employee complaints so that appropriate action can be taken• General tasks: (30%)- Management and implementation of labor contracts, employee records, ... other related documents.- Manage and conduct administrative tasks: office repair, electricity payment, monthly rent- Organize all engagement activities: employee birthday, teambuilding, YEP,....- Manage the office operation cost monthly• Work closely with other departments to solve problems","DESIRED JOB: Nhân viên lái xe bằng B2 | SKILLS: Có chí tiến thủ đối với công việc Có khả năng đi xa, đi dài ngày, sức khỏe đảm bảo tốt cho tính chất công việc vận tải Chăm chỉ, làm việc nhiệt tình, không quản ngại khó khăn, tinh thần trách nhiệm cao, chấp hành tốt các quy định mà công ty đề ra. Thông thạo luật giao thông, thạo đường xá Tích cực giải quyết các vấn đề liên quan đến công việc Có thể tăng ca ngoài giờ làm Kiểm tra, đánh giá cẩn thận các tuyến vận chuyển đã thực hiện, chủ động rút kinh nghiệm cho các công tác sau | EXP: 5-10 năm",,,
3347,TITLE: Nhân Viên Tiếp Thị Bán Hàng Tại Kiên Giang | REQ: Nam nữ từ 24 đến 48 tuổiCó xe máy và điện thoại thông minhChấp nhận di chuyển xa một ngày 10 đến 40KM | DESC: Được hiểu là một nhân viên phát triển thị trường bán hàng & tiếp thịCó tuyến bán hàng cố định được phân công Tư vấn bán hàng đến các cửa hàng tạp hóa theo tuyến bán hàng của mìnhTheo giờ làm việc toàn thời gian cố định,"DESIRED JOB: Nhân viên Lái xe hạng B2 | SKILLS: - Có bằng lái xe A1, chủ động về phương tiện di chuyển - Kỹ năng giao hàng bằng xe máy - Thông thạo mọi cung đường tại Hà Nội - Biết sử dụng điện thoại thông minh - Cẩn thận, có trách nhiệm trong công việc - Nhanh nhẹn, chịu khó, ham học hỏi - Kỹ năng giao tiếp tốt - Có thể làm thêm giờ nếu cần thiết - Tuân thủ đúng luật an toàn giao thông, tránh vi phạm gây ảnh hưởng tới công việc. | EXP: 3-5 năm",,,
5493,"TITLE: Nhân Viên Dịch Vụ Khách Hàng | REQ: - Xử lý tình huống và nắm bắt thông tin nhanh.- Thành thạo tin học văn phòng.- Kỹ năng giao tiếp, giọng nói rõ ràng, dễ nghe- Tính cách tận tâm, kiên nhẫn, vì khách hàng.- Sẵn sàng đáp ứng công việc khi có yêu cầu | DESC: – Chủ động tư vấn, khơi gợi nhu cầu tìm hiểu thông tin của khách hàng– Chăm sóc & xử lý các vấn đề phát sinh của khách hàng.– Nắm rõ thông tin về các sản phẩm, chương trình khuyến mãi, tri ân khách hàng…của phòng khám– Tham gia vận hành: quản lý đơn hàng, điều phối, theo dõi, giao nhận, thanh toán...– Quản lý, điều phối những đơn hàng đã tạo;– chi tiết hơn trong quá trình phỏng vấn","DESIRED JOB: Nhân viên Lái xe hạng B2 | SKILLS: - Có khả năng chịu áp lực cao trong công việc - Luôn tuân thủ nguyên tắc làm việc chuyên nghiệp, không sử dụng chất kích thích, chất có cồn trong quá trình lái xe. - Nắm bắt các kỹ thuật lái xe theo tiêu chuẩn - Có khả năng quan sát tốt, khả năng tập trung cao độ khi làm việc và khi cầm tay lái - Xử lý tình huống linh hoạt, giải quyết vấn đề hiệu quả - Tổ chức công việc tốt, biết cách quản lý thời gian | EXP: 5-10 năm",,,
818,"TITLE: Chuyên Viên Marketing Tổng Hợp - Vietinbank Gold & Jewellery | REQ: - Nam, Nữ tuổi từ 25 đến 32; Ưu tiên ứng viên Nữ- Tốt nghiệp Đại học chuyên ngành Marketing hoặc có liên quan;- Có ít nhất 02 năm kinh nghiệm ở vị trí tương đương.- Am hiểu về các phương tiện truyền thông, marketing;- Kỹ năng lập kế hoạch, giải quyết vấn đề;- Cẩn thận, siêng năng, trung thực, linh hoạt, nhiệt tình với công việc, chịu khó cập nhật thông tin phục vụ cho nhu cầu công việc;- Tác phong chuyên nghiệp. | DESC: - Phụ trách công tác Truyền thông và Quản trị thương hiệu cho Công ty và các thương hiệu công ty độc quyền phân phối, các công việc cụ thể như:- Viết, biên tập, quản trị thông tin website, facebook, thông tin báo chí…- Lên kế hoạch, phối hợp với các đối tác phân phối, kiểm soát hiệu quả các chiến dịch marketing;- Chịu trách nhiệm nội dung, biên tập, sản xuất các ấn phẩm truyền thông: nội san, brochure, tờ rơi, Flyer, TVC, Video Clip…- Tổ chức sự kiện;- Quan hệ báo chí- Đề xuất, phối hợp tổ chức các hoạt động truyền thông nội bộ, giữ gìn và phát huy văn hóa Công ty;- Lập kế hoạch truyền thông dài hạn và cho từng giai đoạn theo chỉ đạo của Ban Lãnh đạo Công ty;- Các công việc khác theo yêu cầu từ cấp trên.","DESIRED JOB: Nhân viên lái xe bằng C | SKILLS: - Đã có bằng lái xe B2, phù hợp với loại hình vận tải của doanh nghiệp - Hiểu rõ các quy tắc vận tải đối với hành khách và với hàng hóa - Nắm rõ luật giao thông và có thể đảm bảo sự tỉnh táo trong quá trình lái xe, đem đến mọi hành trình lái xe an toàn cho người và của. | EXP: Dưới 1 năm",,,
728,"TITLE: Nhân Viên Quản Lý Đơn Hàng | REQ: 1. Tốt nghiệp Đại học/cao đẳng 2. Có kinh nghiệm 2 - 3 năm tại vị trí tương đương (hàng dệt kim)3. Hiểu biết kỹ lưỡng về phát triển sản phẩm và quy trình tìm nguồn cung ứng4. Có kiến thức về sản phẩm dệt may và kỹ thuật, nguyên phụ liệu.5. Khả năng đánh giá nhà cung cấp và dự báo rủi ro trong hợp tác.6. Có trách nhiệm, thành thạo kỹ năng giao tiếp, tạo dựng từng mối quan hệ và kỹ năng làm việc nhóm.7. Có khả năng làm việc với tất cả các cấp và phải có khả năng thích ứng với các phong cách làm việc khác nhau. | DESC: 1. Xây dựng kế hoạch mua theo mùa và kế hoạch chi tiết theo đơn hàng với nhà máy và nội bộ2. Phát triển mẫu mã sản phẩm3. Đảm bảo đồng bộ sản xuất đúng với kế hoạch của nhà máy4. Kiểm tra và giám sát báo giá, đàm phán giá đảm bảo tối ưu hóa giá vốn5. Trình duyệt đơn hàng/hợp đồng/phụ lục theo đúng quy trình6. Phân công và sắp xếp công việc cho các nhân viên trong team phù hợp với kế hoạch.7. Kiểm soát tiến độ hoạt động mua hàng cung ứng theo kế hoạch chung8. Triển khai theo dõi tiến độ sản xuất thực tế, xuất nguyên phụ liệu cho đơn vị gia công9. Giải quyết các vấn đề phát sinh tại nhà cung cấp về tiến độ giao hàng, quyết toán nguyên phụ liệu, hàng hóa và các khiếu nại nếu có10. Báo cáo tiến độ theo tuần, tháng, mùa của từng mã hàng","DESIRED JOB: Nhân viên lái xe bằng C | SKILLS: Có những kỹ năng chuyên sâu trong vấn đề chuyển giao nhận hàng vì đã có kinh nghiệm. Biết cách phục vụ khách hàng, làm hài lòng khách hàng. Có khả năng lãnh đạo, đứng đầu trong việc quản lý hàng hóa. Cẩn trọng trong từng khâu chuỗi làm việc. Hòa đồng, năng động, vui vẻ với mọi người xung quanh. | EXP: 5-10 năm",,,
5384,"TITLE: Chuyên Viên Tư Vấn Bảo Hiểm Nhân Thọ Toàn Thời Gian - Kênh Pruventure [Hà Nội] | REQ: - Tuổi từ 24 - 39- Tốt nghiệp Cao Đẳng, Đại Học- Từng là nhân viên kinh doanh/ tư vấn viên với ít nhất từ 1 năm kinh nghiệm trong các ngành: Bảo Hiểm, Tài Chính Ngân Hàng, Bất Động Sản, Du Lịch,...- Định hướng phát triển lâu dài đối với lĩnh vực Bảo hiểm nhân thọ- Kỹ năng giao tiếp, tư vấn thuyết phục khách hàng tốt- Ngoại hình ưa nhìn, tác phong chuyên nghiệp, năng động, nhiệt huyết và tinh thần ham học hỏi, cầu tiến trong sự nghiệp | DESC: PRUVenture là một dự án được phát triển bởi tập đoàn đa quốc gia Prudential. Tại đây, chúng tôi đã đào tạo một lực lượng PRUPlanner - Chuyên viên hoạch định tài chính tại Pruventure. Dành cho những ứng viên có tham vọng trở thành chủ doanh nghiệp thành đạt hoặc chuyên viên Hoạch Định Tài chính Cấp Cao trong ngành Bảo Hiểm Nhân Thọ đầy tiềm năng tại Việt Nam, mong muốn phát triển thương hiệu bản thân và làm chủ tài chính của mình.1. Tham gia các hoạt động kinh doanh/đào tạo- Tư vấn và thiết kế giải pháp tài chính/ bảo hiểm- Thiết lập kế hoạch kinh doanh đảm bảo hoàn thành chỉ tiêu hàng tháng, hàng quý dưới sự hỗ trợ từ Quản lý kinh doanh và đồng nghiệp- Tham gia các hoạt động Training, Coaching, Teamwork2. Chăm sóc khách hàng- Đảm bảo chất lượng dịch vụ, xây dựng mối quan hệ bền chặt, tốt đẹp với khách hàng- Xử lý khách hàng khiếu nại và yêu cầu với hướng dẫn của công ty để đảm bảo sự hài lòng của khách hàng","DESIRED JOB: Nhân viên Tài Chính Ngân Hàng | SKILLS: - Trung thực, nhiệt tình, trách nhiệm. - Kỹ năng giao tiếp tốt (điện thoại, email…) - Dễ dàng làm quen với môi trường mới - Kỹ năng lên kế hoạch, tổ chức sắp xếp công việc. - Có thể chịu được công việc có nhiều áp lực - Kỹ năng làm việc nhóm hiệu quả - Biết cách phân loại vấn đề diễn ra trong quá trình xử lý công việc - Kỹ năng thao tác bàn phím tốt - Có tầm nhìn và sự quyết đoán | EXP: Dưới 1 năm",,,
3491,"TITLE: Nhân Viên Kinh Doanh Hỗ Trợ Npp | REQ: - Ưu tiên có kinh nghiệm ở vị trí nhân viên kinh doanh( chưa có kinh nghiệm sẽ được đào tạo)- Trung thực, nhanh nhẹn, nhiệt tình, có trách nhiệm với công việc- Có khả năng ăn nói, giao tiếp, đàm phán, thuyết phục- Có khả năng đi thị trường | DESC: - Chăm sóc khách hàng cũ được giao trên địa bàn- Khai thác các khách hàng mới trên địa bàn- Thúc đẩy doanh số- Tương tác và xây dựng mối quan hệ thân thiết với khách hàng- Báo cáo, kế hoạch, phương án kinh doanh- Hỗ trợ các bộ phận khác hoàn thành công việc- Thực hiện các nhiệm vụ khác theo yêu cầu của công ty","DESIRED JOB: Nhân viên kinh doanh | SKILLS: - Trung thực, nhiệt tình, trách nhiệm. - Giao tiếp, ứng xử với mọi người tốt - Dễ dàng hòa nhập với môi trường làm việc mới - Kỹ năng tổ chức và quản lý công việc hiệu quả - Chịu được áp lực cao trong công việc - Kỹ năng tự chủ, nghiên cứu học hỏi tốt. - Khả năng giải quyết vấn đề linh hoạt - Kỹ năng tin học văn phòng thành thạo - Khả năng truyền đạt thông tin hiệu quả | EXP: Trên 10 năm",,,
1166,"TITLE: Tuyển nhân viên nam nữ lao động phổ thông mùa dịch | REQ: Ham học hỏi có ý chí cầu tiến.Luôn luôn vui vẻ hoà đồng nhiệt tình với đồng nghiệp trong công ty.Có kỹ năng giao tiếp càng tốt.Thực hiện đúng nội quy của công ty đưa ra.Thái độ tốt, lịch sự lễ phép tôn trọng với đồng nghiệp | DESC: Công ty trách nhiệm hữu hạn Savivina tuyển nhân viên kế toán kho :01. -nhân viên vấn bán hàng :03. -nhân viên kinh doanh :05. -lao động phổ thông :10. Trình độ lớp 9/12 trở lên.Độ tuổi nam nữ từ :20-52. -ứng viên làm bán thời gian, thời vụ hoặc làm chuyên.-lương thỏa thuận từng vị trí và bộ phận khác nhau. Trung bình từ 6.8tr-12500000 -ưu tiên khu vực Thuận An Bình Chuẩn Thủ Đức, Hóa An và Dĩ An.-làm việc tại Dĩ An Bình Dương.-ngoài lương còn hướng thêm chế độ và chính sách của nhà nước.-ưu tiên ứng viênr đến sớm và hồ sơ đầy đủ . -ngoài ra nếu ứng viên chưa có hồ sơ nhớ đem theo giấy chứng minh gốc vào phỏng vấn nhận việc ngay khi nào làm bổ sung hồ sơ sau.Liên hệ :0907468761gặp trực tiếp nhân sự phỏng vấn trao đổi công việc","DESIRED JOB: Nhân viên lái xe hạng C | SKILLS: Khả năng thông thạo đường xá nhanh chóng Chăm chỉ, nhiệt tình, thực hiện công việc với thái độ nghiêm túc, có trách nhiệm, trung thực, minh bạch Nắm rõ các điều luật giao thông cũng như chú trọng tuân thủ luật giao thông Không uống rượu bia, tuyệt đối không sử dụng chất kích thích Có thể vận hành xe trên tuyến đường dài, không kể các khu vực thành phố hay địa bàn các tỉnh lân cận, vùng sâu vùng xa Có kỹ năng quản lý thời gian, quản lý tổ chức công việc tốt, dễ dàng thiết lập các mối quan hệ Tinh thần làm việc hoạt bát, chủ động giải quyết, xử lý tốt các vấn đề bất cập có thể xảy ra. | EXP: 5-10 năm",,,
2007,"TITLE: CHUYỂN CHUYÊN GIA - ĐẦU CHỦ BĐS MẢNG NHÀ PHỐ | REQ: -Tốt nghiệp THPT trở lên -Nam/nữ (từ 20 – 50 tuổi) -Có đầy đủ phương tiện làm việc: Laptop, điện thoại, xe máy,… -Có kỹ năng làm việc đội nhóm, hỗ trợ, giúp đỡ đông nghiệp -Chịu được áp lực công việc -Ưu tiên người có kinh nghiệm về BĐS, vẫn chấp nhận sinh viên mới ra trường | DESC: -Tìm kiếm, liên hệ thỏa thuận với chủ nhà để phát triển nguồn giỏ hàng BĐS cho Công ty -Giới thiệu cho khách hàng về dịch vụ mội giới của Công ty, chốt hoa hồng với chủ nhà -Làm việc theo giờ hành chính (8h30 - 7h30) -Báo cáo công việc hàng ngày cho Quản lý","DESIRED JOB: Nhân viên lái xe bằng B2 | SKILLS: Có chí tiến thủ đối với công việc Có khả năng đi xa, đi dài ngày, sức khỏe đảm bảo tốt cho tính chất công việc vận tải Chăm chỉ, làm việc nhiệt tình, không quản ngại khó khăn, tinh thần trách nhiệm cao, chấp hành tốt các quy định mà công ty đề ra. Thông thạo luật giao thông, thạo đường xá Tích cực giải quyết các vấn đề liên quan đến công việc Có thể tăng ca ngoài giờ làm Kiểm tra, đánh giá cẩn thận các tuyến vận chuyển đã thực hiện, chủ động rút kinh nghiệm cho các công tác sau | EXP: 5-10 năm",,,
743,"TITLE: Nhân Viên Quản Lý Đơn Hàng | REQ: 1. Tốt nghiệp Đại học/cao đẳng 2. Có kinh nghiệm 2 - 3 năm tại vị trí tương đương (hàng dệt kim)3. Hiểu biết kỹ lưỡng về phát triển sản phẩm và quy trình tìm nguồn cung ứng4. Có kiến thức về sản phẩm dệt may và kỹ thuật, nguyên phụ liệu.5. Khả năng đánh giá nhà cung cấp và dự báo rủi ro trong hợp tác.6. Có trách nhiệm, thành thạo kỹ năng giao tiếp, tạo dựng từng mối quan hệ và kỹ năng làm việc nhóm.7. Có khả năng làm việc với tất cả các cấp và phải có khả năng thích ứng với các phong cách làm việc khác nhau. | DESC: 1. Xây dựng kế hoạch mua theo mùa và kế hoạch chi tiết theo đơn hàng với nhà máy và nội bộ2. Phát triển mẫu mã sản phẩm3. Đảm bảo đồng bộ sản xuất đúng với kế hoạch của nhà máy4. Kiểm tra và giám sát báo giá, đàm phán giá đảm bảo tối ưu hóa giá vốn5. Trình duyệt đơn hàng/hợp đồng/phụ lục theo đúng quy trình6. Phân công và sắp xếp công việc cho các nhân viên trong team phù hợp với kế hoạch.7. Kiểm soát tiến độ hoạt động mua hàng cung ứng theo kế hoạch chung8. Triển khai theo dõi tiến độ sản xuất thực tế, xuất nguyên phụ liệu cho đơn vị gia công9. Giải quyết các vấn đề phát sinh tại nhà cung cấp về tiến độ giao hàng, quyết toán nguyên phụ liệu, hàng hóa và các khiếu nại nếu có10. Báo cáo tiến độ theo tuần, tháng, mùa của từng mã hàng","DESIRED JOB: Nhân viên lái xe bằng E | SKILLS: + Kỹ năng phân tích và làm việc với những số một cách thành thạo + Hiểu biết về hóa đơn và các tác vụ với hóa đơn + Có kiến thức về hồ sơ hải quan và luật thuế hải quan + Có kinh nghiệm và kỹ năng sử dụng một số phần mềm quản lý hàng tồn kho + Có kỹ năng và kinh nghiệm quản lý phân phối + Có kiến thức và tuân thủ những nguyên tắc đảm bảo chất lượng + Cẩn thận, tỉ mỉ, có khả quan sát tốt và chú ý đến từng chi tiết nhỏ + Có kiến thức về tiếp thị, bán hàng và quy trình bán hàng + Thành thạo tin học văn phòng và sử dụng máy tính + Có kiến thức về chuỗi cung ứng và các hoạt động bán lẻ | EXP: Trên 10 năm",,,
2290,"TITLE: Nhân Viên Sale Admin | REQ: - Có từ 1-2 năm kinh nghiệm ở vị trí tương đương. Cẩn thận, chăm chỉ, nhanh nhẹn, trách nhiệm- Tốt nghiệp Đại học, cao đẳng chuyên ngành Kế toán hoặc các ngành liên quan- Tư duy logic, có kỹ năng xử lý số liệu tốt | DESC: - Thực hiện và hỗ trợ công tác kinh doanh: Tiếp nhận và xử lý đơn hàng từ khách hàng và NVKD. Thông tin đến NVKD, Khách hàng các Chương trình tích lũy doanh số, chương trình đặc biệt, theo dõi và thúc đẩy để chương trình thực hiện hiệu quả. Cập nhật thông tin cho NVKD: thông tin sản phẩm mới, báo giá, chính sách bán hàng, chính sách nhân viên liên quan đến NVKD… Quản lý, lưu trữ và cung cấp cho NVKD các vật dụng phục vụ công việc: báo giá, catalogue, tờ rơi, hình ảnh sản phẩm, thông tin sản phẩm…- Thực hiện tiếp nhận và xử lý khiếu nại của khách hàng. Tiếp nhận mọi thông tin phản hồi từ khách hàng/đại lý qua điện thoại, thực hiện việc check các thông tin, đề xuất phương án xử lý, gửi báo cáo cho GĐKD. Là đầu mối tiếp nhận, đối soát và xử lý giấy tờ, chuyển cấp có thẩm quyền giải quyết khi cần thiết hoặc có yêu cầu.- Thực hiện công tác báo cáo kinh doanh theo yêu cầu: Báo cáo đầy đủ, đúng hạn, kịp thời về tình hình công việc cho quản lý trực tiếp và BLĐ: Doanh số, Số...","DESIRED JOB: Nhân viên lái xe bằng B2 | SKILLS: Có chí tiến thủ đối với công việc Có khả năng đi xa, đi dài ngày, sức khỏe đảm bảo tốt cho tính chất công việc vận tải Chăm chỉ, làm việc nhiệt tình, không quản ngại khó khăn, tinh thần trách nhiệm cao, chấp hành tốt các quy định mà công ty đề ra. Thông thạo luật giao thông, thạo đường xá Tích cực giải quyết các vấn đề liên quan đến công việc Có thể tăng ca ngoài giờ làm Kiểm tra, đánh giá cẩn thận các tuyến vận chuyển đã thực hiện, chủ động rút kinh nghiệm cho các công tác sau | EXP: 5-10 năm",,,
4104,"TITLE: Quản Lý Nhà Hàng (Thu Nhập Lên Đến 25 Triệu) | REQ: - Yêu cầu: Tối thiểu >5 năm kinh nghiệm ở vị trí quản lý khác sạn nhà hàng lớn.- Hiểu biết sâu về ẩm thực.- Tiếng Anh giao tiếp tốt.- Thành thạo vi tính văn phòng- Kỹ năng lập kế hoạch- Kỹ năng lãnh đạo- Kỹ năng tổ chức, quản lý và giám sát công việc.- Kỹ năng phân tích, tổng hợp, báo cáo.- Kỹ năng giao tiếp.- Có khả năng chịu được áp lực cao trong công việc. | DESC: - Quản lý và chịu trách nhiệm hoạt động kinh doanh, vận hành của nhà hàng- Xây dựng các quy trình, quy định, hướng dẫn nghiệp vụ áp dụng cho nhà hàng.- Xây dựng các tiêu chuẩn về chất lượng món ăn, thức uống, phục vụ, vệ sinh…cho nhà hàng.- Quản lý nhân sự, tham gia tuyển dụng và đào tạo nhân viên nhà hàng.- Lên được định biên chi phí cost và kiểm soát doanh thu hàng tháng.- Đảm bảo chất lượng sản phẩm và chất lượng dịch vụ tại nhà hàng.- Chịu trách nhiệm giải quyết tình huống và xử lý kịp thời các phản hồi khiếu nại của khách hàng- Quản lý chặt chẽ số lượng tài sản, công cụ dụng cụ cần thiết cho vận hành nhà hàng- Triển khai, kiểm tra việc sử dụng hệ thống nhận diện thương hiệu trong nhà hàng.- Đại diện cho nhà hàng trong việc giải quyết tất cả mối quan hệ với các cơ quan nhà nước, các tổ chức..liên quan đến nhà hàng.- Báo cáo công việc định kỳ và theo yêu cầu cấp trên.- Các công việc khác theo sự phân công của cấp trên.2. Tiêu chuẩn yêu cầu:","DESIRED JOB: Kỹ thuật viên | SKILLS: Vui vẻ, hòa đồng, chăm chỉ, hết mình với công việc | EXP: Chưa có kinh nghiệm",,,
2563,"TITLE: Academic Officer - English Test Prep | REQ: - Bachelor's Degree in English Pedagogy/English Linguistics from renowned universities- At least 2-year teaching experience in Test Preparation courses (e.g. TOEFL/ IELTS/TOEIC/SAT/etc)- Experience in learning course designing/lesson planning for various English courses is an advantage- IELTS 7.5+ with no band under 6.5 or equivalent- Good knowledge in educational technology tools and teaching assistance technological tools- Strong computer skills in Office tools, Gsuite tools, presentation & design platforms- A passion for high quality teaching and learning- A strong sense responsibility and attention to details | DESC: 1. Teaching materials construction- To construct and develop teaching materials (e.g., lesson plans/ presentation slides/ practice activities, etc.) following theassigned curriculum/syllabus- To ensure the quality of such teaching materials following the sets of content guidelines following each type of teachingmaterials- To build and expand extra activity banks for all course levels of each learning products2. Test materials construction- To build and categorize questions for the test bank of each assigned product following the curriculum design and testingrequirements- To make sure that the selected questions match with the assessment criteria3. Course content production- To edit/ organize/ synthesize multimedia resources for course content upload on LMS system- To categorize question lists/ activity lists/ following the curriculum design of each product- To participate in any course content production activities as requested4. Additional tasks- To support and cooperate with other academic teams as requested- To support cross-departmental assignments as requested","DESIRED JOB: Nhân viên Marketing - Thương mại điện tử | SKILLS: Kỹ năng viết lách và sử dụng ngôn từ Pr hiệu quả Kỹ năng phân tích và tổng hợp thông tin Kỹ năng giao tiếp khéo léo và luôn vui vẻ hòa đồng Kỹ năng tạo dựng những mối quan hệ Kỹ năng về ngoại ngữ với khả năng đọc, viết tiếng Anh tốt. Kỹ năng tin học văn phòng | EXP: 5-10 năm",,,
2277,"TITLE: Nhân Viên Sale Admin | REQ: - Có từ 1-2 năm kinh nghiệm ở vị trí tương đương. Cẩn thận, chăm chỉ, nhanh nhẹn, trách nhiệm- Tốt nghiệp Đại học, cao đẳng chuyên ngành Kế toán hoặc các ngành liên quan- Tư duy logic, có kỹ năng xử lý số liệu tốt | DESC: - Thực hiện và hỗ trợ công tác kinh doanh: Tiếp nhận và xử lý đơn hàng từ khách hàng và NVKD. Thông tin đến NVKD, Khách hàng các Chương trình tích lũy doanh số, chương trình đặc biệt, theo dõi và thúc đẩy để chương trình thực hiện hiệu quả. Cập nhật thông tin cho NVKD: thông tin sản phẩm mới, báo giá, chính sách bán hàng, chính sách nhân viên liên quan đến NVKD… Quản lý, lưu trữ và cung cấp cho NVKD các vật dụng phục vụ công việc: báo giá, catalogue, tờ rơi, hình ảnh sản phẩm, thông tin sản phẩm…- Thực hiện tiếp nhận và xử lý khiếu nại của khách hàng. Tiếp nhận mọi thông tin phản hồi từ khách hàng/đại lý qua điện thoại, thực hiện việc check các thông tin, đề xuất phương án xử lý, gửi báo cáo cho GĐKD. Là đầu mối tiếp nhận, đối soát và xử lý giấy tờ, chuyển cấp có thẩm quyền giải quyết khi cần thiết hoặc có yêu cầu.- Thực hiện công tác báo cáo kinh doanh theo yêu cầu: Báo cáo đầy đủ, đúng hạn, kịp thời về tình hình công việc cho quản lý trực tiếp và BLĐ: Doanh số, Số...","DESIRED JOB: Nhân viên lái xe hạng B2 | SKILLS: - Luôn đặt công việc làm ưu tiên hàng đầu trong cuộc sống - Có thể đi công tác xa nhà trong thời gian dài - Có khả năng ghi nhớ đường tốt, thành thạo các cung đường thuộc địa bàn mà công ty yêu cầu - Có am hiểu luật giao thông đường bộ và luôn chấp hành nghiêm chỉnh các quy định khi tham gia giao thông - Có khả năng quan sát kỹ các làn đường, tuyến đường, quan sát từ xa để giảm thiểu những rủi ro không đáng có - Có sức khỏe tốt để thực hiện được tất cả các công việc được giao phó như bốc dỡ hàng hóa khi thiếu người | EXP: 5-10 năm",,,
3813,"TITLE: Nhân Viên Kế Toán Tổng Hợp Tại Mai Dịch, Cầu Giấy 12-15 Triệu (Mảng Nha/Spa) | REQ: - Tốt nghiệp Cao đẳng trở lên chuyên ngành kế toán, tài chính,…- Am hiểu Luật kinh tế, các qui phạm pháp luật liên quan đến kế toán tài chính, chế độ kế toán, các chuẩn mực kế toán, luật thuế GTGT, TNDN, TNCN,..- Sử dụng thành thạo các phần mềm kế toán liên quan (fast, misa,…), tin học văn phòng (đặc biệt là excel).- Kỹ năng tổng hợp, phân tích, đánh giá, kiểm tra.- Kỹ năng giao tiếp và giải quyết vấn đề- Khả năng tổ chức, sắp xếp và triển khai kế hoạch để thực hiện nhiệm vụ được phân công.- Có ít nhất từ 3 năm kinh nghiệm làm kế toán tổng hợp (ưu tiên ứng viên đã có kinh nghiệm trong lĩnh vực , chuỗi dịch vụ phòng khám nha/spa)- Cẩn thận, trung thực, có phẩm chất đạo đức nghề nghiệp, có ý thức chấp hành pháp luật. | DESC: - Báo cáo công việc chuyên môn, và các báo cáo kết quả công việc hàng ngày/tuần/tháng theo yêu cầu của Công ty.- Quản lý, lưu trữ chứng từ, sổ sách kế toán theo quy định.- Kiểm tra, kiểm soát đảm bảo việc hạch toán chính xác, trung thực, kịp thời, đầy đủ toàn bộ các nghiệp vụ phát sinh về tài sản - nguồn vốn của công ty.- Lập báo cáo quản trị theo yêu cầu.- Lập báo cáo tài chính, báo cáo thống kê,.. theo quy định.- Kê khai, báo cáo các loại thuế định kỳ theo quy định.- Thực hiện các công việc khác theo yêu cầu của Kế toán trưởng, Ban Giám đốc.","DESIRED JOB: Nhân viên Lái xe hạng D | SKILLS: + Kỹ năng phân tích và làm việc với những số một cách thành thạo + Hiểu biết về hóa đơn và các tác vụ với hóa đơn + Có kiến thức về hồ sơ hải quan và luật thuế hải quan + Có kinh nghiệm và kỹ năng sử dụng một số phần mềm quản lý hàng tồn kho + Có kỹ năng và kinh nghiệm quản lý phân phối + Có kiến thức và tuân thủ những nguyên tắc đảm bảo chất lượng + Cẩn thận, tỉ mỉ, có khả quan sát tốt và chú ý đến từng chi tiết nhỏ + Có kiến thức về tiếp thị, bán hàng và quy trình bán hàng + Thành thạo tin học văn phòng và sử dụng máy tính + Có kiến thức về chuỗi cung ứng và các hoạt động bán lẻ | EXP: 5-10 năm",,,
379,"TITLE: Nhân Viên Mua Hàng Vật Tư | REQ: Tốt nghiệp từ cao đẳng trở lên, chuyên ngành kinh tế/ kỹ thuậtCó kinh nghiệm từ 1 năm trở lên làm việc mua hàng vật tư cơ điện, xây dựngKỹ năng giao tiếp nhanh nhẹn, kỹ năng đàm phán, thương lượngSử dụng thành thạo tin học văn phòng, | DESC: Tìm kiếm, liên hệ NCC đặt mua vật tư, thiết bị cho công trường quản lý theo kế hoạch Làm hồ sơ thanh toán theo quy trìnhCung cấp báo giá vật tư cho phòng ban liên quanGiải quyết các vấn đề liên quan đến công tác đặt hàngBáo cáo tiến độ mua hàng theo yêu cầuThực hiện các công việc khác theo yêu cầu từ trưởng phòng mua hàng, chi tiết trao đổi qua buổi phỏng vấn","DESIRED JOB: Nhân viên kỹ thuật cơ điện | SKILLS: + Kỹ năng phân tích và xây dựng mô hình thống kê + Kỹ năng phân tích và trực quan hóa dữ liệu + Kỹ năng phân tích quá trình + Lập kế hoạch nhà máy + Xử lý vật liệu + Phương pháp luận: Lean/ Six Sigma, Kaizen, FMEA + Kỹ năng Kế toán: Phân tích chi phí, Lợi tức đầu tư, Kế toán doanh nghiệp | EXP: 5-10 năm",,,
3303,TITLE: Nhân Viên Tiếp Thị Bán Hàng Tại Kiên Giang | REQ: Nam nữ từ 24 đến 48 tuổiCó xe máy và điện thoại thông minhChấp nhận di chuyển xa một ngày 10 đến 40KM | DESC: Được hiểu là một nhân viên phát triển thị trường bán hàng & tiếp thịCó tuyến bán hàng cố định được phân công Tư vấn bán hàng đến các cửa hàng tạp hóa theo tuyến bán hàng của mìnhTheo giờ làm việc toàn thời gian cố định,"DESIRED JOB: Nhân viên lái xe hạng B2 | SKILLS: - Luôn đặt công việc làm ưu tiên hàng đầu trong cuộc sống - Có thể đi công tác xa nhà trong thời gian dài - Có khả năng ghi nhớ đường tốt, thành thạo các cung đường thuộc địa bàn mà công ty yêu cầu - Có am hiểu luật giao thông đường bộ và luôn chấp hành nghiêm chỉnh các quy định khi tham gia giao thông - Có khả năng quan sát kỹ các làn đường, tuyến đường, quan sát từ xa để giảm thiểu những rủi ro không đáng có - Có sức khỏe tốt để thực hiện được tất cả các công việc được giao phó như bốc dỡ hàng hóa khi thiếu người | EXP: 5-10 năm",,,
3874,"TITLE: TUYỂN NHÂN VIÊN CHĂM SÓC KHÁCH HÀNG (TẠI VĂN PHÒNG) | REQ: - Không quá 40 tuổi - Yêu thích công việc tư vấn,giọng nói dễ nghe - Có tinh thần ham học tốt, có mục tiêu phấn đấu để thăng tiến, có máu kiếm tiền - Sử dụng vi tính văn phòng. | DESC: - Tư vấn, giới thiệu các sản phẩm, dịch vụ của theo data có sẵn. - Nhận đơn yêu cầu, hướng dẫn khách hàng hoàn tất thủ tục hồ sơ. - Chăm sóc khách hàng trước và sau khi giải ngân. - Thời gian làm việc: 8h30 - 5h30: Thứ 2 - Thứ 6 & sáng thứ 7 - Sẽ được đào tạo thêm trong quá trình làm việc","DESIRED JOB: Nhân viên lái xe hạng D | SKILLS: - Năng động, hoạt bát trong các hoạt động tập thể - Kỹ năng giao tiếp linh hoạt, có khả năng thuyết trình và trình bày - Có khả năng thích nghi nhanh với môi trường làm việc - Kỹ năng tổ chức và quản lý công việc hiệu quả - Khả năng chịu được áp lực công việc - Có khả năng xây dựng và làm việc theo đội nhóm - Khả năng tìm kiếm giải pháp và lựa chọn các giải pháp tối ưu - Thành thạo tin học văn phòng - Khả năng truyền đạt thông tin hiệu quả | EXP: Trên 10 năm",,,
4076,"TITLE: Quản Lý Nhà Hàng (Thu Nhập Lên Đến 25 Triệu) | REQ: - Yêu cầu: Tối thiểu >5 năm kinh nghiệm ở vị trí quản lý khác sạn nhà hàng lớn.- Hiểu biết sâu về ẩm thực.- Tiếng Anh giao tiếp tốt.- Thành thạo vi tính văn phòng- Kỹ năng lập kế hoạch- Kỹ năng lãnh đạo- Kỹ năng tổ chức, quản lý và giám sát công việc.- Kỹ năng phân tích, tổng hợp, báo cáo.- Kỹ năng giao tiếp.- Có khả năng chịu được áp lực cao trong công việc. | DESC: - Quản lý và chịu trách nhiệm hoạt động kinh doanh, vận hành của nhà hàng- Xây dựng các quy trình, quy định, hướng dẫn nghiệp vụ áp dụng cho nhà hàng.- Xây dựng các tiêu chuẩn về chất lượng món ăn, thức uống, phục vụ, vệ sinh…cho nhà hàng.- Quản lý nhân sự, tham gia tuyển dụng và đào tạo nhân viên nhà hàng.- Lên được định biên chi phí cost và kiểm soát doanh thu hàng tháng.- Đảm bảo chất lượng sản phẩm và chất lượng dịch vụ tại nhà hàng.- Chịu trách nhiệm giải quyết tình huống và xử lý kịp thời các phản hồi khiếu nại của khách hàng- Quản lý chặt chẽ số lượng tài sản, công cụ dụng cụ cần thiết cho vận hành nhà hàng- Triển khai, kiểm tra việc sử dụng hệ thống nhận diện thương hiệu trong nhà hàng.- Đại diện cho nhà hàng trong việc giải quyết tất cả mối quan hệ với các cơ quan nhà nước, các tổ chức..liên quan đến nhà hàng.- Báo cáo công việc định kỳ và theo yêu cầu cấp trên.- Các công việc khác theo sự phân công của cấp trên.2. Tiêu chuẩn yêu cầu:","DESIRED JOB: Chăm sóc khách hàng và kinh doanh | SKILLS: Biết lắng nghe tiếp thu ý kiến của đồng nghiệp và cấp trên Hòa đồng, vui vẻ với đồng nghiệp Chịu được áp lực trong công việc Tinh thần trách nhiệm trong công việc Chăm chỉ, chịu khó tìm hiểu các vấn đề trong công việc và cuộc sống bình thường | EXP: Chưa có kinh nghiệm",,,
296,"TITLE: KẾ TOÁN TỔNG HỢP | REQ: Yêu cầu: •Trình độ cử nhân chuyên ngành kế toán, tài chính; •Nắm vững nghiệp vụ, kiến thức kế toán và thuế; •Tối thiểu 3 năm kinh nghiệm làm kế toán tổng hợp và đã từng quyết toán/ tham giá quyết toán thuế. •Sử dụng thành thạo phần mềm kế toán thông dụng (Misa…) và tin học văn phòng; •Trung thực, cẩn trọng, làm việc tỉ mỉ, bền bỉ với các con số. Các điều kiện ưu tiên khác: •Ưu tiên ứng viên đã làm tại các đơn vị hoạt động trong lĩnh vực xây dựng, nội thất có doanh thu từ 300 tỷ trở lên; •Có khả năng làm việc và thích nghi với môi trường làm việc cường độ cao •Ưu tiên nữ | DESC: : •Thu thập, xử lý thông tin, số liệu kế toán, chứng từ kế toán theo đúng chuẩn mực kế toán và các quy định của cơ quan thuế; •Lập các tờ khai, báo cáo thuế, báo cáo quyết toán, báo cáo tài chính tháng, quý, năm theo quy định; •Lập hồ sơ bảo lãnh thầu/tạm ứng/thanh toán •Lập hồ sơ vay vốn ngắn hạn, trung dài hạn và cung cấp đầy đủ hồ sơ, chứng từ theo yêu cầu của phía ngân hàng; •Theo dõi vốn vay và trả nợ vay. Quản lý hồ sơ vay vốn; •Lập báo cáo quản trị dòng tiền, doanh thu, chi phí; •Cung cấp số liệu và giải trình cho Ban Giám đốc/ Các cơ quan chức năng/ Cơ quan thuế khi có yêu cầu; •Kiểm soát, lưu trữ hồ sơ chứng từ sổ sách; •Thực hiện các công việc khác theo chỉ đạo.","DESIRED JOB: Nhân viên lái xe hạng E | SKILLS: - Nắm rõ luật giao thông và luôn chấp hành nghiêm chỉnh luật giao thông khi tham gia trên đường - Luôn ý thức được hành vi của bản thân khi đang điều khiển phương tiện giao thông trên đường - Tuân thủ đúng quy định mà Nhà nước và doanh nghiệp đề ra đối với nghiệp vụ lái xe như chạy đúng tốc độ, không sử dụng rượu bia hoặc các chất kích thích khác, không lái xe khi không đủ tỉnh táo,... - Có khả năng ghi nhớ đường cực tốt, chỉ cần đi một lần là nhớ - Có tính cần cù, chăm chỉ và siêng năng trong khi làm việc - Luôn đặt công việc là ưu tiên hàng đầu - Có kỹ năng giải quyết các vấn đề phát sinh trong quá trình làm việc hiệu quả | EXP: Trên 10 năm",,,
2459,"TITLE: Chuyên Viên Hành Chính | REQ: - Độ tuổi phù hợp từ 25 - 32 tuổi.- Giới tính: Nam- Tối thiểu 3 năm kinh nghiệm tại vị trí tương tự trong doanh nghiệp.- Đã tốt nghiệp trình độ Đại học, cao đẳng các chuyên ngành về Nhân sự, Nguồn Nhân lực, Con người, và các ngành liên quan khác.- Thành thạo tin học văn phòng.- Có khả năng ngoại ngữ ở mức trung bình. Thành thạo ngoại ngữ là 1 lợi thế.- Là người nhiệt tình, chu đáo, cẩn thận, tỉ mỉ và biết quan sát.- Nhanh nhẹn, chăm chỉ, trung thực. | DESC: - Là đầu mối tiếp nhận và gửi đi công văn, giấy tờ của công ty.- Lưu trữ, sắp xếp thông tin công văn, giấy tờ, hợp đồng, tài liệu liên quan.- Tiếp nhận đơn xin đến muộn, về sớm, đơn xin nghỉ ốm, nghỉ phép, đơn xét tăng lương, … các loại giấy tờ công văn khác của Nhân viên trong công ty.- Theo dõi và quản lý lịch làm việc của Nhân sự trong doanh nghiệp.- Theo dõi chế độ bảo hiểm y tế, bảo hiểm xã hội cho nhân viên công ty. Tiếp nhận các nhu cầu về điều chỉnh phúc lợi, các chế độ đãi ngộ và chính sách thưởng phạt khác để đảm bảo quyền lợi của nhân viên trong công ty.- Tổ chức sinh nhật cho các thành viên của công ty trong tháng.- Giúp nhân viên mới hòa nhập với môi trường doanh nghiệp.- Cung cấp thông tin cho nhân viên mới về quyền lợi, chính sách, quy định, nghĩa vụ.",DESIRED JOB: bán hàng | SKILLS: Tinh thần trách nhiệm trong công việc | EXP: 3-5 năm,,,
378,"TITLE: Nhân Viên Mua Hàng Vật Tư | REQ: Tốt nghiệp từ cao đẳng trở lên, chuyên ngành kinh tế/ kỹ thuậtCó kinh nghiệm từ 1 năm trở lên làm việc mua hàng vật tư cơ điện, xây dựngKỹ năng giao tiếp nhanh nhẹn, kỹ năng đàm phán, thương lượngSử dụng thành thạo tin học văn phòng, | DESC: Tìm kiếm, liên hệ NCC đặt mua vật tư, thiết bị cho công trường quản lý theo kế hoạch Làm hồ sơ thanh toán theo quy trìnhCung cấp báo giá vật tư cho phòng ban liên quanGiải quyết các vấn đề liên quan đến công tác đặt hàngBáo cáo tiến độ mua hàng theo yêu cầuThực hiện các công việc khác theo yêu cầu từ trưởng phòng mua hàng, chi tiết trao đổi qua buổi phỏng vấn","DESIRED JOB: Giao dịch viên ngân hàng | SKILLS: - Trung thực, nhiệt tình, trách nhiệm. - Kỹ năng giao tiếp tốt (điện thoại, email…) - Khả năng thích ứng với công việc nhanh - Kỹ năng lên kế hoạch, tổ chức sắp xếp công việc. - Có khả năng làm việc dưới áp lực cao - Kỹ năng làm việc nhóm cũng như làm việc độc lập. - Khả năng nhận diện vấn đề nhanh - Thành thạo tin học văn phòng - Khả năng truyền đạt thông tin hiệu quả | EXP: Dưới 1 năm",,,
5511,"TITLE: Nhân Viên Dịch Vụ Khách Hàng | REQ: - Xử lý tình huống và nắm bắt thông tin nhanh.- Thành thạo tin học văn phòng.- Kỹ năng giao tiếp, giọng nói rõ ràng, dễ nghe- Tính cách tận tâm, kiên nhẫn, vì khách hàng.- Sẵn sàng đáp ứng công việc khi có yêu cầu | DESC: – Chủ động tư vấn, khơi gợi nhu cầu tìm hiểu thông tin của khách hàng– Chăm sóc & xử lý các vấn đề phát sinh của khách hàng.– Nắm rõ thông tin về các sản phẩm, chương trình khuyến mãi, tri ân khách hàng…của phòng khám– Tham gia vận hành: quản lý đơn hàng, điều phối, theo dõi, giao nhận, thanh toán...– Quản lý, điều phối những đơn hàng đã tạo;– chi tiết hơn trong quá trình phỏng vấn","DESIRED JOB: Nhân viên lái xe hạng B2 | SKILLS: - Có kỹ năng giao tiếp tốt - Khả năng tìm kiếm thông tin nhanh nhẹn, biết cách di chuyển dựa trên gợi ý của GPS - Biết cách lắng nghe và kiên nhẫn, vui tính, chăm sóc khách hàng tốt. - Luôn tuân thủ các quy định mà công ty đặt ra. | EXP: 1-3 năm",,,
5418,"TITLE: Thực Tập Sinh Ticketing (Mảng Vé Máy Bay) | REQ: - Trình độ trung cấp trở lên.- Sử dụng thành thạo tin học văn phòng.- Kỹ năng giao tiếp, xử lý tình huống tốt.- Nhiệt tình, cầu tiến, ham học hỏi.- Ứng viên chưa có kinh nghiệm sẽ được đào tạo.- Ưu tiên các ứng viên chuyên ngành về du lịch, việt nam học,... | DESC: Tiếp nhận các cuộc gọi và tin nhắn của khách hàng qua hệ thống tổng đài, website, fanpage,... để tư vấn, giải đáp các thắc mắc của khách hàng có nhu cầu mua vé máy bay nội địa và quốc tế;Tư vấn đường bay, điểm đến tốt. Làm các thủ tục đặt chỗ, tính báo giá, xuất, hoàn hủy vé … theo mọi yêu cầu của khách hàng;Kiểm tra, nhắc nhở khách hàng về giấy tờ, các thông tin của vé như thay đổi giờ bay, thời hạn xuất vé và ngày khởi hành;Cập nhật các chính sách về giá của các hãng, các đường bay mới để tư vấn, thiết lập hành trình theo yêu cầu của khách;Cập nhật các chương trình khuyến mại, kết hợp với bộ phận khác trong công ty để có sản phẩm mới cung cấp thông tin nhanh nhất cho khách hàng.​","DESIRED JOB: Nhân viên lái xe - Bằng Lái Xe Hạng B2 | SKILLS: - Có khả năng chịu áp lực cao trong công việc - Luôn tuân thủ nguyên tắc làm việc chuyên nghiệp, không sử dụng chất kích thích, chất có cồn trong quá trình lái xe. - Nắm bắt các kỹ thuật lái xe theo tiêu chuẩn - Có khả năng quan sát tốt, khả năng tập trung cao độ khi làm việc và khi cầm tay lái - Xử lý tình huống linh hoạt, giải quyết vấn đề hiệu quả - Tổ chức công việc tốt, biết cách quản lý thời gian | EXP: Trên 10 năm",,,
3502,"TITLE: Trưởng Nhóm Kinh Doanh | REQ: • Tốt nghiệp Cao đẳng/ Đại học. • Có kinh nghiệm quản lý nhóm. • Sử dụng thành thạo máy tính văn phòng. • Có khả năng phân tích, thu thập thông tin, xử lý tình huống, làm báo cáo.. • Có kinh nghiệm ở vị trí tương đương | DESC: • Chịu trách nhiệm thực hiện chỉ tiêu kinh doanh cá nhân và chỉ tiêu kinh doanh nhóm đã được phân bổ theo chiến lược kinh doanh của Công ty.. • Lập và tổ chức thực hiện kế hoạch kinh doanh đảm bảo đạt được chỉ tiêu của Công ty. • Điều hành đội ngũ nhân viên trong nhóm phối hợp với các bộ phận liên quan thực hiện các buổi hội thảo, sự kiện của trung tâm hoặc công ty tổ chức và các buổi học thử cho học sinh.. • Cập nhật doanh số bán hàng trong phần mềm quản lý bán hàng của Công ty. • Lập và nộp báo cáo theo định kỳ quy định của Công ty hoặc khi được yêu cầu","DESIRED JOB: Nhân viên viết bài, lồng tiếng, viết kịch bản | SKILLS: - Có kinh nghiệm trong ngành viết lách như content, viết kịch bản, viết truyện - Có thể lồng tiếng cho nhiều nhân vật - Biết 1 chút về edit video, edit voice | EXP: 1-3 năm",,,
4954,"TITLE: Lập Trình Viên Fullstack (Đi Làm Sau Tết) | REQ: - Nam/Nữ, từ 25 đến 35 tuổi- Tốt nghiệp đại học chính quy, ngành CNTT, Điện tử viễn thông, Toán tin; Ưu tiên sinh viên tốt nghiệp trường Đại học Bách Khoa, Đại học Khoa học tự nhiên, Đại học Công nghệ, Học viện bưu chính viễn thông- Thành thạo các kỹ thuật trong .NET technology: C thăng, ASP.NET WebForms, .NET MVC ADO.NET, Webservice, XML…- Có kinh nghiệm các kỹ thuật lập trình Website: HTML, CSS, JS, Ajax, jQuery…- Hiểu biết tốt về Design pattern ( Singleton, factory … ),OOP, SOAP services, Web API- Sử dụng thành thạo các công cụ quản lý Source Code như Git, SVN…;- Thành thạo RESTful, SOAP.- Đã làm việc trên: Oracle hoặc có kinh nghiệm trên các hệ quản trị cơ sở dữ liệu khác: MSSQL server, MySQL, NonSQL…- Hiểu biết và có kinh nghiệm về xây dựng hệ thống bán hàng trực tuyến, php,java là một lợi thế- Có khả năng tự học tập, tra cứu và đọc hiểu tiếng Anh chuyên ngành- Có khả năng làm việc độc lập hoặc làm việc theo nhóm | DESC: - Tham gia phát triển sản phẩm là các hệ thống về thương mại điện tử, hệ thống Loyalty và sản phẩm khác…- Tham gia phát triển core, backend, frontend các dự án, sản phẩm của công ty.- Lập trình xây dựng sản phẩm cho các hệ thống với đối tác là các doanh nghiệp, các tổ chức hợp tác.- Lập trình, xây dựng API cho các dịch vụ của công ty theo sự phân công của trưởng bộ phận.- Công việc khác:• Phân tích thiết kế hệ thống, phân tích thiết kế CSDL.• Triển khai hệ thống, hỗ trợ dự án.","DESIRED JOB: Nhân viên marketing | SKILLS: - Trung thực, cẩn thận, có óc sáng tạo - Kỹ năng thuyết trình tốt - Khả năng thích ứng với công việc nhanh - Kỹ năng lên kế hoạch, tổ chức sắp xếp công việc. - Có khả năng làm việc dưới áp lực cao - Có khả năng xây dựng và làm việc theo đội nhóm - Khả năng tìm kiếm giải pháp và lựa chọn các giải pháp tối ưu - Sử dụng thành thạo phần mềm Microsoft Word, Excel, Power Point … - Khả năng truyền cảm hứng | EXP: Dưới 1 năm",,,
2734,"TITLE: Chuyên Viên Hoạch Định Tài Chính - Pruventure With PRUDENTIAL Hà Nội | REQ: - Tuổi từ 24 - 39- Tốt nghiệp Cao Đẳng, Đại Học- Từng là nhân viên kinh doanh/ tư vấn viên với ít nhất từ 1 năm kinh nghiệm trong các ngành: Bảo Hiểm, Tài Chính Ngân Hàng, Bất Động Sản, Du Lịch,...- Định hướng phát triển lâu dài đối với lĩnh vực Bảo hiểm nhân thọ- Kỹ năng giao tiếp, tư vấn thuyết phục khách hàng tốt- Ngoại hình ưa nhìn, tác phong chuyên nghiệp, năng động, nhiệt huyết và tinh thần ham học hỏi, cầu tiến trong sự nghiệp | DESC: PRUVenture là một dự án được phát triển bởi tập đoàn đa quốc gia Prudential. Tại đây, chúng tôi đã đào tạo một lực lượng PRUPlanner - Chuyên viên hoạch định tài chính tại Pruventure. Dành cho những ứng viên có tham vọng trở thành chủ doanh nghiệp thành đạt hoặc chuyên viên Hoạch Định Tài chính Cấp Cao trong ngành Bảo Hiểm Nhân Thọ đầy tiềm năng tại Việt Nam, mong muốn phát triển thương hiệu bản thân và làm chủ tài chính của mình.1. Tham gia các hoạt động kinh doanh/đào tạo- Tư vấn và thiết kế giải pháp tài chính/ bảo hiểm- Thiết lập kế hoạch kinh doanh đảm bảo hoàn thành chỉ tiêu hàng tháng, hàng quý dưới sự hỗ trợ từ Quản lý kinh doanh và đồng nghiệp- Tham gia các hoạt động Training, Coaching, Teamwork2. Chăm sóc khách hàng- Đảm bảo chất lượng dịch vụ, xây dựng mối quan hệ bền chặt, tốt đẹp với khách hàng- Xử lý khách hàng khiếu nại và yêu cầu với hướng dẫn của công ty để đảm bảo sự hài lòng của khách hàng","DESIRED JOB: Nhân viên Lái xe hạng FE | SKILLS: + Sử dụng thành thạo các phần mềm quản lý hàng tồn kho + Có kiến thức về quy trình nhập xuất hàng tồn kho và các biên bản giấy tờ + Có kiến thức về hoạt động mua hàng và quy trình mua hàng + Tỉ mỉ, cẩn thận, không bỏ qua những chi tiết nhỏ nhất + Kỹ năng quản lý thời gian hiệu quả + Khả năng làm việc linh hoạt và có thể làm nhiều đầu việc cùng lúc + Kỹ năng phân tích và khai thác dữ liệu + Khả năng hợp tác cùng làm việc và hoạt động nhóm hiệu quả + Kỹ năng tìm kiếm nguyên nhân và giải quyết vấn đề | EXP: 5-10 năm",,,
3959,"TITLE: Nhân Viên Tư Vấn Tuyển Sinh | REQ: – Tư vấn các khoá học qua các hình thức: trực tiếp tại trung tâm, kênh online, điện thoại, …– Cập nhật học phí, thu học phí học viên tại Trung tâm, gửi thông báo và điện thoại nhắc phí, làm thông tin khóa học khi lên khóa và lên cấp độ– Hỗ trợ Testing, kiểm tra trình độ đầu vào– Xếp lịch kiểm tra hằng tuần, theo dõi điểm số chất lượng và thông báo đến Phụ huynh– Hỗ trợ chi nhánh và Schooling– Giải đáp thắc mắc phụ huynh liên quan đến Trung tâm– Và một số công việc khác theo phân công của Trưởng chi nhánh. | DESC: – Trình độ: Cao đẳng trở lên– Kinh nghiệm: ưu tiên ứng viên có kinh nghiệm trong lĩnh vực dịch vụ khách hàng– Có khả năng giao tiếp tiếng Anh– Kỹ năng: giải quyết vấn đề, chăm sóc khách hàng, nhanh nhẹn, nhiệt tình, có tinh thần học hỏi chịu khó","DESIRED JOB: Nhân viên lái xe bằng C | SKILLS: Có khả năng nắm bắt thông tin nhanh chóng, thực hiện theo chỉ qua 1 lần quan sát. Có kỹ năng giao tiếp, đàm phán, trao đổi tốt. Có kỹ năng làm việc khoa học, phân bổ thời gian hợp lý. Có sự kiên trì tốt, chịu được áp lực công việc, luôn giữ được thái độ bình tĩnh dù trong tình huống xấu nhất. | EXP: 1-3 năm",,,
2558,"TITLE: Academic Officer - English Test Prep | REQ: - Bachelor's Degree in English Pedagogy/English Linguistics from renowned universities- At least 2-year teaching experience in Test Preparation courses (e.g. TOEFL/ IELTS/TOEIC/SAT/etc)- Experience in learning course designing/lesson planning for various English courses is an advantage- IELTS 7.5+ with no band under 6.5 or equivalent- Good knowledge in educational technology tools and teaching assistance technological tools- Strong computer skills in Office tools, Gsuite tools, presentation & design platforms- A passion for high quality teaching and learning- A strong sense responsibility and attention to details | DESC: 1. Teaching materials construction- To construct and develop teaching materials (e.g., lesson plans/ presentation slides/ practice activities, etc.) following theassigned curriculum/syllabus- To ensure the quality of such teaching materials following the sets of content guidelines following each type of teachingmaterials- To build and expand extra activity banks for all course levels of each learning products2. Test materials construction- To build and categorize questions for the test bank of each assigned product following the curriculum design and testingrequirements- To make sure that the selected questions match with the assessment criteria3. Course content production- To edit/ organize/ synthesize multimedia resources for course content upload on LMS system- To categorize question lists/ activity lists/ following the curriculum design of each product- To participate in any course content production activities as requested4. Additional tasks- To support and cooperate with other academic teams as requested- To support cross-departmental assignments as requested","DESIRED JOB: Nhân viên lái xe hạng C | SKILLS: - Có thể ghi nhớ tên cùng vị trí đường ngay cả khi mới đi qua 1 lần - Là người có tinh thần trách nhiệm cao, biết ưu tiên các đầu việc quan trọng để hoàn thành kịp tiến độ cấp trên yêu cầu - Là người siêng năng, chịu khó | EXP: 5-10 năm",,,
2331,"TITLE: Senior Human Resource Officer | REQ: • Minimum 4 - 5 years of experience in a similar position, at least 1-2 years in the IT field.• Experienced in recruiting Tech positions.• University degree in Human Resource Management, Business Administration or related field…• Good communication & presentation skills• Good management & organization skills• Dynamic, enthusiastic, eager to learn. | DESC: • Talent Acquisition (40%)- Plan and execute the company's talent acquisition strategy- Manage and implement recruitment and selection processes (resume screening, call screening, interviews, etc.).- Develop and measure the success of recruitment procedure.- Conduct sourcing activities to fill vacant positions- Manage these candidate pools to ensure qualified candidates remain engaged in current or future opportunities.- Build long-term relationships with partner & potential candidates. - In charge of onboarding training • Employee Retention (30%)- Developing and implementing employee training programs aimed at improving employee performance on the job- Participate reviewing employee performance records to determine if employees should be terminated or promoted based on their performance- Recommending changes in employee compensation based on market data to ensure that salaries are competitive with other companies in the industry- Conducting exit interviews to identify reasons why they left the company and ways to prevent turnover in the future.- Reviewing employee complaints so that appropriate action can be taken• General tasks: (30%)- Management and implementation of labor contracts, employee records, ... other related documents.- Manage and conduct administrative tasks: office repair, electricity payment, monthly rent- Organize all engagement activities: employee birthday, teambuilding, YEP,....- Manage the office operation cost monthly• Work closely with other departments to solve problems","DESIRED JOB: Nhân viên văn phòng - Nhân viên kinh doanh | SKILLS: - Chăm chỉ, nhanh nhẹn, nhiệt tình, trách nhiệm - Kỹ năng giao tiếp tốt (điện thoại, email…) - Dễ dàng hòa nhập với môi trường làm việc mới - Biết quan sát, sắp xếp, quản lý tốt - Khả năng tư duy sáng tạo. - Làm việc độc lập và làm việc nhóm - Xử lý tình huống nhanh - Kỹ năng thao tác bàn phím tốt - Kỹ năng lãnh đạo tốt | EXP: Chưa có kinh nghiệm",,,
3806,"TITLE: Nhân Viên Kế Toán Tổng Hợp Tại Mai Dịch, Cầu Giấy 12-15 Triệu (Mảng Nha/Spa) | REQ: - Tốt nghiệp Cao đẳng trở lên chuyên ngành kế toán, tài chính,…- Am hiểu Luật kinh tế, các qui phạm pháp luật liên quan đến kế toán tài chính, chế độ kế toán, các chuẩn mực kế toán, luật thuế GTGT, TNDN, TNCN,..- Sử dụng thành thạo các phần mềm kế toán liên quan (fast, misa,…), tin học văn phòng (đặc biệt là excel).- Kỹ năng tổng hợp, phân tích, đánh giá, kiểm tra.- Kỹ năng giao tiếp và giải quyết vấn đề- Khả năng tổ chức, sắp xếp và triển khai kế hoạch để thực hiện nhiệm vụ được phân công.- Có ít nhất từ 3 năm kinh nghiệm làm kế toán tổng hợp (ưu tiên ứng viên đã có kinh nghiệm trong lĩnh vực , chuỗi dịch vụ phòng khám nha/spa)- Cẩn thận, trung thực, có phẩm chất đạo đức nghề nghiệp, có ý thức chấp hành pháp luật. | DESC: - Báo cáo công việc chuyên môn, và các báo cáo kết quả công việc hàng ngày/tuần/tháng theo yêu cầu của Công ty.- Quản lý, lưu trữ chứng từ, sổ sách kế toán theo quy định.- Kiểm tra, kiểm soát đảm bảo việc hạch toán chính xác, trung thực, kịp thời, đầy đủ toàn bộ các nghiệp vụ phát sinh về tài sản - nguồn vốn của công ty.- Lập báo cáo quản trị theo yêu cầu.- Lập báo cáo tài chính, báo cáo thống kê,.. theo quy định.- Kê khai, báo cáo các loại thuế định kỳ theo quy định.- Thực hiện các công việc khác theo yêu cầu của Kế toán trưởng, Ban Giám đốc.","DESIRED JOB: Nhân viên lái xe hạng C | SKILLS: - Có khả năng nhớ đường tốt chỉ cần đi một lần. - Thông thạo các tuyến đường tỉnh và đường liên tỉnh. - Tuân thủ nghiêm đối với luật giao thông đường bộ. - Có khả năng trong việc giải quyết các vấn đề xảy ra trong quá trình di chuyển. - Có thể thiết lập được các mối quan hệ với đồng nghiệp thật tốt. - Tổ chức kế hoạch công việc hiệu quả. - Sắp xếp, quản lý thời gian biểu phù hợp. | EXP: 3-5 năm",,,
2514,"TITLE: Chuyên Viên Hành Chính | REQ: - Độ tuổi phù hợp từ 25 - 32 tuổi.- Giới tính: Nam- Tối thiểu 3 năm kinh nghiệm tại vị trí tương tự trong doanh nghiệp.- Đã tốt nghiệp trình độ Đại học, cao đẳng các chuyên ngành về Nhân sự, Nguồn Nhân lực, Con người, và các ngành liên quan khác.- Thành thạo tin học văn phòng.- Có khả năng ngoại ngữ ở mức trung bình. Thành thạo ngoại ngữ là 1 lợi thế.- Là người nhiệt tình, chu đáo, cẩn thận, tỉ mỉ và biết quan sát.- Nhanh nhẹn, chăm chỉ, trung thực. | DESC: - Là đầu mối tiếp nhận và gửi đi công văn, giấy tờ của công ty.- Lưu trữ, sắp xếp thông tin công văn, giấy tờ, hợp đồng, tài liệu liên quan.- Tiếp nhận đơn xin đến muộn, về sớm, đơn xin nghỉ ốm, nghỉ phép, đơn xét tăng lương, … các loại giấy tờ công văn khác của Nhân viên trong công ty.- Theo dõi và quản lý lịch làm việc của Nhân sự trong doanh nghiệp.- Theo dõi chế độ bảo hiểm y tế, bảo hiểm xã hội cho nhân viên công ty. Tiếp nhận các nhu cầu về điều chỉnh phúc lợi, các chế độ đãi ngộ và chính sách thưởng phạt khác để đảm bảo quyền lợi của nhân viên trong công ty.- Tổ chức sinh nhật cho các thành viên của công ty trong tháng.- Giúp nhân viên mới hòa nhập với môi trường doanh nghiệp.- Cung cấp thông tin cho nhân viên mới về quyền lợi, chính sách, quy định, nghĩa vụ.","DESIRED JOB: part time | SKILLS: Có ngoại hình, vui vẻ, siêng năng, có trách nhiệm với công việcBiết lắng nghe tiếp thu ý kiến của đồng nghiệp và cấp trênChăm chỉ, chịu khó tìm hiểu các vấn đề trong công việc và cuộc sốngTinh thần trách nhiệm trong công việcChịu được áp lực trong công việcHòa đồng, vui vẻ với đồng nghiệp | EXP: Chưa có kinh nghiệm",,,
1197,"TITLE: Nhân viên kinh doanh | REQ: - Hiểu rõ khách hàng - Khả năng trông rộng - Khả năng giao tiếp- Giải quyết khó khăn- Thúc đẩy kinh doanh quản lý đất đai, có kiến thức về luật, độc lập, chuyên nghiệp, đạt đựơc doanh số, kỹ năng đàm phán thương lượng. | DESC: Là cầu nối giữa người mua và ngườI bán trong lĩnh vực đất đai Nhiệm vụ: + Phát triển danh sách đất đai bằng những xây dựng các mối quan hệ và nhắm tới những người bán tiềm năng, gặp gỡ các người bán tiềm năng trong các hoạt động địa phương. + Lập danh sách đất đai qua việc kiềm tra đất, đề nghị những việc nâng cấp có thể làm tăng khả năng bán ra; hợp tác với các nhà thẩm định để đưa ra giá bán, hoàn tất hợp đồng. + Phát triển người mua đất qua việc gặp gỡ những người muốn mua đất, chào hỏi xã giao, quảng cáo; giải đáp các yêu cầu thắc mắc. + Nắm được yêu cầu của người mua để ấn định giá; gắn kết những yêu cầu với danh sách người bán; dẫn khách đi xem đất; trình bày những lợi nhuận; xem xét lại những yêu cầu; đề nghị những thay đổi; soạn hợp đồng. + Cập nhật kiến thức công việc qua việc nắm bắt các danh sách; đi khảo sát đất đai, tham dự các khoá học; xem sách báo chuyên ngành; củng cố các mối quan hệ cá nhân. + Hoàn thành các công việc yêu cầu là hoàn thành nhiêm vụ môi giới.","DESIRED JOB: Nhân viên lái xe bằng B2 | SKILLS: Có chí tiến thủ đối với công việc Có khả năng đi xa, đi dài ngày, sức khỏe đảm bảo tốt cho tính chất công việc vận tải Chăm chỉ, làm việc nhiệt tình, không quản ngại khó khăn, tinh thần trách nhiệm cao, chấp hành tốt các quy định mà công ty đề ra. Thông thạo luật giao thông, thạo đường xá Tích cực giải quyết các vấn đề liên quan đến công việc Có thể tăng ca ngoài giờ làm Kiểm tra, đánh giá cẩn thận các tuyến vận chuyển đã thực hiện, chủ động rút kinh nghiệm cho các công tác sau | EXP: 5-10 năm",,,
1393,"TITLE: [QUẬN 9] - TUYỂN NV BÁN HÀNG CA HÀNH CHÍNH | REQ: Nam/nỮ từ 19 - 27 tuổi, Thân thiện, trung thực, nhiệt tình, giao tiếp tốt; Có kỹ năng excel cơ bản; KHÔNG YÊU CẦU KINH NGHIỆM, BẰNG CẤP | DESC: - LÀM VIỆC TẠI: SỐ 215 Lê Văn Viêt, Hiệp Phú, quận 9, TP Hồ Chí Minh - THỜI GIAN: 8:20 - 18:00, nghỉ trưa 1.5 tiếng, tháng có 3 ngày nghỉ Lịch sự, vui vẻ chào đón khách hàng vào thanh toán hóa đơn mua hàng; Lập và xuất hóa đơn bán hàng trên phần mềm kế toán; Nắm bắt và cập nhật nhanh các sản phẩm có trong cửa hàng; Thu tiền bán hàng, dịch vụ; Thực hiện các báo cáo liên quan đến công việc kế toán bán hàng; Bàn giao tiền và tài sản cho nhân viên thu ngân sau ca làm việc của mình; Hỗ các công việc khác theo yêu cầu cửa hàng trưởng.","DESIRED JOB: Nhân viên lái xe - Bằng Lái Xe Hạng D Fc | SKILLS: - Có thể ghi nhớ tên cùng vị trí đường ngay cả khi mới đi qua 1 lần - Là người có tinh thần trách nhiệm cao, biết ưu tiên các đầu việc quan trọng để hoàn thành kịp tiến độ cấp trên yêu cầu - Là người siêng năng, chịu khó | EXP: Trên 10 năm",,,
1697,"TITLE: Trade Marketing (Nam, 12 - 18 Triệu) | REQ: - Tốt nghiệp tối thiểu Cao đẳng chuyên nghành Marketing; - Quản trị Kinh doanh hoăc các chuyên nghành liên quan. - Từ 1-3 năm kinh nghiệm tại vị trí ứng tuyển. - Ưu tiên ứng viên có kinh nghiệm làm việc tại các chuỗi kinh doanh bán lẻ; tài chính;.... - Kỹ năng giao tiếp, xử lý tình huống và tương tác tốt. - Trung thực, tận tâm, biết lắng nghe, sẻ chia cùng khách hàng và đồng nghiệp. | DESC: - Lập kế hoạch Trade marketing theo năm/quý/tháng và cho từng chiến dịch: kế hoạch khuyến mãi, hỗ trợ điểm bán,…- Khảo sát khách hàng, đối thủ cạnh tranh thuộc phạm vị phụ trách. - Triển khai các hoạt động khuyến mãi & Chủ động theo dõi tình hình kinh doanh tại các phòng giao dịch (PGD) thuôc phạm vi phụ trách; báo cáo nhanh các trường hợp: đối thủ cạnh tranh có chương trình mới, doanh số PGD tăng / giảm bất thường,... - Phân tích đánh giá hiệu quả bán hàng, hiệu quả truyền thông của các chương trình truyền thông/khuyến mãi trong năm- Quản lý các công cụ để thực hiện triển khai theo kế hoạch- Đưa ra các đề xuất cho các chương trình xây dựng thương hiệu, marketing và hệ thống bán hàng- Quản lý và kiểm soát việc vận hành các hoạt động quảng cáo, truyền thông, in ấn, thiết kế theo đúng nhận diện thương hiệu, đảm bảo tính thống nhất thương hiệu đã được thông qua- Đề xuất, lập kế hoạch, quản lý và triển khai báo cáo, đánh giá hiệu quả sử dụng các vật dụng chăm sóc khách hàng, POSM định kỳ: poster, standee, banner,…- Phối hợp và tổ chức nghiên cứu thị trường, đối thủ cạnh tranh: chính sách giá, chương trình bán hàng,… tại các kênh, các hoạt động xúc tiến bán hàng,… phục vụ cho việc xây dựng kế hoạch, chiến lược Trade marketing- Phối hợp với các PGD thuộc hệ thống Công ty và Team Marketing triển khai Roadshow/Event","DESIRED JOB: Nhân viên lái xe ca đêm hạng C | SKILLS: - Tôi tự tin rằng mình có khả năng ghi nhớ tốt đối với những quãng đường từng đi qua, bên cạnh đó nếu có yêu cầu thì cũng sẽ tìm hiểu để đáp ứng nhiệm vụ được phân công trên những tuyến đường mới - Có khả năng quan sát, điều khiển phương tiện giao thông an toàn khi làm nhiệm vụ | EXP: 1-3 năm",,,
510,"TITLE: Chuyên viên thiết kế | REQ: YÊU CẦU CÔNG VIỆC - Thành thạo Adobe Illustrator, Photoshop, CorelDRAW (biết dựng 3D là lợi thế) - Có trên 1 năm kinh nghiệm Giờ làm việc: Sáng từ 7h30-11h30, chiều từ 13h-17h30 | DESC: MÔ TẢ CÔNG VIỆC: - Nghiên cứu sản phẩm, hàng hóa, thương hiệu, lắng nghe yêu cầu khách hàng để tìm ra ý tưởng thiết kế. - Chuẩn bị nhiều phương án thiết kế khác nhau và gửi phác thảo, đề xuất. - Tư vấn, thuyết phục về phương án thiết kế. - Sáng tạo ra những quảng cáo bắt mắt bằng hình ảnh và thông điệp ngắn gọn. - Đảm bảo thiết kế dựa trên nhu cầu và khả năng thực tế, xây dựng bố cục phù hợp với yêu cầu về kích thước, chất liệu, vị trí của quảng cáo. - Điều chỉnh theo yêu cầu của khách hàng hoặc các bên liên quan.","DESIRED JOB: Phục vụ, Phiên dịch | SKILLS: Ngoại ngữ, làm việc nhóm, thái độ làm việcBiết lắng nghe tiếp thu ý kiến của đồng nghiệp và cấp trênChăm chỉ, chịu khó tìm hiểu các vấn đề trong công việc và cuộc sốngTinh thần trách nhiệm trong công việcChịu được áp lực trong công việcHòa đồng, vui vẻ với đồng nghiệp | EXP: Dưới 1 năm",,,
4102,"TITLE: Quản Lý Nhà Hàng (Thu Nhập Lên Đến 25 Triệu) | REQ: - Yêu cầu: Tối thiểu >5 năm kinh nghiệm ở vị trí quản lý khác sạn nhà hàng lớn.- Hiểu biết sâu về ẩm thực.- Tiếng Anh giao tiếp tốt.- Thành thạo vi tính văn phòng- Kỹ năng lập kế hoạch- Kỹ năng lãnh đạo- Kỹ năng tổ chức, quản lý và giám sát công việc.- Kỹ năng phân tích, tổng hợp, báo cáo.- Kỹ năng giao tiếp.- Có khả năng chịu được áp lực cao trong công việc. | DESC: - Quản lý và chịu trách nhiệm hoạt động kinh doanh, vận hành của nhà hàng- Xây dựng các quy trình, quy định, hướng dẫn nghiệp vụ áp dụng cho nhà hàng.- Xây dựng các tiêu chuẩn về chất lượng món ăn, thức uống, phục vụ, vệ sinh…cho nhà hàng.- Quản lý nhân sự, tham gia tuyển dụng và đào tạo nhân viên nhà hàng.- Lên được định biên chi phí cost và kiểm soát doanh thu hàng tháng.- Đảm bảo chất lượng sản phẩm và chất lượng dịch vụ tại nhà hàng.- Chịu trách nhiệm giải quyết tình huống và xử lý kịp thời các phản hồi khiếu nại của khách hàng- Quản lý chặt chẽ số lượng tài sản, công cụ dụng cụ cần thiết cho vận hành nhà hàng- Triển khai, kiểm tra việc sử dụng hệ thống nhận diện thương hiệu trong nhà hàng.- Đại diện cho nhà hàng trong việc giải quyết tất cả mối quan hệ với các cơ quan nhà nước, các tổ chức..liên quan đến nhà hàng.- Báo cáo công việc định kỳ và theo yêu cầu cấp trên.- Các công việc khác theo sự phân công của cấp trên.2. Tiêu chuẩn yêu cầu:","DESIRED JOB: Nhân viên lái xe - Bằng Lái Xe Hạng B2 | SKILLS: - Có khả năng chịu áp lực cao trong công việc - Luôn tuân thủ nguyên tắc làm việc chuyên nghiệp, không sử dụng chất kích thích, chất có cồn trong quá trình lái xe. - Nắm bắt các kỹ thuật lái xe theo tiêu chuẩn - Có khả năng quan sát tốt, khả năng tập trung cao độ khi làm việc và khi cầm tay lái - Xử lý tình huống linh hoạt, giải quyết vấn đề hiệu quả - Tổ chức công việc tốt, biết cách quản lý thời gian | EXP: 3-5 năm",,,
2977,"TITLE: Nhân viên giao nhận chăm sóc khach hàng | REQ: - Trình độ: cấp 2 trở lên - Không cần kinh nghiệm, ưu tiên sinh viên mới tốt nghiệp, công ty sẽ đào tạo miễn phí - Sử dụng Vi tính văn phòng là lợi thế - Có xe, điện thoại - Sức khỏe tốt, chăm chỉ, không ngại khó - Nam Tuổi dưới 30 tuổi | DESC: - Chăm sóc khách hàng, tư vấn phát triển thị trường ( nếu có), quản lý đơn hàng thuộc khu vực phụ trách - Giao nhận mẫu và hàng hóa: giao nhận mẫn hoặc hàng hóa thuộc khu vực TPHCM - Các công việc khác liên quan đến chuyên môn nghiệp vụ","DESIRED JOB: Nhân viên lái xe bằng B2 | SKILLS: - Hiểu rõ luật giao thông nên đảm bảo hành trình di chuyển luôn tuân thủ đúng quy định. - Có tính cẩn thận, đảm bảo quá trình lái xe diễn ra an toàn. - Có sức khỏe tốt - Kỹ năng vận chuyển, bốc xếp hàng hóa | EXP: Trên 10 năm",,,
253,"TITLE: Nhân Viên Kinh Doanh (Lương Trung Bình Lên Đến 10 Triệu) Thành Phố Thủ Đức | REQ: 1. Có kinh nghiệm tư vấn chốt đơn online qua: shopee, lazada,...2. Có đam mê với việc bán hàng.3. Cầu tiến, có chí tiến thủ.4. Chăm chỉ, biết lắng nghe.5. Có khả năng làm việc nhóm6. Biết lái xe ô tô là một lợi thế | DESC: Công việc liên quan đến điện lạnh: Bán băng quấn Hàn Quốc, Máy lạnh di động 1.Tư vấn sản phẩm2. Lên đơn. Hướng dẫn khách hàng thanh toán.3.Chăm sóc lại Remarketing4. Báo cáo xuất kho hàng bán.5. Theo sát, kiểm tra đường đi của đơn hàng sau khi khách hàng mua sản phẩm, Cho đến khi khách hàng nhận và thanh toán.6. Trực và nhận điện thoại làm việc với Đơn vị vận chuyển xử lý vụ việc COD (nếu có).7. Xử lý tình huống từ chối của khách hàng sau khi mua hàng.8. Các công việc khác của một nhân viên bán hàng.","DESIRED JOB: Nhân viên lái xe hạng C | SKILLS: Khả năng chịu áp lực cao trong công việc, có thể thực hiện các công tác chuyên chở hàng hóa hàng giờ đồng hồ với quãng đường xa hoặc di chuyển xuyên đêm. Khả năng sắp xếp hàng hóa, tính toán số lượng hàng hóa Có chứng chỉ hành nghề lái xe hạng C Đảm bảo công tác lái xe an toàn Có đầy đủ Giấy phép lái xe, giấy đăng ký xe, giấy bảo hiểm và giấy chứng nhận kiểm định của xe, giấy phép lưu hành cho phương tiện. Đạt bằng loại giỏi trường Đại học Giao Thông Vận Tải ngành Kỹ Thuật vận tải | EXP: 5-10 năm",,,
1231,"TITLE: Nhân viên kinh doanh | REQ: - Hiểu rõ khách hàng - Khả năng trông rộng - Khả năng giao tiếp- Giải quyết khó khăn- Thúc đẩy kinh doanh quản lý đất đai, có kiến thức về luật, độc lập, chuyên nghiệp, đạt đựơc doanh số, kỹ năng đàm phán thương lượng. | DESC: Là cầu nối giữa người mua và ngườI bán trong lĩnh vực đất đai Nhiệm vụ: + Phát triển danh sách đất đai bằng những xây dựng các mối quan hệ và nhắm tới những người bán tiềm năng, gặp gỡ các người bán tiềm năng trong các hoạt động địa phương. + Lập danh sách đất đai qua việc kiềm tra đất, đề nghị những việc nâng cấp có thể làm tăng khả năng bán ra; hợp tác với các nhà thẩm định để đưa ra giá bán, hoàn tất hợp đồng. + Phát triển người mua đất qua việc gặp gỡ những người muốn mua đất, chào hỏi xã giao, quảng cáo; giải đáp các yêu cầu thắc mắc. + Nắm được yêu cầu của người mua để ấn định giá; gắn kết những yêu cầu với danh sách người bán; dẫn khách đi xem đất; trình bày những lợi nhuận; xem xét lại những yêu cầu; đề nghị những thay đổi; soạn hợp đồng. + Cập nhật kiến thức công việc qua việc nắm bắt các danh sách; đi khảo sát đất đai, tham dự các khoá học; xem sách báo chuyên ngành; củng cố các mối quan hệ cá nhân. + Hoàn thành các công việc yêu cầu là hoàn thành nhiêm vụ môi giới.","DESIRED JOB: Nhân viên hành chính_ Chăm sóc khách hàng | SKILLS: - Trung thực, nhiệt tình, trách nhiệm. - Kỹ năng giao tiếp linh hoạt, có khả năng thuyết trình và trình bày - Dễ dàng làm quen với môi trường mới - Biết quan sát, sắp xếp, quản lý tốt - Chịu được áp lực cao trong công việc - Kỹ năng làm việc nhóm hiệu quả - Khả năng nhận diện vấn đề nhanh - Kỹ năng tin học văn phòng thành thạo - Có tầm nhìn và sự quyết đoán | EXP: Dưới 1 năm",,,
2570,"TITLE: Academic Officer - English Test Prep | REQ: - Bachelor's Degree in English Pedagogy/English Linguistics from renowned universities- At least 2-year teaching experience in Test Preparation courses (e.g. TOEFL/ IELTS/TOEIC/SAT/etc)- Experience in learning course designing/lesson planning for various English courses is an advantage- IELTS 7.5+ with no band under 6.5 or equivalent- Good knowledge in educational technology tools and teaching assistance technological tools- Strong computer skills in Office tools, Gsuite tools, presentation & design platforms- A passion for high quality teaching and learning- A strong sense responsibility and attention to details | DESC: 1. Teaching materials construction- To construct and develop teaching materials (e.g., lesson plans/ presentation slides/ practice activities, etc.) following theassigned curriculum/syllabus- To ensure the quality of such teaching materials following the sets of content guidelines following each type of teachingmaterials- To build and expand extra activity banks for all course levels of each learning products2. Test materials construction- To build and categorize questions for the test bank of each assigned product following the curriculum design and testingrequirements- To make sure that the selected questions match with the assessment criteria3. Course content production- To edit/ organize/ synthesize multimedia resources for course content upload on LMS system- To categorize question lists/ activity lists/ following the curriculum design of each product- To participate in any course content production activities as requested4. Additional tasks- To support and cooperate with other academic teams as requested- To support cross-departmental assignments as requested","DESIRED JOB: Kỹ sư trắc địa | SKILLS: - Sự hiểu biết và tính ham học hỏi - Kỹ năng thuyết trình tốt - Khả năng thích ứng với công việc nhanh - Có khả năng quản lý, sắp xếp khối lượng công việc lớn - Có khả năng làm việc dưới áp lực cao - Có khả năng xây dựng và làm việc theo đội nhóm - Khả năng nhận diện vấn đề nhanh - Kỹ năng thao tác bàn phím tốt - Khả năng giải quyết vấn đề linh hoạt | EXP: Trên 10 năm",,,
1807,"TITLE: Nhân viên kinh doanh | REQ: -Nhiệt tình, năng động, độc lập, nhạy bén.-Thúc đẩy kinh doanh, kỹ năng giao tiếp. -Yêu thích công việc kinh doanh-Có kiến thức về sản phẩm đèn led là 1 lợi thế-Yêu cầu Nam/ Nữ từ 23-35t | DESC: -Chăm sóc khách hàng theo data có sẵn-Khai thác và tìm kiếm khách hàng mới-Lập kế hoạch phát triển thị trường theo định hướng thương hiệu và doanh số công ty đề ra cho tất cả các sản phẩm công ty đang kinh doanh -Phối hợp với phòng Marketing thực hiện các chương trình khuyến mại, chương trình bán hàng mới-Mở rộng mối quan hệ với khách hàng, hỗ trợ bộ phân chăm sóc khách hàng-Lập kế hoạch, tư vấn cho khách hàng về các sản phẩm của Công ty -Lập báo cáo theo yêu cầu","DESIRED JOB: Nhân viên pháp chế | SKILLS: Biết lắng nghe tiếp thu ý kiến của đồng nghiệp và cấp trênChăm chỉ, chịu khó tìm hiểu các vấn đề trong công việc và cuộc sốngTinh thần trách nhiệm trong công việcChịu được áp lực trong công việcHòa đồng, vui vẻ với đồng nghiệp | EXP: Dưới 1 năm",,,
1246,"TITLE: Nhân viên kinh doanh | REQ: - Hiểu rõ khách hàng - Khả năng trông rộng - Khả năng giao tiếp- Giải quyết khó khăn- Thúc đẩy kinh doanh quản lý đất đai, có kiến thức về luật, độc lập, chuyên nghiệp, đạt đựơc doanh số, kỹ năng đàm phán thương lượng. | DESC: Là cầu nối giữa người mua và ngườI bán trong lĩnh vực đất đai Nhiệm vụ: + Phát triển danh sách đất đai bằng những xây dựng các mối quan hệ và nhắm tới những người bán tiềm năng, gặp gỡ các người bán tiềm năng trong các hoạt động địa phương. + Lập danh sách đất đai qua việc kiềm tra đất, đề nghị những việc nâng cấp có thể làm tăng khả năng bán ra; hợp tác với các nhà thẩm định để đưa ra giá bán, hoàn tất hợp đồng. + Phát triển người mua đất qua việc gặp gỡ những người muốn mua đất, chào hỏi xã giao, quảng cáo; giải đáp các yêu cầu thắc mắc. + Nắm được yêu cầu của người mua để ấn định giá; gắn kết những yêu cầu với danh sách người bán; dẫn khách đi xem đất; trình bày những lợi nhuận; xem xét lại những yêu cầu; đề nghị những thay đổi; soạn hợp đồng. + Cập nhật kiến thức công việc qua việc nắm bắt các danh sách; đi khảo sát đất đai, tham dự các khoá học; xem sách báo chuyên ngành; củng cố các mối quan hệ cá nhân. + Hoàn thành các công việc yêu cầu là hoàn thành nhiêm vụ môi giới.","DESIRED JOB: Phục vụ, Phiên dịch | SKILLS: Ngoại ngữ, làm việc nhóm, thái độ làm việcBiết lắng nghe tiếp thu ý kiến của đồng nghiệp và cấp trênChăm chỉ, chịu khó tìm hiểu các vấn đề trong công việc và cuộc sốngTinh thần trách nhiệm trong công việcChịu được áp lực trong công việcHòa đồng, vui vẻ với đồng nghiệp | EXP: Dưới 1 năm",,,
2295,"TITLE: Nhân Viên Sale Admin | REQ: - Có từ 1-2 năm kinh nghiệm ở vị trí tương đương. Cẩn thận, chăm chỉ, nhanh nhẹn, trách nhiệm- Tốt nghiệp Đại học, cao đẳng chuyên ngành Kế toán hoặc các ngành liên quan- Tư duy logic, có kỹ năng xử lý số liệu tốt | DESC: - Thực hiện và hỗ trợ công tác kinh doanh: Tiếp nhận và xử lý đơn hàng từ khách hàng và NVKD. Thông tin đến NVKD, Khách hàng các Chương trình tích lũy doanh số, chương trình đặc biệt, theo dõi và thúc đẩy để chương trình thực hiện hiệu quả. Cập nhật thông tin cho NVKD: thông tin sản phẩm mới, báo giá, chính sách bán hàng, chính sách nhân viên liên quan đến NVKD… Quản lý, lưu trữ và cung cấp cho NVKD các vật dụng phục vụ công việc: báo giá, catalogue, tờ rơi, hình ảnh sản phẩm, thông tin sản phẩm…- Thực hiện tiếp nhận và xử lý khiếu nại của khách hàng. Tiếp nhận mọi thông tin phản hồi từ khách hàng/đại lý qua điện thoại, thực hiện việc check các thông tin, đề xuất phương án xử lý, gửi báo cáo cho GĐKD. Là đầu mối tiếp nhận, đối soát và xử lý giấy tờ, chuyển cấp có thẩm quyền giải quyết khi cần thiết hoặc có yêu cầu.- Thực hiện công tác báo cáo kinh doanh theo yêu cầu: Báo cáo đầy đủ, đúng hạn, kịp thời về tình hình công việc cho quản lý trực tiếp và BLĐ: Doanh số, Số...","DESIRED JOB: Nhân viên kỹ thuật cơ điện | SKILLS: + Kỹ năng phân tích và xây dựng mô hình thống kê + Kỹ năng phân tích và trực quan hóa dữ liệu + Kỹ năng phân tích quá trình + Lập kế hoạch nhà máy + Xử lý vật liệu + Phương pháp luận: Lean/ Six Sigma, Kaizen, FMEA + Kỹ năng Kế toán: Phân tích chi phí, Lợi tức đầu tư, Kế toán doanh nghiệp | EXP: 5-10 năm",,,
4509,"TITLE: Chuyên Gia Phát Triển Kinh Doanh - Khu Vực Hà Nội | REQ: - Trình độ: Tốt nghiệp ĐH chuyên ngành Kinh doanh, ĐTVT, CNTT- Chuyên ngành: Khối ngành kinh tế, ĐTVT, CNTT- Giới tính: Nam- Độ tuổi: >30- Kinh nghiệm và năng lực: Có kinh nghiệm kinh doanh dự án, KH doanh nghiệp.- Tính cách: Nhiệt tình, cẩn thận, tỉ mỉ. Kỹ năng:- Có tính cách cởi mở, thân thiện.- Kỹ năng ứng biến và xử lý tình huống tốt.- Kỹ năng word/exel- Khả năng làm việc độc lập- Khả năng giải quyết vấn đề- Khả năng đàm phán, giao tiếp tốt. | DESC: -. Nghiên cứu, phân tích, nắm bắt nhu cầu của khách hàng về các giải pháp giáo dục để tìm kiếm vànhận diện các cơ hội kinh doanh.- Tìm kiếm, xây dựng và phát triển mạng lưới khách hàng tiềm năng để tạo mối quan hệ hợp tác, giớithiệu các sản phẩm, giải pháp giáo dục của Công ty.- Tham mưu, tư vấn cho Ban lãnh đạo các chiến lược kinh doanh, thị trường, giải pháp, kênh phânphối. Ngoài ra, còn hỗ trợ về công tác tiêu thụ, đưa các sản phẩm của BU giáo dục tới các khách hàngtrong và ngoài nước.- Xây dựng và lên ý tưởng triển khai các sáng kiến kinh doanh, đánh giá và đo lường hiệu quả để làmcơ sở cho việc nhân rộng hoạt động của các mô hình kinh doanh.","DESIRED JOB: Công nhân khu công nghiệp - Lao động sản xuất | SKILLS: - Thân thiện và linh động trong mọi tình huống - Kỹ năng giao tiếp tốt (điện thoại, email…) - Dễ dàng hòa nhập với môi trường làm việc mới - Kỹ năng tổ chức và quản lý công việc hiệu quả - Có thể chịu được công việc có nhiều áp lực - Kỹ năng tự chủ, nghiên cứu học hỏi tốt. - Khả năng giải quyết vấn đề linh hoạt - Kỹ năng soạn thảo văn bản, hợp đồng,… - Có thể quản lý đội nhóm có nhiều thành viên | EXP: 1-3 năm",,,
1057,"TITLE: Video Editor (12 -15 Triệu) | REQ: - Có từ 1 năm kinh nghiệm ở vị trí tương đương- Có kinh nghiệm làm Video Motion Graphic- Thành thạo các phần mềm edit video như After Effect, Premiere,…- Sử dụng cơ bản các phần mềm thiết kế đồ họa như Photoshop, Illustrator,…- Yêu thích việc tìm tòi thấu hiểu hành vi, nhu cầu của người dùng là một lợi thế lớn- Có khiếu thẩm mỹ khá, khả năng cảm thụ âm thanh và hình ảnh tốt, tư duy thiết kế và khả năng sáng tạo- Có đam mê, yêu thích học hỏi kiến thức mới, tìm tòi các cách làm mới để phát triển bản thân và công việc | DESC: - Sản xuất Video quảng cáo theo kịch bản cho sản phẩm Mobile Apps- Phối hợp với team Marketing để theo dõi và tối ưu hiệu quả Video quảng cáo - Tham gia lên ý tưởng, xây dựng kế hoạch sản xuất Video theo chiến lược Marketing tổng thể- Tham gia đào tạo, chia sẻ chuyên môn để phát triển kỹ năng sản xuất Video của team","DESIRED JOB: Nhân viên lái xe hạng C | SKILLS: Khả năng chịu áp lực cao trong công việc, có thể thực hiện các công tác chuyên chở hàng hóa hàng giờ đồng hồ với quãng đường xa hoặc di chuyển xuyên đêm. Khả năng sắp xếp hàng hóa, tính toán số lượng hàng hóa Có chứng chỉ hành nghề lái xe hạng C Đảm bảo công tác lái xe an toàn Có đầy đủ Giấy phép lái xe, giấy đăng ký xe, giấy bảo hiểm và giấy chứng nhận kiểm định của xe, giấy phép lưu hành cho phương tiện. Đạt bằng loại giỏi trường Đại học Giao Thông Vận Tải ngành Kỹ Thuật vận tải | EXP: 5-10 năm",,,
4527,"TITLE: Chuyên Gia Phát Triển Kinh Doanh - Khu Vực Hà Nội | REQ: - Trình độ: Tốt nghiệp ĐH chuyên ngành Kinh doanh, ĐTVT, CNTT- Chuyên ngành: Khối ngành kinh tế, ĐTVT, CNTT- Giới tính: Nam- Độ tuổi: >30- Kinh nghiệm và năng lực: Có kinh nghiệm kinh doanh dự án, KH doanh nghiệp.- Tính cách: Nhiệt tình, cẩn thận, tỉ mỉ. Kỹ năng:- Có tính cách cởi mở, thân thiện.- Kỹ năng ứng biến và xử lý tình huống tốt.- Kỹ năng word/exel- Khả năng làm việc độc lập- Khả năng giải quyết vấn đề- Khả năng đàm phán, giao tiếp tốt. | DESC: -. Nghiên cứu, phân tích, nắm bắt nhu cầu của khách hàng về các giải pháp giáo dục để tìm kiếm vànhận diện các cơ hội kinh doanh.- Tìm kiếm, xây dựng và phát triển mạng lưới khách hàng tiềm năng để tạo mối quan hệ hợp tác, giớithiệu các sản phẩm, giải pháp giáo dục của Công ty.- Tham mưu, tư vấn cho Ban lãnh đạo các chiến lược kinh doanh, thị trường, giải pháp, kênh phânphối. Ngoài ra, còn hỗ trợ về công tác tiêu thụ, đưa các sản phẩm của BU giáo dục tới các khách hàngtrong và ngoài nước.- Xây dựng và lên ý tưởng triển khai các sáng kiến kinh doanh, đánh giá và đo lường hiệu quả để làmcơ sở cho việc nhân rộng hoạt động của các mô hình kinh doanh.","DESIRED JOB: Nhân viên kinh doanh | SKILLS: - Trung thực, nhiệt tình, trách nhiệm. - Giao tiếp, ứng xử với mọi người tốt - Dễ dàng hòa nhập với môi trường làm việc mới - Kỹ năng tổ chức và quản lý công việc hiệu quả - Chịu được áp lực cao trong công việc - Kỹ năng tự chủ, nghiên cứu học hỏi tốt. - Khả năng giải quyết vấn đề linh hoạt - Kỹ năng tin học văn phòng thành thạo - Khả năng truyền đạt thông tin hiệu quả | EXP: Trên 10 năm",,,
3268,"TITLE: Nhân viên bán hàng, nhân viên kho, nhân viên thu ngân | REQ: Cửa hàng tiện lợi cần tuyển thêm 6 nhân viên- Công việc: + Sắp xếp, kiểm tra tem, nhãn mác sản phẩm + Vệ sinh sạch sẽ, gọn gàng nơi làm việc + Trưng bày sản phẩm và đứng bán trực tiếp tại cửa hàng - Vị trí cần tuyển: + 4 nhân viên bán hàng + 1 nhân viên kho+ 1 nhân viên thu ngân - Mức lương: + Ca 4 tiếng: 3.200.000 + phụ cấp xăng xe đi lại + Ca 8 tiếng: 7.500.000 + phụ cấp xăng xe đi lại - Yêu cầu: + Độ tuổi từ 19 đến 35 tuổi + Giao tiếp tốt, tự tin, lịch sự với khách hàng cũng như các bạn nhân viên làm việc+ Không yêu cầu kĩ năng, ngoại hình hay kinh nghiệm + Đã tiêm vaccine trên 1 mũi - Quyền lợi: + Được làm việc trong môi trường sạch sẽ, thoáng mát, lịch sự+ Được nghỉ 2 ngày trong 1 tháng + Sau 2 tháng làm việc sẽ được ký kết hợp đồng lao động và được nhận đồng phục của cửa hàng + Sau 3 tháng làm việc sẽ được xem xét tăng lương từ 500.000 đến 1.500.000 và được hưởng các chế độ BHXH, BHYT + Sau 6 tháng gắn bó làm việc sẽ được hưởng lương tháng thứ 13 LIÊN HỆ TRỰC TIẾP SẼ ĐƯỢC ƯU TIÊN SẮP XẾP VÀO VỊ TRÍ MÌNH MUỐN | DESC: Cửa hàng tiện lợi cần tuyển thêm 6 nhân viên- Công việc: + Sắp xếp, kiểm tra tem, nhãn mác sản phẩm + Vệ sinh sạch sẽ, gọn gàng nơi làm việc + Trưng bày sản phẩm và đứng bán trực tiếp tại cửa hàng - Vị trí cần tuyển: + 4 nhân viên bán hàng + 1 nhân viên kho+ 1 nhân viên thu ngân - Mức lương: + Ca 4 tiếng: 3.200.000 + phụ cấp xăng xe đi lại + Ca 8 tiếng: 7.500.000 + phụ cấp xăng xe đi lại - Yêu cầu: + Độ tuổi từ 19 đến 35 tuổi + Giao tiếp tốt, tự tin, lịch sự với khách hàng cũng như các bạn nhân viên làm việc+ Không yêu cầu kĩ năng, ngoại hình hay kinh nghiệm + Đã tiêm vaccine trên 1 mũi - Quyền lợi: + Được làm việc trong môi trường sạch sẽ, thoáng mát, lịch sự+ Được nghỉ 2 ngày trong 1 tháng + Sau 2 tháng làm việc sẽ được ký kết hợp đồng lao động và được nhận đồng phục của cửa hàng + Sau 3 tháng làm việc sẽ được xem xét tăng lương từ 500.000 đến 1.500.000 và được hưởng các chế độ BHXH, BHYT + Sau 6 tháng gắn bó làm việc sẽ được hưởng lương tháng thứ 13 LIÊN HỆ TRỰC TIẾP SẼ ĐƯỢC ƯU TIÊN SẮP XẾP VÀO VỊ TRÍ MÌNH MUỐN","DESIRED JOB: Nhân viên Lái xe hạng C | SKILLS: Có những kỹ năng chuyên sâu trong vấn đề chuyển giao nhận hàng vì đã có kinh nghiệm. Biết cách phục vụ khách hàng, làm hài lòng khách hàng. Có khả năng lãnh đạo, đứng đầu trong việc quản lý hàng hóa. Cẩn trọng trong từng khâu chuỗi làm việc. Hòa đồng, năng động, vui vẻ với mọi người xung quanh. | EXP: Trên 10 năm",,,
1240,"TITLE: Nhân viên kinh doanh | REQ: - Hiểu rõ khách hàng - Khả năng trông rộng - Khả năng giao tiếp- Giải quyết khó khăn- Thúc đẩy kinh doanh quản lý đất đai, có kiến thức về luật, độc lập, chuyên nghiệp, đạt đựơc doanh số, kỹ năng đàm phán thương lượng. | DESC: Là cầu nối giữa người mua và ngườI bán trong lĩnh vực đất đai Nhiệm vụ: + Phát triển danh sách đất đai bằng những xây dựng các mối quan hệ và nhắm tới những người bán tiềm năng, gặp gỡ các người bán tiềm năng trong các hoạt động địa phương. + Lập danh sách đất đai qua việc kiềm tra đất, đề nghị những việc nâng cấp có thể làm tăng khả năng bán ra; hợp tác với các nhà thẩm định để đưa ra giá bán, hoàn tất hợp đồng. + Phát triển người mua đất qua việc gặp gỡ những người muốn mua đất, chào hỏi xã giao, quảng cáo; giải đáp các yêu cầu thắc mắc. + Nắm được yêu cầu của người mua để ấn định giá; gắn kết những yêu cầu với danh sách người bán; dẫn khách đi xem đất; trình bày những lợi nhuận; xem xét lại những yêu cầu; đề nghị những thay đổi; soạn hợp đồng. + Cập nhật kiến thức công việc qua việc nắm bắt các danh sách; đi khảo sát đất đai, tham dự các khoá học; xem sách báo chuyên ngành; củng cố các mối quan hệ cá nhân. + Hoàn thành các công việc yêu cầu là hoàn thành nhiêm vụ môi giới.","DESIRED JOB: Kỹ sư trắc địa | SKILLS: - Sự hiểu biết và tính ham học hỏi - Kỹ năng thuyết trình tốt - Khả năng thích ứng với công việc nhanh - Có khả năng quản lý, sắp xếp khối lượng công việc lớn - Có khả năng làm việc dưới áp lực cao - Có khả năng xây dựng và làm việc theo đội nhóm - Khả năng nhận diện vấn đề nhanh - Kỹ năng thao tác bàn phím tốt - Khả năng giải quyết vấn đề linh hoạt | EXP: Trên 10 năm",,,
1953,"TITLE: Python Django Developer | REQ: ● Good problem analyzing and solving skills● Good knowledge in MVC, SOAP and/or RESTful.● Good knowledge about Design patterns● Good knowledge in Restful API development.● Experience in requirement analysis, system design, Web Application Development architect● Have at least 2 years of experience in Python, with knowledge in web programming withextensive knowledge of Python web (Django).● Understanding of the threading limitations of Python, and multi-process architecture.● Good understanding of server-side templating languages (Jinja 2, Mako).● Experience in SQL/NoSQL databases and their declarative query languages● Proficient understanding of code versioning tools (Git) and git flow process.NICE TO HAVE:● Have knowledge in Micro service architecture.● Good knowledge working with system or working CI/CD tools such as Jenkins, Docker● Experience working with common third-party APIs (LINE, Stripe ... ) is a plus● Experience with some service of aws, gcp, azure ..● Experience with multiple database types such as Redis, MongoDB, ElasticSearch, etc. | DESC: ● Write effective, scalable, usable code.● Develop back-end components to improve responsiveness and overall performance.● Integrate user-facing elements into applications.● Test and debug programs.● Improve functionality of existing systems.● Implement security and data protection solutions.● Assess and prioritize feature requests.● Coordinate with internal teams to understand user requirements and provide technicalsolutions.","DESIRED JOB: Nhân viên lái xe hạng FC | SKILLS: Có chí tiến thủ đối với công việc Có khả năng đi xa, đi dài ngày, sức khỏe đảm bảo tốt cho tính chất công việc vận tải Chăm chỉ, làm việc nhiệt tình, không quản ngại khó khăn, tinh thần trách nhiệm cao, chấp hành tốt các quy định mà công ty đề ra. Thông thạo luật giao thông, thạo đường xá Tích cực giải quyết các vấn đề liên quan đến công việc Có thể tăng ca ngoài giờ làm Kiểm tra, đánh giá cẩn thận các tuyến vận chuyển đã thực hiện, chủ động rút kinh nghiệm cho các công tác sau | EXP: 5-10 năm",,,
2529,"TITLE: Academic Officer - English Test Prep | REQ: - Bachelor's Degree in English Pedagogy/English Linguistics from renowned universities- At least 2-year teaching experience in Test Preparation courses (e.g. TOEFL/ IELTS/TOEIC/SAT/etc)- Experience in learning course designing/lesson planning for various English courses is an advantage- IELTS 7.5+ with no band under 6.5 or equivalent- Good knowledge in educational technology tools and teaching assistance technological tools- Strong computer skills in Office tools, Gsuite tools, presentation & design platforms- A passion for high quality teaching and learning- A strong sense responsibility and attention to details | DESC: 1. Teaching materials construction- To construct and develop teaching materials (e.g., lesson plans/ presentation slides/ practice activities, etc.) following theassigned curriculum/syllabus- To ensure the quality of such teaching materials following the sets of content guidelines following each type of teachingmaterials- To build and expand extra activity banks for all course levels of each learning products2. Test materials construction- To build and categorize questions for the test bank of each assigned product following the curriculum design and testingrequirements- To make sure that the selected questions match with the assessment criteria3. Course content production- To edit/ organize/ synthesize multimedia resources for course content upload on LMS system- To categorize question lists/ activity lists/ following the curriculum design of each product- To participate in any course content production activities as requested4. Additional tasks- To support and cooperate with other academic teams as requested- To support cross-departmental assignments as requested","DESIRED JOB: Nhân viên văn phòng - Nhân viên kinh doanh | SKILLS: - Chăm chỉ, nhanh nhẹn, nhiệt tình, trách nhiệm - Kỹ năng giao tiếp tốt (điện thoại, email…) - Dễ dàng hòa nhập với môi trường làm việc mới - Biết quan sát, sắp xếp, quản lý tốt - Khả năng tư duy sáng tạo. - Làm việc độc lập và làm việc nhóm - Xử lý tình huống nhanh - Kỹ năng thao tác bàn phím tốt - Kỹ năng lãnh đạo tốt | EXP: Chưa có kinh nghiệm",,,
5268,"TITLE: nhân viên cơ khí | REQ: CÔNG TY TNHH XE ĐIỆN BLUERA VIỆT NHẬT Chi tiết công ty Nhân Viên Sản Xuất , Lao Động Phổ Thông Sau Nạn Dịch Tại Quận 9,Quận 2 CÔNG TY TNHH XE ĐIỆN BLUERA VIỆT NHẬT Lượt xem: 5455 | Ngày cập nhật: 12/02/2022(1 tháng trước) Tỉnh thành tuyển dụng: Hồ Chí Minh Quận huyện tuyển dụng: Quận 9 Địa điểm tuyển dụng: 466 Nguyễn Duy Trinh,Phường Bình Trưng Đông , Quận 2, TP Thủ Đức . Hạn nộp hồ sơ: 01/12/2022 Mức lương: 7 - 10 triệu Chat ngay Thông tin - Chức vụ: Nhân viên - Kinh nghiệm: Không yêu cầu - Hình thức làm việc: Toàn thời gian cố định - Yêu cầu bằng cấp: Không yêu cầu - Yêu cầu giới tính: Không yêu cầu - Số lượng cần tuyển: 20 ứng viên - Hoa Hồng: 10 đến 30% - Thời gian thử việc: 2 - Ngành nghề: Lao động phổ thông - Lĩnh vực: Công Nhân Mô tả công việc tuyển dụng lao động phổ thông lắp ráp ,sản xuất tại quận 2, quận 9 + mô tả công việc : thời gian từ 7h30 đến 11h30, chiều từ 1h đến 5h30 chiều chủ nhật nghỉ - công việc : lắp ráp các linh kiện , xe đạp điện môi trường an toàn, làm việc vui vẻ không áp lực - nhân viên mới được hỗ trợ học việc, được đào tạo lên nhân viên chính thức - được thăng cấp làm nhân viên cấp cao, hoặc lên chức nếu năng suất tốt và làm hiệu quả theo thang đánh giá KPI của công ty, làm việc tại số : 58 BƯNG ÔNG THOÀN, PHƯỜNG PHÚ HỮU , QUẬN 9 , TP THỦ ĐỨC + được tham gia : BHXH, BHYT và các chế độ khác theo quy định của nhà nước tốt nghiệp cấp 2 trở lên : 9/12 sức khỏe tốt, nắm bắt các công việc nhanh không có tiền án hình sự không săm trổ quá nhiều có đầy đủ giấy tờ tùy thân nếu ứng viên có kinh nghiệm về hàn, cơ khí sẽ được nâng làm vị trí quản lý, tổ trưởng hoặc vị trí tương đương nếu có năng lực | DESC: CÔNG TY TNHH XE ĐIỆN BLUERA VIỆT NHẬT Chi tiết công ty Nhân Viên Sản Xuất , Lao Động Phổ Thông Sau Nạn Dịch Tại Quận 9,Quận 2 CÔNG TY TNHH XE ĐIỆN BLUERA VIỆT NHẬT Lượt xem: 5455 | Ngày cập nhật: 12/02/2022(1 tháng trước) Tỉnh thành tuyển dụng: Hồ Chí Minh Quận huyện tuyển dụng: Quận 9 Địa điểm tuyển dụng: 466 Nguyễn Duy Trinh,Phường Bình Trưng Đông , Quận 2, TP Thủ Đức . Hạn nộp hồ sơ: 01/12/2022 Mức lương: 7 - 10 triệu Chat ngay Thông tin - Chức vụ: Nhân viên - Kinh nghiệm: Không yêu cầu - Hình thức làm việc: Toàn thời gian cố định - Yêu cầu bằng cấp: Không yêu cầu - Yêu cầu giới tính: Không yêu cầu - Số lượng cần tuyển: 20 ứng viên - Hoa Hồng: 10 đến 30% - Thời gian thử việc: 2 - Ngành nghề: Lao động phổ thông - Lĩnh vực: Công Nhân tuyển dụng lao động phổ thông lắp ráp ,sản xuất tại quận 2, quận 9 + mô tả công việc : - công việc : lắp ráp các linh kiện , xe đạp điện môi trường an toàn, làm việc vui vẻ không áp lực - nhân viên mới được hỗ trợ học việc, được đào tạo lên nhân viên chính thức - được thăng cấp làm nhân viên cấp cao, hoặc lên chức nếu năng suất tốt và làm hiệu quả theo thang đánh giá KPI của công ty, làm việc tại số : 58 BƯNG ÔNG THOÀN, PHƯỜNG PHÚ HỮU , QUẬN 9 , TP THỦ ĐỨC + được tham gia : BHXH, BHYT và các chế độ khác theo quy định của nhà nước","DESIRED JOB: Nhân viên lái xe bằng B2 | SKILLS: Có chí tiến thủ đối với công việc Có khả năng đi xa, đi dài ngày, sức khỏe đảm bảo tốt cho tính chất công việc vận tải Chăm chỉ, làm việc nhiệt tình, không quản ngại khó khăn, tinh thần trách nhiệm cao, chấp hành tốt các quy định mà công ty đề ra. Thông thạo luật giao thông, thạo đường xá Tích cực giải quyết các vấn đề liên quan đến công việc Có thể tăng ca ngoài giờ làm Kiểm tra, đánh giá cẩn thận các tuyến vận chuyển đã thực hiện, chủ động rút kinh nghiệm cho các công tác sau | EXP: 5-10 năm",,,
2120,"TITLE: Nodejs Developer | REQ: - 3+ years in project development-Good English communication- Strong proficiency with JavaScript (CoffeeScript depending on your technology stack)- Knowledge of Node.js and frameworks available for it such as Express, StrongLoop, etc)- Understanding the nature of asynchronous programming and its quirks and workarounds- Good understanding of server-side templating languages ( Jade, EJS, etc)- Good understanding of server-side CSS preprocessors (Stylus, Less, etc)- Basic understanding of front-end technologies, such as HTML5, and CSS3- Understanding accessibility and security compliance- User authentication and authorization between multiple systems, servers, and environments- Integration of multiple data sources and databases into one system- Understanding fundamental design principles behind a scalable application- Understanding differences between multiple delivery platforms, such as mobile vs. desktop, and optimizing output to match the specific platform- Creating database schemas that represent and support business processes- Implementing automated testing platforms and unit tests- Proficient understanding of code versioning tools, such as Git- Fluent in English communication | DESC: - Integration of user-facing elements developed by front-end developers with server side logic. - Writing reusable, testable, and efficient code. - Design and implementation of low-latency, high-availability, and performant applications. - Implementation of security and data protection. - Integration of data storage solutions (databases, key-value stores, blob stores, etc.)","DESIRED JOB: Việc làm online tại nhà | SKILLS: + Kỹ năng làm việc có tổ chức + Hiểu biết về quy trình vận hành kho hàng + Có khả năng đọc đơn hàng, phiếu kiểm hàng, thông tin hàng hóa và tìm kiếm hàng + Sử dụng thành thạo máy tính và một số phần mềm quản lý kho hàng + Có khả năng phối hợp và làm việc nhóm tôt + Có sức khỏe tốt và có thể làm thêm giờ + Có khả năng xử lý các tình huống phát sinh tốt + Kỹ năng giao tiếp bằng lời nói và phi lời nói | EXP: Dưới 1 năm",,,
5347,"TITLE: Chuyên Viên Tư Vấn Bảo Hiểm Nhân Thọ Toàn Thời Gian - Kênh Pruventure [Hà Nội] | REQ: - Tuổi từ 24 - 39- Tốt nghiệp Cao Đẳng, Đại Học- Từng là nhân viên kinh doanh/ tư vấn viên với ít nhất từ 1 năm kinh nghiệm trong các ngành: Bảo Hiểm, Tài Chính Ngân Hàng, Bất Động Sản, Du Lịch,...- Định hướng phát triển lâu dài đối với lĩnh vực Bảo hiểm nhân thọ- Kỹ năng giao tiếp, tư vấn thuyết phục khách hàng tốt- Ngoại hình ưa nhìn, tác phong chuyên nghiệp, năng động, nhiệt huyết và tinh thần ham học hỏi, cầu tiến trong sự nghiệp | DESC: PRUVenture là một dự án được phát triển bởi tập đoàn đa quốc gia Prudential. Tại đây, chúng tôi đã đào tạo một lực lượng PRUPlanner - Chuyên viên hoạch định tài chính tại Pruventure. Dành cho những ứng viên có tham vọng trở thành chủ doanh nghiệp thành đạt hoặc chuyên viên Hoạch Định Tài chính Cấp Cao trong ngành Bảo Hiểm Nhân Thọ đầy tiềm năng tại Việt Nam, mong muốn phát triển thương hiệu bản thân và làm chủ tài chính của mình.1. Tham gia các hoạt động kinh doanh/đào tạo- Tư vấn và thiết kế giải pháp tài chính/ bảo hiểm- Thiết lập kế hoạch kinh doanh đảm bảo hoàn thành chỉ tiêu hàng tháng, hàng quý dưới sự hỗ trợ từ Quản lý kinh doanh và đồng nghiệp- Tham gia các hoạt động Training, Coaching, Teamwork2. Chăm sóc khách hàng- Đảm bảo chất lượng dịch vụ, xây dựng mối quan hệ bền chặt, tốt đẹp với khách hàng- Xử lý khách hàng khiếu nại và yêu cầu với hướng dẫn của công ty để đảm bảo sự hài lòng của khách hàng","DESIRED JOB: Nhân viên Lái xe hạng C | SKILLS: Có những kỹ năng chuyên sâu trong vấn đề chuyển giao nhận hàng vì đã có kinh nghiệm. Biết cách phục vụ khách hàng, làm hài lòng khách hàng. Có khả năng lãnh đạo, đứng đầu trong việc quản lý hàng hóa. Cẩn trọng trong từng khâu chuỗi làm việc. Hòa đồng, năng động, vui vẻ với mọi người xung quanh. | EXP: Trên 10 năm",,,
3243,"TITLE: Nhân viên bán hàng, nhân viên kho, nhân viên thu ngân | REQ: Cửa hàng tiện lợi cần tuyển thêm 6 nhân viên- Công việc: + Sắp xếp, kiểm tra tem, nhãn mác sản phẩm + Vệ sinh sạch sẽ, gọn gàng nơi làm việc + Trưng bày sản phẩm và đứng bán trực tiếp tại cửa hàng - Vị trí cần tuyển: + 4 nhân viên bán hàng + 1 nhân viên kho+ 1 nhân viên thu ngân - Mức lương: + Ca 4 tiếng: 3.200.000 + phụ cấp xăng xe đi lại + Ca 8 tiếng: 7.500.000 + phụ cấp xăng xe đi lại - Yêu cầu: + Độ tuổi từ 19 đến 35 tuổi + Giao tiếp tốt, tự tin, lịch sự với khách hàng cũng như các bạn nhân viên làm việc+ Không yêu cầu kĩ năng, ngoại hình hay kinh nghiệm + Đã tiêm vaccine trên 1 mũi - Quyền lợi: + Được làm việc trong môi trường sạch sẽ, thoáng mát, lịch sự+ Được nghỉ 2 ngày trong 1 tháng + Sau 2 tháng làm việc sẽ được ký kết hợp đồng lao động và được nhận đồng phục của cửa hàng + Sau 3 tháng làm việc sẽ được xem xét tăng lương từ 500.000 đến 1.500.000 và được hưởng các chế độ BHXH, BHYT + Sau 6 tháng gắn bó làm việc sẽ được hưởng lương tháng thứ 13 LIÊN HỆ TRỰC TIẾP SẼ ĐƯỢC ƯU TIÊN SẮP XẾP VÀO VỊ TRÍ MÌNH MUỐN | DESC: Cửa hàng tiện lợi cần tuyển thêm 6 nhân viên- Công việc: + Sắp xếp, kiểm tra tem, nhãn mác sản phẩm + Vệ sinh sạch sẽ, gọn gàng nơi làm việc + Trưng bày sản phẩm và đứng bán trực tiếp tại cửa hàng - Vị trí cần tuyển: + 4 nhân viên bán hàng + 1 nhân viên kho+ 1 nhân viên thu ngân - Mức lương: + Ca 4 tiếng: 3.200.000 + phụ cấp xăng xe đi lại + Ca 8 tiếng: 7.500.000 + phụ cấp xăng xe đi lại - Yêu cầu: + Độ tuổi từ 19 đến 35 tuổi + Giao tiếp tốt, tự tin, lịch sự với khách hàng cũng như các bạn nhân viên làm việc+ Không yêu cầu kĩ năng, ngoại hình hay kinh nghiệm + Đã tiêm vaccine trên 1 mũi - Quyền lợi: + Được làm việc trong môi trường sạch sẽ, thoáng mát, lịch sự+ Được nghỉ 2 ngày trong 1 tháng + Sau 2 tháng làm việc sẽ được ký kết hợp đồng lao động và được nhận đồng phục của cửa hàng + Sau 3 tháng làm việc sẽ được xem xét tăng lương từ 500.000 đến 1.500.000 và được hưởng các chế độ BHXH, BHYT + Sau 6 tháng gắn bó làm việc sẽ được hưởng lương tháng thứ 13 LIÊN HỆ TRỰC TIẾP SẼ ĐƯỢC ƯU TIÊN SẮP XẾP VÀO VỊ TRÍ MÌNH MUỐN","DESIRED JOB: Nhân viên lái xe hạng FC | SKILLS: Có chí tiến thủ đối với công việc Có khả năng đi xa, đi dài ngày, sức khỏe đảm bảo tốt cho tính chất công việc vận tải Chăm chỉ, làm việc nhiệt tình, không quản ngại khó khăn, tinh thần trách nhiệm cao, chấp hành tốt các quy định mà công ty đề ra. Thông thạo luật giao thông, thạo đường xá Tích cực giải quyết các vấn đề liên quan đến công việc Có thể tăng ca ngoài giờ làm Kiểm tra, đánh giá cẩn thận các tuyến vận chuyển đã thực hiện, chủ động rút kinh nghiệm cho các công tác sau | EXP: 5-10 năm",,,
2669,"TITLE: SUPPORT MERCHANDISER | REQ: 1. Nam Tốt nghiệp Cao Đẳng/ Đại học. 2. Có kinh nghiệm làm việc liên quan mỹ phẩm là một điểm cộng lớn . 3. Nhanh nhẹn,có trách nhiệm với công việc, làm việc có nguyên tắc, tinh thần chủ động làm việc, học hỏi. 4. Ưu tiên ứng viên có kinh nghiệm làm việc liên quan mua bán hàng, logistics. 5. Sử dụng tin học văn phòng cơ bản. 6. Đam mê và muốn gắn bó lâu với nghề. | DESC: + Hỗ trợ quản lý dữ liệu mua hàng. + Quản lý data tồn kho, File nhập xuất hàng hóa. + Kiểm tra, update giá mua hàng, bán hàng + Tìm kiếm nhà cung cấp và sản phẩm liên quan. + Đảm bảo tiến độ thực hiện, khắc phục các sự cố, theo dõi mức độ hiệu quả ,lập kế hoạch hàng tháng và báo cáo cho cấp trên. + Các công việc khác được giao khác.","DESIRED JOB: Nhân viên kỹ thuật cơ điện | SKILLS: + Kỹ năng phân tích và xây dựng mô hình thống kê + Kỹ năng phân tích và trực quan hóa dữ liệu + Kỹ năng phân tích quá trình + Lập kế hoạch nhà máy + Xử lý vật liệu + Phương pháp luận: Lean/ Six Sigma, Kaizen, FMEA + Kỹ năng Kế toán: Phân tích chi phí, Lợi tức đầu tư, Kế toán doanh nghiệp | EXP: 5-10 năm",,,
2300,"TITLE: Nhân Viên Sale Admin | REQ: - Có từ 1-2 năm kinh nghiệm ở vị trí tương đương. Cẩn thận, chăm chỉ, nhanh nhẹn, trách nhiệm- Tốt nghiệp Đại học, cao đẳng chuyên ngành Kế toán hoặc các ngành liên quan- Tư duy logic, có kỹ năng xử lý số liệu tốt | DESC: - Thực hiện và hỗ trợ công tác kinh doanh: Tiếp nhận và xử lý đơn hàng từ khách hàng và NVKD. Thông tin đến NVKD, Khách hàng các Chương trình tích lũy doanh số, chương trình đặc biệt, theo dõi và thúc đẩy để chương trình thực hiện hiệu quả. Cập nhật thông tin cho NVKD: thông tin sản phẩm mới, báo giá, chính sách bán hàng, chính sách nhân viên liên quan đến NVKD… Quản lý, lưu trữ và cung cấp cho NVKD các vật dụng phục vụ công việc: báo giá, catalogue, tờ rơi, hình ảnh sản phẩm, thông tin sản phẩm…- Thực hiện tiếp nhận và xử lý khiếu nại của khách hàng. Tiếp nhận mọi thông tin phản hồi từ khách hàng/đại lý qua điện thoại, thực hiện việc check các thông tin, đề xuất phương án xử lý, gửi báo cáo cho GĐKD. Là đầu mối tiếp nhận, đối soát và xử lý giấy tờ, chuyển cấp có thẩm quyền giải quyết khi cần thiết hoặc có yêu cầu.- Thực hiện công tác báo cáo kinh doanh theo yêu cầu: Báo cáo đầy đủ, đúng hạn, kịp thời về tình hình công việc cho quản lý trực tiếp và BLĐ: Doanh số, Số...","DESIRED JOB: Nhân viên lái xe hạng FC | SKILLS: Có chí tiến thủ đối với công việc Có khả năng đi xa, đi dài ngày, sức khỏe đảm bảo tốt cho tính chất công việc vận tải Chăm chỉ, làm việc nhiệt tình, không quản ngại khó khăn, tinh thần trách nhiệm cao, chấp hành tốt các quy định mà công ty đề ra. Thông thạo luật giao thông, thạo đường xá Tích cực giải quyết các vấn đề liên quan đến công việc Có thể tăng ca ngoài giờ làm Kiểm tra, đánh giá cẩn thận các tuyến vận chuyển đã thực hiện, chủ động rút kinh nghiệm cho các công tác sau | EXP: 5-10 năm",,,
1184,"TITLE: Tuyển nhân viên nam nữ lao động phổ thông mùa dịch | REQ: Ham học hỏi có ý chí cầu tiến.Luôn luôn vui vẻ hoà đồng nhiệt tình với đồng nghiệp trong công ty.Có kỹ năng giao tiếp càng tốt.Thực hiện đúng nội quy của công ty đưa ra.Thái độ tốt, lịch sự lễ phép tôn trọng với đồng nghiệp | DESC: Công ty trách nhiệm hữu hạn Savivina tuyển nhân viên kế toán kho :01. -nhân viên vấn bán hàng :03. -nhân viên kinh doanh :05. -lao động phổ thông :10. Trình độ lớp 9/12 trở lên.Độ tuổi nam nữ từ :20-52. -ứng viên làm bán thời gian, thời vụ hoặc làm chuyên.-lương thỏa thuận từng vị trí và bộ phận khác nhau. Trung bình từ 6.8tr-12500000 -ưu tiên khu vực Thuận An Bình Chuẩn Thủ Đức, Hóa An và Dĩ An.-làm việc tại Dĩ An Bình Dương.-ngoài lương còn hướng thêm chế độ và chính sách của nhà nước.-ưu tiên ứng viênr đến sớm và hồ sơ đầy đủ . -ngoài ra nếu ứng viên chưa có hồ sơ nhớ đem theo giấy chứng minh gốc vào phỏng vấn nhận việc ngay khi nào làm bổ sung hồ sơ sau.Liên hệ :0907468761gặp trực tiếp nhân sự phỏng vấn trao đổi công việc","DESIRED JOB: Nhân viên lái xe hạng B2 | SKILLS: - Có kỹ năng giao tiếp tốt - Khả năng tìm kiếm thông tin nhanh nhẹn, biết cách di chuyển dựa trên gợi ý của GPS - Biết cách lắng nghe và kiên nhẫn, vui tính, chăm sóc khách hàng tốt. - Luôn tuân thủ các quy định mà công ty đặt ra. | EXP: 1-3 năm",,,
3807,"TITLE: Nhân Viên Kế Toán Tổng Hợp Tại Mai Dịch, Cầu Giấy 12-15 Triệu (Mảng Nha/Spa) | REQ: - Tốt nghiệp Cao đẳng trở lên chuyên ngành kế toán, tài chính,…- Am hiểu Luật kinh tế, các qui phạm pháp luật liên quan đến kế toán tài chính, chế độ kế toán, các chuẩn mực kế toán, luật thuế GTGT, TNDN, TNCN,..- Sử dụng thành thạo các phần mềm kế toán liên quan (fast, misa,…), tin học văn phòng (đặc biệt là excel).- Kỹ năng tổng hợp, phân tích, đánh giá, kiểm tra.- Kỹ năng giao tiếp và giải quyết vấn đề- Khả năng tổ chức, sắp xếp và triển khai kế hoạch để thực hiện nhiệm vụ được phân công.- Có ít nhất từ 3 năm kinh nghiệm làm kế toán tổng hợp (ưu tiên ứng viên đã có kinh nghiệm trong lĩnh vực , chuỗi dịch vụ phòng khám nha/spa)- Cẩn thận, trung thực, có phẩm chất đạo đức nghề nghiệp, có ý thức chấp hành pháp luật. | DESC: - Báo cáo công việc chuyên môn, và các báo cáo kết quả công việc hàng ngày/tuần/tháng theo yêu cầu của Công ty.- Quản lý, lưu trữ chứng từ, sổ sách kế toán theo quy định.- Kiểm tra, kiểm soát đảm bảo việc hạch toán chính xác, trung thực, kịp thời, đầy đủ toàn bộ các nghiệp vụ phát sinh về tài sản - nguồn vốn của công ty.- Lập báo cáo quản trị theo yêu cầu.- Lập báo cáo tài chính, báo cáo thống kê,.. theo quy định.- Kê khai, báo cáo các loại thuế định kỳ theo quy định.- Thực hiện các công việc khác theo yêu cầu của Kế toán trưởng, Ban Giám đốc.","DESIRED JOB: Nhân viên lái xe hạng D | SKILLS: - Năng động, hoạt bát trong các hoạt động tập thể - Kỹ năng giao tiếp linh hoạt, có khả năng thuyết trình và trình bày - Có khả năng thích nghi nhanh với môi trường làm việc - Kỹ năng tổ chức và quản lý công việc hiệu quả - Khả năng chịu được áp lực công việc - Có khả năng xây dựng và làm việc theo đội nhóm - Khả năng tìm kiếm giải pháp và lựa chọn các giải pháp tối ưu - Thành thạo tin học văn phòng - Khả năng truyền đạt thông tin hiệu quả | EXP: Trên 10 năm",,,
3444,"TITLE: Nhân Viên Kinh Doanh Hỗ Trợ Npp | REQ: - Ưu tiên có kinh nghiệm ở vị trí nhân viên kinh doanh( chưa có kinh nghiệm sẽ được đào tạo)- Trung thực, nhanh nhẹn, nhiệt tình, có trách nhiệm với công việc- Có khả năng ăn nói, giao tiếp, đàm phán, thuyết phục- Có khả năng đi thị trường | DESC: - Chăm sóc khách hàng cũ được giao trên địa bàn- Khai thác các khách hàng mới trên địa bàn- Thúc đẩy doanh số- Tương tác và xây dựng mối quan hệ thân thiết với khách hàng- Báo cáo, kế hoạch, phương án kinh doanh- Hỗ trợ các bộ phận khác hoàn thành công việc- Thực hiện các nhiệm vụ khác theo yêu cầu của công ty","DESIRED JOB: Nhân viên văn phòng - Nhân viên kinh doanh | SKILLS: - Chăm chỉ, nhanh nhẹn, nhiệt tình, trách nhiệm - Kỹ năng giao tiếp tốt (điện thoại, email…) - Dễ dàng hòa nhập với môi trường làm việc mới - Biết quan sát, sắp xếp, quản lý tốt - Khả năng tư duy sáng tạo. - Làm việc độc lập và làm việc nhóm - Xử lý tình huống nhanh - Kỹ năng thao tác bàn phím tốt - Kỹ năng lãnh đạo tốt | EXP: Chưa có kinh nghiệm",,,
287,"TITLE: KẾ TOÁN TỔNG HỢP | REQ: Yêu cầu: •Trình độ cử nhân chuyên ngành kế toán, tài chính; •Nắm vững nghiệp vụ, kiến thức kế toán và thuế; •Tối thiểu 3 năm kinh nghiệm làm kế toán tổng hợp và đã từng quyết toán/ tham giá quyết toán thuế. •Sử dụng thành thạo phần mềm kế toán thông dụng (Misa…) và tin học văn phòng; •Trung thực, cẩn trọng, làm việc tỉ mỉ, bền bỉ với các con số. Các điều kiện ưu tiên khác: •Ưu tiên ứng viên đã làm tại các đơn vị hoạt động trong lĩnh vực xây dựng, nội thất có doanh thu từ 300 tỷ trở lên; •Có khả năng làm việc và thích nghi với môi trường làm việc cường độ cao •Ưu tiên nữ | DESC: : •Thu thập, xử lý thông tin, số liệu kế toán, chứng từ kế toán theo đúng chuẩn mực kế toán và các quy định của cơ quan thuế; •Lập các tờ khai, báo cáo thuế, báo cáo quyết toán, báo cáo tài chính tháng, quý, năm theo quy định; •Lập hồ sơ bảo lãnh thầu/tạm ứng/thanh toán •Lập hồ sơ vay vốn ngắn hạn, trung dài hạn và cung cấp đầy đủ hồ sơ, chứng từ theo yêu cầu của phía ngân hàng; •Theo dõi vốn vay và trả nợ vay. Quản lý hồ sơ vay vốn; •Lập báo cáo quản trị dòng tiền, doanh thu, chi phí; •Cung cấp số liệu và giải trình cho Ban Giám đốc/ Các cơ quan chức năng/ Cơ quan thuế khi có yêu cầu; •Kiểm soát, lưu trữ hồ sơ chứng từ sổ sách; •Thực hiện các công việc khác theo chỉ đạo.","DESIRED JOB: Kỹ thuật viên | SKILLS: Vui vẻ, hòa đồng, chăm chỉ, hết mình với công việc | EXP: Chưa có kinh nghiệm",,,
4315,"TITLE: Tuyển Cộng Tác Viên Kinh Doanh | REQ: - Đam mê làm giàu, chịu học hỏi, máu lửa, nhiệt huyết. - Kỹ năng giao tiếp tốt, chân thành với khách hàng. | DESC: - Chủ động tìm kiếm, khai thác khách để bán hàng. - Thời gian linh hoạt, chủ động, không gò bó.","DESIRED JOB: part time | SKILLS: Có ngoại hình, vui vẻ, siêng năng, có trách nhiệm với công việcBiết lắng nghe tiếp thu ý kiến của đồng nghiệp và cấp trênChăm chỉ, chịu khó tìm hiểu các vấn đề trong công việc và cuộc sốngTinh thần trách nhiệm trong công việcChịu được áp lực trong công việcHòa đồng, vui vẻ với đồng nghiệp | EXP: Chưa có kinh nghiệm",,,
2240,"TITLE: Nhân Viên Sale Admin | REQ: - Có từ 1-2 năm kinh nghiệm ở vị trí tương đương. Cẩn thận, chăm chỉ, nhanh nhẹn, trách nhiệm- Tốt nghiệp Đại học, cao đẳng chuyên ngành Kế toán hoặc các ngành liên quan- Tư duy logic, có kỹ năng xử lý số liệu tốt | DESC: - Thực hiện và hỗ trợ công tác kinh doanh: Tiếp nhận và xử lý đơn hàng từ khách hàng và NVKD. Thông tin đến NVKD, Khách hàng các Chương trình tích lũy doanh số, chương trình đặc biệt, theo dõi và thúc đẩy để chương trình thực hiện hiệu quả. Cập nhật thông tin cho NVKD: thông tin sản phẩm mới, báo giá, chính sách bán hàng, chính sách nhân viên liên quan đến NVKD… Quản lý, lưu trữ và cung cấp cho NVKD các vật dụng phục vụ công việc: báo giá, catalogue, tờ rơi, hình ảnh sản phẩm, thông tin sản phẩm…- Thực hiện tiếp nhận và xử lý khiếu nại của khách hàng. Tiếp nhận mọi thông tin phản hồi từ khách hàng/đại lý qua điện thoại, thực hiện việc check các thông tin, đề xuất phương án xử lý, gửi báo cáo cho GĐKD. Là đầu mối tiếp nhận, đối soát và xử lý giấy tờ, chuyển cấp có thẩm quyền giải quyết khi cần thiết hoặc có yêu cầu.- Thực hiện công tác báo cáo kinh doanh theo yêu cầu: Báo cáo đầy đủ, đúng hạn, kịp thời về tình hình công việc cho quản lý trực tiếp và BLĐ: Doanh số, Số...","DESIRED JOB: Nhân viên lái xe hạng C | SKILLS: Khả năng thông thạo đường xá nhanh chóng Chăm chỉ, nhiệt tình, thực hiện công việc với thái độ nghiêm túc, có trách nhiệm, trung thực, minh bạch Nắm rõ các điều luật giao thông cũng như chú trọng tuân thủ luật giao thông Không uống rượu bia, tuyệt đối không sử dụng chất kích thích Có thể vận hành xe trên tuyến đường dài, không kể các khu vực thành phố hay địa bàn các tỉnh lân cận, vùng sâu vùng xa Có kỹ năng quản lý thời gian, quản lý tổ chức công việc tốt, dễ dàng thiết lập các mối quan hệ Tinh thần làm việc hoạt bát, chủ động giải quyết, xử lý tốt các vấn đề bất cập có thể xảy ra. | EXP: 1-3 năm",,,
2583,"TITLE: Academic Officer - English Test Prep | REQ: - Bachelor's Degree in English Pedagogy/English Linguistics from renowned universities- At least 2-year teaching experience in Test Preparation courses (e.g. TOEFL/ IELTS/TOEIC/SAT/etc)- Experience in learning course designing/lesson planning for various English courses is an advantage- IELTS 7.5+ with no band under 6.5 or equivalent- Good knowledge in educational technology tools and teaching assistance technological tools- Strong computer skills in Office tools, Gsuite tools, presentation & design platforms- A passion for high quality teaching and learning- A strong sense responsibility and attention to details | DESC: 1. Teaching materials construction- To construct and develop teaching materials (e.g., lesson plans/ presentation slides/ practice activities, etc.) following theassigned curriculum/syllabus- To ensure the quality of such teaching materials following the sets of content guidelines following each type of teachingmaterials- To build and expand extra activity banks for all course levels of each learning products2. Test materials construction- To build and categorize questions for the test bank of each assigned product following the curriculum design and testingrequirements- To make sure that the selected questions match with the assessment criteria3. Course content production- To edit/ organize/ synthesize multimedia resources for course content upload on LMS system- To categorize question lists/ activity lists/ following the curriculum design of each product- To participate in any course content production activities as requested4. Additional tasks- To support and cooperate with other academic teams as requested- To support cross-departmental assignments as requested","DESIRED JOB: Lái xe nâng | SKILLS: - Có kỹ năng giao tiếp tốt - Khả năng tìm kiếm thông tin nhanh nhẹn, biết cách di chuyển dựa trên gợi ý của GPS - Biết cách lắng nghe và kiên nhẫn, vui tính, chăm sóc khách hàng tốt. - Luôn tuân thủ các quy định mà công ty đặt ra. | EXP: 5-10 năm",,,
4096,"TITLE: Quản Lý Nhà Hàng (Thu Nhập Lên Đến 25 Triệu) | REQ: - Yêu cầu: Tối thiểu >5 năm kinh nghiệm ở vị trí quản lý khác sạn nhà hàng lớn.- Hiểu biết sâu về ẩm thực.- Tiếng Anh giao tiếp tốt.- Thành thạo vi tính văn phòng- Kỹ năng lập kế hoạch- Kỹ năng lãnh đạo- Kỹ năng tổ chức, quản lý và giám sát công việc.- Kỹ năng phân tích, tổng hợp, báo cáo.- Kỹ năng giao tiếp.- Có khả năng chịu được áp lực cao trong công việc. | DESC: - Quản lý và chịu trách nhiệm hoạt động kinh doanh, vận hành của nhà hàng- Xây dựng các quy trình, quy định, hướng dẫn nghiệp vụ áp dụng cho nhà hàng.- Xây dựng các tiêu chuẩn về chất lượng món ăn, thức uống, phục vụ, vệ sinh…cho nhà hàng.- Quản lý nhân sự, tham gia tuyển dụng và đào tạo nhân viên nhà hàng.- Lên được định biên chi phí cost và kiểm soát doanh thu hàng tháng.- Đảm bảo chất lượng sản phẩm và chất lượng dịch vụ tại nhà hàng.- Chịu trách nhiệm giải quyết tình huống và xử lý kịp thời các phản hồi khiếu nại của khách hàng- Quản lý chặt chẽ số lượng tài sản, công cụ dụng cụ cần thiết cho vận hành nhà hàng- Triển khai, kiểm tra việc sử dụng hệ thống nhận diện thương hiệu trong nhà hàng.- Đại diện cho nhà hàng trong việc giải quyết tất cả mối quan hệ với các cơ quan nhà nước, các tổ chức..liên quan đến nhà hàng.- Báo cáo công việc định kỳ và theo yêu cầu cấp trên.- Các công việc khác theo sự phân công của cấp trên.2. Tiêu chuẩn yêu cầu:","DESIRED JOB: Giao dịch viên ngân hàng | SKILLS: - Trung thực, nhiệt tình, trách nhiệm. - Kỹ năng giao tiếp tốt (điện thoại, email…) - Khả năng thích ứng với công việc nhanh - Kỹ năng lên kế hoạch, tổ chức sắp xếp công việc. - Có khả năng làm việc dưới áp lực cao - Kỹ năng làm việc nhóm cũng như làm việc độc lập. - Khả năng nhận diện vấn đề nhanh - Thành thạo tin học văn phòng - Khả năng truyền đạt thông tin hiệu quả | EXP: Dưới 1 năm",,,
2843,"TITLE: TUYỂN NHÂN VIÊN KẾ TOÁN | REQ: -Tuổi: Từ 20-40 tuổi -Trình độ: tốt nghiệp trung cấp ,cao đẳng chuyên ngành tài chính, kế toán trở lên; -Thành thạo phần mềm Misa, tin học văn phòng – đặc biệt là xử lý dữ liệu excel tốt; -Nhiệt tình, chăm chỉ, cẩn thận, giao tiếp tốt;-Kinh nghiệm: Yêu cầu kinh nghiệm >1 năm | DESC: -Xác nhận kết quả kiểm, đếm, giao nhận hóa đơn, chứng từ và ghi chép sổ sách theo quy định; -Thường xuyên: kiểm tra việc ghi chép, hàng hóa vật tư trong kho được sắp xếp hợp lý chưa, kiểm tra, đối chiếu số liệu nhập xuất -Lập báo cáo tồn kho, báo cáo nhập xuất tồn; -Theo dõi công nợ khách hàng, xuất hóa đơn; -Hạch toán các nghiệp vụ kinh tế phát sinh; -Lập chứng từ xuất nhập trên phần mềm Misa đơn hàng mới, bảo hành; -Thực hiện các công việc khác theo yêu cầu của Quản lý.","DESIRED JOB: Nhân viên lái xe bằng E | SKILLS: - Có trình độ về tin học văn phòng, thành thạo sử dụng các trình duyệt, các phần mềm hỗ trợ cho việc lái xe, các phần mềm tính km di chuyển và phần mềm tính tiền. - Có thể giao tiếp tốt, nói năng lưu loát, nói tiếng phổ thông. - Có khả năng về ngoại ngữ, có thể giao tiếp được với người nước ngoài. - Có trách nhiệm với công việc được giao phó. - Sử dụng các thiết bị điều khiển trên xe một cách thành thạo. | EXP: Trên 10 năm",,,
3315,TITLE: Nhân Viên Tiếp Thị Bán Hàng Tại Kiên Giang | REQ: Nam nữ từ 24 đến 48 tuổiCó xe máy và điện thoại thông minhChấp nhận di chuyển xa một ngày 10 đến 40KM | DESC: Được hiểu là một nhân viên phát triển thị trường bán hàng & tiếp thịCó tuyến bán hàng cố định được phân công Tư vấn bán hàng đến các cửa hàng tạp hóa theo tuyến bán hàng của mìnhTheo giờ làm việc toàn thời gian cố định,"DESIRED JOB: Nhân viên lái xe hạng C | SKILLS: Khả năng chịu áp lực cao trong công việc, có thể thực hiện các công tác chuyên chở hàng hóa hàng giờ đồng hồ với quãng đường xa hoặc di chuyển xuyên đêm. Khả năng sắp xếp hàng hóa, tính toán số lượng hàng hóa Có chứng chỉ hành nghề lái xe hạng C Đảm bảo công tác lái xe an toàn Có đầy đủ Giấy phép lái xe, giấy đăng ký xe, giấy bảo hiểm và giấy chứng nhận kiểm định của xe, giấy phép lưu hành cho phương tiện. Đạt bằng loại giỏi trường Đại học Giao Thông Vận Tải ngành Kỹ Thuật vận tải | EXP: 5-10 năm",,,
2499,"TITLE: Chuyên Viên Hành Chính | REQ: - Độ tuổi phù hợp từ 25 - 32 tuổi.- Giới tính: Nam- Tối thiểu 3 năm kinh nghiệm tại vị trí tương tự trong doanh nghiệp.- Đã tốt nghiệp trình độ Đại học, cao đẳng các chuyên ngành về Nhân sự, Nguồn Nhân lực, Con người, và các ngành liên quan khác.- Thành thạo tin học văn phòng.- Có khả năng ngoại ngữ ở mức trung bình. Thành thạo ngoại ngữ là 1 lợi thế.- Là người nhiệt tình, chu đáo, cẩn thận, tỉ mỉ và biết quan sát.- Nhanh nhẹn, chăm chỉ, trung thực. | DESC: - Là đầu mối tiếp nhận và gửi đi công văn, giấy tờ của công ty.- Lưu trữ, sắp xếp thông tin công văn, giấy tờ, hợp đồng, tài liệu liên quan.- Tiếp nhận đơn xin đến muộn, về sớm, đơn xin nghỉ ốm, nghỉ phép, đơn xét tăng lương, … các loại giấy tờ công văn khác của Nhân viên trong công ty.- Theo dõi và quản lý lịch làm việc của Nhân sự trong doanh nghiệp.- Theo dõi chế độ bảo hiểm y tế, bảo hiểm xã hội cho nhân viên công ty. Tiếp nhận các nhu cầu về điều chỉnh phúc lợi, các chế độ đãi ngộ và chính sách thưởng phạt khác để đảm bảo quyền lợi của nhân viên trong công ty.- Tổ chức sinh nhật cho các thành viên của công ty trong tháng.- Giúp nhân viên mới hòa nhập với môi trường doanh nghiệp.- Cung cấp thông tin cho nhân viên mới về quyền lợi, chính sách, quy định, nghĩa vụ.","DESIRED JOB: Nhân viên thu hồi nợ , vốn | SKILLS: - Sự hiểu biết và tính ham học hỏi - Kỹ năng giao tiếp tốt (điện thoại, email…) - Dễ dàng làm quen với môi trường mới - Kỹ năng lên kế hoạch, tổ chức sắp xếp công việc. - Khả năng chịu được áp lực công việc - Làm việc độc lập và làm việc nhóm - Khả năng tìm kiếm giải pháp và lựa chọn các giải pháp tối ưu - Thành thạo tin học văn phòng - Có tầm nhìn và sự quyết đoán | EXP: 1-3 năm",,,
4916,"TITLE: Lập Trình Viên Fullstack (Đi Làm Sau Tết) | REQ: - Nam/Nữ, từ 25 đến 35 tuổi- Tốt nghiệp đại học chính quy, ngành CNTT, Điện tử viễn thông, Toán tin; Ưu tiên sinh viên tốt nghiệp trường Đại học Bách Khoa, Đại học Khoa học tự nhiên, Đại học Công nghệ, Học viện bưu chính viễn thông- Thành thạo các kỹ thuật trong .NET technology: C thăng, ASP.NET WebForms, .NET MVC ADO.NET, Webservice, XML…- Có kinh nghiệm các kỹ thuật lập trình Website: HTML, CSS, JS, Ajax, jQuery…- Hiểu biết tốt về Design pattern ( Singleton, factory … ),OOP, SOAP services, Web API- Sử dụng thành thạo các công cụ quản lý Source Code như Git, SVN…;- Thành thạo RESTful, SOAP.- Đã làm việc trên: Oracle hoặc có kinh nghiệm trên các hệ quản trị cơ sở dữ liệu khác: MSSQL server, MySQL, NonSQL…- Hiểu biết và có kinh nghiệm về xây dựng hệ thống bán hàng trực tuyến, php,java là một lợi thế- Có khả năng tự học tập, tra cứu và đọc hiểu tiếng Anh chuyên ngành- Có khả năng làm việc độc lập hoặc làm việc theo nhóm | DESC: - Tham gia phát triển sản phẩm là các hệ thống về thương mại điện tử, hệ thống Loyalty và sản phẩm khác…- Tham gia phát triển core, backend, frontend các dự án, sản phẩm của công ty.- Lập trình xây dựng sản phẩm cho các hệ thống với đối tác là các doanh nghiệp, các tổ chức hợp tác.- Lập trình, xây dựng API cho các dịch vụ của công ty theo sự phân công của trưởng bộ phận.- Công việc khác:• Phân tích thiết kế hệ thống, phân tích thiết kế CSDL.• Triển khai hệ thống, hỗ trợ dự án.","DESIRED JOB: Nhân viên lái xe bằng C | SKILLS: - Tôi tự tin rằng mình có khả năng ghi nhớ tốt đối với những quãng đường từng đi qua, bên cạnh đó nếu có yêu cầu thì cũng sẽ tìm hiểu để đáp ứng nhiệm vụ được phân công trên những tuyến đường mới - Có khả năng quan sát, điều khiển phương tiện giao thông an toàn khi làm nhiệm vụ | EXP: Trên 10 năm",,,
3229,"TITLE: Nhân viên bán hàng, nhân viên kho, nhân viên thu ngân | REQ: Cửa hàng tiện lợi cần tuyển thêm 6 nhân viên- Công việc: + Sắp xếp, kiểm tra tem, nhãn mác sản phẩm + Vệ sinh sạch sẽ, gọn gàng nơi làm việc + Trưng bày sản phẩm và đứng bán trực tiếp tại cửa hàng - Vị trí cần tuyển: + 4 nhân viên bán hàng + 1 nhân viên kho+ 1 nhân viên thu ngân - Mức lương: + Ca 4 tiếng: 3.200.000 + phụ cấp xăng xe đi lại + Ca 8 tiếng: 7.500.000 + phụ cấp xăng xe đi lại - Yêu cầu: + Độ tuổi từ 19 đến 35 tuổi + Giao tiếp tốt, tự tin, lịch sự với khách hàng cũng như các bạn nhân viên làm việc+ Không yêu cầu kĩ năng, ngoại hình hay kinh nghiệm + Đã tiêm vaccine trên 1 mũi - Quyền lợi: + Được làm việc trong môi trường sạch sẽ, thoáng mát, lịch sự+ Được nghỉ 2 ngày trong 1 tháng + Sau 2 tháng làm việc sẽ được ký kết hợp đồng lao động và được nhận đồng phục của cửa hàng + Sau 3 tháng làm việc sẽ được xem xét tăng lương từ 500.000 đến 1.500.000 và được hưởng các chế độ BHXH, BHYT + Sau 6 tháng gắn bó làm việc sẽ được hưởng lương tháng thứ 13 LIÊN HỆ TRỰC TIẾP SẼ ĐƯỢC ƯU TIÊN SẮP XẾP VÀO VỊ TRÍ MÌNH MUỐN | DESC: Cửa hàng tiện lợi cần tuyển thêm 6 nhân viên- Công việc: + Sắp xếp, kiểm tra tem, nhãn mác sản phẩm + Vệ sinh sạch sẽ, gọn gàng nơi làm việc + Trưng bày sản phẩm và đứng bán trực tiếp tại cửa hàng - Vị trí cần tuyển: + 4 nhân viên bán hàng + 1 nhân viên kho+ 1 nhân viên thu ngân - Mức lương: + Ca 4 tiếng: 3.200.000 + phụ cấp xăng xe đi lại + Ca 8 tiếng: 7.500.000 + phụ cấp xăng xe đi lại - Yêu cầu: + Độ tuổi từ 19 đến 35 tuổi + Giao tiếp tốt, tự tin, lịch sự với khách hàng cũng như các bạn nhân viên làm việc+ Không yêu cầu kĩ năng, ngoại hình hay kinh nghiệm + Đã tiêm vaccine trên 1 mũi - Quyền lợi: + Được làm việc trong môi trường sạch sẽ, thoáng mát, lịch sự+ Được nghỉ 2 ngày trong 1 tháng + Sau 2 tháng làm việc sẽ được ký kết hợp đồng lao động và được nhận đồng phục của cửa hàng + Sau 3 tháng làm việc sẽ được xem xét tăng lương từ 500.000 đến 1.500.000 và được hưởng các chế độ BHXH, BHYT + Sau 6 tháng gắn bó làm việc sẽ được hưởng lương tháng thứ 13 LIÊN HỆ TRỰC TIẾP SẼ ĐƯỢC ƯU TIÊN SẮP XẾP VÀO VỊ TRÍ MÌNH MUỐN","DESIRED JOB: Nhân viên lái xe bằng C | SKILLS: Có những kỹ năng chuyên sâu trong vấn đề chuyển giao nhận hàng vì đã có kinh nghiệm. Biết cách phục vụ khách hàng, làm hài lòng khách hàng. Có khả năng lãnh đạo, đứng đầu trong việc quản lý hàng hóa. Cẩn trọng trong từng khâu chuỗi làm việc. Hòa đồng, năng động, vui vẻ với mọi người xung quanh. | EXP: 5-10 năm",,,
4122,"TITLE: Quản Lý Nhà Hàng (Thu Nhập Lên Đến 25 Triệu) | REQ: - Yêu cầu: Tối thiểu >5 năm kinh nghiệm ở vị trí quản lý khác sạn nhà hàng lớn.- Hiểu biết sâu về ẩm thực.- Tiếng Anh giao tiếp tốt.- Thành thạo vi tính văn phòng- Kỹ năng lập kế hoạch- Kỹ năng lãnh đạo- Kỹ năng tổ chức, quản lý và giám sát công việc.- Kỹ năng phân tích, tổng hợp, báo cáo.- Kỹ năng giao tiếp.- Có khả năng chịu được áp lực cao trong công việc. | DESC: - Quản lý và chịu trách nhiệm hoạt động kinh doanh, vận hành của nhà hàng- Xây dựng các quy trình, quy định, hướng dẫn nghiệp vụ áp dụng cho nhà hàng.- Xây dựng các tiêu chuẩn về chất lượng món ăn, thức uống, phục vụ, vệ sinh…cho nhà hàng.- Quản lý nhân sự, tham gia tuyển dụng và đào tạo nhân viên nhà hàng.- Lên được định biên chi phí cost và kiểm soát doanh thu hàng tháng.- Đảm bảo chất lượng sản phẩm và chất lượng dịch vụ tại nhà hàng.- Chịu trách nhiệm giải quyết tình huống và xử lý kịp thời các phản hồi khiếu nại của khách hàng- Quản lý chặt chẽ số lượng tài sản, công cụ dụng cụ cần thiết cho vận hành nhà hàng- Triển khai, kiểm tra việc sử dụng hệ thống nhận diện thương hiệu trong nhà hàng.- Đại diện cho nhà hàng trong việc giải quyết tất cả mối quan hệ với các cơ quan nhà nước, các tổ chức..liên quan đến nhà hàng.- Báo cáo công việc định kỳ và theo yêu cầu cấp trên.- Các công việc khác theo sự phân công của cấp trên.2. Tiêu chuẩn yêu cầu:","DESIRED JOB: Nhân viên Tài Chính Ngân Hàng | SKILLS: - Trung thực, nhiệt tình, trách nhiệm. - Kỹ năng giao tiếp tốt (điện thoại, email…) - Dễ dàng làm quen với môi trường mới - Kỹ năng lên kế hoạch, tổ chức sắp xếp công việc. - Có thể chịu được công việc có nhiều áp lực - Kỹ năng làm việc nhóm hiệu quả - Biết cách phân loại vấn đề diễn ra trong quá trình xử lý công việc - Kỹ năng thao tác bàn phím tốt - Có tầm nhìn và sự quyết đoán | EXP: Dưới 1 năm",,,
2326,"TITLE: Senior Human Resource Officer | REQ: • Minimum 4 - 5 years of experience in a similar position, at least 1-2 years in the IT field.• Experienced in recruiting Tech positions.• University degree in Human Resource Management, Business Administration or related field…• Good communication & presentation skills• Good management & organization skills• Dynamic, enthusiastic, eager to learn. | DESC: • Talent Acquisition (40%)- Plan and execute the company's talent acquisition strategy- Manage and implement recruitment and selection processes (resume screening, call screening, interviews, etc.).- Develop and measure the success of recruitment procedure.- Conduct sourcing activities to fill vacant positions- Manage these candidate pools to ensure qualified candidates remain engaged in current or future opportunities.- Build long-term relationships with partner & potential candidates. - In charge of onboarding training • Employee Retention (30%)- Developing and implementing employee training programs aimed at improving employee performance on the job- Participate reviewing employee performance records to determine if employees should be terminated or promoted based on their performance- Recommending changes in employee compensation based on market data to ensure that salaries are competitive with other companies in the industry- Conducting exit interviews to identify reasons why they left the company and ways to prevent turnover in the future.- Reviewing employee complaints so that appropriate action can be taken• General tasks: (30%)- Management and implementation of labor contracts, employee records, ... other related documents.- Manage and conduct administrative tasks: office repair, electricity payment, monthly rent- Organize all engagement activities: employee birthday, teambuilding, YEP,....- Manage the office operation cost monthly• Work closely with other departments to solve problems","DESIRED JOB: Nhân viên Marketing - Thương mại điện tử | SKILLS: Kỹ năng viết lách và sử dụng ngôn từ Pr hiệu quả Kỹ năng phân tích và tổng hợp thông tin Kỹ năng giao tiếp khéo léo và luôn vui vẻ hòa đồng Kỹ năng tạo dựng những mối quan hệ Kỹ năng về ngoại ngữ với khả năng đọc, viết tiếng Anh tốt. Kỹ năng tin học văn phòng | EXP: 5-10 năm",,,
3367,"TITLE: Điều Dưỡng Viên Toàn Thời Gian (Thu nhập từ 10 triệu trở lên) | REQ: Tốt nghiệp Cao đẳng, Đại học chuyên ngành điều dưỡng (Ưu tiên ứng viên tốt nghiệp từ các trường ĐH Y HN, ĐH Điều dưỡng Nam Định, ĐH Thăng Long, CĐ Y tế Bạch Mai, CĐ Y tế Hà Nội, CĐ Quân Y…); Ứng viên đã có chứng chỉ hành nghề sẽ có nhiều ưu đãi về chế độ và cơ hội quản lý đội nhóm; | DESC: -Thực hiện các công việc chuyên môn chăm sóc bệnh nhân tại nhà bệnh nhân hoặc tại phòng khám (Các dịch vụ bao gồm: Hỗ trợ khám bệnh, tiêm truyền theo đơn, thay băng, cắt chỉ, đặt sonde, hỗ trợ thở, hút đờm dãi,…); -Hỗ trợ bác sỹ trong quá trình khám bệnh cho Khách hàng tại Phòng khám và tại nhà bệnh nhân; -Điều dưỡng viên mới ra trường sẽ được đào tạo và đăng ký thực hành với Sở Y Tế Hà Nội để cấp chứng chỉ hành nghề sau 9 tháng theo chính sách đào tạo của công ty; -Làm việc theo sự phân công và điều động của Điều dưỡng trưởng, Bác sĩ phụ trách chuyên môn kỹ thuật của Phòng khám và Ban giám đốc; -Phối hợp cùng các bộ phận khác để tiếp đón Khách hàng và triển khai các dịch vụ của Phòng khám; -Thời gian làm việc: Từ 8 giờ sáng đến 5 giờ chiều hoặc xoay ca (tùy chọn) và chế độ 06 ngày nghỉ/tháng.","DESIRED JOB: Nhân viên Lái xe hạng FE | SKILLS: + Sử dụng thành thạo các phần mềm quản lý hàng tồn kho + Có kiến thức về quy trình nhập xuất hàng tồn kho và các biên bản giấy tờ + Có kiến thức về hoạt động mua hàng và quy trình mua hàng + Tỉ mỉ, cẩn thận, không bỏ qua những chi tiết nhỏ nhất + Kỹ năng quản lý thời gian hiệu quả + Khả năng làm việc linh hoạt và có thể làm nhiều đầu việc cùng lúc + Kỹ năng phân tích và khai thác dữ liệu + Khả năng hợp tác cùng làm việc và hoạt động nhóm hiệu quả + Kỹ năng tìm kiếm nguyên nhân và giải quyết vấn đề | EXP: 5-10 năm",,,
1115,"TITLE: Video Editor (12 -15 Triệu) | REQ: - Có từ 1 năm kinh nghiệm ở vị trí tương đương- Có kinh nghiệm làm Video Motion Graphic- Thành thạo các phần mềm edit video như After Effect, Premiere,…- Sử dụng cơ bản các phần mềm thiết kế đồ họa như Photoshop, Illustrator,…- Yêu thích việc tìm tòi thấu hiểu hành vi, nhu cầu của người dùng là một lợi thế lớn- Có khiếu thẩm mỹ khá, khả năng cảm thụ âm thanh và hình ảnh tốt, tư duy thiết kế và khả năng sáng tạo- Có đam mê, yêu thích học hỏi kiến thức mới, tìm tòi các cách làm mới để phát triển bản thân và công việc | DESC: - Sản xuất Video quảng cáo theo kịch bản cho sản phẩm Mobile Apps- Phối hợp với team Marketing để theo dõi và tối ưu hiệu quả Video quảng cáo - Tham gia lên ý tưởng, xây dựng kế hoạch sản xuất Video theo chiến lược Marketing tổng thể- Tham gia đào tạo, chia sẻ chuyên môn để phát triển kỹ năng sản xuất Video của team",DESIRED JOB: bán hàng | SKILLS: Tinh thần trách nhiệm trong công việc | EXP: 3-5 năm,,,
4027,"TITLE: Vị Trí Kế Toán | REQ: - Trình độ chuyên môn: Tài chính – kế toán hoặc chuyên ngành liên quan- Sử dụng thành thạo tin học văn phòng- Ưu tiên ứng viên đã có kinh nghiệm- Biết hạch toán chi phí- Nhanh nhẹn, nhiệt tình, trung thực có chuyên môn tốt, có kỹ năng làm việc nhóm, chủ động trong công việc- Có tính kỷ luật, thái độ tốt, trách nhiệm và nghiêm túc trong công việc | DESC: - Thực hiện nghiệp vụ kế toán, lưu trữ chứng từ hóa đơn.- Theo dõi công nợ phải thu, phải trả- Theo dõi thu chi- Tính bảng lương, chế độ BHXH- Kiểm soát doanh thu- Cuối tháng làm báo cáo công nợ và doanh thu cho ban giám đốc- Các công việc hành chính khác theo yêu cầu","DESIRED JOB: Nhân viên thiết kế hệ thống điện | SKILLS: - Thân thiện và linh động trong mọi tình huống - Giao tiếp, ứng xử với mọi người tốt - Dễ dàng hòa nhập với môi trường làm việc mới - Biết quan sát, sắp xếp, quản lý tốt - Có khả năng làm việc dưới áp lực cao - Kỹ năng làm việc nhóm cũng như làm việc độc lập. - Xử lý tình huống nhanh - Thành thạo tin học văn phòng - Kỹ năng lãnh đạo tốt | EXP: 1-3 năm",,,
5264,"TITLE: nhân viên cơ khí | REQ: CÔNG TY TNHH XE ĐIỆN BLUERA VIỆT NHẬT Chi tiết công ty Nhân Viên Sản Xuất , Lao Động Phổ Thông Sau Nạn Dịch Tại Quận 9,Quận 2 CÔNG TY TNHH XE ĐIỆN BLUERA VIỆT NHẬT Lượt xem: 5455 | Ngày cập nhật: 12/02/2022(1 tháng trước) Tỉnh thành tuyển dụng: Hồ Chí Minh Quận huyện tuyển dụng: Quận 9 Địa điểm tuyển dụng: 466 Nguyễn Duy Trinh,Phường Bình Trưng Đông , Quận 2, TP Thủ Đức . Hạn nộp hồ sơ: 01/12/2022 Mức lương: 7 - 10 triệu Chat ngay Thông tin - Chức vụ: Nhân viên - Kinh nghiệm: Không yêu cầu - Hình thức làm việc: Toàn thời gian cố định - Yêu cầu bằng cấp: Không yêu cầu - Yêu cầu giới tính: Không yêu cầu - Số lượng cần tuyển: 20 ứng viên - Hoa Hồng: 10 đến 30% - Thời gian thử việc: 2 - Ngành nghề: Lao động phổ thông - Lĩnh vực: Công Nhân Mô tả công việc tuyển dụng lao động phổ thông lắp ráp ,sản xuất tại quận 2, quận 9 + mô tả công việc : thời gian từ 7h30 đến 11h30, chiều từ 1h đến 5h30 chiều chủ nhật nghỉ - công việc : lắp ráp các linh kiện , xe đạp điện môi trường an toàn, làm việc vui vẻ không áp lực - nhân viên mới được hỗ trợ học việc, được đào tạo lên nhân viên chính thức - được thăng cấp làm nhân viên cấp cao, hoặc lên chức nếu năng suất tốt và làm hiệu quả theo thang đánh giá KPI của công ty, làm việc tại số : 58 BƯNG ÔNG THOÀN, PHƯỜNG PHÚ HỮU , QUẬN 9 , TP THỦ ĐỨC + được tham gia : BHXH, BHYT và các chế độ khác theo quy định của nhà nước tốt nghiệp cấp 2 trở lên : 9/12 sức khỏe tốt, nắm bắt các công việc nhanh không có tiền án hình sự không săm trổ quá nhiều có đầy đủ giấy tờ tùy thân nếu ứng viên có kinh nghiệm về hàn, cơ khí sẽ được nâng làm vị trí quản lý, tổ trưởng hoặc vị trí tương đương nếu có năng lực | DESC: CÔNG TY TNHH XE ĐIỆN BLUERA VIỆT NHẬT Chi tiết công ty Nhân Viên Sản Xuất , Lao Động Phổ Thông Sau Nạn Dịch Tại Quận 9,Quận 2 CÔNG TY TNHH XE ĐIỆN BLUERA VIỆT NHẬT Lượt xem: 5455 | Ngày cập nhật: 12/02/2022(1 tháng trước) Tỉnh thành tuyển dụng: Hồ Chí Minh Quận huyện tuyển dụng: Quận 9 Địa điểm tuyển dụng: 466 Nguyễn Duy Trinh,Phường Bình Trưng Đông , Quận 2, TP Thủ Đức . Hạn nộp hồ sơ: 01/12/2022 Mức lương: 7 - 10 triệu Chat ngay Thông tin - Chức vụ: Nhân viên - Kinh nghiệm: Không yêu cầu - Hình thức làm việc: Toàn thời gian cố định - Yêu cầu bằng cấp: Không yêu cầu - Yêu cầu giới tính: Không yêu cầu - Số lượng cần tuyển: 20 ứng viên - Hoa Hồng: 10 đến 30% - Thời gian thử việc: 2 - Ngành nghề: Lao động phổ thông - Lĩnh vực: Công Nhân tuyển dụng lao động phổ thông lắp ráp ,sản xuất tại quận 2, quận 9 + mô tả công việc : - công việc : lắp ráp các linh kiện , xe đạp điện môi trường an toàn, làm việc vui vẻ không áp lực - nhân viên mới được hỗ trợ học việc, được đào tạo lên nhân viên chính thức - được thăng cấp làm nhân viên cấp cao, hoặc lên chức nếu năng suất tốt và làm hiệu quả theo thang đánh giá KPI của công ty, làm việc tại số : 58 BƯNG ÔNG THOÀN, PHƯỜNG PHÚ HỮU , QUẬN 9 , TP THỦ ĐỨC + được tham gia : BHXH, BHYT và các chế độ khác theo quy định của nhà nước","DESIRED JOB: Nhân viên lái xe hạng FC | SKILLS: Có chí tiến thủ đối với công việc Có khả năng đi xa, đi dài ngày, sức khỏe đảm bảo tốt cho tính chất công việc vận tải Chăm chỉ, làm việc nhiệt tình, không quản ngại khó khăn, tinh thần trách nhiệm cao, chấp hành tốt các quy định mà công ty đề ra. Thông thạo luật giao thông, thạo đường xá Tích cực giải quyết các vấn đề liên quan đến công việc Có thể tăng ca ngoài giờ làm Kiểm tra, đánh giá cẩn thận các tuyến vận chuyển đã thực hiện, chủ động rút kinh nghiệm cho các công tác sau | EXP: 5-10 năm",,,
3327,TITLE: Nhân Viên Tiếp Thị Bán Hàng Tại Kiên Giang | REQ: Nam nữ từ 24 đến 48 tuổiCó xe máy và điện thoại thông minhChấp nhận di chuyển xa một ngày 10 đến 40KM | DESC: Được hiểu là một nhân viên phát triển thị trường bán hàng & tiếp thịCó tuyến bán hàng cố định được phân công Tư vấn bán hàng đến các cửa hàng tạp hóa theo tuyến bán hàng của mìnhTheo giờ làm việc toàn thời gian cố định,"DESIRED JOB: Y học cổ truyền | SKILLS: - Thân thiện và linh động trong mọi tình huống - Giao tiếp, ứng xử với mọi người tốt - Dễ dàng làm quen với môi trường mới - Quản lý thời gian hiệu quả - Có khả năng làm việc dưới áp lực cao - Kỹ năng làm việc nhóm hiệu quả - Biết cách phân loại vấn đề diễn ra trong quá trình xử lý công việc - Kỹ năng soạn thảo văn bản, hợp đồng,… - Kỹ năng lãnh đạo tốt | EXP: 3-5 năm",,,
280,"TITLE: KẾ TOÁN TỔNG HỢP | REQ: Yêu cầu: •Trình độ cử nhân chuyên ngành kế toán, tài chính; •Nắm vững nghiệp vụ, kiến thức kế toán và thuế; •Tối thiểu 3 năm kinh nghiệm làm kế toán tổng hợp và đã từng quyết toán/ tham giá quyết toán thuế. •Sử dụng thành thạo phần mềm kế toán thông dụng (Misa…) và tin học văn phòng; •Trung thực, cẩn trọng, làm việc tỉ mỉ, bền bỉ với các con số. Các điều kiện ưu tiên khác: •Ưu tiên ứng viên đã làm tại các đơn vị hoạt động trong lĩnh vực xây dựng, nội thất có doanh thu từ 300 tỷ trở lên; •Có khả năng làm việc và thích nghi với môi trường làm việc cường độ cao •Ưu tiên nữ | DESC: : •Thu thập, xử lý thông tin, số liệu kế toán, chứng từ kế toán theo đúng chuẩn mực kế toán và các quy định của cơ quan thuế; •Lập các tờ khai, báo cáo thuế, báo cáo quyết toán, báo cáo tài chính tháng, quý, năm theo quy định; •Lập hồ sơ bảo lãnh thầu/tạm ứng/thanh toán •Lập hồ sơ vay vốn ngắn hạn, trung dài hạn và cung cấp đầy đủ hồ sơ, chứng từ theo yêu cầu của phía ngân hàng; •Theo dõi vốn vay và trả nợ vay. Quản lý hồ sơ vay vốn; •Lập báo cáo quản trị dòng tiền, doanh thu, chi phí; •Cung cấp số liệu và giải trình cho Ban Giám đốc/ Các cơ quan chức năng/ Cơ quan thuế khi có yêu cầu; •Kiểm soát, lưu trữ hồ sơ chứng từ sổ sách; •Thực hiện các công việc khác theo chỉ đạo.","DESIRED JOB: Kế toán | SKILLS: Biết lắng nghe tiếp thu ý kiến của đồng nghiệp và cấp trên Chăm chỉ, chịu khó tìm hiểu các vấn đề trong công việc và cuộc sống Tinh thần trách nhiệm trong công việc Chịu được áp lực trong công việc Hòa đồng, vui vẻ với đồng nghiệp Là một kế toán thích làm việc với con số đồng thời qua thời gian làm việc thực tiễn tôi tự tin rằng mình có khả năng quản lý cũng như sắp xếp các loại hồ sơ, sổ sách, tài liệu của công ty một cách khoa học và hợp lý nhất. Mặt khác, qua 4 năm kinh nghiệm ở vị trí kế toán tôi đã rèn luyện được các kỹ năng, ví dụ như thu thập thông tin, xử lý thông tin liên quan đến khai thuế, các loại chứng từ, hóa đơn kế toán, lập báo cáo thuế cho doanh nghiệp hay thực hiện việc liên hệ với các cơ quan có liên quan để giải quyết các vấn đề trong công việc. | EXP: 3-5 năm",,,
2943,"TITLE: Nhân viên giao nhận chăm sóc khach hàng | REQ: - Trình độ: cấp 2 trở lên - Không cần kinh nghiệm, ưu tiên sinh viên mới tốt nghiệp, công ty sẽ đào tạo miễn phí - Sử dụng Vi tính văn phòng là lợi thế - Có xe, điện thoại - Sức khỏe tốt, chăm chỉ, không ngại khó - Nam Tuổi dưới 30 tuổi | DESC: - Chăm sóc khách hàng, tư vấn phát triển thị trường ( nếu có), quản lý đơn hàng thuộc khu vực phụ trách - Giao nhận mẫu và hàng hóa: giao nhận mẫn hoặc hàng hóa thuộc khu vực TPHCM - Các công việc khác liên quan đến chuyên môn nghiệp vụ","DESIRED JOB: Nhân viên lái xe - Bằng Lái Xe Hạng B2 | SKILLS: Khả năng chịu áp lực cao trong công việc, có thể thực hiện các công tác chuyên chở hàng hóa hàng giờ đồng hồ với quãng đường xa hoặc di chuyển xuyên đêm. Khả năng sắp xếp hàng hóa, tính toán số lượng hàng hóa Có chứng chỉ hành nghề lái xe hạng B2 Đảm bảo công tác lái xe an toàn Có đầy đủ Giấy phép lái xe, giấy đăng ký xe, giấy bảo hiểm và giấy chứng nhận kiểm định của xe, giấy phép lưu hành cho phương tiện. | EXP: 5-10 năm",,,
5569,"TITLE: Quản Đốc Xưởng Dịch Vụ Ô Tô | REQ: Kinh nghiệm: Đã có kinh nghiệm làm quản lý tại các gara/xưởng sửa chữa dịch vụ.- Có khả năng tổ chức, phân công, kiểm soát chất lượng sửa chữa, hiệu quả hoạt động các tổ thợ.- Quyết đoán, tích cực, tự tin. Sức khỏe tốt.- Có định hướng mục tiêu công việc rõ ràng, thái độ tích cực, trách nhiệm, trung thực. Có nguyện vọng làm việc lâu dài tại công ty.- Có khả năng , sử dụng thành thạo vi tính văn phòng.- Ưu tiên ứng viên có kinh nghiệm quản lý tại các xưởng dịch vụ xe ô tô | DESC: Thực hiện các chủ trương, chính sách, nội qui, quy trình làm việc của Công ty và Hãng sản xuất;- Phối hợp và nhận kế hoạch sửa chữa từ Điều phối viên;- Chịu trách nhiệm tổ chức, phân công công việc, quản lý và kiểm soát thời gian lao động mỗi vị trí xưởng hợp lý.- Chịu trách nhiệm đảm bảo các hoạt động xưởng tuân thủ đúng quy trình dịch vụ, hướng dẫn, tiêu chuẩn chất lượng kỹ thuật theo quy định, tiến độ hoàn thành kế hoạch, phối hợp điều phối vị trí xe hợp lý trong xưởng, kiểm tra chất lượng sau sửa chữa, gia tăng sự hài lòng của khách hàng dịch vụ;- Chịu trách nhiệm và đảm bảo các tiêu chuẩn về môi trường và an toàn lao động. Quản lý và tổ chức thường xuyên các hoạt động 5S, PCCC, kaizen, kiểm tra bảo quản và đề xuất bảo dưỡng trang thiết bị máy móc nhà xưởng dịch vụ;- Thường xuyên tổ chức và phân công đào tạo ban đầu, hướng dẫn tại chỗ, OJT … cho nhân viên xưởng hoặc đề xuất kế hoạch mở lớp đào tạo chuyên môn tập trung;- Hỗ trợ và phối hợp với nhân viên liên quan nghiên cứu, chẩn đoán, kiểm tu, sửa chữa, giải thích, thuyết phục hoặc giải quyết các hư hỏng bảo hành/khó/thắc mắc/khiếu nại của khách hàng;- Quản lý toàn bộ cơ sở vật chất (nhà xưởng, máy móc, dụng cụ, vật tư, tài liệu…) trong phạm vi phân công phụ trách.- Thường xuyên tổ chức thu thập, thống kê phân tích các nguyên nhân gây ra các sai hỏng, thiếu xót kỹ thuật không phù hợp, chủ động cải tiến và tìm biện pháp khắc phục, phòng ngừa;- Tham mưu và đề xuất cho Lãnh đạo bộ phận các giải pháp cải tiến dịch vụ nâng cao năng suất lao động, chất lượng và năng lực cung ứng dịch vụ gia tăng hiệu quả hoạt động kinh doanh dịch vụ cho Công ty;- Ghi chép, lưu trữ và báo cáo các kết quả thực hiện hoạt động hàng tuần, tháng, quý và năm cho Lãnh đạo bộ phận;- Liên hệ và phối hợp tốt với các phòng ban có liên quan.","DESIRED JOB: Giao dịch viên ngân hàng | SKILLS: - Trung thực, nhiệt tình, trách nhiệm. - Kỹ năng giao tiếp tốt (điện thoại, email…) - Khả năng thích ứng với công việc nhanh - Kỹ năng lên kế hoạch, tổ chức sắp xếp công việc. - Có khả năng làm việc dưới áp lực cao - Kỹ năng làm việc nhóm cũng như làm việc độc lập. - Khả năng nhận diện vấn đề nhanh - Thành thạo tin học văn phòng - Khả năng truyền đạt thông tin hiệu quả | EXP: Dưới 1 năm",,,
1899,"TITLE: Python Django Developer | REQ: ● Good problem analyzing and solving skills● Good knowledge in MVC, SOAP and/or RESTful.● Good knowledge about Design patterns● Good knowledge in Restful API development.● Experience in requirement analysis, system design, Web Application Development architect● Have at least 2 years of experience in Python, with knowledge in web programming withextensive knowledge of Python web (Django).● Understanding of the threading limitations of Python, and multi-process architecture.● Good understanding of server-side templating languages (Jinja 2, Mako).● Experience in SQL/NoSQL databases and their declarative query languages● Proficient understanding of code versioning tools (Git) and git flow process.NICE TO HAVE:● Have knowledge in Micro service architecture.● Good knowledge working with system or working CI/CD tools such as Jenkins, Docker● Experience working with common third-party APIs (LINE, Stripe ... ) is a plus● Experience with some service of aws, gcp, azure ..● Experience with multiple database types such as Redis, MongoDB, ElasticSearch, etc. | DESC: ● Write effective, scalable, usable code.● Develop back-end components to improve responsiveness and overall performance.● Integrate user-facing elements into applications.● Test and debug programs.● Improve functionality of existing systems.● Implement security and data protection solutions.● Assess and prioritize feature requests.● Coordinate with internal teams to understand user requirements and provide technicalsolutions.","DESIRED JOB: Nhân viên Lái xe hạng D | SKILLS: + Kỹ năng phân tích và làm việc với những số một cách thành thạo + Hiểu biết về hóa đơn và các tác vụ với hóa đơn + Có kiến thức về hồ sơ hải quan và luật thuế hải quan + Có kinh nghiệm và kỹ năng sử dụng một số phần mềm quản lý hàng tồn kho + Có kỹ năng và kinh nghiệm quản lý phân phối + Có kiến thức và tuân thủ những nguyên tắc đảm bảo chất lượng + Cẩn thận, tỉ mỉ, có khả quan sát tốt và chú ý đến từng chi tiết nhỏ + Có kiến thức về tiếp thị, bán hàng và quy trình bán hàng + Thành thạo tin học văn phòng và sử dụng máy tính + Có kiến thức về chuỗi cung ứng và các hoạt động bán lẻ | EXP: 5-10 năm",,,
1261,"TITLE: GIÁO VIÊN CƠ HỮU | REQ: Yêu cầu ứng viên: - Tốt nghiệp chuyên ngành Tiếng Anh/ Sư phạm Tiếng Anh/ Ngôn ngữ Anh và chứng chỉ nghiệp vụ Sư phạm/TKT/TESOL (nếu có). - Có năng lực giao tiếp và xử lý tình huống tốt; | DESC: : - Dạy các lớp được phân công vào tối 246/357 (tối đa 04 lớp - tính lương ngoài giờ 110.000 VNĐ/ giờ với lớp thứ 05 trở đi) - Hỗ trợ phòng Đào tạo (nếu không có lớp dạy) - Cấp độ các lớp: Kindergarden/ Kids/ Teenagers/ Adult - Tuỳ theo năng lực phù hợp Thời gian làm việc từ 12:30-20:40 từ thứ Hai đến thứ Bảy. Địa điểm làm việc: •Đông Đô 5: B11/12 Võ Văn Vân, P. Vĩnh Lộc B, Quận Bình Chánh, TP.HCM •Tây Đô 3: 1A99 Đường Vĩnh Lộc, Xã Phạm Văn Hai, Huyện Bình Chánh, TP.HCM •Tây Đô 5: Số F6/30K Quách Điêu, Ấp 06, Xã Vĩnh Lộc A, Huyện Bình Chánh, TP.HCM","DESIRED JOB: part time | SKILLS: Có ngoại hình, vui vẻ, siêng năng, có trách nhiệm với công việcBiết lắng nghe tiếp thu ý kiến của đồng nghiệp và cấp trênChăm chỉ, chịu khó tìm hiểu các vấn đề trong công việc và cuộc sốngTinh thần trách nhiệm trong công việcChịu được áp lực trong công việcHòa đồng, vui vẻ với đồng nghiệp | EXP: Chưa có kinh nghiệm",,,
4523,"TITLE: Chuyên Gia Phát Triển Kinh Doanh - Khu Vực Hà Nội | REQ: - Trình độ: Tốt nghiệp ĐH chuyên ngành Kinh doanh, ĐTVT, CNTT- Chuyên ngành: Khối ngành kinh tế, ĐTVT, CNTT- Giới tính: Nam- Độ tuổi: >30- Kinh nghiệm và năng lực: Có kinh nghiệm kinh doanh dự án, KH doanh nghiệp.- Tính cách: Nhiệt tình, cẩn thận, tỉ mỉ. Kỹ năng:- Có tính cách cởi mở, thân thiện.- Kỹ năng ứng biến và xử lý tình huống tốt.- Kỹ năng word/exel- Khả năng làm việc độc lập- Khả năng giải quyết vấn đề- Khả năng đàm phán, giao tiếp tốt. | DESC: -. Nghiên cứu, phân tích, nắm bắt nhu cầu của khách hàng về các giải pháp giáo dục để tìm kiếm vànhận diện các cơ hội kinh doanh.- Tìm kiếm, xây dựng và phát triển mạng lưới khách hàng tiềm năng để tạo mối quan hệ hợp tác, giớithiệu các sản phẩm, giải pháp giáo dục của Công ty.- Tham mưu, tư vấn cho Ban lãnh đạo các chiến lược kinh doanh, thị trường, giải pháp, kênh phânphối. Ngoài ra, còn hỗ trợ về công tác tiêu thụ, đưa các sản phẩm của BU giáo dục tới các khách hàngtrong và ngoài nước.- Xây dựng và lên ý tưởng triển khai các sáng kiến kinh doanh, đánh giá và đo lường hiệu quả để làmcơ sở cho việc nhân rộng hoạt động của các mô hình kinh doanh.","DESIRED JOB: Thực tập sinh chứng từ/ kinh doanh xuất nhập khẩu/logistics | SKILLS: - Chăm chỉ, nhanh nhẹn, nhiệt tình, trách nhiệm - Kỹ năng thuyết trình tốt - Có khả năng thích nghi nhanh với môi trường làm việc - Kỹ năng tổ chức và quản lý công việc hiệu quả - Khả năng chịu được áp lực công việc - Kỹ năng tự chủ, nghiên cứu học hỏi tốt. - Khả năng giải quyết vấn đề linh hoạt - Sử dụng thành thạo phần mềm Microsoft Word, Excel, Power Point … - Có thể quản lý đội nhóm có nhiều thành viên | EXP: Chưa có kinh nghiệm",,,
3138,"TITLE: Kế Toán Kho | REQ: 02 năm kinh nghiệm với vị trí tương đươngTốt nghiệp Cao đẳng trở lên, các khối ngành Kế toán, Tài chính, Kinh tếSử dụng tốt Excel, nhanh nhạy với số liệu, ham học hỏiCẩn thận, tỉ mỉ, chi tiết, tinh thần trách nhiệm cao và gắn bó lâu dài với công việcCó kiến thức về kinh doanh online và thương mại điện tử là một lợi thếCó kiến thức về xuất nhập khẩu là một lợi thếBiết tiếng Anh hoặc tiếng Hoa là lợi thế | DESC: Tạo phiếu nhập, xuất, điều kho Chịu trách nhiệm số tồn trên các phần mềm và hệ thống của công ty (UPFOS, YONYOU, BRAVO)Hạch toán các nghiệp vụ liên quan đến kho lên phần mềm BRAVO, UPFOSĐối chiếu phiếu nhập xuất (bản cứng có ký tên) khớp với phiếu trên hệ thống Phụ trách rã tồn combo, tồn sàn, số tồn các hệ thốngBáo cáo tồn hằng ngày cho Kế toán trưởngVòng quay hàng tồn và các báo cáo phân tích tồn, báo cáo tức thời hoặc cố định sẽ qui định theo nhu cầu thực tế sử dụngKiểm kho thực tế, xử lý các vấn đề phát sinh (không thường xuyên - hoặc khi có yêu cầu từ Quản lý)Đối soát chi phí với Kho dịch vụ Các công việc khác theo sự hướng dẫn khác của cấp quản lý","DESIRED JOB: Nhân viên Marketing | SKILLS: - Trung thực, cẩn thận, có óc sáng tạo - Kỹ năng giao tiếp tốt (điện thoại, email…) - Khả năng thích ứng với công việc nhanh - Kỹ năng tổ chức và quản lý công việc hiệu quả - Khả năng chịu được áp lực công việc - Có khả năng xây dựng và làm việc theo đội nhóm - Khả năng nhận diện vấn đề nhanh - Kỹ năng tin học văn phòng thành thạo - Khả năng truyền cảm hứng | EXP: Dưới 1 năm",,,
2527,"TITLE: Academic Officer - English Test Prep | REQ: - Bachelor's Degree in English Pedagogy/English Linguistics from renowned universities- At least 2-year teaching experience in Test Preparation courses (e.g. TOEFL/ IELTS/TOEIC/SAT/etc)- Experience in learning course designing/lesson planning for various English courses is an advantage- IELTS 7.5+ with no band under 6.5 or equivalent- Good knowledge in educational technology tools and teaching assistance technological tools- Strong computer skills in Office tools, Gsuite tools, presentation & design platforms- A passion for high quality teaching and learning- A strong sense responsibility and attention to details | DESC: 1. Teaching materials construction- To construct and develop teaching materials (e.g., lesson plans/ presentation slides/ practice activities, etc.) following theassigned curriculum/syllabus- To ensure the quality of such teaching materials following the sets of content guidelines following each type of teachingmaterials- To build and expand extra activity banks for all course levels of each learning products2. Test materials construction- To build and categorize questions for the test bank of each assigned product following the curriculum design and testingrequirements- To make sure that the selected questions match with the assessment criteria3. Course content production- To edit/ organize/ synthesize multimedia resources for course content upload on LMS system- To categorize question lists/ activity lists/ following the curriculum design of each product- To participate in any course content production activities as requested4. Additional tasks- To support and cooperate with other academic teams as requested- To support cross-departmental assignments as requested","DESIRED JOB: Nhân viên Lái xe hạng C | SKILLS: - Muốn phấn đấu trở thành nhân viên lái xe ưu tú xuất sắc để nhận thưởng theo quy định của công ty - Muốn được nâng cao kiến thức, hoàn thiện bản thân khi tham gia làm việc ở môi trường chuyên nghiệp như công ty mình - Mong muốn sẽ tạo ra giá trị cốt lõi cho toàn công ty - Muốn được cống hiến hết mình bởi vì đây là niềm đam mê của tôi - Tôi mong muốn được gắn bó lâu dài với công ty để xây dựng sự nghiệp của bản thân một cách bền vững nhất | EXP: 1-3 năm",,,
3816,"TITLE: Nhân Viên Kế Toán Tổng Hợp Tại Mai Dịch, Cầu Giấy 12-15 Triệu (Mảng Nha/Spa) | REQ: - Tốt nghiệp Cao đẳng trở lên chuyên ngành kế toán, tài chính,…- Am hiểu Luật kinh tế, các qui phạm pháp luật liên quan đến kế toán tài chính, chế độ kế toán, các chuẩn mực kế toán, luật thuế GTGT, TNDN, TNCN,..- Sử dụng thành thạo các phần mềm kế toán liên quan (fast, misa,…), tin học văn phòng (đặc biệt là excel).- Kỹ năng tổng hợp, phân tích, đánh giá, kiểm tra.- Kỹ năng giao tiếp và giải quyết vấn đề- Khả năng tổ chức, sắp xếp và triển khai kế hoạch để thực hiện nhiệm vụ được phân công.- Có ít nhất từ 3 năm kinh nghiệm làm kế toán tổng hợp (ưu tiên ứng viên đã có kinh nghiệm trong lĩnh vực , chuỗi dịch vụ phòng khám nha/spa)- Cẩn thận, trung thực, có phẩm chất đạo đức nghề nghiệp, có ý thức chấp hành pháp luật. | DESC: - Báo cáo công việc chuyên môn, và các báo cáo kết quả công việc hàng ngày/tuần/tháng theo yêu cầu của Công ty.- Quản lý, lưu trữ chứng từ, sổ sách kế toán theo quy định.- Kiểm tra, kiểm soát đảm bảo việc hạch toán chính xác, trung thực, kịp thời, đầy đủ toàn bộ các nghiệp vụ phát sinh về tài sản - nguồn vốn của công ty.- Lập báo cáo quản trị theo yêu cầu.- Lập báo cáo tài chính, báo cáo thống kê,.. theo quy định.- Kê khai, báo cáo các loại thuế định kỳ theo quy định.- Thực hiện các công việc khác theo yêu cầu của Kế toán trưởng, Ban Giám đốc.","DESIRED JOB: Nhân viên lái xe hạng C | SKILLS: Khả năng thông thạo đường xá nhanh chóng Chăm chỉ, nhiệt tình, thực hiện công việc với thái độ nghiêm túc, có trách nhiệm, trung thực, minh bạch Nắm rõ các điều luật giao thông cũng như chú trọng tuân thủ luật giao thông Không uống rượu bia, tuyệt đối không sử dụng chất kích thích Có thể vận hành xe trên tuyến đường dài, không kể các khu vực thành phố hay địa bàn các tỉnh lân cận, vùng sâu vùng xa Có kỹ năng quản lý thời gian, quản lý tổ chức công việc tốt, dễ dàng thiết lập các mối quan hệ Tinh thần làm việc hoạt bát, chủ động giải quyết, xử lý tốt các vấn đề bất cập có thể xảy ra. | EXP: 5-10 năm",,,
3432,"TITLE: Nhân Viên Kinh Doanh Hỗ Trợ Npp | REQ: - Ưu tiên có kinh nghiệm ở vị trí nhân viên kinh doanh( chưa có kinh nghiệm sẽ được đào tạo)- Trung thực, nhanh nhẹn, nhiệt tình, có trách nhiệm với công việc- Có khả năng ăn nói, giao tiếp, đàm phán, thuyết phục- Có khả năng đi thị trường | DESC: - Chăm sóc khách hàng cũ được giao trên địa bàn- Khai thác các khách hàng mới trên địa bàn- Thúc đẩy doanh số- Tương tác và xây dựng mối quan hệ thân thiết với khách hàng- Báo cáo, kế hoạch, phương án kinh doanh- Hỗ trợ các bộ phận khác hoàn thành công việc- Thực hiện các nhiệm vụ khác theo yêu cầu của công ty","DESIRED JOB: Trợ giảng môn tiếng Anh | SKILLS: - Trung thực, nhiệt tình, trách nhiệm. - Giao tiếp, ứng xử với mọi người tốt - Có khả năng thích nghi nhanh với môi trường làm việc - Kỹ năng lên kế hoạch, tổ chức sắp xếp công việc. - Chịu được áp lực cao trong công việc - Kỹ năng làm việc nhóm hiệu quả - Khả năng nhận diện vấn đề nhanh - Thành thạo tin học văn phòng - Có thể quản lý đội nhóm có nhiều thành viên | EXP: Dưới 1 năm",,,
315,"TITLE: KẾ TOÁN TỔNG HỢP | REQ: Yêu cầu: •Trình độ cử nhân chuyên ngành kế toán, tài chính; •Nắm vững nghiệp vụ, kiến thức kế toán và thuế; •Tối thiểu 3 năm kinh nghiệm làm kế toán tổng hợp và đã từng quyết toán/ tham giá quyết toán thuế. •Sử dụng thành thạo phần mềm kế toán thông dụng (Misa…) và tin học văn phòng; •Trung thực, cẩn trọng, làm việc tỉ mỉ, bền bỉ với các con số. Các điều kiện ưu tiên khác: •Ưu tiên ứng viên đã làm tại các đơn vị hoạt động trong lĩnh vực xây dựng, nội thất có doanh thu từ 300 tỷ trở lên; •Có khả năng làm việc và thích nghi với môi trường làm việc cường độ cao •Ưu tiên nữ | DESC: : •Thu thập, xử lý thông tin, số liệu kế toán, chứng từ kế toán theo đúng chuẩn mực kế toán và các quy định của cơ quan thuế; •Lập các tờ khai, báo cáo thuế, báo cáo quyết toán, báo cáo tài chính tháng, quý, năm theo quy định; •Lập hồ sơ bảo lãnh thầu/tạm ứng/thanh toán •Lập hồ sơ vay vốn ngắn hạn, trung dài hạn và cung cấp đầy đủ hồ sơ, chứng từ theo yêu cầu của phía ngân hàng; •Theo dõi vốn vay và trả nợ vay. Quản lý hồ sơ vay vốn; •Lập báo cáo quản trị dòng tiền, doanh thu, chi phí; •Cung cấp số liệu và giải trình cho Ban Giám đốc/ Các cơ quan chức năng/ Cơ quan thuế khi có yêu cầu; •Kiểm soát, lưu trữ hồ sơ chứng từ sổ sách; •Thực hiện các công việc khác theo chỉ đạo.","DESIRED JOB: Nhân viên marketing | SKILLS: - Trung thực, cẩn thận, có óc sáng tạo - Kỹ năng thuyết trình tốt - Khả năng thích ứng với công việc nhanh - Kỹ năng lên kế hoạch, tổ chức sắp xếp công việc. - Có khả năng làm việc dưới áp lực cao - Có khả năng xây dựng và làm việc theo đội nhóm - Khả năng tìm kiếm giải pháp và lựa chọn các giải pháp tối ưu - Sử dụng thành thạo phần mềm Microsoft Word, Excel, Power Point … - Khả năng truyền cảm hứng | EXP: Dưới 1 năm",,,
2163,"TITLE: Nodejs Developer | REQ: - 3+ years in project development-Good English communication- Strong proficiency with JavaScript (CoffeeScript depending on your technology stack)- Knowledge of Node.js and frameworks available for it such as Express, StrongLoop, etc)- Understanding the nature of asynchronous programming and its quirks and workarounds- Good understanding of server-side templating languages ( Jade, EJS, etc)- Good understanding of server-side CSS preprocessors (Stylus, Less, etc)- Basic understanding of front-end technologies, such as HTML5, and CSS3- Understanding accessibility and security compliance- User authentication and authorization between multiple systems, servers, and environments- Integration of multiple data sources and databases into one system- Understanding fundamental design principles behind a scalable application- Understanding differences between multiple delivery platforms, such as mobile vs. desktop, and optimizing output to match the specific platform- Creating database schemas that represent and support business processes- Implementing automated testing platforms and unit tests- Proficient understanding of code versioning tools, such as Git- Fluent in English communication | DESC: - Integration of user-facing elements developed by front-end developers with server side logic. - Writing reusable, testable, and efficient code. - Design and implementation of low-latency, high-availability, and performant applications. - Implementation of security and data protection. - Integration of data storage solutions (databases, key-value stores, blob stores, etc.)","DESIRED JOB: Trợ giảng môn tiếng Anh | SKILLS: - Trung thực, nhiệt tình, trách nhiệm. - Giao tiếp, ứng xử với mọi người tốt - Có khả năng thích nghi nhanh với môi trường làm việc - Kỹ năng lên kế hoạch, tổ chức sắp xếp công việc. - Chịu được áp lực cao trong công việc - Kỹ năng làm việc nhóm hiệu quả - Khả năng nhận diện vấn đề nhanh - Thành thạo tin học văn phòng - Có thể quản lý đội nhóm có nhiều thành viên | EXP: Dưới 1 năm",,,
3405,"TITLE: Điều Dưỡng Viên Toàn Thời Gian (Thu nhập từ 10 triệu trở lên) | REQ: Tốt nghiệp Cao đẳng, Đại học chuyên ngành điều dưỡng (Ưu tiên ứng viên tốt nghiệp từ các trường ĐH Y HN, ĐH Điều dưỡng Nam Định, ĐH Thăng Long, CĐ Y tế Bạch Mai, CĐ Y tế Hà Nội, CĐ Quân Y…); Ứng viên đã có chứng chỉ hành nghề sẽ có nhiều ưu đãi về chế độ và cơ hội quản lý đội nhóm; | DESC: -Thực hiện các công việc chuyên môn chăm sóc bệnh nhân tại nhà bệnh nhân hoặc tại phòng khám (Các dịch vụ bao gồm: Hỗ trợ khám bệnh, tiêm truyền theo đơn, thay băng, cắt chỉ, đặt sonde, hỗ trợ thở, hút đờm dãi,…); -Hỗ trợ bác sỹ trong quá trình khám bệnh cho Khách hàng tại Phòng khám và tại nhà bệnh nhân; -Điều dưỡng viên mới ra trường sẽ được đào tạo và đăng ký thực hành với Sở Y Tế Hà Nội để cấp chứng chỉ hành nghề sau 9 tháng theo chính sách đào tạo của công ty; -Làm việc theo sự phân công và điều động của Điều dưỡng trưởng, Bác sĩ phụ trách chuyên môn kỹ thuật của Phòng khám và Ban giám đốc; -Phối hợp cùng các bộ phận khác để tiếp đón Khách hàng và triển khai các dịch vụ của Phòng khám; -Thời gian làm việc: Từ 8 giờ sáng đến 5 giờ chiều hoặc xoay ca (tùy chọn) và chế độ 06 ngày nghỉ/tháng.","DESIRED JOB: Phục vụ, Phiên dịch | SKILLS: Ngoại ngữ, làm việc nhóm, thái độ làm việcBiết lắng nghe tiếp thu ý kiến của đồng nghiệp và cấp trênChăm chỉ, chịu khó tìm hiểu các vấn đề trong công việc và cuộc sốngTinh thần trách nhiệm trong công việcChịu được áp lực trong công việcHòa đồng, vui vẻ với đồng nghiệp | EXP: Dưới 1 năm",,,
2227,"TITLE: Mobile Developer (Flutter) - HCM | REQ: Tốt nghiệp Đại Học hoặc Cao Đẳng trở lên các chuyên ngành Công nghệ thông tin.Có 1 năm kinh nghiệm trở lên làm với Flutter và ưu tiên biết về IOS Native.Có kinh nghiệm về handle với Restful API (Back-end), dùng third-party libraries.Có kiến thức tốt về OOP, Data Structures, Algorithm, tối ưu hóa hiệu suất ứng dụng Flutter.Kĩ năng giải quyết vấn đề trong công việc.Chủ động giao tiếp, giao lưu với các members trong công việc.Thành thạo về hệ thống quản lý source code Git. | DESC: Lập trình ứng dụng di động bằng Flutter cho công ty theo thiết kế.Phát triển chuyên sâu dần về công nghệ mobile và Front nói chung.Tối ưu trải nghiệm người dùng, tập trung vào tốc độ xử lý trên mobile.Tìm hiểu các framework mới, ứng dụng vào App đang phát triển.Tuân thủ quy trình và task được giao bởi leader.","DESIRED JOB: Nhân viên lái xe hạng D | SKILLS: - Năng động, hoạt bát trong các hoạt động tập thể - Kỹ năng giao tiếp linh hoạt, có khả năng thuyết trình và trình bày - Có khả năng thích nghi nhanh với môi trường làm việc - Kỹ năng tổ chức và quản lý công việc hiệu quả - Khả năng chịu được áp lực công việc - Có khả năng xây dựng và làm việc theo đội nhóm - Khả năng tìm kiếm giải pháp và lựa chọn các giải pháp tối ưu - Thành thạo tin học văn phòng - Khả năng truyền đạt thông tin hiệu quả | EXP: Trên 10 năm",,,
2956,"TITLE: Nhân viên giao nhận chăm sóc khach hàng | REQ: - Trình độ: cấp 2 trở lên - Không cần kinh nghiệm, ưu tiên sinh viên mới tốt nghiệp, công ty sẽ đào tạo miễn phí - Sử dụng Vi tính văn phòng là lợi thế - Có xe, điện thoại - Sức khỏe tốt, chăm chỉ, không ngại khó - Nam Tuổi dưới 30 tuổi | DESC: - Chăm sóc khách hàng, tư vấn phát triển thị trường ( nếu có), quản lý đơn hàng thuộc khu vực phụ trách - Giao nhận mẫu và hàng hóa: giao nhận mẫn hoặc hàng hóa thuộc khu vực TPHCM - Các công việc khác liên quan đến chuyên môn nghiệp vụ","DESIRED JOB: Nhân viên lái xe bằng D | SKILLS: - Tiếp thu tốt các kiến thức lái xe, - Có trí nhớ lâu. - Ý thức trách nhiệm tốt với khách trên xe và hàng hóa, đảm bảo an toàn cho người và hàng hóa trên xe. - Thành thạo ngôn ngữ tiếng Anh, Hàn Quốc, phục vụ tốt cho công việc với khách nước ngoài. - Có thể sử dụng các phần mềm quản lý hệ thống xe; phần mềm tính km; phần mềm tính tiền đối với xe taxi, xe dịch vụ. - Có thể sắp xếp thời gian cho công việc, có thể đi công tác theo xe lâu. - Có thể sắp xếp lịch lái xe ổn định, sẵn sàng cho công việc. - Có sức khỏe tốt để phục vụ công việc lái xe. | EXP: 5-10 năm",,,
4943,"TITLE: Lập Trình Viên Fullstack (Đi Làm Sau Tết) | REQ: - Nam/Nữ, từ 25 đến 35 tuổi- Tốt nghiệp đại học chính quy, ngành CNTT, Điện tử viễn thông, Toán tin; Ưu tiên sinh viên tốt nghiệp trường Đại học Bách Khoa, Đại học Khoa học tự nhiên, Đại học Công nghệ, Học viện bưu chính viễn thông- Thành thạo các kỹ thuật trong .NET technology: C thăng, ASP.NET WebForms, .NET MVC ADO.NET, Webservice, XML…- Có kinh nghiệm các kỹ thuật lập trình Website: HTML, CSS, JS, Ajax, jQuery…- Hiểu biết tốt về Design pattern ( Singleton, factory … ),OOP, SOAP services, Web API- Sử dụng thành thạo các công cụ quản lý Source Code như Git, SVN…;- Thành thạo RESTful, SOAP.- Đã làm việc trên: Oracle hoặc có kinh nghiệm trên các hệ quản trị cơ sở dữ liệu khác: MSSQL server, MySQL, NonSQL…- Hiểu biết và có kinh nghiệm về xây dựng hệ thống bán hàng trực tuyến, php,java là một lợi thế- Có khả năng tự học tập, tra cứu và đọc hiểu tiếng Anh chuyên ngành- Có khả năng làm việc độc lập hoặc làm việc theo nhóm | DESC: - Tham gia phát triển sản phẩm là các hệ thống về thương mại điện tử, hệ thống Loyalty và sản phẩm khác…- Tham gia phát triển core, backend, frontend các dự án, sản phẩm của công ty.- Lập trình xây dựng sản phẩm cho các hệ thống với đối tác là các doanh nghiệp, các tổ chức hợp tác.- Lập trình, xây dựng API cho các dịch vụ của công ty theo sự phân công của trưởng bộ phận.- Công việc khác:• Phân tích thiết kế hệ thống, phân tích thiết kế CSDL.• Triển khai hệ thống, hỗ trợ dự án.","DESIRED JOB: Nhân viên lái xe nâng | SKILLS: - Nắm rõ luật giao thông và luôn chấp hành nghiêm chỉnh luật giao thông khi tham gia trên đường - Luôn ý thức được hành vi của bản thân khi đang điều khiển phương tiện giao thông trên đường - Tuân thủ đúng quy định mà Nhà nước và doanh nghiệp đề ra đối với nghiệp vụ lái xe như chạy đúng tốc độ, không sử dụng rượu bia hoặc các chất kích thích khác, không lái xe khi không đủ tỉnh táo,... - Có khả năng ghi nhớ đường cực tốt, chỉ cần đi một lần là nhớ - Có tính cần cù, chăm chỉ và siêng năng trong khi làm việc - Luôn đặt công việc là ưu tiên hàng đầu - Có kỹ năng giải quyết các vấn đề phát sinh trong quá trình làm việc hiệu quả | EXP: 1-3 năm",,,
2103,"TITLE: Nodejs Developer | REQ: - 3+ years in project development-Good English communication- Strong proficiency with JavaScript (CoffeeScript depending on your technology stack)- Knowledge of Node.js and frameworks available for it such as Express, StrongLoop, etc)- Understanding the nature of asynchronous programming and its quirks and workarounds- Good understanding of server-side templating languages ( Jade, EJS, etc)- Good understanding of server-side CSS preprocessors (Stylus, Less, etc)- Basic understanding of front-end technologies, such as HTML5, and CSS3- Understanding accessibility and security compliance- User authentication and authorization between multiple systems, servers, and environments- Integration of multiple data sources and databases into one system- Understanding fundamental design principles behind a scalable application- Understanding differences between multiple delivery platforms, such as mobile vs. desktop, and optimizing output to match the specific platform- Creating database schemas that represent and support business processes- Implementing automated testing platforms and unit tests- Proficient understanding of code versioning tools, such as Git- Fluent in English communication | DESC: - Integration of user-facing elements developed by front-end developers with server side logic. - Writing reusable, testable, and efficient code. - Design and implementation of low-latency, high-availability, and performant applications. - Implementation of security and data protection. - Integration of data storage solutions (databases, key-value stores, blob stores, etc.)","DESIRED JOB: Nhân viên Marketing | SKILLS: - Trung thực, cẩn thận, có óc sáng tạo - Kỹ năng giao tiếp tốt (điện thoại, email…) - Khả năng thích ứng với công việc nhanh - Kỹ năng tổ chức và quản lý công việc hiệu quả - Khả năng chịu được áp lực công việc - Có khả năng xây dựng và làm việc theo đội nhóm - Khả năng nhận diện vấn đề nhanh - Kỹ năng tin học văn phòng thành thạo - Khả năng truyền cảm hứng | EXP: Dưới 1 năm",,,
1371,"TITLE: [QUẬN 9] - TUYỂN NV BÁN HÀNG CA HÀNH CHÍNH | REQ: Nam/nỮ từ 19 - 27 tuổi, Thân thiện, trung thực, nhiệt tình, giao tiếp tốt; Có kỹ năng excel cơ bản; KHÔNG YÊU CẦU KINH NGHIỆM, BẰNG CẤP | DESC: - LÀM VIỆC TẠI: SỐ 215 Lê Văn Viêt, Hiệp Phú, quận 9, TP Hồ Chí Minh - THỜI GIAN: 8:20 - 18:00, nghỉ trưa 1.5 tiếng, tháng có 3 ngày nghỉ Lịch sự, vui vẻ chào đón khách hàng vào thanh toán hóa đơn mua hàng; Lập và xuất hóa đơn bán hàng trên phần mềm kế toán; Nắm bắt và cập nhật nhanh các sản phẩm có trong cửa hàng; Thu tiền bán hàng, dịch vụ; Thực hiện các báo cáo liên quan đến công việc kế toán bán hàng; Bàn giao tiền và tài sản cho nhân viên thu ngân sau ca làm việc của mình; Hỗ các công việc khác theo yêu cầu cửa hàng trưởng.","DESIRED JOB: Nhân viên Lái xe hạng B2 | SKILLS: Khả năng thông thạo đường xá nhanh chóng Chăm chỉ, nhiệt tình, thực hiện công việc với thái độ nghiêm túc, có trách nhiệm, trung thực, minh bạch Nắm rõ các điều luật giao thông cũng như chú trọng tuân thủ luật giao thông Không uống rượu bia, tuyệt đối không sử dụng chất kích thích Có thể vận hành xe trên tuyến đường dài, không kể các khu vực thành phố hay địa bàn các tỉnh lân cận, vùng sâu vùng xa Có kỹ năng quản lý thời gian, quản lý tổ chức công việc tốt, dễ dàng thiết lập các mối quan hệ Tinh thần làm việc hoạt bát, chủ động giải quyết, xử lý tốt các vấn đề bất cập có thể xảy ra. | EXP: Trên 10 năm",,,
4072,"TITLE: Quản Lý Nhà Hàng (Thu Nhập Lên Đến 25 Triệu) | REQ: - Yêu cầu: Tối thiểu >5 năm kinh nghiệm ở vị trí quản lý khác sạn nhà hàng lớn.- Hiểu biết sâu về ẩm thực.- Tiếng Anh giao tiếp tốt.- Thành thạo vi tính văn phòng- Kỹ năng lập kế hoạch- Kỹ năng lãnh đạo- Kỹ năng tổ chức, quản lý và giám sát công việc.- Kỹ năng phân tích, tổng hợp, báo cáo.- Kỹ năng giao tiếp.- Có khả năng chịu được áp lực cao trong công việc. | DESC: - Quản lý và chịu trách nhiệm hoạt động kinh doanh, vận hành của nhà hàng- Xây dựng các quy trình, quy định, hướng dẫn nghiệp vụ áp dụng cho nhà hàng.- Xây dựng các tiêu chuẩn về chất lượng món ăn, thức uống, phục vụ, vệ sinh…cho nhà hàng.- Quản lý nhân sự, tham gia tuyển dụng và đào tạo nhân viên nhà hàng.- Lên được định biên chi phí cost và kiểm soát doanh thu hàng tháng.- Đảm bảo chất lượng sản phẩm và chất lượng dịch vụ tại nhà hàng.- Chịu trách nhiệm giải quyết tình huống và xử lý kịp thời các phản hồi khiếu nại của khách hàng- Quản lý chặt chẽ số lượng tài sản, công cụ dụng cụ cần thiết cho vận hành nhà hàng- Triển khai, kiểm tra việc sử dụng hệ thống nhận diện thương hiệu trong nhà hàng.- Đại diện cho nhà hàng trong việc giải quyết tất cả mối quan hệ với các cơ quan nhà nước, các tổ chức..liên quan đến nhà hàng.- Báo cáo công việc định kỳ và theo yêu cầu cấp trên.- Các công việc khác theo sự phân công của cấp trên.2. Tiêu chuẩn yêu cầu:","DESIRED JOB: Nhân viên bán hàng - Nhân viên khinh doanh | SKILLS: Biết lắng nghe tiếp thu ý kiến của đồng nghiệp và cấp trênChăm chỉ, chịu khó tìm hiểu các vấn đề trong công việc và cuộc sốngTinh thần trách nhiệm trong công việcChịu được áp lực trong công việcHòa đồng, vui vẻ với đồng nghiệp- Cẩn thận trong từng công việc và tổng kết đánh giá lại tình hình thực hiện để rút kinh nghiệm cho những nhiệm vụ sắp tới. - Có khả năng nắm bắt tâm lý đối tác để các cuộc trao đổi thông tin diễn ra thuận lợi. - Lập các báo cáo, thành thạo các kỹ năng sử dụng hàm tính toán trong Excel, làm các slide trình chiếu trên Powerpoint. - Có khả năng thuyết trình lưu loát, tự tin trước đám đông. - Có thể soạn thảo các hợp đồng và viết báo cáo công việc bằng tiếng Anh. - Biết sử dụng nhiều phần mềm tin học văn phòng chuyên nghiệp để quản lý các kế hoạch công việc được thực hiện đúng thời gian, đảm bảo tiến độ. | EXP: Chưa có kinh nghiệm",,,
742,"TITLE: Nhân Viên Quản Lý Đơn Hàng | REQ: 1. Tốt nghiệp Đại học/cao đẳng 2. Có kinh nghiệm 2 - 3 năm tại vị trí tương đương (hàng dệt kim)3. Hiểu biết kỹ lưỡng về phát triển sản phẩm và quy trình tìm nguồn cung ứng4. Có kiến thức về sản phẩm dệt may và kỹ thuật, nguyên phụ liệu.5. Khả năng đánh giá nhà cung cấp và dự báo rủi ro trong hợp tác.6. Có trách nhiệm, thành thạo kỹ năng giao tiếp, tạo dựng từng mối quan hệ và kỹ năng làm việc nhóm.7. Có khả năng làm việc với tất cả các cấp và phải có khả năng thích ứng với các phong cách làm việc khác nhau. | DESC: 1. Xây dựng kế hoạch mua theo mùa và kế hoạch chi tiết theo đơn hàng với nhà máy và nội bộ2. Phát triển mẫu mã sản phẩm3. Đảm bảo đồng bộ sản xuất đúng với kế hoạch của nhà máy4. Kiểm tra và giám sát báo giá, đàm phán giá đảm bảo tối ưu hóa giá vốn5. Trình duyệt đơn hàng/hợp đồng/phụ lục theo đúng quy trình6. Phân công và sắp xếp công việc cho các nhân viên trong team phù hợp với kế hoạch.7. Kiểm soát tiến độ hoạt động mua hàng cung ứng theo kế hoạch chung8. Triển khai theo dõi tiến độ sản xuất thực tế, xuất nguyên phụ liệu cho đơn vị gia công9. Giải quyết các vấn đề phát sinh tại nhà cung cấp về tiến độ giao hàng, quyết toán nguyên phụ liệu, hàng hóa và các khiếu nại nếu có10. Báo cáo tiến độ theo tuần, tháng, mùa của từng mã hàng","DESIRED JOB: Nhân viên lái xe bằng B2 | SKILLS: + Có khả năng thu thập, phân tích thông tin và lên kế hoạch cho chuỗi cung ứng + Khả năng thích ứng và tính linh hoạt khi làm việc với các chuỗi cung ứng + Khả năng giữ bình tĩnh dưới áp lực + Kỹ năng giải quyết vấn đề hiệu quả + Làm việc có trách nhiệm và luôn cố gắng hoàn thành công việc đúng hạn + Hiểu biết về hậu cần và chuỗi cung ứng + Liên tục tìm kiếm cải tiến quy trình cung ứng hàng hóa + Kỹ năng quản lý và theo dõi tiến độ dự án + Kỹ năng quản lý thời gian và chi phí + Có khả năng quản lý và giải tỏa căng thẳng | EXP: 5-10 năm",,,
764,"TITLE: Nhân Viên Quản Lý Đơn Hàng | REQ: 1. Tốt nghiệp Đại học/cao đẳng 2. Có kinh nghiệm 2 - 3 năm tại vị trí tương đương (hàng dệt kim)3. Hiểu biết kỹ lưỡng về phát triển sản phẩm và quy trình tìm nguồn cung ứng4. Có kiến thức về sản phẩm dệt may và kỹ thuật, nguyên phụ liệu.5. Khả năng đánh giá nhà cung cấp và dự báo rủi ro trong hợp tác.6. Có trách nhiệm, thành thạo kỹ năng giao tiếp, tạo dựng từng mối quan hệ và kỹ năng làm việc nhóm.7. Có khả năng làm việc với tất cả các cấp và phải có khả năng thích ứng với các phong cách làm việc khác nhau. | DESC: 1. Xây dựng kế hoạch mua theo mùa và kế hoạch chi tiết theo đơn hàng với nhà máy và nội bộ2. Phát triển mẫu mã sản phẩm3. Đảm bảo đồng bộ sản xuất đúng với kế hoạch của nhà máy4. Kiểm tra và giám sát báo giá, đàm phán giá đảm bảo tối ưu hóa giá vốn5. Trình duyệt đơn hàng/hợp đồng/phụ lục theo đúng quy trình6. Phân công và sắp xếp công việc cho các nhân viên trong team phù hợp với kế hoạch.7. Kiểm soát tiến độ hoạt động mua hàng cung ứng theo kế hoạch chung8. Triển khai theo dõi tiến độ sản xuất thực tế, xuất nguyên phụ liệu cho đơn vị gia công9. Giải quyết các vấn đề phát sinh tại nhà cung cấp về tiến độ giao hàng, quyết toán nguyên phụ liệu, hàng hóa và các khiếu nại nếu có10. Báo cáo tiến độ theo tuần, tháng, mùa của từng mã hàng","DESIRED JOB: Nhân viên bán hàng - Nhân viên khinh doanh | SKILLS: Biết lắng nghe tiếp thu ý kiến của đồng nghiệp và cấp trênChăm chỉ, chịu khó tìm hiểu các vấn đề trong công việc và cuộc sốngTinh thần trách nhiệm trong công việcChịu được áp lực trong công việcHòa đồng, vui vẻ với đồng nghiệp- Cẩn thận trong từng công việc và tổng kết đánh giá lại tình hình thực hiện để rút kinh nghiệm cho những nhiệm vụ sắp tới. - Có khả năng nắm bắt tâm lý đối tác để các cuộc trao đổi thông tin diễn ra thuận lợi. - Lập các báo cáo, thành thạo các kỹ năng sử dụng hàm tính toán trong Excel, làm các slide trình chiếu trên Powerpoint. - Có khả năng thuyết trình lưu loát, tự tin trước đám đông. - Có thể soạn thảo các hợp đồng và viết báo cáo công việc bằng tiếng Anh. - Biết sử dụng nhiều phần mềm tin học văn phòng chuyên nghiệp để quản lý các kế hoạch công việc được thực hiện đúng thời gian, đảm bảo tiến độ. | EXP: Chưa có kinh nghiệm",,,
285,"TITLE: KẾ TOÁN TỔNG HỢP | REQ: Yêu cầu: •Trình độ cử nhân chuyên ngành kế toán, tài chính; •Nắm vững nghiệp vụ, kiến thức kế toán và thuế; •Tối thiểu 3 năm kinh nghiệm làm kế toán tổng hợp và đã từng quyết toán/ tham giá quyết toán thuế. •Sử dụng thành thạo phần mềm kế toán thông dụng (Misa…) và tin học văn phòng; •Trung thực, cẩn trọng, làm việc tỉ mỉ, bền bỉ với các con số. Các điều kiện ưu tiên khác: •Ưu tiên ứng viên đã làm tại các đơn vị hoạt động trong lĩnh vực xây dựng, nội thất có doanh thu từ 300 tỷ trở lên; •Có khả năng làm việc và thích nghi với môi trường làm việc cường độ cao •Ưu tiên nữ | DESC: : •Thu thập, xử lý thông tin, số liệu kế toán, chứng từ kế toán theo đúng chuẩn mực kế toán và các quy định của cơ quan thuế; •Lập các tờ khai, báo cáo thuế, báo cáo quyết toán, báo cáo tài chính tháng, quý, năm theo quy định; •Lập hồ sơ bảo lãnh thầu/tạm ứng/thanh toán •Lập hồ sơ vay vốn ngắn hạn, trung dài hạn và cung cấp đầy đủ hồ sơ, chứng từ theo yêu cầu của phía ngân hàng; •Theo dõi vốn vay và trả nợ vay. Quản lý hồ sơ vay vốn; •Lập báo cáo quản trị dòng tiền, doanh thu, chi phí; •Cung cấp số liệu và giải trình cho Ban Giám đốc/ Các cơ quan chức năng/ Cơ quan thuế khi có yêu cầu; •Kiểm soát, lưu trữ hồ sơ chứng từ sổ sách; •Thực hiện các công việc khác theo chỉ đạo.","DESIRED JOB: part time | SKILLS: Có ngoại hình, vui vẻ, siêng năng, có trách nhiệm với công việcBiết lắng nghe tiếp thu ý kiến của đồng nghiệp và cấp trênChăm chỉ, chịu khó tìm hiểu các vấn đề trong công việc và cuộc sốngTinh thần trách nhiệm trong công việcChịu được áp lực trong công việcHòa đồng, vui vẻ với đồng nghiệp | EXP: Chưa có kinh nghiệm",,,
2571,"TITLE: Academic Officer - English Test Prep | REQ: - Bachelor's Degree in English Pedagogy/English Linguistics from renowned universities- At least 2-year teaching experience in Test Preparation courses (e.g. TOEFL/ IELTS/TOEIC/SAT/etc)- Experience in learning course designing/lesson planning for various English courses is an advantage- IELTS 7.5+ with no band under 6.5 or equivalent- Good knowledge in educational technology tools and teaching assistance technological tools- Strong computer skills in Office tools, Gsuite tools, presentation & design platforms- A passion for high quality teaching and learning- A strong sense responsibility and attention to details | DESC: 1. Teaching materials construction- To construct and develop teaching materials (e.g., lesson plans/ presentation slides/ practice activities, etc.) following theassigned curriculum/syllabus- To ensure the quality of such teaching materials following the sets of content guidelines following each type of teachingmaterials- To build and expand extra activity banks for all course levels of each learning products2. Test materials construction- To build and categorize questions for the test bank of each assigned product following the curriculum design and testingrequirements- To make sure that the selected questions match with the assessment criteria3. Course content production- To edit/ organize/ synthesize multimedia resources for course content upload on LMS system- To categorize question lists/ activity lists/ following the curriculum design of each product- To participate in any course content production activities as requested4. Additional tasks- To support and cooperate with other academic teams as requested- To support cross-departmental assignments as requested","DESIRED JOB: Nhân viên viết bài, lồng tiếng, viết kịch bản | SKILLS: - Có kinh nghiệm trong ngành viết lách như content, viết kịch bản, viết truyện - Có thể lồng tiếng cho nhiều nhân vật - Biết 1 chút về edit video, edit voice | EXP: 1-3 năm",,,
2156,"TITLE: Nodejs Developer | REQ: - 3+ years in project development-Good English communication- Strong proficiency with JavaScript (CoffeeScript depending on your technology stack)- Knowledge of Node.js and frameworks available for it such as Express, StrongLoop, etc)- Understanding the nature of asynchronous programming and its quirks and workarounds- Good understanding of server-side templating languages ( Jade, EJS, etc)- Good understanding of server-side CSS preprocessors (Stylus, Less, etc)- Basic understanding of front-end technologies, such as HTML5, and CSS3- Understanding accessibility and security compliance- User authentication and authorization between multiple systems, servers, and environments- Integration of multiple data sources and databases into one system- Understanding fundamental design principles behind a scalable application- Understanding differences between multiple delivery platforms, such as mobile vs. desktop, and optimizing output to match the specific platform- Creating database schemas that represent and support business processes- Implementing automated testing platforms and unit tests- Proficient understanding of code versioning tools, such as Git- Fluent in English communication | DESC: - Integration of user-facing elements developed by front-end developers with server side logic. - Writing reusable, testable, and efficient code. - Design and implementation of low-latency, high-availability, and performant applications. - Implementation of security and data protection. - Integration of data storage solutions (databases, key-value stores, blob stores, etc.)","DESIRED JOB: Nhân viên Lái xe hạng FE | SKILLS: + Sử dụng thành thạo các phần mềm quản lý hàng tồn kho + Có kiến thức về quy trình nhập xuất hàng tồn kho và các biên bản giấy tờ + Có kiến thức về hoạt động mua hàng và quy trình mua hàng + Tỉ mỉ, cẩn thận, không bỏ qua những chi tiết nhỏ nhất + Kỹ năng quản lý thời gian hiệu quả + Khả năng làm việc linh hoạt và có thể làm nhiều đầu việc cùng lúc + Kỹ năng phân tích và khai thác dữ liệu + Khả năng hợp tác cùng làm việc và hoạt động nhóm hiệu quả + Kỹ năng tìm kiếm nguyên nhân và giải quyết vấn đề | EXP: 5-10 năm",,,
3118,"TITLE: Kế Toán Kho | REQ: 02 năm kinh nghiệm với vị trí tương đươngTốt nghiệp Cao đẳng trở lên, các khối ngành Kế toán, Tài chính, Kinh tếSử dụng tốt Excel, nhanh nhạy với số liệu, ham học hỏiCẩn thận, tỉ mỉ, chi tiết, tinh thần trách nhiệm cao và gắn bó lâu dài với công việcCó kiến thức về kinh doanh online và thương mại điện tử là một lợi thếCó kiến thức về xuất nhập khẩu là một lợi thếBiết tiếng Anh hoặc tiếng Hoa là lợi thế | DESC: Tạo phiếu nhập, xuất, điều kho Chịu trách nhiệm số tồn trên các phần mềm và hệ thống của công ty (UPFOS, YONYOU, BRAVO)Hạch toán các nghiệp vụ liên quan đến kho lên phần mềm BRAVO, UPFOSĐối chiếu phiếu nhập xuất (bản cứng có ký tên) khớp với phiếu trên hệ thống Phụ trách rã tồn combo, tồn sàn, số tồn các hệ thốngBáo cáo tồn hằng ngày cho Kế toán trưởngVòng quay hàng tồn và các báo cáo phân tích tồn, báo cáo tức thời hoặc cố định sẽ qui định theo nhu cầu thực tế sử dụngKiểm kho thực tế, xử lý các vấn đề phát sinh (không thường xuyên - hoặc khi có yêu cầu từ Quản lý)Đối soát chi phí với Kho dịch vụ Các công việc khác theo sự hướng dẫn khác của cấp quản lý","DESIRED JOB: Nhân viên lái xe bằng C | SKILLS: Có khả năng nắm bắt thông tin nhanh chóng, thực hiện theo chỉ qua 1 lần quan sát. Có kỹ năng giao tiếp, đàm phán, trao đổi tốt. Có kỹ năng làm việc khoa học, phân bổ thời gian hợp lý. Có sự kiên trì tốt, chịu được áp lực công việc, luôn giữ được thái độ bình tĩnh dù trong tình huống xấu nhất. | EXP: 1-3 năm",,,
5453,"TITLE: Thực Tập Sinh Ticketing (Mảng Vé Máy Bay) | REQ: - Trình độ trung cấp trở lên.- Sử dụng thành thạo tin học văn phòng.- Kỹ năng giao tiếp, xử lý tình huống tốt.- Nhiệt tình, cầu tiến, ham học hỏi.- Ứng viên chưa có kinh nghiệm sẽ được đào tạo.- Ưu tiên các ứng viên chuyên ngành về du lịch, việt nam học,... | DESC: Tiếp nhận các cuộc gọi và tin nhắn của khách hàng qua hệ thống tổng đài, website, fanpage,... để tư vấn, giải đáp các thắc mắc của khách hàng có nhu cầu mua vé máy bay nội địa và quốc tế;Tư vấn đường bay, điểm đến tốt. Làm các thủ tục đặt chỗ, tính báo giá, xuất, hoàn hủy vé … theo mọi yêu cầu của khách hàng;Kiểm tra, nhắc nhở khách hàng về giấy tờ, các thông tin của vé như thay đổi giờ bay, thời hạn xuất vé và ngày khởi hành;Cập nhật các chính sách về giá của các hãng, các đường bay mới để tư vấn, thiết lập hành trình theo yêu cầu của khách;Cập nhật các chương trình khuyến mại, kết hợp với bộ phận khác trong công ty để có sản phẩm mới cung cấp thông tin nhanh nhất cho khách hàng.​","DESIRED JOB: Nhân viên thu hồi nợ , vốn | SKILLS: - Sự hiểu biết và tính ham học hỏi - Kỹ năng giao tiếp tốt (điện thoại, email…) - Dễ dàng làm quen với môi trường mới - Kỹ năng lên kế hoạch, tổ chức sắp xếp công việc. - Khả năng chịu được áp lực công việc - Làm việc độc lập và làm việc nhóm - Khả năng tìm kiếm giải pháp và lựa chọn các giải pháp tối ưu - Thành thạo tin học văn phòng - Có tầm nhìn và sự quyết đoán | EXP: 1-3 năm",,,
3391,"TITLE: Điều Dưỡng Viên Toàn Thời Gian (Thu nhập từ 10 triệu trở lên) | REQ: Tốt nghiệp Cao đẳng, Đại học chuyên ngành điều dưỡng (Ưu tiên ứng viên tốt nghiệp từ các trường ĐH Y HN, ĐH Điều dưỡng Nam Định, ĐH Thăng Long, CĐ Y tế Bạch Mai, CĐ Y tế Hà Nội, CĐ Quân Y…); Ứng viên đã có chứng chỉ hành nghề sẽ có nhiều ưu đãi về chế độ và cơ hội quản lý đội nhóm; | DESC: -Thực hiện các công việc chuyên môn chăm sóc bệnh nhân tại nhà bệnh nhân hoặc tại phòng khám (Các dịch vụ bao gồm: Hỗ trợ khám bệnh, tiêm truyền theo đơn, thay băng, cắt chỉ, đặt sonde, hỗ trợ thở, hút đờm dãi,…); -Hỗ trợ bác sỹ trong quá trình khám bệnh cho Khách hàng tại Phòng khám và tại nhà bệnh nhân; -Điều dưỡng viên mới ra trường sẽ được đào tạo và đăng ký thực hành với Sở Y Tế Hà Nội để cấp chứng chỉ hành nghề sau 9 tháng theo chính sách đào tạo của công ty; -Làm việc theo sự phân công và điều động của Điều dưỡng trưởng, Bác sĩ phụ trách chuyên môn kỹ thuật của Phòng khám và Ban giám đốc; -Phối hợp cùng các bộ phận khác để tiếp đón Khách hàng và triển khai các dịch vụ của Phòng khám; -Thời gian làm việc: Từ 8 giờ sáng đến 5 giờ chiều hoặc xoay ca (tùy chọn) và chế độ 06 ngày nghỉ/tháng.","DESIRED JOB: kỹ sư cơ điện tử | SKILLS: -Trung thực, cẩn thận -Quan sát, Sắp xếp, quản lý -Làm việc độc lập và làm việc nhóm | EXP: Chưa có kinh nghiệm",,,
2134,"TITLE: Nodejs Developer | REQ: - 3+ years in project development-Good English communication- Strong proficiency with JavaScript (CoffeeScript depending on your technology stack)- Knowledge of Node.js and frameworks available for it such as Express, StrongLoop, etc)- Understanding the nature of asynchronous programming and its quirks and workarounds- Good understanding of server-side templating languages ( Jade, EJS, etc)- Good understanding of server-side CSS preprocessors (Stylus, Less, etc)- Basic understanding of front-end technologies, such as HTML5, and CSS3- Understanding accessibility and security compliance- User authentication and authorization between multiple systems, servers, and environments- Integration of multiple data sources and databases into one system- Understanding fundamental design principles behind a scalable application- Understanding differences between multiple delivery platforms, such as mobile vs. desktop, and optimizing output to match the specific platform- Creating database schemas that represent and support business processes- Implementing automated testing platforms and unit tests- Proficient understanding of code versioning tools, such as Git- Fluent in English communication | DESC: - Integration of user-facing elements developed by front-end developers with server side logic. - Writing reusable, testable, and efficient code. - Design and implementation of low-latency, high-availability, and performant applications. - Implementation of security and data protection. - Integration of data storage solutions (databases, key-value stores, blob stores, etc.)","DESIRED JOB: Kỹ thuật viên | SKILLS: Vui vẻ, hòa đồng, chăm chỉ, hết mình với công việc | EXP: Chưa có kinh nghiệm",,,
613,"TITLE: Tuyển sales admin tại văn phòng | REQ: •Tốt nghiệp cao đẳng trở lên •Độ tuổi: 22t - 30t •Thái độ tốt, ham học hỏi và chủ động trong công việc •Có kinh nghiệm về Sales Admin, back office là điểm cộng | DESC: •Tiếp nhận thông tin khách hàng mới, hỗ trợ theo dõi nhu cầu của khách. •Cập nhật thông tin sản phẩm mới. •Gửi thông tin quà tặng cho khách hàng. •Theo dõi đơn hàng và tiến độ giao hàng, hỗ trợ xử lý lên đơn cho khách hàng.","DESIRED JOB: Nhân viên lái xe bằng B2 ca tối | SKILLS: - Có khả năng nhớ đường tốt chỉ cần đi một lần. - Thông thạo các tuyến đường tỉnh và đường liên tỉnh. - Tuân thủ nghiêm đối với luật giao thông đường bộ. - Có khả năng trong việc giải quyết các vấn đề xảy ra trong quá trình di chuyển. - Có thể thiết lập được các mối quan hệ với đồng nghiệp thật tốt. - Tổ chức kế hoạch công việc hiệu quả. - Sắp xếp, quản lý thời gian biểu phù hợp. | EXP: 1-3 năm",,,
3885,"TITLE: TUYỂN NHÂN VIÊN CHĂM SÓC KHÁCH HÀNG (TẠI VĂN PHÒNG) | REQ: - Không quá 40 tuổi - Yêu thích công việc tư vấn,giọng nói dễ nghe - Có tinh thần ham học tốt, có mục tiêu phấn đấu để thăng tiến, có máu kiếm tiền - Sử dụng vi tính văn phòng. | DESC: - Tư vấn, giới thiệu các sản phẩm, dịch vụ của theo data có sẵn. - Nhận đơn yêu cầu, hướng dẫn khách hàng hoàn tất thủ tục hồ sơ. - Chăm sóc khách hàng trước và sau khi giải ngân. - Thời gian làm việc: 8h30 - 5h30: Thứ 2 - Thứ 6 & sáng thứ 7 - Sẽ được đào tạo thêm trong quá trình làm việc","DESIRED JOB: Nhân viên bán hàng - Nhân viên khinh doanh | SKILLS: Biết lắng nghe tiếp thu ý kiến của đồng nghiệp và cấp trênChăm chỉ, chịu khó tìm hiểu các vấn đề trong công việc và cuộc sốngTinh thần trách nhiệm trong công việcChịu được áp lực trong công việcHòa đồng, vui vẻ với đồng nghiệp- Cẩn thận trong từng công việc và tổng kết đánh giá lại tình hình thực hiện để rút kinh nghiệm cho những nhiệm vụ sắp tới. - Có khả năng nắm bắt tâm lý đối tác để các cuộc trao đổi thông tin diễn ra thuận lợi. - Lập các báo cáo, thành thạo các kỹ năng sử dụng hàm tính toán trong Excel, làm các slide trình chiếu trên Powerpoint. - Có khả năng thuyết trình lưu loát, tự tin trước đám đông. - Có thể soạn thảo các hợp đồng và viết báo cáo công việc bằng tiếng Anh. - Biết sử dụng nhiều phần mềm tin học văn phòng chuyên nghiệp để quản lý các kế hoạch công việc được thực hiện đúng thời gian, đảm bảo tiến độ. | EXP: Chưa có kinh nghiệm",,,
628,"TITLE: Tuyển sales admin tại văn phòng | REQ: •Tốt nghiệp cao đẳng trở lên •Độ tuổi: 22t - 30t •Thái độ tốt, ham học hỏi và chủ động trong công việc •Có kinh nghiệm về Sales Admin, back office là điểm cộng | DESC: •Tiếp nhận thông tin khách hàng mới, hỗ trợ theo dõi nhu cầu của khách. •Cập nhật thông tin sản phẩm mới. •Gửi thông tin quà tặng cho khách hàng. •Theo dõi đơn hàng và tiến độ giao hàng, hỗ trợ xử lý lên đơn cho khách hàng.","DESIRED JOB: part time | SKILLS: Có ngoại hình, vui vẻ, siêng năng, có trách nhiệm với công việcBiết lắng nghe tiếp thu ý kiến của đồng nghiệp và cấp trênChăm chỉ, chịu khó tìm hiểu các vấn đề trong công việc và cuộc sốngTinh thần trách nhiệm trong công việcChịu được áp lực trong công việcHòa đồng, vui vẻ với đồng nghiệp | EXP: Chưa có kinh nghiệm",,,
3466,"TITLE: Nhân Viên Kinh Doanh Hỗ Trợ Npp | REQ: - Ưu tiên có kinh nghiệm ở vị trí nhân viên kinh doanh( chưa có kinh nghiệm sẽ được đào tạo)- Trung thực, nhanh nhẹn, nhiệt tình, có trách nhiệm với công việc- Có khả năng ăn nói, giao tiếp, đàm phán, thuyết phục- Có khả năng đi thị trường | DESC: - Chăm sóc khách hàng cũ được giao trên địa bàn- Khai thác các khách hàng mới trên địa bàn- Thúc đẩy doanh số- Tương tác và xây dựng mối quan hệ thân thiết với khách hàng- Báo cáo, kế hoạch, phương án kinh doanh- Hỗ trợ các bộ phận khác hoàn thành công việc- Thực hiện các nhiệm vụ khác theo yêu cầu của công ty","DESIRED JOB: Nhân viên lái xe hạng EFC | SKILLS: - Khả năng nhớ đường tốt, đi một lần có thể nhớ được đường, thông thạo đường Hà Nội. - Kỹ năng ghi nhớ nhanh, có thể ghi nhớ địa chỉ và tên của khách hàng. - Chăm chỉ và chịu khó. - Trung thực và đảm bảo hàng hóa còn nguyên đai, nguyên kiện, giúp shop quần áo đảm bảo được uy tín. - Kỹ năng giao tiếp với khách hàng và chủ shop. - Kỹ năng chịu được áp lực cao trong công việc, giao hàng đúng lịch hẹn bất kể nắng, mưa. - Sức khỏe tốt, nhanh nhẹn. - Biết cách ứng xử, văn minh, lịch sự với khách hàng. | EXP: Trên 10 năm",,,
3489,"TITLE: Nhân Viên Kinh Doanh Hỗ Trợ Npp | REQ: - Ưu tiên có kinh nghiệm ở vị trí nhân viên kinh doanh( chưa có kinh nghiệm sẽ được đào tạo)- Trung thực, nhanh nhẹn, nhiệt tình, có trách nhiệm với công việc- Có khả năng ăn nói, giao tiếp, đàm phán, thuyết phục- Có khả năng đi thị trường | DESC: - Chăm sóc khách hàng cũ được giao trên địa bàn- Khai thác các khách hàng mới trên địa bàn- Thúc đẩy doanh số- Tương tác và xây dựng mối quan hệ thân thiết với khách hàng- Báo cáo, kế hoạch, phương án kinh doanh- Hỗ trợ các bộ phận khác hoàn thành công việc- Thực hiện các nhiệm vụ khác theo yêu cầu của công ty","DESIRED JOB: Nhân viên kỹ thuật điện | SKILLS: - Chăm chỉ, nhanh nhẹn, nhiệt tình, trách nhiệm - Kỹ năng giao tiếp linh hoạt, có khả năng thuyết trình và trình bày - Có khả năng thích nghi nhanh với môi trường làm việc - Biết quan sát, sắp xếp, quản lý tốt - Có khả năng làm việc dưới áp lực cao - Kỹ năng làm việc nhóm cũng như làm việc độc lập. - Khả năng nhận diện vấn đề nhanh - Sử dụng cơ bản phần mềm Microsoft Word, Excel, Power Point … - Khả năng truyền đạt thông tin hiệu quả | EXP: 3-5 năm",,,
4568,"TITLE: Giáo Viên Ielts Part Time (Ielts Teacher) | REQ: - Độ tuổi: trên 23 tuổi- Trình độ học vấn: Cử nhân/ Đại học- Chứng chỉ: IELTS 7.0 đối với ứng viên không phải chuyên ngành Sư phạm tiếng Anh- Kinh nghiệm: Có kinh nghiệm giảng dạy tiếng Anh cho học sinh từ mầm non đến các cấp tiểu học và trung học là một lợi thế | DESC: - Giảng dạy chương trình IELTS theo giáo trình có sẵn của Trung tâm.- Đảm bảo theo đúng chương trình dạy, tiến trình bài giảng và chất lượng giảng dạy theo như cam kết đầu ra tại Trung tâm.- Ghi nhận, đánh giá định kỳ và báo cáo quá trình học của học sinh thường xuyên.- Tham gia hỗ trợ các sự kiện, xây dựng chương trình theo sự phân công của quản lý (nếu có)","DESIRED JOB: Nhân viên lái xe hạng C | SKILLS: Khả năng chịu áp lực cao trong công việc, có thể thực hiện các công tác chuyên chở hàng hóa hàng giờ đồng hồ với quãng đường xa hoặc di chuyển xuyên đêm. Khả năng sắp xếp hàng hóa, tính toán số lượng hàng hóa Có chứng chỉ hành nghề lái xe hạng C Đảm bảo công tác lái xe an toàn Có đầy đủ Giấy phép lái xe, giấy đăng ký xe, giấy bảo hiểm và giấy chứng nhận kiểm định của xe, giấy phép lưu hành cho phương tiện. Đạt bằng loại giỏi trường Đại học Giao Thông Vận Tải ngành Kỹ Thuật vận tải | EXP: 5-10 năm",,,
622,"TITLE: Tuyển sales admin tại văn phòng | REQ: •Tốt nghiệp cao đẳng trở lên •Độ tuổi: 22t - 30t •Thái độ tốt, ham học hỏi và chủ động trong công việc •Có kinh nghiệm về Sales Admin, back office là điểm cộng | DESC: •Tiếp nhận thông tin khách hàng mới, hỗ trợ theo dõi nhu cầu của khách. •Cập nhật thông tin sản phẩm mới. •Gửi thông tin quà tặng cho khách hàng. •Theo dõi đơn hàng và tiến độ giao hàng, hỗ trợ xử lý lên đơn cho khách hàng.","DESIRED JOB: Nhân viên lái xe hạng C | SKILLS: - Kỹ năng lắng nghe và giải quyết vấn đề hiệu quả. - Kỹ năng giao tiếp tốt (điện thoại, email…) - Dễ dàng hòa nhập với môi trường làm việc mới - Kỹ năng tổ chức và quản lý công việc hiệu quả - Chịu được áp lực cao trong công việc - Làm việc độc lập và làm việc nhóm - Khả năng tìm kiếm giải pháp và lựa chọn các giải pháp tối ưu - Kỹ năng thao tác bàn phím tốt - Có tầm nhìn và sự quyết đoán | EXP: Trên 10 năm",,,
4691,"TITLE: Tuyển Tổng Đài Viên Chăm Sóc Khách Hàng Lương 8-12 Triệu | REQ: Nam, nữ, tuổi từ 20 – 35 tuổi. Tốt nghiệp THPT trở lên. Có khả năng xử lý, giải quyết tình huống tốt. Giao tiếp tự tin, hiểu được tâm lý của Khách hàng Giọng nói: nhẹ nhàng, truyền cảm | DESC: Tổng Đài Viên tiếp nhận các cuộc gọi của khách hàng có nhu cầu về giá linh kiện điện thoại, laptop, máy tính bảng như thay màn hình, pin, vỏ máy, khung sườn, camera v.v. Tư vấn khách hàng thay thế Linh kiện laptop & Tablet, điện thoại Trả lời khách hàng qua các cổng thông tin như chat online, Zalo, mail, Facebook… Chăm sóc khách hàng định kỳ hàng tháng bằng phần mềm SMS Tiếp nhận và cung cấp thông tin về các dịch vụ chương trình khuyến mãi của công ty cho khách hàng. Tiếp nhận và phân loại các cuộc gọi, thông tin của khách hàng chuyển đến các bộ phận liên quan Tiếp nhận và xử lý thắc mắc và khiếu nại của Khách hàng qua điện thoạiTrực tiếp giải quyết phát sinh Khách hàng đang gặp phải trong quá trình trải nghiệm địch vụ của Công ty Địa Điểm làm việc : 20/28/52 Hồ Đắc Di, P. Tây Thạnh, Q. Tân Phú, TP.HCM Thời gian Từ thứ 2 đến Chủ nhật hàng tuần Ca 1: 8:00 – 16:30 Ca 2: 14:00 – 21:00 1 tháng nghỉ 2 CN và 2 ngày thường",DESIRED JOB: bán hàng | SKILLS: Tinh thần trách nhiệm trong công việc | EXP: 3-5 năm,,,
5455,"TITLE: Thực Tập Sinh Ticketing (Mảng Vé Máy Bay) | REQ: - Trình độ trung cấp trở lên.- Sử dụng thành thạo tin học văn phòng.- Kỹ năng giao tiếp, xử lý tình huống tốt.- Nhiệt tình, cầu tiến, ham học hỏi.- Ứng viên chưa có kinh nghiệm sẽ được đào tạo.- Ưu tiên các ứng viên chuyên ngành về du lịch, việt nam học,... | DESC: Tiếp nhận các cuộc gọi và tin nhắn của khách hàng qua hệ thống tổng đài, website, fanpage,... để tư vấn, giải đáp các thắc mắc của khách hàng có nhu cầu mua vé máy bay nội địa và quốc tế;Tư vấn đường bay, điểm đến tốt. Làm các thủ tục đặt chỗ, tính báo giá, xuất, hoàn hủy vé … theo mọi yêu cầu của khách hàng;Kiểm tra, nhắc nhở khách hàng về giấy tờ, các thông tin của vé như thay đổi giờ bay, thời hạn xuất vé và ngày khởi hành;Cập nhật các chính sách về giá của các hãng, các đường bay mới để tư vấn, thiết lập hành trình theo yêu cầu của khách;Cập nhật các chương trình khuyến mại, kết hợp với bộ phận khác trong công ty để có sản phẩm mới cung cấp thông tin nhanh nhất cho khách hàng.​","DESIRED JOB: Nhân viên lái xe bằng E | SKILLS: + Kỹ năng phân tích và làm việc với những số một cách thành thạo + Hiểu biết về hóa đơn và các tác vụ với hóa đơn + Có kiến thức về hồ sơ hải quan và luật thuế hải quan + Có kinh nghiệm và kỹ năng sử dụng một số phần mềm quản lý hàng tồn kho + Có kỹ năng và kinh nghiệm quản lý phân phối + Có kiến thức và tuân thủ những nguyên tắc đảm bảo chất lượng + Cẩn thận, tỉ mỉ, có khả quan sát tốt và chú ý đến từng chi tiết nhỏ + Có kiến thức về tiếp thị, bán hàng và quy trình bán hàng + Thành thạo tin học văn phòng và sử dụng máy tính + Có kiến thức về chuỗi cung ứng và các hoạt động bán lẻ | EXP: Trên 10 năm",,,
243,"TITLE: Nhân Viên Kinh Doanh (Lương Trung Bình Lên Đến 10 Triệu) Thành Phố Thủ Đức | REQ: 1. Có kinh nghiệm tư vấn chốt đơn online qua: shopee, lazada,...2. Có đam mê với việc bán hàng.3. Cầu tiến, có chí tiến thủ.4. Chăm chỉ, biết lắng nghe.5. Có khả năng làm việc nhóm6. Biết lái xe ô tô là một lợi thế | DESC: Công việc liên quan đến điện lạnh: Bán băng quấn Hàn Quốc, Máy lạnh di động 1.Tư vấn sản phẩm2. Lên đơn. Hướng dẫn khách hàng thanh toán.3.Chăm sóc lại Remarketing4. Báo cáo xuất kho hàng bán.5. Theo sát, kiểm tra đường đi của đơn hàng sau khi khách hàng mua sản phẩm, Cho đến khi khách hàng nhận và thanh toán.6. Trực và nhận điện thoại làm việc với Đơn vị vận chuyển xử lý vụ việc COD (nếu có).7. Xử lý tình huống từ chối của khách hàng sau khi mua hàng.8. Các công việc khác của một nhân viên bán hàng.","DESIRED JOB: Nhân viên lái xe hạng C | SKILLS: Khả năng chịu áp lực cao trong công việc, có thể thực hiện các công tác chuyên chở hàng hóa hàng giờ đồng hồ với quãng đường xa hoặc di chuyển xuyên đêm. Khả năng sắp xếp hàng hóa, tính toán số lượng hàng hóa Có chứng chỉ hành nghề lái xe hạng C Đảm bảo công tác lái xe an toàn Có đầy đủ Giấy phép lái xe, giấy đăng ký xe, giấy bảo hiểm và giấy chứng nhận kiểm định của xe, giấy phép lưu hành cho phương tiện. Đạt bằng loại giỏi trường Đại học Giao Thông Vận Tải ngành Kỹ Thuật vận tải | EXP: 5-10 năm",,,
2015,"TITLE: CHUYỂN CHUYÊN GIA - ĐẦU CHỦ BĐS MẢNG NHÀ PHỐ | REQ: -Tốt nghiệp THPT trở lên -Nam/nữ (từ 20 – 50 tuổi) -Có đầy đủ phương tiện làm việc: Laptop, điện thoại, xe máy,… -Có kỹ năng làm việc đội nhóm, hỗ trợ, giúp đỡ đông nghiệp -Chịu được áp lực công việc -Ưu tiên người có kinh nghiệm về BĐS, vẫn chấp nhận sinh viên mới ra trường | DESC: -Tìm kiếm, liên hệ thỏa thuận với chủ nhà để phát triển nguồn giỏ hàng BĐS cho Công ty -Giới thiệu cho khách hàng về dịch vụ mội giới của Công ty, chốt hoa hồng với chủ nhà -Làm việc theo giờ hành chính (8h30 - 7h30) -Báo cáo công việc hàng ngày cho Quản lý","DESIRED JOB: Nhân viên lái xe nâng | SKILLS: - Nắm rõ luật giao thông và luôn chấp hành nghiêm chỉnh luật giao thông khi tham gia trên đường - Luôn ý thức được hành vi của bản thân khi đang điều khiển phương tiện giao thông trên đường - Tuân thủ đúng quy định mà Nhà nước và doanh nghiệp đề ra đối với nghiệp vụ lái xe như chạy đúng tốc độ, không sử dụng rượu bia hoặc các chất kích thích khác, không lái xe khi không đủ tỉnh táo,... - Có khả năng ghi nhớ đường cực tốt, chỉ cần đi một lần là nhớ - Có tính cần cù, chăm chỉ và siêng năng trong khi làm việc - Luôn đặt công việc là ưu tiên hàng đầu - Có kỹ năng giải quyết các vấn đề phát sinh trong quá trình làm việc hiệu quả | EXP: 1-3 năm",,,
930,"TITLE: Giám Sát Bộ Phận Lễ Tân (Front Office Supervisor) | REQ: • Tốt nghiệp đại học, ưu tiên chuyên ngành quản trị kinh doanh/quản trị khách sạn, du lịch.• Tiếng Anh giao tiếp thành thạo.• Kỹ năng lãnh đạo, quản lý.• Kỹ năng xử lý tình huống tốt.• Kỹ năng đào tạo tốt.• Thành thạo các hệ thống PM của bộ phận.• Kỹ năng giao tiếp tốt.• Có kiến thức tốt về văn hóa, du lịch.• Có thái độ dịch vụ.• Tác phong nhanh nhẹn, chuyên nghiệp.• Ưu tiên ứng viên có kinh nghiệm tại vị trí tương đương tại các khách sạn từ 3 sao trở lên. | DESC: Tổ chức sắp xếp ca làm việc, giám sát công việc của nhân viên lễ tân để đảm bảo tốt nhất chất lượng dịch vụ với khách hàng.Trực tiếp thực hiện công việc của một lễ tân khi cần và hỗ trợ thu ngân kiểm soát công nợ của bộ phận.Trực tiếp giải quyết các phàn nàn của khách hàng ngoài khả năng giải quyết của nhân viên.Chăm sóc khách hàng trong suốt quá trình ở, cũng như trong quá trình check in, check out.Đảm bảo tốt nhất các dịch vụ cung cấp cho khách hàng; quản lý việc đặt phòng, đăng ký, dịch vụ khuân hành lý, gọi điện thoại và thanh toán các phí dịch vụ khác cho khách hàng.Hỗ trợ trưởng bộ phận trong việc điều hành, động viên nhân viên trong bộ phận và đạt chỉ tiêu về doanh thu của khách sạn.","DESIRED JOB: Nhân viên Lái xe hạng C | SKILLS: - Muốn phấn đấu trở thành nhân viên lái xe ưu tú xuất sắc để nhận thưởng theo quy định của công ty - Muốn được nâng cao kiến thức, hoàn thiện bản thân khi tham gia làm việc ở môi trường chuyên nghiệp như công ty mình - Mong muốn sẽ tạo ra giá trị cốt lõi cho toàn công ty - Muốn được cống hiến hết mình bởi vì đây là niềm đam mê của tôi - Tôi mong muốn được gắn bó lâu dài với công ty để xây dựng sự nghiệp của bản thân một cách bền vững nhất | EXP: 1-3 năm",,,
2291,"TITLE: Nhân Viên Sale Admin | REQ: - Có từ 1-2 năm kinh nghiệm ở vị trí tương đương. Cẩn thận, chăm chỉ, nhanh nhẹn, trách nhiệm- Tốt nghiệp Đại học, cao đẳng chuyên ngành Kế toán hoặc các ngành liên quan- Tư duy logic, có kỹ năng xử lý số liệu tốt | DESC: - Thực hiện và hỗ trợ công tác kinh doanh: Tiếp nhận và xử lý đơn hàng từ khách hàng và NVKD. Thông tin đến NVKD, Khách hàng các Chương trình tích lũy doanh số, chương trình đặc biệt, theo dõi và thúc đẩy để chương trình thực hiện hiệu quả. Cập nhật thông tin cho NVKD: thông tin sản phẩm mới, báo giá, chính sách bán hàng, chính sách nhân viên liên quan đến NVKD… Quản lý, lưu trữ và cung cấp cho NVKD các vật dụng phục vụ công việc: báo giá, catalogue, tờ rơi, hình ảnh sản phẩm, thông tin sản phẩm…- Thực hiện tiếp nhận và xử lý khiếu nại của khách hàng. Tiếp nhận mọi thông tin phản hồi từ khách hàng/đại lý qua điện thoại, thực hiện việc check các thông tin, đề xuất phương án xử lý, gửi báo cáo cho GĐKD. Là đầu mối tiếp nhận, đối soát và xử lý giấy tờ, chuyển cấp có thẩm quyền giải quyết khi cần thiết hoặc có yêu cầu.- Thực hiện công tác báo cáo kinh doanh theo yêu cầu: Báo cáo đầy đủ, đúng hạn, kịp thời về tình hình công việc cho quản lý trực tiếp và BLĐ: Doanh số, Số...","DESIRED JOB: Nhân viên lái xe hạng C | SKILLS: Khả năng thông thạo đường xá nhanh chóng Chăm chỉ, nhiệt tình, thực hiện công việc với thái độ nghiêm túc, có trách nhiệm, trung thực, minh bạch Nắm rõ các điều luật giao thông cũng như chú trọng tuân thủ luật giao thông Không uống rượu bia, tuyệt đối không sử dụng chất kích thích Có thể vận hành xe trên tuyến đường dài, không kể các khu vực thành phố hay địa bàn các tỉnh lân cận, vùng sâu vùng xa Có kỹ năng quản lý thời gian, quản lý tổ chức công việc tốt, dễ dàng thiết lập các mối quan hệ Tinh thần làm việc hoạt bát, chủ động giải quyết, xử lý tốt các vấn đề bất cập có thể xảy ra. | EXP: 5-10 năm",,,
717,"TITLE: Nhân Viên Quản Lý Đơn Hàng | REQ: 1. Tốt nghiệp Đại học/cao đẳng 2. Có kinh nghiệm 2 - 3 năm tại vị trí tương đương (hàng dệt kim)3. Hiểu biết kỹ lưỡng về phát triển sản phẩm và quy trình tìm nguồn cung ứng4. Có kiến thức về sản phẩm dệt may và kỹ thuật, nguyên phụ liệu.5. Khả năng đánh giá nhà cung cấp và dự báo rủi ro trong hợp tác.6. Có trách nhiệm, thành thạo kỹ năng giao tiếp, tạo dựng từng mối quan hệ và kỹ năng làm việc nhóm.7. Có khả năng làm việc với tất cả các cấp và phải có khả năng thích ứng với các phong cách làm việc khác nhau. | DESC: 1. Xây dựng kế hoạch mua theo mùa và kế hoạch chi tiết theo đơn hàng với nhà máy và nội bộ2. Phát triển mẫu mã sản phẩm3. Đảm bảo đồng bộ sản xuất đúng với kế hoạch của nhà máy4. Kiểm tra và giám sát báo giá, đàm phán giá đảm bảo tối ưu hóa giá vốn5. Trình duyệt đơn hàng/hợp đồng/phụ lục theo đúng quy trình6. Phân công và sắp xếp công việc cho các nhân viên trong team phù hợp với kế hoạch.7. Kiểm soát tiến độ hoạt động mua hàng cung ứng theo kế hoạch chung8. Triển khai theo dõi tiến độ sản xuất thực tế, xuất nguyên phụ liệu cho đơn vị gia công9. Giải quyết các vấn đề phát sinh tại nhà cung cấp về tiến độ giao hàng, quyết toán nguyên phụ liệu, hàng hóa và các khiếu nại nếu có10. Báo cáo tiến độ theo tuần, tháng, mùa của từng mã hàng","DESIRED JOB: Nhân viên lái xe hạng EFC | SKILLS: - Khả năng nhớ đường tốt, đi một lần có thể nhớ được đường, thông thạo đường Hà Nội. - Kỹ năng ghi nhớ nhanh, có thể ghi nhớ địa chỉ và tên của khách hàng. - Chăm chỉ và chịu khó. - Trung thực và đảm bảo hàng hóa còn nguyên đai, nguyên kiện, giúp shop quần áo đảm bảo được uy tín. - Kỹ năng giao tiếp với khách hàng và chủ shop. - Kỹ năng chịu được áp lực cao trong công việc, giao hàng đúng lịch hẹn bất kể nắng, mưa. - Sức khỏe tốt, nhanh nhẹn. - Biết cách ứng xử, văn minh, lịch sự với khách hàng. | EXP: Trên 10 năm",,,
2959,"TITLE: Nhân viên giao nhận chăm sóc khach hàng | REQ: - Trình độ: cấp 2 trở lên - Không cần kinh nghiệm, ưu tiên sinh viên mới tốt nghiệp, công ty sẽ đào tạo miễn phí - Sử dụng Vi tính văn phòng là lợi thế - Có xe, điện thoại - Sức khỏe tốt, chăm chỉ, không ngại khó - Nam Tuổi dưới 30 tuổi | DESC: - Chăm sóc khách hàng, tư vấn phát triển thị trường ( nếu có), quản lý đơn hàng thuộc khu vực phụ trách - Giao nhận mẫu và hàng hóa: giao nhận mẫn hoặc hàng hóa thuộc khu vực TPHCM - Các công việc khác liên quan đến chuyên môn nghiệp vụ","DESIRED JOB: Nhân viên Lái xe hạng B2 | SKILLS: Khả năng thông thạo đường xá nhanh chóng Chăm chỉ, nhiệt tình, thực hiện công việc với thái độ nghiêm túc, có trách nhiệm, trung thực, minh bạch Nắm rõ các điều luật giao thông cũng như chú trọng tuân thủ luật giao thông Không uống rượu bia, tuyệt đối không sử dụng chất kích thích Có thể vận hành xe trên tuyến đường dài, không kể các khu vực thành phố hay địa bàn các tỉnh lân cận, vùng sâu vùng xa Có kỹ năng quản lý thời gian, quản lý tổ chức công việc tốt, dễ dàng thiết lập các mối quan hệ Tinh thần làm việc hoạt bát, chủ động giải quyết, xử lý tốt các vấn đề bất cập có thể xảy ra. | EXP: Trên 10 năm",,,
3120,"TITLE: Kế Toán Kho | REQ: 02 năm kinh nghiệm với vị trí tương đươngTốt nghiệp Cao đẳng trở lên, các khối ngành Kế toán, Tài chính, Kinh tếSử dụng tốt Excel, nhanh nhạy với số liệu, ham học hỏiCẩn thận, tỉ mỉ, chi tiết, tinh thần trách nhiệm cao và gắn bó lâu dài với công việcCó kiến thức về kinh doanh online và thương mại điện tử là một lợi thếCó kiến thức về xuất nhập khẩu là một lợi thếBiết tiếng Anh hoặc tiếng Hoa là lợi thế | DESC: Tạo phiếu nhập, xuất, điều kho Chịu trách nhiệm số tồn trên các phần mềm và hệ thống của công ty (UPFOS, YONYOU, BRAVO)Hạch toán các nghiệp vụ liên quan đến kho lên phần mềm BRAVO, UPFOSĐối chiếu phiếu nhập xuất (bản cứng có ký tên) khớp với phiếu trên hệ thống Phụ trách rã tồn combo, tồn sàn, số tồn các hệ thốngBáo cáo tồn hằng ngày cho Kế toán trưởngVòng quay hàng tồn và các báo cáo phân tích tồn, báo cáo tức thời hoặc cố định sẽ qui định theo nhu cầu thực tế sử dụngKiểm kho thực tế, xử lý các vấn đề phát sinh (không thường xuyên - hoặc khi có yêu cầu từ Quản lý)Đối soát chi phí với Kho dịch vụ Các công việc khác theo sự hướng dẫn khác của cấp quản lý","DESIRED JOB: part time | SKILLS: Có ngoại hình, vui vẻ, siêng năng, có trách nhiệm với công việcBiết lắng nghe tiếp thu ý kiến của đồng nghiệp và cấp trênChăm chỉ, chịu khó tìm hiểu các vấn đề trong công việc và cuộc sốngTinh thần trách nhiệm trong công việcChịu được áp lực trong công việcHòa đồng, vui vẻ với đồng nghiệp | EXP: Chưa có kinh nghiệm",,,
2306,"TITLE: Nhân Viên Sale Admin | REQ: - Có từ 1-2 năm kinh nghiệm ở vị trí tương đương. Cẩn thận, chăm chỉ, nhanh nhẹn, trách nhiệm- Tốt nghiệp Đại học, cao đẳng chuyên ngành Kế toán hoặc các ngành liên quan- Tư duy logic, có kỹ năng xử lý số liệu tốt | DESC: - Thực hiện và hỗ trợ công tác kinh doanh: Tiếp nhận và xử lý đơn hàng từ khách hàng và NVKD. Thông tin đến NVKD, Khách hàng các Chương trình tích lũy doanh số, chương trình đặc biệt, theo dõi và thúc đẩy để chương trình thực hiện hiệu quả. Cập nhật thông tin cho NVKD: thông tin sản phẩm mới, báo giá, chính sách bán hàng, chính sách nhân viên liên quan đến NVKD… Quản lý, lưu trữ và cung cấp cho NVKD các vật dụng phục vụ công việc: báo giá, catalogue, tờ rơi, hình ảnh sản phẩm, thông tin sản phẩm…- Thực hiện tiếp nhận và xử lý khiếu nại của khách hàng. Tiếp nhận mọi thông tin phản hồi từ khách hàng/đại lý qua điện thoại, thực hiện việc check các thông tin, đề xuất phương án xử lý, gửi báo cáo cho GĐKD. Là đầu mối tiếp nhận, đối soát và xử lý giấy tờ, chuyển cấp có thẩm quyền giải quyết khi cần thiết hoặc có yêu cầu.- Thực hiện công tác báo cáo kinh doanh theo yêu cầu: Báo cáo đầy đủ, đúng hạn, kịp thời về tình hình công việc cho quản lý trực tiếp và BLĐ: Doanh số, Số...","DESIRED JOB: Nhân viên lái xe hạng B2 | SKILLS: - Có kỹ năng giao tiếp tốt - Khả năng tìm kiếm thông tin nhanh nhẹn, biết cách di chuyển dựa trên gợi ý của GPS - Biết cách lắng nghe và kiên nhẫn, vui tính, chăm sóc khách hàng tốt. - Luôn tuân thủ các quy định mà công ty đặt ra. | EXP: 1-3 năm",,,
1921,"TITLE: Python Django Developer | REQ: ● Good problem analyzing and solving skills● Good knowledge in MVC, SOAP and/or RESTful.● Good knowledge about Design patterns● Good knowledge in Restful API development.● Experience in requirement analysis, system design, Web Application Development architect● Have at least 2 years of experience in Python, with knowledge in web programming withextensive knowledge of Python web (Django).● Understanding of the threading limitations of Python, and multi-process architecture.● Good understanding of server-side templating languages (Jinja 2, Mako).● Experience in SQL/NoSQL databases and their declarative query languages● Proficient understanding of code versioning tools (Git) and git flow process.NICE TO HAVE:● Have knowledge in Micro service architecture.● Good knowledge working with system or working CI/CD tools such as Jenkins, Docker● Experience working with common third-party APIs (LINE, Stripe ... ) is a plus● Experience with some service of aws, gcp, azure ..● Experience with multiple database types such as Redis, MongoDB, ElasticSearch, etc. | DESC: ● Write effective, scalable, usable code.● Develop back-end components to improve responsiveness and overall performance.● Integrate user-facing elements into applications.● Test and debug programs.● Improve functionality of existing systems.● Implement security and data protection solutions.● Assess and prioritize feature requests.● Coordinate with internal teams to understand user requirements and provide technicalsolutions.","DESIRED JOB: Nhân viên lái xe hạng C | SKILLS: Khả năng chịu áp lực cao trong công việc, có thể thực hiện các công tác chuyên chở hàng hóa hàng giờ đồng hồ với quãng đường xa hoặc di chuyển xuyên đêm. Khả năng sắp xếp hàng hóa, tính toán số lượng hàng hóa Có chứng chỉ hành nghề lái xe hạng C Đảm bảo công tác lái xe an toàn Có đầy đủ Giấy phép lái xe, giấy đăng ký xe, giấy bảo hiểm và giấy chứng nhận kiểm định của xe, giấy phép lưu hành cho phương tiện. Đạt bằng loại giỏi trường Đại học Giao Thông Vận Tải ngành Kỹ Thuật vận tải | EXP: 3-5 năm",,,
5492,"TITLE: Nhân Viên Dịch Vụ Khách Hàng | REQ: - Xử lý tình huống và nắm bắt thông tin nhanh.- Thành thạo tin học văn phòng.- Kỹ năng giao tiếp, giọng nói rõ ràng, dễ nghe- Tính cách tận tâm, kiên nhẫn, vì khách hàng.- Sẵn sàng đáp ứng công việc khi có yêu cầu | DESC: – Chủ động tư vấn, khơi gợi nhu cầu tìm hiểu thông tin của khách hàng– Chăm sóc & xử lý các vấn đề phát sinh của khách hàng.– Nắm rõ thông tin về các sản phẩm, chương trình khuyến mãi, tri ân khách hàng…của phòng khám– Tham gia vận hành: quản lý đơn hàng, điều phối, theo dõi, giao nhận, thanh toán...– Quản lý, điều phối những đơn hàng đã tạo;– chi tiết hơn trong quá trình phỏng vấn","DESIRED JOB: Nhân viên lái xe hạng C | SKILLS: - Có bằng lái xe B2 - Nắm rõ các quy định về quy trình vận tải hành khách và hàng hóa, hiểu luật giao thông - Đảm bảo lái xe an toàn trên mọi hành trình - Xử lý tình huống nhanh, linh hoạt - Có sức khỏe tốt đảm bảo phục vụ công việc lái xe hiệu quả | EXP: 5-10 năm",,,
1244,"TITLE: Nhân viên kinh doanh | REQ: - Hiểu rõ khách hàng - Khả năng trông rộng - Khả năng giao tiếp- Giải quyết khó khăn- Thúc đẩy kinh doanh quản lý đất đai, có kiến thức về luật, độc lập, chuyên nghiệp, đạt đựơc doanh số, kỹ năng đàm phán thương lượng. | DESC: Là cầu nối giữa người mua và ngườI bán trong lĩnh vực đất đai Nhiệm vụ: + Phát triển danh sách đất đai bằng những xây dựng các mối quan hệ và nhắm tới những người bán tiềm năng, gặp gỡ các người bán tiềm năng trong các hoạt động địa phương. + Lập danh sách đất đai qua việc kiềm tra đất, đề nghị những việc nâng cấp có thể làm tăng khả năng bán ra; hợp tác với các nhà thẩm định để đưa ra giá bán, hoàn tất hợp đồng. + Phát triển người mua đất qua việc gặp gỡ những người muốn mua đất, chào hỏi xã giao, quảng cáo; giải đáp các yêu cầu thắc mắc. + Nắm được yêu cầu của người mua để ấn định giá; gắn kết những yêu cầu với danh sách người bán; dẫn khách đi xem đất; trình bày những lợi nhuận; xem xét lại những yêu cầu; đề nghị những thay đổi; soạn hợp đồng. + Cập nhật kiến thức công việc qua việc nắm bắt các danh sách; đi khảo sát đất đai, tham dự các khoá học; xem sách báo chuyên ngành; củng cố các mối quan hệ cá nhân. + Hoàn thành các công việc yêu cầu là hoàn thành nhiêm vụ môi giới.","DESIRED JOB: Nhân viên lái xe hạng FC | SKILLS: Có chí tiến thủ đối với công việc Có khả năng đi xa, đi dài ngày, sức khỏe đảm bảo tốt cho tính chất công việc vận tải Chăm chỉ, làm việc nhiệt tình, không quản ngại khó khăn, tinh thần trách nhiệm cao, chấp hành tốt các quy định mà công ty đề ra. Thông thạo luật giao thông, thạo đường xá Tích cực giải quyết các vấn đề liên quan đến công việc Có thể tăng ca ngoài giờ làm Kiểm tra, đánh giá cẩn thận các tuyến vận chuyển đã thực hiện, chủ động rút kinh nghiệm cho các công tác sau | EXP: 5-10 năm",,,
2208,"TITLE: Mobile Developer (Flutter) - HCM | REQ: Tốt nghiệp Đại Học hoặc Cao Đẳng trở lên các chuyên ngành Công nghệ thông tin.Có 1 năm kinh nghiệm trở lên làm với Flutter và ưu tiên biết về IOS Native.Có kinh nghiệm về handle với Restful API (Back-end), dùng third-party libraries.Có kiến thức tốt về OOP, Data Structures, Algorithm, tối ưu hóa hiệu suất ứng dụng Flutter.Kĩ năng giải quyết vấn đề trong công việc.Chủ động giao tiếp, giao lưu với các members trong công việc.Thành thạo về hệ thống quản lý source code Git. | DESC: Lập trình ứng dụng di động bằng Flutter cho công ty theo thiết kế.Phát triển chuyên sâu dần về công nghệ mobile và Front nói chung.Tối ưu trải nghiệm người dùng, tập trung vào tốc độ xử lý trên mobile.Tìm hiểu các framework mới, ứng dụng vào App đang phát triển.Tuân thủ quy trình và task được giao bởi leader.","DESIRED JOB: Nhân viên viết bài, lồng tiếng, viết kịch bản | SKILLS: - Có kinh nghiệm trong ngành viết lách như content, viết kịch bản, viết truyện - Có thể lồng tiếng cho nhiều nhân vật - Biết 1 chút về edit video, edit voice | EXP: 1-3 năm",,,
1210,"TITLE: Nhân viên kinh doanh | REQ: - Hiểu rõ khách hàng - Khả năng trông rộng - Khả năng giao tiếp- Giải quyết khó khăn- Thúc đẩy kinh doanh quản lý đất đai, có kiến thức về luật, độc lập, chuyên nghiệp, đạt đựơc doanh số, kỹ năng đàm phán thương lượng. | DESC: Là cầu nối giữa người mua và ngườI bán trong lĩnh vực đất đai Nhiệm vụ: + Phát triển danh sách đất đai bằng những xây dựng các mối quan hệ và nhắm tới những người bán tiềm năng, gặp gỡ các người bán tiềm năng trong các hoạt động địa phương. + Lập danh sách đất đai qua việc kiềm tra đất, đề nghị những việc nâng cấp có thể làm tăng khả năng bán ra; hợp tác với các nhà thẩm định để đưa ra giá bán, hoàn tất hợp đồng. + Phát triển người mua đất qua việc gặp gỡ những người muốn mua đất, chào hỏi xã giao, quảng cáo; giải đáp các yêu cầu thắc mắc. + Nắm được yêu cầu của người mua để ấn định giá; gắn kết những yêu cầu với danh sách người bán; dẫn khách đi xem đất; trình bày những lợi nhuận; xem xét lại những yêu cầu; đề nghị những thay đổi; soạn hợp đồng. + Cập nhật kiến thức công việc qua việc nắm bắt các danh sách; đi khảo sát đất đai, tham dự các khoá học; xem sách báo chuyên ngành; củng cố các mối quan hệ cá nhân. + Hoàn thành các công việc yêu cầu là hoàn thành nhiêm vụ môi giới.","DESIRED JOB: Nhân viên Lái xe hạng D | SKILLS: + Kỹ năng phân tích và làm việc với những số một cách thành thạo + Hiểu biết về hóa đơn và các tác vụ với hóa đơn + Có kiến thức về hồ sơ hải quan và luật thuế hải quan + Có kinh nghiệm và kỹ năng sử dụng một số phần mềm quản lý hàng tồn kho + Có kỹ năng và kinh nghiệm quản lý phân phối + Có kiến thức và tuân thủ những nguyên tắc đảm bảo chất lượng + Cẩn thận, tỉ mỉ, có khả quan sát tốt và chú ý đến từng chi tiết nhỏ + Có kiến thức về tiếp thị, bán hàng và quy trình bán hàng + Thành thạo tin học văn phòng và sử dụng máy tính + Có kiến thức về chuỗi cung ứng và các hoạt động bán lẻ | EXP: 5-10 năm",,,
703,"TITLE: Nhân Viên Quản Lý Đơn Hàng | REQ: 1. Tốt nghiệp Đại học/cao đẳng 2. Có kinh nghiệm 2 - 3 năm tại vị trí tương đương (hàng dệt kim)3. Hiểu biết kỹ lưỡng về phát triển sản phẩm và quy trình tìm nguồn cung ứng4. Có kiến thức về sản phẩm dệt may và kỹ thuật, nguyên phụ liệu.5. Khả năng đánh giá nhà cung cấp và dự báo rủi ro trong hợp tác.6. Có trách nhiệm, thành thạo kỹ năng giao tiếp, tạo dựng từng mối quan hệ và kỹ năng làm việc nhóm.7. Có khả năng làm việc với tất cả các cấp và phải có khả năng thích ứng với các phong cách làm việc khác nhau. | DESC: 1. Xây dựng kế hoạch mua theo mùa và kế hoạch chi tiết theo đơn hàng với nhà máy và nội bộ2. Phát triển mẫu mã sản phẩm3. Đảm bảo đồng bộ sản xuất đúng với kế hoạch của nhà máy4. Kiểm tra và giám sát báo giá, đàm phán giá đảm bảo tối ưu hóa giá vốn5. Trình duyệt đơn hàng/hợp đồng/phụ lục theo đúng quy trình6. Phân công và sắp xếp công việc cho các nhân viên trong team phù hợp với kế hoạch.7. Kiểm soát tiến độ hoạt động mua hàng cung ứng theo kế hoạch chung8. Triển khai theo dõi tiến độ sản xuất thực tế, xuất nguyên phụ liệu cho đơn vị gia công9. Giải quyết các vấn đề phát sinh tại nhà cung cấp về tiến độ giao hàng, quyết toán nguyên phụ liệu, hàng hóa và các khiếu nại nếu có10. Báo cáo tiến độ theo tuần, tháng, mùa của từng mã hàng","DESIRED JOB: Nhân viên Lái xe hạng FE | SKILLS: + Sử dụng thành thạo các phần mềm quản lý hàng tồn kho + Có kiến thức về quy trình nhập xuất hàng tồn kho và các biên bản giấy tờ + Có kiến thức về hoạt động mua hàng và quy trình mua hàng + Tỉ mỉ, cẩn thận, không bỏ qua những chi tiết nhỏ nhất + Kỹ năng quản lý thời gian hiệu quả + Khả năng làm việc linh hoạt và có thể làm nhiều đầu việc cùng lúc + Kỹ năng phân tích và khai thác dữ liệu + Khả năng hợp tác cùng làm việc và hoạt động nhóm hiệu quả + Kỹ năng tìm kiếm nguyên nhân và giải quyết vấn đề | EXP: 5-10 năm",,,
5105,"TITLE: Kỹ sư thiết kế điện | REQ: 1. Tốt nghiệp Cao đẳng trở lên chuyên ngành hệ thống điện. 2. Kinh nghiệm làm việc: Ưu tiên những ứng viên đã có kinh nghiệm về thiết kế điện nhà công nghiệp và dân dụng, chấp nhận ứng viên mới ra trường. 3. Sử dụng thành thạo các phần mềm Microsoft office, Autocad, Shopdrawing… 4. Năng động, nhiệt tình và cầu thị. Có khả năng làm việc độc lập, sẵn sàng đi công tác nếu được phân công. 5. Tiếng Anh: Đọc hiểu bản vẽ, tài liệu; giao tiếp cơ bản trở lên. | DESC: - Thiết kế hệ thống điện nhà công nghiệp và dân dụng, Trạm biến áp ….- Tính toán khối lượng vật tư thi công; - Triển khai thực hiện vẽ Shopdrawing…… - Thực hiện các công tác khác theo sự phân công của quản lý trực tiếp.","DESIRED JOB: Nhân viên kỹ thuật điện- điện tự động, chuyên viên lập trình | SKILLS: + Có khả năng lắng nghe người khác, tư duy làm việc nhóm tốt + Cầu toàn và tỉ mỉ trong công việc + Có chứng chỉ tin học nâng cao + Là người điềm tĩnh, bắt nhịp nhanh với môi trường mới, không ngại khó khăn trong việc giải quyết các vấn đề phát sinh. + Có kinh nghiệm 02 năm đi làm tại các công ty thuộc lĩnh vực kỹ thuật điện - điện tử học + Sử dụng cơ bản phần mềm Autocad và Revit + Có khả năng tốt trong việc tư vấn giám sát và báo cáo công việc | EXP: Chưa có kinh nghiệm",,,
5367,"TITLE: Chuyên Viên Tư Vấn Bảo Hiểm Nhân Thọ Toàn Thời Gian - Kênh Pruventure [Hà Nội] | REQ: - Tuổi từ 24 - 39- Tốt nghiệp Cao Đẳng, Đại Học- Từng là nhân viên kinh doanh/ tư vấn viên với ít nhất từ 1 năm kinh nghiệm trong các ngành: Bảo Hiểm, Tài Chính Ngân Hàng, Bất Động Sản, Du Lịch,...- Định hướng phát triển lâu dài đối với lĩnh vực Bảo hiểm nhân thọ- Kỹ năng giao tiếp, tư vấn thuyết phục khách hàng tốt- Ngoại hình ưa nhìn, tác phong chuyên nghiệp, năng động, nhiệt huyết và tinh thần ham học hỏi, cầu tiến trong sự nghiệp | DESC: PRUVenture là một dự án được phát triển bởi tập đoàn đa quốc gia Prudential. Tại đây, chúng tôi đã đào tạo một lực lượng PRUPlanner - Chuyên viên hoạch định tài chính tại Pruventure. Dành cho những ứng viên có tham vọng trở thành chủ doanh nghiệp thành đạt hoặc chuyên viên Hoạch Định Tài chính Cấp Cao trong ngành Bảo Hiểm Nhân Thọ đầy tiềm năng tại Việt Nam, mong muốn phát triển thương hiệu bản thân và làm chủ tài chính của mình.1. Tham gia các hoạt động kinh doanh/đào tạo- Tư vấn và thiết kế giải pháp tài chính/ bảo hiểm- Thiết lập kế hoạch kinh doanh đảm bảo hoàn thành chỉ tiêu hàng tháng, hàng quý dưới sự hỗ trợ từ Quản lý kinh doanh và đồng nghiệp- Tham gia các hoạt động Training, Coaching, Teamwork2. Chăm sóc khách hàng- Đảm bảo chất lượng dịch vụ, xây dựng mối quan hệ bền chặt, tốt đẹp với khách hàng- Xử lý khách hàng khiếu nại và yêu cầu với hướng dẫn của công ty để đảm bảo sự hài lòng của khách hàng","DESIRED JOB: Nhân viên viễn thông | SKILLS: - Sự hiểu biết và tính ham học hỏi - Kỹ năng giao tiếp linh hoạt, có khả năng thuyết trình và trình bày - Khả năng thích ứng với công việc nhanh - Kỹ năng tổ chức và quản lý công việc hiệu quả - Khả năng chịu được áp lực công việc - Làm việc độc lập và làm việc nhóm - Xử lý tình huống nhanh - Kỹ năng tin học văn phòng thành thạo - Có thể quản lý đội nhóm có nhiều thành viên | EXP: Chưa có kinh nghiệm",,,
4049,"TITLE: Vị Trí Kế Toán | REQ: - Trình độ chuyên môn: Tài chính – kế toán hoặc chuyên ngành liên quan- Sử dụng thành thạo tin học văn phòng- Ưu tiên ứng viên đã có kinh nghiệm- Biết hạch toán chi phí- Nhanh nhẹn, nhiệt tình, trung thực có chuyên môn tốt, có kỹ năng làm việc nhóm, chủ động trong công việc- Có tính kỷ luật, thái độ tốt, trách nhiệm và nghiêm túc trong công việc | DESC: - Thực hiện nghiệp vụ kế toán, lưu trữ chứng từ hóa đơn.- Theo dõi công nợ phải thu, phải trả- Theo dõi thu chi- Tính bảng lương, chế độ BHXH- Kiểm soát doanh thu- Cuối tháng làm báo cáo công nợ và doanh thu cho ban giám đốc- Các công việc hành chính khác theo yêu cầu","DESIRED JOB: Kế toán | SKILLS: Biết lắng nghe tiếp thu ý kiến của đồng nghiệp và cấp trên Chăm chỉ, chịu khó tìm hiểu các vấn đề trong công việc và cuộc sống Tinh thần trách nhiệm trong công việc Chịu được áp lực trong công việc Hòa đồng, vui vẻ với đồng nghiệp Là một kế toán thích làm việc với con số đồng thời qua thời gian làm việc thực tiễn tôi tự tin rằng mình có khả năng quản lý cũng như sắp xếp các loại hồ sơ, sổ sách, tài liệu của công ty một cách khoa học và hợp lý nhất. Mặt khác, qua 4 năm kinh nghiệm ở vị trí kế toán tôi đã rèn luyện được các kỹ năng, ví dụ như thu thập thông tin, xử lý thông tin liên quan đến khai thuế, các loại chứng từ, hóa đơn kế toán, lập báo cáo thuế cho doanh nghiệp hay thực hiện việc liên hệ với các cơ quan có liên quan để giải quyết các vấn đề trong công việc. | EXP: 3-5 năm",,,
1375,"TITLE: [QUẬN 9] - TUYỂN NV BÁN HÀNG CA HÀNH CHÍNH | REQ: Nam/nỮ từ 19 - 27 tuổi, Thân thiện, trung thực, nhiệt tình, giao tiếp tốt; Có kỹ năng excel cơ bản; KHÔNG YÊU CẦU KINH NGHIỆM, BẰNG CẤP | DESC: - LÀM VIỆC TẠI: SỐ 215 Lê Văn Viêt, Hiệp Phú, quận 9, TP Hồ Chí Minh - THỜI GIAN: 8:20 - 18:00, nghỉ trưa 1.5 tiếng, tháng có 3 ngày nghỉ Lịch sự, vui vẻ chào đón khách hàng vào thanh toán hóa đơn mua hàng; Lập và xuất hóa đơn bán hàng trên phần mềm kế toán; Nắm bắt và cập nhật nhanh các sản phẩm có trong cửa hàng; Thu tiền bán hàng, dịch vụ; Thực hiện các báo cáo liên quan đến công việc kế toán bán hàng; Bàn giao tiền và tài sản cho nhân viên thu ngân sau ca làm việc của mình; Hỗ các công việc khác theo yêu cầu cửa hàng trưởng.","DESIRED JOB: Thực tập sinh chứng từ/ kinh doanh xuất nhập khẩu/logistics | SKILLS: - Chăm chỉ, nhanh nhẹn, nhiệt tình, trách nhiệm - Kỹ năng thuyết trình tốt - Có khả năng thích nghi nhanh với môi trường làm việc - Kỹ năng tổ chức và quản lý công việc hiệu quả - Khả năng chịu được áp lực công việc - Kỹ năng tự chủ, nghiên cứu học hỏi tốt. - Khả năng giải quyết vấn đề linh hoạt - Sử dụng thành thạo phần mềm Microsoft Word, Excel, Power Point … - Có thể quản lý đội nhóm có nhiều thành viên | EXP: Chưa có kinh nghiệm",,,
2160,"TITLE: Nodejs Developer | REQ: - 3+ years in project development-Good English communication- Strong proficiency with JavaScript (CoffeeScript depending on your technology stack)- Knowledge of Node.js and frameworks available for it such as Express, StrongLoop, etc)- Understanding the nature of asynchronous programming and its quirks and workarounds- Good understanding of server-side templating languages ( Jade, EJS, etc)- Good understanding of server-side CSS preprocessors (Stylus, Less, etc)- Basic understanding of front-end technologies, such as HTML5, and CSS3- Understanding accessibility and security compliance- User authentication and authorization between multiple systems, servers, and environments- Integration of multiple data sources and databases into one system- Understanding fundamental design principles behind a scalable application- Understanding differences between multiple delivery platforms, such as mobile vs. desktop, and optimizing output to match the specific platform- Creating database schemas that represent and support business processes- Implementing automated testing platforms and unit tests- Proficient understanding of code versioning tools, such as Git- Fluent in English communication | DESC: - Integration of user-facing elements developed by front-end developers with server side logic. - Writing reusable, testable, and efficient code. - Design and implementation of low-latency, high-availability, and performant applications. - Implementation of security and data protection. - Integration of data storage solutions (databases, key-value stores, blob stores, etc.)","DESIRED JOB: Kỹ sư trắc địa | SKILLS: - Sự hiểu biết và tính ham học hỏi - Kỹ năng thuyết trình tốt - Khả năng thích ứng với công việc nhanh - Có khả năng quản lý, sắp xếp khối lượng công việc lớn - Có khả năng làm việc dưới áp lực cao - Có khả năng xây dựng và làm việc theo đội nhóm - Khả năng nhận diện vấn đề nhanh - Kỹ năng thao tác bàn phím tốt - Khả năng giải quyết vấn đề linh hoạt | EXP: Trên 10 năm",,,
573,"TITLE: Tuyển sales admin tại văn phòng | REQ: •Tốt nghiệp cao đẳng trở lên •Độ tuổi: 22t - 30t •Thái độ tốt, ham học hỏi và chủ động trong công việc •Có kinh nghiệm về Sales Admin, back office là điểm cộng | DESC: •Tiếp nhận thông tin khách hàng mới, hỗ trợ theo dõi nhu cầu của khách. •Cập nhật thông tin sản phẩm mới. •Gửi thông tin quà tặng cho khách hàng. •Theo dõi đơn hàng và tiến độ giao hàng, hỗ trợ xử lý lên đơn cho khách hàng.","DESIRED JOB: Nhân viên bảo trì điện | SKILLS: - Trung thực, cẩn thận, có óc sáng tạo - Kỹ năng giao tiếp linh hoạt, có khả năng thuyết trình và trình bày - Có khả năng thích nghi nhanh với môi trường làm việc - Quản lý thời gian hiệu quả - Khả năng chịu được áp lực công việc - Kỹ năng làm việc nhóm tốt. - Xử lý tình huống nhanh - Kỹ năng soạn thảo văn bản, hợp đồng,… - Kỹ năng lãnh đạo tốt | EXP: 3-5 năm",,,
2347,"TITLE: Senior Human Resource Officer | REQ: • Minimum 4 - 5 years of experience in a similar position, at least 1-2 years in the IT field.• Experienced in recruiting Tech positions.• University degree in Human Resource Management, Business Administration or related field…• Good communication & presentation skills• Good management & organization skills• Dynamic, enthusiastic, eager to learn. | DESC: • Talent Acquisition (40%)- Plan and execute the company's talent acquisition strategy- Manage and implement recruitment and selection processes (resume screening, call screening, interviews, etc.).- Develop and measure the success of recruitment procedure.- Conduct sourcing activities to fill vacant positions- Manage these candidate pools to ensure qualified candidates remain engaged in current or future opportunities.- Build long-term relationships with partner & potential candidates. - In charge of onboarding training • Employee Retention (30%)- Developing and implementing employee training programs aimed at improving employee performance on the job- Participate reviewing employee performance records to determine if employees should be terminated or promoted based on their performance- Recommending changes in employee compensation based on market data to ensure that salaries are competitive with other companies in the industry- Conducting exit interviews to identify reasons why they left the company and ways to prevent turnover in the future.- Reviewing employee complaints so that appropriate action can be taken• General tasks: (30%)- Management and implementation of labor contracts, employee records, ... other related documents.- Manage and conduct administrative tasks: office repair, electricity payment, monthly rent- Organize all engagement activities: employee birthday, teambuilding, YEP,....- Manage the office operation cost monthly• Work closely with other departments to solve problems","DESIRED JOB: Nhân viên lái xe hạng C | SKILLS: Khả năng chịu áp lực cao trong công việc, có thể thực hiện các công tác chuyên chở hàng hóa hàng giờ đồng hồ với quãng đường xa hoặc di chuyển xuyên đêm. Khả năng sắp xếp hàng hóa, tính toán số lượng hàng hóa Có chứng chỉ hành nghề lái xe hạng C Đảm bảo công tác lái xe an toàn Có đầy đủ Giấy phép lái xe, giấy đăng ký xe, giấy bảo hiểm và giấy chứng nhận kiểm định của xe, giấy phép lưu hành cho phương tiện. Đạt bằng loại giỏi trường Đại học Giao Thông Vận Tải ngành Kỹ Thuật vận tải | EXP: 5-10 năm",,,
1728,"TITLE: Trade Marketing (Nam, 12 - 18 Triệu) | REQ: - Tốt nghiệp tối thiểu Cao đẳng chuyên nghành Marketing; - Quản trị Kinh doanh hoăc các chuyên nghành liên quan. - Từ 1-3 năm kinh nghiệm tại vị trí ứng tuyển. - Ưu tiên ứng viên có kinh nghiệm làm việc tại các chuỗi kinh doanh bán lẻ; tài chính;.... - Kỹ năng giao tiếp, xử lý tình huống và tương tác tốt. - Trung thực, tận tâm, biết lắng nghe, sẻ chia cùng khách hàng và đồng nghiệp. | DESC: - Lập kế hoạch Trade marketing theo năm/quý/tháng và cho từng chiến dịch: kế hoạch khuyến mãi, hỗ trợ điểm bán,…- Khảo sát khách hàng, đối thủ cạnh tranh thuộc phạm vị phụ trách. - Triển khai các hoạt động khuyến mãi & Chủ động theo dõi tình hình kinh doanh tại các phòng giao dịch (PGD) thuôc phạm vi phụ trách; báo cáo nhanh các trường hợp: đối thủ cạnh tranh có chương trình mới, doanh số PGD tăng / giảm bất thường,... - Phân tích đánh giá hiệu quả bán hàng, hiệu quả truyền thông của các chương trình truyền thông/khuyến mãi trong năm- Quản lý các công cụ để thực hiện triển khai theo kế hoạch- Đưa ra các đề xuất cho các chương trình xây dựng thương hiệu, marketing và hệ thống bán hàng- Quản lý và kiểm soát việc vận hành các hoạt động quảng cáo, truyền thông, in ấn, thiết kế theo đúng nhận diện thương hiệu, đảm bảo tính thống nhất thương hiệu đã được thông qua- Đề xuất, lập kế hoạch, quản lý và triển khai báo cáo, đánh giá hiệu quả sử dụng các vật dụng chăm sóc khách hàng, POSM định kỳ: poster, standee, banner,…- Phối hợp và tổ chức nghiên cứu thị trường, đối thủ cạnh tranh: chính sách giá, chương trình bán hàng,… tại các kênh, các hoạt động xúc tiến bán hàng,… phục vụ cho việc xây dựng kế hoạch, chiến lược Trade marketing- Phối hợp với các PGD thuộc hệ thống Công ty và Team Marketing triển khai Roadshow/Event","DESIRED JOB: Nhân viên lái xe hạng C | SKILLS: - Muốn phấn đấu trở thành nhân viên lái xe ưu tú xuất sắc để nhận thưởng theo quy định của công ty - Muốn được nâng cao kiến thức, hoàn thiện bản thân khi tham gia làm việc ở môi trường chuyên nghiệp như công ty mình - Mong muốn sẽ tạo ra giá trị cốt lõi cho toàn công ty - Muốn được cống hiến hết mình bởi vì đây là niềm đam mê của tôi - Tôi mong muốn được gắn bó lâu dài với công ty để xây dựng sự nghiệp của bản thân một cách bền vững nhất | EXP: 3-5 năm",,,
411,"TITLE: Nhân Viên Mua Hàng Vật Tư | REQ: Tốt nghiệp từ cao đẳng trở lên, chuyên ngành kinh tế/ kỹ thuậtCó kinh nghiệm từ 1 năm trở lên làm việc mua hàng vật tư cơ điện, xây dựngKỹ năng giao tiếp nhanh nhẹn, kỹ năng đàm phán, thương lượngSử dụng thành thạo tin học văn phòng, | DESC: Tìm kiếm, liên hệ NCC đặt mua vật tư, thiết bị cho công trường quản lý theo kế hoạch Làm hồ sơ thanh toán theo quy trìnhCung cấp báo giá vật tư cho phòng ban liên quanGiải quyết các vấn đề liên quan đến công tác đặt hàngBáo cáo tiến độ mua hàng theo yêu cầuThực hiện các công việc khác theo yêu cầu từ trưởng phòng mua hàng, chi tiết trao đổi qua buổi phỏng vấn","DESIRED JOB: Nhân viên hành chính văn phòng | SKILLS: - Trung thực, cẩn thận, có óc sáng tạo - Kỹ năng giao tiếp linh hoạt, có khả năng thuyết trình và trình bày - Dễ dàng hòa nhập với môi trường làm việc mới - Kỹ năng tổ chức và quản lý công việc hiệu quả - Có khả năng làm việc dưới áp lực cao - Kỹ năng làm việc nhóm hiệu quả - Biết cách phân loại vấn đề diễn ra trong quá trình xử lý công việc - Kỹ năng soạn thảo văn bản, hợp đồng,… - Khả năng truyền cảm hứng | EXP: Dưới 1 năm",,,
3943,"TITLE: Nhân Viên Tư Vấn Tuyển Sinh | REQ: – Tư vấn các khoá học qua các hình thức: trực tiếp tại trung tâm, kênh online, điện thoại, …– Cập nhật học phí, thu học phí học viên tại Trung tâm, gửi thông báo và điện thoại nhắc phí, làm thông tin khóa học khi lên khóa và lên cấp độ– Hỗ trợ Testing, kiểm tra trình độ đầu vào– Xếp lịch kiểm tra hằng tuần, theo dõi điểm số chất lượng và thông báo đến Phụ huynh– Hỗ trợ chi nhánh và Schooling– Giải đáp thắc mắc phụ huynh liên quan đến Trung tâm– Và một số công việc khác theo phân công của Trưởng chi nhánh. | DESC: – Trình độ: Cao đẳng trở lên– Kinh nghiệm: ưu tiên ứng viên có kinh nghiệm trong lĩnh vực dịch vụ khách hàng– Có khả năng giao tiếp tiếng Anh– Kỹ năng: giải quyết vấn đề, chăm sóc khách hàng, nhanh nhẹn, nhiệt tình, có tinh thần học hỏi chịu khó","DESIRED JOB: Nhân viên lái xe bằng E | SKILLS: + Kỹ năng phân tích và làm việc với những số một cách thành thạo + Hiểu biết về hóa đơn và các tác vụ với hóa đơn + Có kiến thức về hồ sơ hải quan và luật thuế hải quan + Có kinh nghiệm và kỹ năng sử dụng một số phần mềm quản lý hàng tồn kho + Có kỹ năng và kinh nghiệm quản lý phân phối + Có kiến thức và tuân thủ những nguyên tắc đảm bảo chất lượng + Cẩn thận, tỉ mỉ, có khả quan sát tốt và chú ý đến từng chi tiết nhỏ + Có kiến thức về tiếp thị, bán hàng và quy trình bán hàng + Thành thạo tin học văn phòng và sử dụng máy tính + Có kiến thức về chuỗi cung ứng và các hoạt động bán lẻ | EXP: Trên 10 năm",,,
2313,"TITLE: Senior Human Resource Officer | REQ: • Minimum 4 - 5 years of experience in a similar position, at least 1-2 years in the IT field.• Experienced in recruiting Tech positions.• University degree in Human Resource Management, Business Administration or related field…• Good communication & presentation skills• Good management & organization skills• Dynamic, enthusiastic, eager to learn. | DESC: • Talent Acquisition (40%)- Plan and execute the company's talent acquisition strategy- Manage and implement recruitment and selection processes (resume screening, call screening, interviews, etc.).- Develop and measure the success of recruitment procedure.- Conduct sourcing activities to fill vacant positions- Manage these candidate pools to ensure qualified candidates remain engaged in current or future opportunities.- Build long-term relationships with partner & potential candidates. - In charge of onboarding training • Employee Retention (30%)- Developing and implementing employee training programs aimed at improving employee performance on the job- Participate reviewing employee performance records to determine if employees should be terminated or promoted based on their performance- Recommending changes in employee compensation based on market data to ensure that salaries are competitive with other companies in the industry- Conducting exit interviews to identify reasons why they left the company and ways to prevent turnover in the future.- Reviewing employee complaints so that appropriate action can be taken• General tasks: (30%)- Management and implementation of labor contracts, employee records, ... other related documents.- Manage and conduct administrative tasks: office repair, electricity payment, monthly rent- Organize all engagement activities: employee birthday, teambuilding, YEP,....- Manage the office operation cost monthly• Work closely with other departments to solve problems","DESIRED JOB: Nhân viên | SKILLS: Biết lắng nghe tiếp thu ý kiến của đồng nghiệp và cấp trênChăm chỉ, chịu khó tìm hiểu các vấn đề trong công việc và cuộc sốngTinh thần trách nhiệm trong công việcChịu được áp lực trong công việcHòa đồng, vui vẻ với đồng nghiệpBản thân em tuy chưa có nhiều kinh nghiệm thực tiễn và chưa được làm việc trong môi trường chuyên nghiệp nhưng em đã có kinh nghiệm tham gia các cuộc thi trong thời điểm còn là sinh viên. Một trong những điểm yếu bản thân em sẽ cố gắng khắc phục là khả năng ngoại ngữ còn chưa ổn. Em sẽ cố gắng khắc phục vấn đề này để phục vụ công việc một cách tốt nhất. | EXP: Dưới 1 năm",,,
1255,"TITLE: Nhân viên kinh doanh | REQ: - Hiểu rõ khách hàng - Khả năng trông rộng - Khả năng giao tiếp- Giải quyết khó khăn- Thúc đẩy kinh doanh quản lý đất đai, có kiến thức về luật, độc lập, chuyên nghiệp, đạt đựơc doanh số, kỹ năng đàm phán thương lượng. | DESC: Là cầu nối giữa người mua và ngườI bán trong lĩnh vực đất đai Nhiệm vụ: + Phát triển danh sách đất đai bằng những xây dựng các mối quan hệ và nhắm tới những người bán tiềm năng, gặp gỡ các người bán tiềm năng trong các hoạt động địa phương. + Lập danh sách đất đai qua việc kiềm tra đất, đề nghị những việc nâng cấp có thể làm tăng khả năng bán ra; hợp tác với các nhà thẩm định để đưa ra giá bán, hoàn tất hợp đồng. + Phát triển người mua đất qua việc gặp gỡ những người muốn mua đất, chào hỏi xã giao, quảng cáo; giải đáp các yêu cầu thắc mắc. + Nắm được yêu cầu của người mua để ấn định giá; gắn kết những yêu cầu với danh sách người bán; dẫn khách đi xem đất; trình bày những lợi nhuận; xem xét lại những yêu cầu; đề nghị những thay đổi; soạn hợp đồng. + Cập nhật kiến thức công việc qua việc nắm bắt các danh sách; đi khảo sát đất đai, tham dự các khoá học; xem sách báo chuyên ngành; củng cố các mối quan hệ cá nhân. + Hoàn thành các công việc yêu cầu là hoàn thành nhiêm vụ môi giới.","DESIRED JOB: Nhân viên lái xe ca đêm - Bằng Lái Xe Hạng C | SKILLS: - Chăm chỉ, cần cù, chịu khó - Kỹ năng thuyết trình tốt - Dễ dàng hòa nhập với môi trường làm việc mới - Quản lý thời gian hiệu quả - Có thể chịu được công việc có nhiều áp lực - Có khả năng xây dựng và làm việc theo đội nhóm - Biết cách phân loại vấn đề diễn ra trong quá trình xử lý công việc - Kỹ năng tin học văn phòng thành thạo - Có tầm nhìn và sự quyết đoán | EXP: 5-10 năm",,,
712,"TITLE: Nhân Viên Quản Lý Đơn Hàng | REQ: 1. Tốt nghiệp Đại học/cao đẳng 2. Có kinh nghiệm 2 - 3 năm tại vị trí tương đương (hàng dệt kim)3. Hiểu biết kỹ lưỡng về phát triển sản phẩm và quy trình tìm nguồn cung ứng4. Có kiến thức về sản phẩm dệt may và kỹ thuật, nguyên phụ liệu.5. Khả năng đánh giá nhà cung cấp và dự báo rủi ro trong hợp tác.6. Có trách nhiệm, thành thạo kỹ năng giao tiếp, tạo dựng từng mối quan hệ và kỹ năng làm việc nhóm.7. Có khả năng làm việc với tất cả các cấp và phải có khả năng thích ứng với các phong cách làm việc khác nhau. | DESC: 1. Xây dựng kế hoạch mua theo mùa và kế hoạch chi tiết theo đơn hàng với nhà máy và nội bộ2. Phát triển mẫu mã sản phẩm3. Đảm bảo đồng bộ sản xuất đúng với kế hoạch của nhà máy4. Kiểm tra và giám sát báo giá, đàm phán giá đảm bảo tối ưu hóa giá vốn5. Trình duyệt đơn hàng/hợp đồng/phụ lục theo đúng quy trình6. Phân công và sắp xếp công việc cho các nhân viên trong team phù hợp với kế hoạch.7. Kiểm soát tiến độ hoạt động mua hàng cung ứng theo kế hoạch chung8. Triển khai theo dõi tiến độ sản xuất thực tế, xuất nguyên phụ liệu cho đơn vị gia công9. Giải quyết các vấn đề phát sinh tại nhà cung cấp về tiến độ giao hàng, quyết toán nguyên phụ liệu, hàng hóa và các khiếu nại nếu có10. Báo cáo tiến độ theo tuần, tháng, mùa của từng mã hàng","DESIRED JOB: Nhân viên Lái xe hạng C | SKILLS: Có những kỹ năng chuyên sâu trong vấn đề chuyển giao nhận hàng vì đã có kinh nghiệm. Biết cách phục vụ khách hàng, làm hài lòng khách hàng. Có khả năng lãnh đạo, đứng đầu trong việc quản lý hàng hóa. Cẩn trọng trong từng khâu chuỗi làm việc. Hòa đồng, năng động, vui vẻ với mọi người xung quanh. | EXP: Trên 10 năm",,,
4632,"TITLE: Nhân Viên Giá Thành Vật Tư ( Tiếng Anh ) | REQ: Tốt nghiệp Cao đẳng, đại họcƯu tiên có kinh nghiệm vị trí tương đươngNgoại ngữ: Tiếng Anh thành thạo Thành thạo tin học văn phòng | DESC: Tổng hợp, thực hiện các dữ liệu, thông tin phục vụ cho báo cáo phân tích giá thành định kỳ, đột xuất.Tính toán giá thành chuẩn của sản phẩm mới, sản phẩm xuất khẩu, hàng gia công.Cập nhật và tính toán giá thành tiêu chuẩn cho từng sản phẩm khi có biến độngTheo dõi, cập nhật dữ liệu, thông tin thực hiện thẩm định, đánh giá hiệu quả các dự án cải tiến, đầu tư của nhà máy. Các công việc phát sinh khác theo chỉ đạo của GĐ phát triển kinh doanh","DESIRED JOB: Phục vụ, Phiên dịch | SKILLS: Ngoại ngữ, làm việc nhóm, thái độ làm việcBiết lắng nghe tiếp thu ý kiến của đồng nghiệp và cấp trênChăm chỉ, chịu khó tìm hiểu các vấn đề trong công việc và cuộc sốngTinh thần trách nhiệm trong công việcChịu được áp lực trong công việcHòa đồng, vui vẻ với đồng nghiệp | EXP: Dưới 1 năm",,,
5328,"TITLE: Chuyên Viên Tư Vấn Bảo Hiểm Nhân Thọ Toàn Thời Gian - Kênh Pruventure [Hà Nội] | REQ: - Tuổi từ 24 - 39- Tốt nghiệp Cao Đẳng, Đại Học- Từng là nhân viên kinh doanh/ tư vấn viên với ít nhất từ 1 năm kinh nghiệm trong các ngành: Bảo Hiểm, Tài Chính Ngân Hàng, Bất Động Sản, Du Lịch,...- Định hướng phát triển lâu dài đối với lĩnh vực Bảo hiểm nhân thọ- Kỹ năng giao tiếp, tư vấn thuyết phục khách hàng tốt- Ngoại hình ưa nhìn, tác phong chuyên nghiệp, năng động, nhiệt huyết và tinh thần ham học hỏi, cầu tiến trong sự nghiệp | DESC: PRUVenture là một dự án được phát triển bởi tập đoàn đa quốc gia Prudential. Tại đây, chúng tôi đã đào tạo một lực lượng PRUPlanner - Chuyên viên hoạch định tài chính tại Pruventure. Dành cho những ứng viên có tham vọng trở thành chủ doanh nghiệp thành đạt hoặc chuyên viên Hoạch Định Tài chính Cấp Cao trong ngành Bảo Hiểm Nhân Thọ đầy tiềm năng tại Việt Nam, mong muốn phát triển thương hiệu bản thân và làm chủ tài chính của mình.1. Tham gia các hoạt động kinh doanh/đào tạo- Tư vấn và thiết kế giải pháp tài chính/ bảo hiểm- Thiết lập kế hoạch kinh doanh đảm bảo hoàn thành chỉ tiêu hàng tháng, hàng quý dưới sự hỗ trợ từ Quản lý kinh doanh và đồng nghiệp- Tham gia các hoạt động Training, Coaching, Teamwork2. Chăm sóc khách hàng- Đảm bảo chất lượng dịch vụ, xây dựng mối quan hệ bền chặt, tốt đẹp với khách hàng- Xử lý khách hàng khiếu nại và yêu cầu với hướng dẫn của công ty để đảm bảo sự hài lòng của khách hàng","DESIRED JOB: Nhân viên kỹ thuật điện- điện tự động, chuyên viên lập trình | SKILLS: + Có khả năng lắng nghe người khác, tư duy làm việc nhóm tốt + Cầu toàn và tỉ mỉ trong công việc + Có chứng chỉ tin học nâng cao + Là người điềm tĩnh, bắt nhịp nhanh với môi trường mới, không ngại khó khăn trong việc giải quyết các vấn đề phát sinh. + Có kinh nghiệm 02 năm đi làm tại các công ty thuộc lĩnh vực kỹ thuật điện - điện tử học + Sử dụng cơ bản phần mềm Autocad và Revit + Có khả năng tốt trong việc tư vấn giám sát và báo cáo công việc | EXP: Chưa có kinh nghiệm",,,
711,"TITLE: Nhân Viên Quản Lý Đơn Hàng | REQ: 1. Tốt nghiệp Đại học/cao đẳng 2. Có kinh nghiệm 2 - 3 năm tại vị trí tương đương (hàng dệt kim)3. Hiểu biết kỹ lưỡng về phát triển sản phẩm và quy trình tìm nguồn cung ứng4. Có kiến thức về sản phẩm dệt may và kỹ thuật, nguyên phụ liệu.5. Khả năng đánh giá nhà cung cấp và dự báo rủi ro trong hợp tác.6. Có trách nhiệm, thành thạo kỹ năng giao tiếp, tạo dựng từng mối quan hệ và kỹ năng làm việc nhóm.7. Có khả năng làm việc với tất cả các cấp và phải có khả năng thích ứng với các phong cách làm việc khác nhau. | DESC: 1. Xây dựng kế hoạch mua theo mùa và kế hoạch chi tiết theo đơn hàng với nhà máy và nội bộ2. Phát triển mẫu mã sản phẩm3. Đảm bảo đồng bộ sản xuất đúng với kế hoạch của nhà máy4. Kiểm tra và giám sát báo giá, đàm phán giá đảm bảo tối ưu hóa giá vốn5. Trình duyệt đơn hàng/hợp đồng/phụ lục theo đúng quy trình6. Phân công và sắp xếp công việc cho các nhân viên trong team phù hợp với kế hoạch.7. Kiểm soát tiến độ hoạt động mua hàng cung ứng theo kế hoạch chung8. Triển khai theo dõi tiến độ sản xuất thực tế, xuất nguyên phụ liệu cho đơn vị gia công9. Giải quyết các vấn đề phát sinh tại nhà cung cấp về tiến độ giao hàng, quyết toán nguyên phụ liệu, hàng hóa và các khiếu nại nếu có10. Báo cáo tiến độ theo tuần, tháng, mùa của từng mã hàng","DESIRED JOB: Nhân viên lái xe hạng B2 | SKILLS: Có khả năng chu toàn công việc, siêng năng, tỉ mỉ Kỹ năng bảo dưỡng, sửa chữa xe tốt Am hiểu các kỹ thuật khó, mang tính chuyên môn cao Có khả năng quản lý công việc, từng nằm trong đội ngũ chuyên viên kỹ thuật về xe tải Có chứng chỉ đảm bảo kỹ thuật sửa chữa, bảo trì các phương tiện (ô tô, xe máy) Thân thiện, hòa đồng, cởi mở trong môi trường làm việc Khả năng công nghệ thông tin, tin học văn phòng ở mức độ trung bình - khá Tốt nghiệp nghiệp vụ kỹ thuật ôtô được cấp bởi Trường trung cấp công nghệ Hà Nội Có điều kiện, khả năng gắn bó lâu dài với công ty, doanh nghiệp | EXP: 1-3 năm",,,
1222,"TITLE: Nhân viên kinh doanh | REQ: - Hiểu rõ khách hàng - Khả năng trông rộng - Khả năng giao tiếp- Giải quyết khó khăn- Thúc đẩy kinh doanh quản lý đất đai, có kiến thức về luật, độc lập, chuyên nghiệp, đạt đựơc doanh số, kỹ năng đàm phán thương lượng. | DESC: Là cầu nối giữa người mua và ngườI bán trong lĩnh vực đất đai Nhiệm vụ: + Phát triển danh sách đất đai bằng những xây dựng các mối quan hệ và nhắm tới những người bán tiềm năng, gặp gỡ các người bán tiềm năng trong các hoạt động địa phương. + Lập danh sách đất đai qua việc kiềm tra đất, đề nghị những việc nâng cấp có thể làm tăng khả năng bán ra; hợp tác với các nhà thẩm định để đưa ra giá bán, hoàn tất hợp đồng. + Phát triển người mua đất qua việc gặp gỡ những người muốn mua đất, chào hỏi xã giao, quảng cáo; giải đáp các yêu cầu thắc mắc. + Nắm được yêu cầu của người mua để ấn định giá; gắn kết những yêu cầu với danh sách người bán; dẫn khách đi xem đất; trình bày những lợi nhuận; xem xét lại những yêu cầu; đề nghị những thay đổi; soạn hợp đồng. + Cập nhật kiến thức công việc qua việc nắm bắt các danh sách; đi khảo sát đất đai, tham dự các khoá học; xem sách báo chuyên ngành; củng cố các mối quan hệ cá nhân. + Hoàn thành các công việc yêu cầu là hoàn thành nhiêm vụ môi giới.","DESIRED JOB: Nhân viên lái xe bằng E | SKILLS: + Kỹ năng phân tích và làm việc với những số một cách thành thạo + Hiểu biết về hóa đơn và các tác vụ với hóa đơn + Có kiến thức về hồ sơ hải quan và luật thuế hải quan + Có kinh nghiệm và kỹ năng sử dụng một số phần mềm quản lý hàng tồn kho + Có kỹ năng và kinh nghiệm quản lý phân phối + Có kiến thức và tuân thủ những nguyên tắc đảm bảo chất lượng + Cẩn thận, tỉ mỉ, có khả quan sát tốt và chú ý đến từng chi tiết nhỏ + Có kiến thức về tiếp thị, bán hàng và quy trình bán hàng + Thành thạo tin học văn phòng và sử dụng máy tính + Có kiến thức về chuỗi cung ứng và các hoạt động bán lẻ | EXP: Trên 10 năm",,,
822,"TITLE: Chuyên Viên Marketing Tổng Hợp - Vietinbank Gold & Jewellery | REQ: - Nam, Nữ tuổi từ 25 đến 32; Ưu tiên ứng viên Nữ- Tốt nghiệp Đại học chuyên ngành Marketing hoặc có liên quan;- Có ít nhất 02 năm kinh nghiệm ở vị trí tương đương.- Am hiểu về các phương tiện truyền thông, marketing;- Kỹ năng lập kế hoạch, giải quyết vấn đề;- Cẩn thận, siêng năng, trung thực, linh hoạt, nhiệt tình với công việc, chịu khó cập nhật thông tin phục vụ cho nhu cầu công việc;- Tác phong chuyên nghiệp. | DESC: - Phụ trách công tác Truyền thông và Quản trị thương hiệu cho Công ty và các thương hiệu công ty độc quyền phân phối, các công việc cụ thể như:- Viết, biên tập, quản trị thông tin website, facebook, thông tin báo chí…- Lên kế hoạch, phối hợp với các đối tác phân phối, kiểm soát hiệu quả các chiến dịch marketing;- Chịu trách nhiệm nội dung, biên tập, sản xuất các ấn phẩm truyền thông: nội san, brochure, tờ rơi, Flyer, TVC, Video Clip…- Tổ chức sự kiện;- Quan hệ báo chí- Đề xuất, phối hợp tổ chức các hoạt động truyền thông nội bộ, giữ gìn và phát huy văn hóa Công ty;- Lập kế hoạch truyền thông dài hạn và cho từng giai đoạn theo chỉ đạo của Ban Lãnh đạo Công ty;- Các công việc khác theo yêu cầu từ cấp trên.","DESIRED JOB: Nhân viên lái xe bằng C | SKILLS: - Tôi tự tin rằng mình có khả năng ghi nhớ tốt đối với những quãng đường từng đi qua, bên cạnh đó nếu có yêu cầu thì cũng sẽ tìm hiểu để đáp ứng nhiệm vụ được phân công trên những tuyến đường mới - Có khả năng quan sát, điều khiển phương tiện giao thông an toàn khi làm nhiệm vụ | EXP: Trên 10 năm",,,
3775,"TITLE: Chuyên Viên Hoạch Định Tài Chính - Kênh Pruventure [Đà Nẵng] | REQ: - Tuổi từ 24-39- Tốt nghiệp Cao Đẳng trở lên- Từng là nhân viên kinh doanh/ tư vấn viên với ít nhất từ 2 năm kinh nghiệm trong các ngành- Năng động, có các mối quan hệ tốt với khách hàng | DESC: PRUVenture là một dự án đào tạo và phát triển. Tại đây, chúng tôi đã đào tạo một lực lượng tư vấn viên đạt tiêu chuẩn cho ngành bảo hiểm nhân thọ.Để thống lĩnh thị trường khách hàng thành thị, năm 2019, Pruventure có một sự chuyển đổi ngoạn mục khi được Prudential Việt Nam đầu tư, xây dựng thành một kênh phân phối hoàn toàn mới với sứ mệnh đào tạo một thế hệ chuyên viên hoạch định tài chính chuyên nghiệp; một thế hệ cấp quản lý tài năng, lãnh đạo xuất sắc.PRUPlanner - Chuyên viên hoạch định tài chính tại Pruventure. Dành cho những ứng viên có tham vọng trở thành chủ doanh nghiệp thành đạt hoặc chuyên viên Hoạch Định Tài chính Cấp Cao trong ngành Bảo Hiểm Nhân Thọ đầy tiềm năng tại Việt Nam, mong muốn phát triển thương hiệu bản thân và làm chủ tài chính của mình.1. Tham gia các hoạt động kinh doanh- Chăm sóc khách hàng hiện hữu và phát triển khách hàng mới dưới sự hỗ trợ và kèm cặp riêng của chuyên viên huấn luyện và quản lý kinh doanh trực tiếp- Khám phá, cung cấp, tư vấn các giải pháp tài chính toàn diện, phù hợp với nhu cầu của khách hàng- Kết hợp với quản lý kinh doanh và thành viên trong nhóm Tổ chức/ Tham gia những hoạt động, sự kiện, roadshow hỗ trợ kinh doanh2. Chăm sóc khách hàng- Đảm bảo chất lượng dịch vụ, xây dựng mối quan hệ bền chặt, tốt đẹp với khách hàng- Xử lý khách hàng khiếu nại và yêu cầu với hướng dẫn của công ty để đảm bảo sự hài lòng của khách hàng","DESIRED JOB: kỹ sư cơ điện tử | SKILLS: -Trung thực, cẩn thận -Quan sát, Sắp xếp, quản lý -Làm việc độc lập và làm việc nhóm | EXP: Chưa có kinh nghiệm",,,
801,"TITLE: Chuyên Viên Marketing Tổng Hợp - Vietinbank Gold & Jewellery | REQ: - Nam, Nữ tuổi từ 25 đến 32; Ưu tiên ứng viên Nữ- Tốt nghiệp Đại học chuyên ngành Marketing hoặc có liên quan;- Có ít nhất 02 năm kinh nghiệm ở vị trí tương đương.- Am hiểu về các phương tiện truyền thông, marketing;- Kỹ năng lập kế hoạch, giải quyết vấn đề;- Cẩn thận, siêng năng, trung thực, linh hoạt, nhiệt tình với công việc, chịu khó cập nhật thông tin phục vụ cho nhu cầu công việc;- Tác phong chuyên nghiệp. | DESC: - Phụ trách công tác Truyền thông và Quản trị thương hiệu cho Công ty và các thương hiệu công ty độc quyền phân phối, các công việc cụ thể như:- Viết, biên tập, quản trị thông tin website, facebook, thông tin báo chí…- Lên kế hoạch, phối hợp với các đối tác phân phối, kiểm soát hiệu quả các chiến dịch marketing;- Chịu trách nhiệm nội dung, biên tập, sản xuất các ấn phẩm truyền thông: nội san, brochure, tờ rơi, Flyer, TVC, Video Clip…- Tổ chức sự kiện;- Quan hệ báo chí- Đề xuất, phối hợp tổ chức các hoạt động truyền thông nội bộ, giữ gìn và phát huy văn hóa Công ty;- Lập kế hoạch truyền thông dài hạn và cho từng giai đoạn theo chỉ đạo của Ban Lãnh đạo Công ty;- Các công việc khác theo yêu cầu từ cấp trên.","DESIRED JOB: Nhân viên lái xe bằng C | SKILLS: Có khả năng nắm bắt thông tin nhanh chóng, thực hiện theo chỉ qua 1 lần quan sát. Có kỹ năng giao tiếp, đàm phán, trao đổi tốt. Có kỹ năng làm việc khoa học, phân bổ thời gian hợp lý. Có sự kiên trì tốt, chịu được áp lực công việc, luôn giữ được thái độ bình tĩnh dù trong tình huống xấu nhất. | EXP: 1-3 năm",,,
5539,"TITLE: Quản Đốc Xưởng Dịch Vụ Ô Tô | REQ: Kinh nghiệm: Đã có kinh nghiệm làm quản lý tại các gara/xưởng sửa chữa dịch vụ.- Có khả năng tổ chức, phân công, kiểm soát chất lượng sửa chữa, hiệu quả hoạt động các tổ thợ.- Quyết đoán, tích cực, tự tin. Sức khỏe tốt.- Có định hướng mục tiêu công việc rõ ràng, thái độ tích cực, trách nhiệm, trung thực. Có nguyện vọng làm việc lâu dài tại công ty.- Có khả năng , sử dụng thành thạo vi tính văn phòng.- Ưu tiên ứng viên có kinh nghiệm quản lý tại các xưởng dịch vụ xe ô tô | DESC: Thực hiện các chủ trương, chính sách, nội qui, quy trình làm việc của Công ty và Hãng sản xuất;- Phối hợp và nhận kế hoạch sửa chữa từ Điều phối viên;- Chịu trách nhiệm tổ chức, phân công công việc, quản lý và kiểm soát thời gian lao động mỗi vị trí xưởng hợp lý.- Chịu trách nhiệm đảm bảo các hoạt động xưởng tuân thủ đúng quy trình dịch vụ, hướng dẫn, tiêu chuẩn chất lượng kỹ thuật theo quy định, tiến độ hoàn thành kế hoạch, phối hợp điều phối vị trí xe hợp lý trong xưởng, kiểm tra chất lượng sau sửa chữa, gia tăng sự hài lòng của khách hàng dịch vụ;- Chịu trách nhiệm và đảm bảo các tiêu chuẩn về môi trường và an toàn lao động. Quản lý và tổ chức thường xuyên các hoạt động 5S, PCCC, kaizen, kiểm tra bảo quản và đề xuất bảo dưỡng trang thiết bị máy móc nhà xưởng dịch vụ;- Thường xuyên tổ chức và phân công đào tạo ban đầu, hướng dẫn tại chỗ, OJT … cho nhân viên xưởng hoặc đề xuất kế hoạch mở lớp đào tạo chuyên môn tập trung;- Hỗ trợ và phối hợp với nhân viên liên quan nghiên cứu, chẩn đoán, kiểm tu, sửa chữa, giải thích, thuyết phục hoặc giải quyết các hư hỏng bảo hành/khó/thắc mắc/khiếu nại của khách hàng;- Quản lý toàn bộ cơ sở vật chất (nhà xưởng, máy móc, dụng cụ, vật tư, tài liệu…) trong phạm vi phân công phụ trách.- Thường xuyên tổ chức thu thập, thống kê phân tích các nguyên nhân gây ra các sai hỏng, thiếu xót kỹ thuật không phù hợp, chủ động cải tiến và tìm biện pháp khắc phục, phòng ngừa;- Tham mưu và đề xuất cho Lãnh đạo bộ phận các giải pháp cải tiến dịch vụ nâng cao năng suất lao động, chất lượng và năng lực cung ứng dịch vụ gia tăng hiệu quả hoạt động kinh doanh dịch vụ cho Công ty;- Ghi chép, lưu trữ và báo cáo các kết quả thực hiện hoạt động hàng tuần, tháng, quý và năm cho Lãnh đạo bộ phận;- Liên hệ và phối hợp tốt với các phòng ban có liên quan.","DESIRED JOB: Nhân viên Làm việc online | SKILLS: - Trung thực, cẩn thận, có óc sáng tạo - Kỹ năng thuyết trình tốt - Có khả năng thích nghi nhanh với môi trường làm việc - Biết quan sát, sắp xếp, quản lý tốt - Chịu được áp lực cao trong công việc - Kỹ năng tự chủ, nghiên cứu học hỏi tốt. - Biết cách phân loại vấn đề diễn ra trong quá trình xử lý công việc - Kỹ năng tin học văn phòng thành thạo - Có thể quản lý đội nhóm có nhiều thành viên | EXP: Chưa có kinh nghiệm",,,
2123,"TITLE: Nodejs Developer | REQ: - 3+ years in project development-Good English communication- Strong proficiency with JavaScript (CoffeeScript depending on your technology stack)- Knowledge of Node.js and frameworks available for it such as Express, StrongLoop, etc)- Understanding the nature of asynchronous programming and its quirks and workarounds- Good understanding of server-side templating languages ( Jade, EJS, etc)- Good understanding of server-side CSS preprocessors (Stylus, Less, etc)- Basic understanding of front-end technologies, such as HTML5, and CSS3- Understanding accessibility and security compliance- User authentication and authorization between multiple systems, servers, and environments- Integration of multiple data sources and databases into one system- Understanding fundamental design principles behind a scalable application- Understanding differences between multiple delivery platforms, such as mobile vs. desktop, and optimizing output to match the specific platform- Creating database schemas that represent and support business processes- Implementing automated testing platforms and unit tests- Proficient understanding of code versioning tools, such as Git- Fluent in English communication | DESC: - Integration of user-facing elements developed by front-end developers with server side logic. - Writing reusable, testable, and efficient code. - Design and implementation of low-latency, high-availability, and performant applications. - Implementation of security and data protection. - Integration of data storage solutions (databases, key-value stores, blob stores, etc.)","DESIRED JOB: Nhân viên lái xe - Bằng Lái Xe Hạng C | SKILLS: - Muốn phấn đấu trở thành nhân viên lái xe ưu tú xuất sắc để nhận thưởng theo quy định của công ty - Muốn được nâng cao kiến thức, hoàn thiện bản thân khi tham gia làm việc ở môi trường chuyên nghiệp như công ty mình - Mong muốn sẽ tạo ra giá trị cốt lõi cho toàn công ty - Muốn được cống hiến hết mình bởi vì đây là niềm đam mê của tôi - Tôi mong muốn được gắn bó lâu dài với công ty để xây dựng sự nghiệp của bản thân một cách bền vững nhất | EXP: Trên 10 năm",,,
4779,"TITLE: Trưởng Nhóm Marketing 20-25M | REQ: - Là người yêu thích quảng cáo, thích chiến đấu, thử thách bản thân và chịu được áp lực cao- Có kinh nghiệm Marketing Facebook ads từ 1 năm trở lên- Là người yêu thích, có tư duy về nghề Marketing và muốn phát triển trong nghề Marketing- Am hiểu, thành thạo các nghiệp vụ liên quan của Marketing Facebook ads- Ưu tiên tốt nghiệp các trường đại học, cao đẳng chuyên ngành Marketing, kỹ thuật- Trung thực, nhanh nhẹn, thẳng thắn, có tinh thần trách nhiệm- Có laptop cá nhân- Sinh năm 95 - 20 | DESC: - Quản lý, chịu trách nhiệm đội, nhóm Marketing- Xây dựng, phát triển và thực hiện các kế hoạch và chương trình marketing tháng/Quý/Năm. - Hoạch định và kiểm soát thực hiện ngân sách marketing đã được phê duyệt. Kiểm tra và đánh giá hiệu quả các hoạt động marketing- Phối hợp với các phòng ban thực hiện các hoạt động gia tăng doanh số nhằm đạt mục tiêu kinh doanh- Tham mưu cho Ban Giám đốc về các chiến lược Marketing nhằm quảng bá thương hiệu, thúc đẩy doanh số- Đào tạo và phát triển đội ngũ nhân sự trong nhóm-Các công việc cụ thể trao đổi khi phỏng vấn","DESIRED JOB: Phục vụ, Phiên dịch | SKILLS: Ngoại ngữ, làm việc nhóm, thái độ làm việcBiết lắng nghe tiếp thu ý kiến của đồng nghiệp và cấp trênChăm chỉ, chịu khó tìm hiểu các vấn đề trong công việc và cuộc sốngTinh thần trách nhiệm trong công việcChịu được áp lực trong công việcHòa đồng, vui vẻ với đồng nghiệp | EXP: Dưới 1 năm",,,
3029,"TITLE: NHÂN VIÊN BÁN HÀNG | REQ: - Có khả năng đàm phán với khách hàng đạt hiệu quả cao - Ưu tiên có kinh nghiệm phát triển đại lý và quản lý kênh phân phối - Đam mê kinh doanh, năng động, sáng tạo, độc lập, chủ động trong công việc, hoàn thành tốt nhiệm vụ được giao. - Ưu tiên ứng viên đã có kinh nghiệm làm trong ngành sơn nước, sơn tường, vật liệu xây dựng và các ngành liên quan khác. | DESC: Tìm kiếm và mời hợp tác đại lý kinh doanh ngành sơn nước quét tường trong phạm vi mà mình làm việc - Triển khai các chương trình khuyến mãi đến các đại lý - Nghiên cứu và khai thác thị trường khu vực, tham mưu cho ban lãnh đạo công ty về cách thức phát triển thị trường khu vực. - Thu thập thông tin đối thủ cạnh tranh, các chính sách của các đối thủ cạnh tranh - Báo cáo cấp trên (BGĐ khi có yêu cầu) theo tuần, tháng, quý, năm. - Các công việc cụ thể sẽ được trao đổi khi phỏng vấn.Tìm kiếm và mời hợp tác đại lý kinh doanh ngành sơn nước quét tường trong phạm vi mà mình làm việc - Triển khai các chương trình khuyến mãi đến các đại lý - Nghiên cứu và khai thác thị trường khu vực, tham mưu cho ban lãnh đạo công ty về cách thức phát triển thị trường khu vực. - Thu thập thông tin đối thủ cạnh tranh, các chính sách của các đối thủ cạnh tranh - Báo cáo cấp trên (BGĐ khi có yêu cầu) theo tuần, tháng, quý, năm. - Các công việc cụ thể sẽ được trao đổi khi phỏng vấn.","DESIRED JOB: Việc làm thêm bán thời gian | SKILLS: Trong thời gian học tập trên giảng đường đại học, tôi tự tin với vốn kiến thức của mình. Điều này thể hiện rõ trong bảng điểm. Ngoài ra, tôi có vốn ngoại ngữ ổn định 2 kỹ năng nghe, nói đã đạt chứng chỉ TOEIC 650 điểm. Tôi tự tin với những kỹ năng mềm khác như: teamwork, thuyết trình, xây dựng kế hoạch, tư duy logic... do đã có thời gian hoạt động tại ban điều hành trong câu lạc bộ của chuyên ngành tại trường Đại học. Trước đây, tôi cũng đã có kinh nghiệm tại những vị trí tương đương và muốn thử sức thêm ở ngành nghề này. Thêm vào đấy, tôi sẵn sàng học hỏi, tìm hiểu thêm để khắc phục thiếu sót của bản thân nhằm áp dụng phát triển doanh nghiệp. | EXP: Chưa có kinh nghiệm",,,
4586,"TITLE: Giáo Viên Ielts Part Time (Ielts Teacher) | REQ: - Độ tuổi: trên 23 tuổi- Trình độ học vấn: Cử nhân/ Đại học- Chứng chỉ: IELTS 7.0 đối với ứng viên không phải chuyên ngành Sư phạm tiếng Anh- Kinh nghiệm: Có kinh nghiệm giảng dạy tiếng Anh cho học sinh từ mầm non đến các cấp tiểu học và trung học là một lợi thế | DESC: - Giảng dạy chương trình IELTS theo giáo trình có sẵn của Trung tâm.- Đảm bảo theo đúng chương trình dạy, tiến trình bài giảng và chất lượng giảng dạy theo như cam kết đầu ra tại Trung tâm.- Ghi nhận, đánh giá định kỳ và báo cáo quá trình học của học sinh thường xuyên.- Tham gia hỗ trợ các sự kiện, xây dựng chương trình theo sự phân công của quản lý (nếu có)","DESIRED JOB: Nhân viên lái xe - Bằng Lái Xe Hạng C | SKILLS: - Nắm rõ luật giao thông và luôn chấp hành nghiêm chỉnh luật giao thông khi tham gia trên đường - Luôn ý thức được hành vi của bản thân khi đang điều khiển phương tiện giao thông trên đường - Tuân thủ đúng quy định mà Nhà nước và doanh nghiệp đề ra đối với nghiệp vụ lái xe như chạy đúng tốc độ, không sử dụng rượu bia hoặc các chất kích thích khác, không lái xe khi không đủ tỉnh táo,... - Có khả năng ghi nhớ đường cực tốt, chỉ cần đi một lần là nhớ - Có tính cần cù, chăm chỉ và siêng năng trong khi làm việc - Luôn đặt công việc là ưu tiên hàng đầu - Có kỹ năng giải quyết các vấn đề phát sinh trong quá trình làm việc hiệu quả | EXP: Dưới 1 năm",,,
2957,"TITLE: Nhân viên giao nhận chăm sóc khach hàng | REQ: - Trình độ: cấp 2 trở lên - Không cần kinh nghiệm, ưu tiên sinh viên mới tốt nghiệp, công ty sẽ đào tạo miễn phí - Sử dụng Vi tính văn phòng là lợi thế - Có xe, điện thoại - Sức khỏe tốt, chăm chỉ, không ngại khó - Nam Tuổi dưới 30 tuổi | DESC: - Chăm sóc khách hàng, tư vấn phát triển thị trường ( nếu có), quản lý đơn hàng thuộc khu vực phụ trách - Giao nhận mẫu và hàng hóa: giao nhận mẫn hoặc hàng hóa thuộc khu vực TPHCM - Các công việc khác liên quan đến chuyên môn nghiệp vụ","DESIRED JOB: Nhân viên lái xe hạng C | SKILLS: Khả năng thông thạo đường xá nhanh chóng Chăm chỉ, nhiệt tình, thực hiện công việc với thái độ nghiêm túc, có trách nhiệm, trung thực, minh bạch Nắm rõ các điều luật giao thông cũng như chú trọng tuân thủ luật giao thông Không uống rượu bia, tuyệt đối không sử dụng chất kích thích Có thể vận hành xe trên tuyến đường dài, không kể các khu vực thành phố hay địa bàn các tỉnh lân cận, vùng sâu vùng xa Có kỹ năng quản lý thời gian, quản lý tổ chức công việc tốt, dễ dàng thiết lập các mối quan hệ Tinh thần làm việc hoạt bát, chủ động giải quyết, xử lý tốt các vấn đề bất cập có thể xảy ra. | EXP: 1-3 năm",,,
646,"TITLE: Chuyên Viên Đào Tạo Khu Vực Hà Nội | REQ: - Nam/nữ tuổi từ 23-35;- Trình độ: tốt nghiệp các trường Cao Đẳng, Đại học;- Có ít nhất 01 năm kinh nghiệm ở vị trí tương đương;- Sử dụng thành thạo tin học văn phòng (excel, word, powerpoint);- Trung thực, cầu tiến, ham học hỏi, đam mê lĩnh vực đào tạo;- Kỹ năng giao tiếp, trình bày tốt, có khả năng truyền đạt;- Có khả năng làm việc độc lập, làm việc nhóm; | DESC: - Phân tích nhu cầu và lập kế hoạch đào tạo;- Biên soạn và cập nhập các tài liệu cho công tác đào tạo;- Hỗ trợ xây dựng, giám sát cải tiến quy trình đào tạo, chịu trách nhiệm triển khai thực hiện kế hoạch đào tạo;- Đánh giá hiệu quả, đồng thời đưa ra đề xuất và cải tiến đối với các chương trình đào tạo;- Nghiên cứu đề xuất các chương trình đào tạo khác để nâng cao chất lượng nhân sự;- Theo dõi và đánh giá hiệu quả công việc của nhân viên sau khi hoàn tất chương trình đào tạo, báo cáo kết quả đào tạo với cấp trên;- Các công việc khác theo sự phân công của cấp trên;","DESIRED JOB: Nhân viên Lái xe hạng B2 | SKILLS: - Có bằng lái xe A1, chủ động về phương tiện di chuyển - Kỹ năng giao hàng bằng xe máy - Thông thạo mọi cung đường tại Hà Nội - Biết sử dụng điện thoại thông minh - Cẩn thận, có trách nhiệm trong công việc - Nhanh nhẹn, chịu khó, ham học hỏi - Kỹ năng giao tiếp tốt - Có thể làm thêm giờ nếu cần thiết - Tuân thủ đúng luật an toàn giao thông, tránh vi phạm gây ảnh hưởng tới công việc. | EXP: 3-5 năm",,,
4563,"TITLE: Giáo Viên Ielts Part Time (Ielts Teacher) | REQ: - Độ tuổi: trên 23 tuổi- Trình độ học vấn: Cử nhân/ Đại học- Chứng chỉ: IELTS 7.0 đối với ứng viên không phải chuyên ngành Sư phạm tiếng Anh- Kinh nghiệm: Có kinh nghiệm giảng dạy tiếng Anh cho học sinh từ mầm non đến các cấp tiểu học và trung học là một lợi thế | DESC: - Giảng dạy chương trình IELTS theo giáo trình có sẵn của Trung tâm.- Đảm bảo theo đúng chương trình dạy, tiến trình bài giảng và chất lượng giảng dạy theo như cam kết đầu ra tại Trung tâm.- Ghi nhận, đánh giá định kỳ và báo cáo quá trình học của học sinh thường xuyên.- Tham gia hỗ trợ các sự kiện, xây dựng chương trình theo sự phân công của quản lý (nếu có)","DESIRED JOB: Việc làm thêm bán thời gian | SKILLS: Trong thời gian học tập trên giảng đường đại học, tôi tự tin với vốn kiến thức của mình. Điều này thể hiện rõ trong bảng điểm. Ngoài ra, tôi có vốn ngoại ngữ ổn định 2 kỹ năng nghe, nói đã đạt chứng chỉ TOEIC 650 điểm. Tôi tự tin với những kỹ năng mềm khác như: teamwork, thuyết trình, xây dựng kế hoạch, tư duy logic... do đã có thời gian hoạt động tại ban điều hành trong câu lạc bộ của chuyên ngành tại trường Đại học. Trước đây, tôi cũng đã có kinh nghiệm tại những vị trí tương đương và muốn thử sức thêm ở ngành nghề này. Thêm vào đấy, tôi sẵn sàng học hỏi, tìm hiểu thêm để khắc phục thiếu sót của bản thân nhằm áp dụng phát triển doanh nghiệp. | EXP: Chưa có kinh nghiệm",,,
514,"TITLE: Chuyên viên thiết kế | REQ: YÊU CẦU CÔNG VIỆC - Thành thạo Adobe Illustrator, Photoshop, CorelDRAW (biết dựng 3D là lợi thế) - Có trên 1 năm kinh nghiệm Giờ làm việc: Sáng từ 7h30-11h30, chiều từ 13h-17h30 | DESC: MÔ TẢ CÔNG VIỆC: - Nghiên cứu sản phẩm, hàng hóa, thương hiệu, lắng nghe yêu cầu khách hàng để tìm ra ý tưởng thiết kế. - Chuẩn bị nhiều phương án thiết kế khác nhau và gửi phác thảo, đề xuất. - Tư vấn, thuyết phục về phương án thiết kế. - Sáng tạo ra những quảng cáo bắt mắt bằng hình ảnh và thông điệp ngắn gọn. - Đảm bảo thiết kế dựa trên nhu cầu và khả năng thực tế, xây dựng bố cục phù hợp với yêu cầu về kích thước, chất liệu, vị trí của quảng cáo. - Điều chỉnh theo yêu cầu của khách hàng hoặc các bên liên quan.","DESIRED JOB: Nhân viên Lái xe hạng B2 | SKILLS: - Có bằng lái xe A1, chủ động về phương tiện di chuyển - Kỹ năng giao hàng bằng xe máy - Thông thạo mọi cung đường tại Hà Nội - Biết sử dụng điện thoại thông minh - Cẩn thận, có trách nhiệm trong công việc - Nhanh nhẹn, chịu khó, ham học hỏi - Kỹ năng giao tiếp tốt - Có thể làm thêm giờ nếu cần thiết - Tuân thủ đúng luật an toàn giao thông, tránh vi phạm gây ảnh hưởng tới công việc. | EXP: 3-5 năm",,,
3956,"TITLE: Nhân Viên Tư Vấn Tuyển Sinh | REQ: – Tư vấn các khoá học qua các hình thức: trực tiếp tại trung tâm, kênh online, điện thoại, …– Cập nhật học phí, thu học phí học viên tại Trung tâm, gửi thông báo và điện thoại nhắc phí, làm thông tin khóa học khi lên khóa và lên cấp độ– Hỗ trợ Testing, kiểm tra trình độ đầu vào– Xếp lịch kiểm tra hằng tuần, theo dõi điểm số chất lượng và thông báo đến Phụ huynh– Hỗ trợ chi nhánh và Schooling– Giải đáp thắc mắc phụ huynh liên quan đến Trung tâm– Và một số công việc khác theo phân công của Trưởng chi nhánh. | DESC: – Trình độ: Cao đẳng trở lên– Kinh nghiệm: ưu tiên ứng viên có kinh nghiệm trong lĩnh vực dịch vụ khách hàng– Có khả năng giao tiếp tiếng Anh– Kỹ năng: giải quyết vấn đề, chăm sóc khách hàng, nhanh nhẹn, nhiệt tình, có tinh thần học hỏi chịu khó","DESIRED JOB: Nhân viên Tài Chính Ngân Hàng | SKILLS: - Trung thực, nhiệt tình, trách nhiệm. - Kỹ năng giao tiếp tốt (điện thoại, email…) - Dễ dàng làm quen với môi trường mới - Kỹ năng lên kế hoạch, tổ chức sắp xếp công việc. - Có thể chịu được công việc có nhiều áp lực - Kỹ năng làm việc nhóm hiệu quả - Biết cách phân loại vấn đề diễn ra trong quá trình xử lý công việc - Kỹ năng thao tác bàn phím tốt - Có tầm nhìn và sự quyết đoán | EXP: Dưới 1 năm",,,
1555,"TITLE: Chuyên Viên Tư Vấn Tài Chính Kênh Hợp Tác Ngân Hàn_ Làm Việc Tại SEABANK Phổ Yên | REQ: Trình độ: Cao đẳng/Đại HọcKinh nghiệm: có ít nhất 1-2 năm kinh nghiệm sales/tư vấn bán hàng. Ưu tiên ứng viên có kinh nghiệm trong lĩnh vực Bảo Hiểm/Ngân Hàng/Tài Chính.Kỹ năng giao tiếp, tư vấn, xây dựng mối quan hệ và giải quyết vấn đề tốt, kĩ năng chăm sóc khách hàng.Nhiệt tình, chăm chỉ và kiên trì.Có mục tiêu và định hướng phát triển công việc rõ ràng. | DESC: Kênh Bancassuance của Prudential luôn tạo cơ hội phát triển sự nghiệp dành cho những ứng viên trẻ, nhiệt huyết và sẵn sàng đương đầu với thử thách. Với lộ trình phát triển sự nghiệp rõ ràng, mức thu nhập hấp dẫn cùng với môi trường làm việc trẻ trung, đây chính là lựa chọn phù hợp để bạn thể hiện tài năng và xây dựng sự nghiệp vững chắc cho chính mình.TRÁCH NHIỆM CHÍNHLàm việc trực tiếp tại chi nhánh Ngân hàng là đối tác độc quyền của Prudential, là cầu nối trong việc xây dựng mối quan hệ giữa Prudential và Ngân hàng và hỗ trợ nhân viên Ngân hàng và Chi nhánh trong các hoạt động kinh doanhTận dụng nguồn khách hàng từ ngân hàng để trực tiếp tiếp xúc và tư vấn, giới thiệu khách hàng các giải pháp tài chính và chương trình Bảo Hiểm phù hợp.Hỗ trợ, hướng dẫn và chăm sóc khách hàng tận tình trong suốt quá trình tư vấn sản phẩm.Đóng góp ý tưởng và tham gia xây dựng kế hoạch kinh doanh theo từng giai đoạn; định kỳ báo cáo và cập nhật kết quả kinh doanh đến Quản lý kinh doanh trực tiếp.","DESIRED JOB: Nhân viên kỹ thuật điện- điện tự động, chuyên viên lập trình | SKILLS: + Có khả năng lắng nghe người khác, tư duy làm việc nhóm tốt + Cầu toàn và tỉ mỉ trong công việc + Có chứng chỉ tin học nâng cao + Là người điềm tĩnh, bắt nhịp nhanh với môi trường mới, không ngại khó khăn trong việc giải quyết các vấn đề phát sinh. + Có kinh nghiệm 02 năm đi làm tại các công ty thuộc lĩnh vực kỹ thuật điện - điện tử học + Sử dụng cơ bản phần mềm Autocad và Revit + Có khả năng tốt trong việc tư vấn giám sát và báo cáo công việc | EXP: Chưa có kinh nghiệm",,,
554,"TITLE: Chuyên viên thiết kế | REQ: YÊU CẦU CÔNG VIỆC - Thành thạo Adobe Illustrator, Photoshop, CorelDRAW (biết dựng 3D là lợi thế) - Có trên 1 năm kinh nghiệm Giờ làm việc: Sáng từ 7h30-11h30, chiều từ 13h-17h30 | DESC: MÔ TẢ CÔNG VIỆC: - Nghiên cứu sản phẩm, hàng hóa, thương hiệu, lắng nghe yêu cầu khách hàng để tìm ra ý tưởng thiết kế. - Chuẩn bị nhiều phương án thiết kế khác nhau và gửi phác thảo, đề xuất. - Tư vấn, thuyết phục về phương án thiết kế. - Sáng tạo ra những quảng cáo bắt mắt bằng hình ảnh và thông điệp ngắn gọn. - Đảm bảo thiết kế dựa trên nhu cầu và khả năng thực tế, xây dựng bố cục phù hợp với yêu cầu về kích thước, chất liệu, vị trí của quảng cáo. - Điều chỉnh theo yêu cầu của khách hàng hoặc các bên liên quan.","DESIRED JOB: Nhân viên lái xe bằng B2 | SKILLS: Có chí tiến thủ đối với công việc Có khả năng đi xa, đi dài ngày, sức khỏe đảm bảo tốt cho tính chất công việc vận tải Chăm chỉ, làm việc nhiệt tình, không quản ngại khó khăn, tinh thần trách nhiệm cao, chấp hành tốt các quy định mà công ty đề ra. Thông thạo luật giao thông, thạo đường xá Tích cực giải quyết các vấn đề liên quan đến công việc Có thể tăng ca ngoài giờ làm Kiểm tra, đánh giá cẩn thận các tuyến vận chuyển đã thực hiện, chủ động rút kinh nghiệm cho các công tác sau | EXP: 5-10 năm",,,
393,"TITLE: Nhân Viên Mua Hàng Vật Tư | REQ: Tốt nghiệp từ cao đẳng trở lên, chuyên ngành kinh tế/ kỹ thuậtCó kinh nghiệm từ 1 năm trở lên làm việc mua hàng vật tư cơ điện, xây dựngKỹ năng giao tiếp nhanh nhẹn, kỹ năng đàm phán, thương lượngSử dụng thành thạo tin học văn phòng, | DESC: Tìm kiếm, liên hệ NCC đặt mua vật tư, thiết bị cho công trường quản lý theo kế hoạch Làm hồ sơ thanh toán theo quy trìnhCung cấp báo giá vật tư cho phòng ban liên quanGiải quyết các vấn đề liên quan đến công tác đặt hàngBáo cáo tiến độ mua hàng theo yêu cầuThực hiện các công việc khác theo yêu cầu từ trưởng phòng mua hàng, chi tiết trao đổi qua buổi phỏng vấn","DESIRED JOB: nhân viên QC Thực phẩm | SKILLS: Lập báo cáo chi tiết tình hình chất lượng trong từng công đoạn, phụ trách báo cáo tổng hợp Phụ trách tốt những đầu việc mà sếp giao (không liên quan đến vị trí công việc như làm powerpoint, thống kê thông tin khách hàng,...) Có sức khoẻ tốt, chịu được áp lực cao trong công việc Có khả năng phân tích dữ liệu Kiểm soát chất lượng nguyên liệu đầu vào và quy trình đóng gói hàng hóa, sản phẩm Phối hợp với bộ phận sản xuất để tìm cách giải quyết khi có lỗi phát sinh Trình độ ngoại ngữ tốt: TOEIC 900 | EXP: Chưa có kinh nghiệm",,,
4380,"TITLE: Cửa Hàng Trưởng Khu Vực Nội Thành Hải Phòng | REQ: -Tốt nghiệp trung cấp trở lên-Kỹ năng giao tiếp, thuyết phục khá-Kỹ năng sử dụng vi tính cơ bản-Tâm huyết, nghiêm túc , yêu thích và gắn bó với công việc | DESC: -Chịu trách nhiệm về doanh số tại cửa hàng-Quản lý hàng hóa, tài sản tại cửa hàng-Tư vấn, bán hàng, thu ngân-Đào tạo và giám sát nhân viên-Chấm công, làm báo cáo","DESIRED JOB: Nhân viên lái xe hạng C | SKILLS: - Tôi tự tin rằng mình có khả năng ghi nhớ tốt đối với những quãng đường từng đi qua, bên cạnh đó nếu có yêu cầu thì cũng sẽ tìm hiểu để đáp ứng nhiệm vụ được phân công trên những tuyến đường mới - Có khả năng quan sát, điều khiển phương tiện giao thông an toàn khi làm nhiệm vụ | EXP: Trên 10 năm",,,
2525,"TITLE: Academic Officer - English Test Prep | REQ: - Bachelor's Degree in English Pedagogy/English Linguistics from renowned universities- At least 2-year teaching experience in Test Preparation courses (e.g. TOEFL/ IELTS/TOEIC/SAT/etc)- Experience in learning course designing/lesson planning for various English courses is an advantage- IELTS 7.5+ with no band under 6.5 or equivalent- Good knowledge in educational technology tools and teaching assistance technological tools- Strong computer skills in Office tools, Gsuite tools, presentation & design platforms- A passion for high quality teaching and learning- A strong sense responsibility and attention to details | DESC: 1. Teaching materials construction- To construct and develop teaching materials (e.g., lesson plans/ presentation slides/ practice activities, etc.) following theassigned curriculum/syllabus- To ensure the quality of such teaching materials following the sets of content guidelines following each type of teachingmaterials- To build and expand extra activity banks for all course levels of each learning products2. Test materials construction- To build and categorize questions for the test bank of each assigned product following the curriculum design and testingrequirements- To make sure that the selected questions match with the assessment criteria3. Course content production- To edit/ organize/ synthesize multimedia resources for course content upload on LMS system- To categorize question lists/ activity lists/ following the curriculum design of each product- To participate in any course content production activities as requested4. Additional tasks- To support and cooperate with other academic teams as requested- To support cross-departmental assignments as requested","DESIRED JOB: Thực tập sinh chứng từ/ kinh doanh xuất nhập khẩu/logistics | SKILLS: - Chăm chỉ, nhanh nhẹn, nhiệt tình, trách nhiệm - Kỹ năng thuyết trình tốt - Có khả năng thích nghi nhanh với môi trường làm việc - Kỹ năng tổ chức và quản lý công việc hiệu quả - Khả năng chịu được áp lực công việc - Kỹ năng tự chủ, nghiên cứu học hỏi tốt. - Khả năng giải quyết vấn đề linh hoạt - Sử dụng thành thạo phần mềm Microsoft Word, Excel, Power Point … - Có thể quản lý đội nhóm có nhiều thành viên | EXP: Chưa có kinh nghiệm",,,
