pair_id,job_id,cand_id,domain_category,job_title,job_requirements,job_description,job_address,desired_job,candidate_skills,candidate_work_exp,workplace_desired,human_role_score,human_skill_score,human_exp_score,human_loc_score,human_relevance,human_rationale
1452,JOB_20,CV_047,DIFFERENT_DOMAIN,Nhân Viên Kinh Doanh (Thu Nhập Lên Đến 30 Triệu),"- Nam, tuổi từ 21 trở lên;- Yêu thích kinh doanh và kiếm tiền. Chưa có kinh nghiệm nhưng có tố chất kinh doanh, yêu thích tiếp xúc khách hàng, đam mê phát triển mối quan hệ bán hàng thì sẽ được đào tạo.- Có kinh nghiệm khách hàng B2B là một lợi thế.- Có bằng lái xe ô tô là 1 lợi thế.","- Khai thác, mở rộng, thiết lập khách hàng theo kênh bán hàng đảm trách.- Vai trò đại diện thương hiệu Công ty giao dịch với khách hàng bằng việc cung cấp giải pháp, công nghệ, sản phẩm, dịch vụ...- Thực hiện trực tiếp hoạt động bán hàng, triển khai các chương trình xúc tiến thương mại theo kế hoạch",Bình Dương,Chuyên Viên Điều Phối Học Thuật,"- Sự hiểu biết và tính ham học hỏi - Kỹ năng giao tiếp linh hoạt, có khả năng thuyết trình và trình bày - Có khả năng thích nghi nhanh với môi trường làm việc - Có khả năng quản lý, sắp xếp khối lượng công việc lớn - Có thể chịu được công việc có nhiều áp lực - Có khả năng xây dựng và làm việc theo đội nhóm - Biết cách phân loại vấn đề diễn ra trong quá trình xử lý công việc - Thành thạo tin học văn phòng - Có tầm nhìn và sự quyết đoán",Chưa có kinh nghiệm,Hồ Chí Minh,,,,,,
104,JOB_01,CV_017,ADJACENT_DOMAIN,"Thực Tập Sinh Lập Trình (No-Code, Low-Code Platform)","Sinh viên năm 3, năm 4 hoặc sinh viên cao học năm 1, năm 2 chuyên ngành công nghệ thông tin.Thời gian làm việc từ thứ 2 đến thứ 6, thực tập đáp ứng tối thiểu 4 ngày/tuần.Những người quan tâm đến thị trường No-code và Low-code mới và muốn làm việc trong lĩnh vực này.Những người thích làm việc một cách hiệu quả, chủ động học hỏi trao dồi kiến thức ngành.Có laptop cá nhân.","Phối hợp với bộ phận lập trình No-code, Low-code phát triển các ứng dụng sử dụng nền tảng phát triển No-code, Low-code, thiết lập và xác định cấu hình hệ thống cho các yêu cầu riêng của từng khách hàng.Tạo trang web bằng Webflow, Shopify, Burble, Adalo, xây dựng trang website thương mại điện tử EC, ",Hồ Chí Minh,Nhân viên kinh doanh,"- Kỹ năng lắng nghe và giải quyết vấn đề hiệu quả. - Kỹ năng thuyết trình tốt - Dễ dàng làm quen với môi trường mới - Có khả năng quản lý, sắp xếp khối lượng công việc lớn - Khả năng tư duy sáng tạo. - Kỹ năng làm việc nhóm tốt. - Khả năng nhận diện vấn đề nhanh - Kỹ năng soạn thảo văn bản, hợp đồng,… - Kỹ năng lãnh đạo tốt",Chưa có kinh nghiệm,Hồ Chí Minh,,,,,,
1676,JOB_23,CV_090,DIFFERENT_DOMAIN,Nhân Viên Đào Tạo,"- Linh hoạt, chủ động trong công việc- Kỹ năng thuyết trình, giải quyết vấn đề, làm việc theo nhóm và độc lập- Tốt nghiệp Đại học trở lên- Có thể sử dụng tốt powerpoint, canva...","- Lên lịch và tổ chức các lớp học, làm báo cáo tổng hợp đánh giá kết quả của các lớp học này có tham khảo ý kiến từ giảng viên và học viên- Quản lý cơ sở dữ liệu đào tạo, dữ liệu nhà cung cấp, thư viện tài liệu đào tạo- Trực tiếp thuyết trình trong các buổi đào tạo định hướng cho nhân viên mới của T",Hà Nội,Nhân viên lái xe hạng B2,"+ Kỹ năng giao tiếp, đàm phán và thuyết phục khách hàng + Có kiến thức và kỹ năng dịch vụ chăm sóc khách hàng, quy trình chăm sóc khách hàng + Kỹ năng nhập và xử lý dữ liệu + Thành thạo MS Word và MS Excel + Kỹ năng quản lý thời gian, sắp xếp công việc + Kỹ năng làm việc nhóm và làm việc độc lập hiệu quả",5-10 năm,Bình Dương,,,,,,
97,JOB_01,CV_073,ADJACENT_DOMAIN,"Thực Tập Sinh Lập Trình (No-Code, Low-Code Platform)","Sinh viên năm 3, năm 4 hoặc sinh viên cao học năm 1, năm 2 chuyên ngành công nghệ thông tin.Thời gian làm việc từ thứ 2 đến thứ 6, thực tập đáp ứng tối thiểu 4 ngày/tuần.Những người quan tâm đến thị trường No-code và Low-code mới và muốn làm việc trong lĩnh vực này.Những người thích làm việc một cách hiệu quả, chủ động học hỏi trao dồi kiến thức ngành.Có laptop cá nhân.","Phối hợp với bộ phận lập trình No-code, Low-code phát triển các ứng dụng sử dụng nền tảng phát triển No-code, Low-code, thiết lập và xác định cấu hình hệ thống cho các yêu cầu riêng của từng khách hàng.Tạo trang web bằng Webflow, Shopify, Burble, Adalo, xây dựng trang website thương mại điện tử EC, ",Hồ Chí Minh,Nhân viên kinh doanh,"- Tin học văn phòng: sử dụng cácphần mềm word, excel, powerpoint - Khả năng giao tiếp tốt - Khả năng phân chia công việc,điều phối tốt - Khả năng giải quyết vấn đề khá nhanh. - Luôn chủ động trong công việc",Trên 10 năm,Bắc Ninh,,,,,,
90,JOB_01,CV_029,ADJACENT_DOMAIN,"Thực Tập Sinh Lập Trình (No-Code, Low-Code Platform)","Sinh viên năm 3, năm 4 hoặc sinh viên cao học năm 1, năm 2 chuyên ngành công nghệ thông tin.Thời gian làm việc từ thứ 2 đến thứ 6, thực tập đáp ứng tối thiểu 4 ngày/tuần.Những người quan tâm đến thị trường No-code và Low-code mới và muốn làm việc trong lĩnh vực này.Những người thích làm việc một cách hiệu quả, chủ động học hỏi trao dồi kiến thức ngành.Có laptop cá nhân.","Phối hợp với bộ phận lập trình No-code, Low-code phát triển các ứng dụng sử dụng nền tảng phát triển No-code, Low-code, thiết lập và xác định cấu hình hệ thống cho các yêu cầu riêng của từng khách hàng.Tạo trang web bằng Webflow, Shopify, Burble, Adalo, xây dựng trang website thương mại điện tử EC, ",Hồ Chí Minh,Nhân viên phụ kho - sản xuất,"Bên cạnh kinh nghiệm sâu dày trong lĩnh vực sản xuất, tôi tự đánh giá bản thân có thể đem lại được cho doanh nghiệp những giá trị về năng suất sản phẩm với các kỹ năng: - Phát hiện lỗi trong dây chuyền sản xuất - Đánh giá hiệu suất máy móc và năng suất của nhân viên - Xây dựng kế hoạch sản xuất phù hợp với nhân lực và thiết bị - Hoạch định kế hoạch sản xuất phù hợp với doanh nghiệp - Quản lý và dẫn dắt nhân viên",1-3 năm,Hà Nội,,,,,,
3676,JOB_52,CV_098,ADJACENT_DOMAIN,Thực Tập Kế Toán Nhập Liệu,"Sinh viên đang theo học chuyên ngành kế toán, coi trọng công việc thực tậpTư duy logic tốt, kỷ luật cao, trung thực và chăm chỉƯu tiên các ứng viên có khả năng giao tiếp tốt",Nhập liệu hóa đơn bán hàng và báo có/báo nợ ngân hàng trên phần mềm kế toánCập nhật và theo dõi công nợ đơn giản Hỗ trợ lập hợp đồng/báo giá và các công việc hành chính cơ bản khác,Hà Nội,HR,Thể thao Giao tiếp Giảng dạy Tư vấn,1-3 năm,Hà Nội,,,,,,
3573,JOB_51,CV_007,SAME_DOMAIN,Nhân Viên QC Thời Trang,"- Kinh nghiệm: Ứng viên có kinh nghiệm tối thiểu 3 năm về nghiệp vụ liên quan.- Kiến thức cần thiết:+ Kiến thức về sản phẩm hàng thời trang đa dạng (dệt kim & dệt thoi)+ Kiến thức về quy trình sản xuất, hiểu về các công đoạn cấu thành sản phẩm- Kỹ năng chuyên môn:+ Có kiến thức am hiểu về sản xuất các loại trang phục thời trang nam/nữ/trẻ em+ Kỹ năng giao tiếp tốt, trao đổi vấn đề mạch lạc, tương tác công việc hiệu quả.+ Sử dụng được các phần mềm cơ bản: Office- Thái độ: Cầu thị, nhiệt tâm, cẩn thận, linh hoạt.",1.Kiểm soát chất lượng nguồn nguyên liệu nhập:- Kiểm soát chất lượng nguyên liệu đầu vào (nếu có)- Thông báo kịp thời các vấn đề liên quan đến chất lượng không đảm bảo của nguyên liệu sản xuất.2. Kiểm soát chất lượng hàng hóa trước khi đưa ra lưu thông:- Tiếp nhận thông tin đơn hàng từ nhân viên phụ,Hà Nội,Nhân viên lái xe hạng C,"- Có bằng lái xe B2 - Nắm rõ các quy định về quy trình vận tải hành khách và hàng hóa, hiểu luật giao thông - Đảm bảo lái xe an toàn trên mọi hành trình - Xử lý tình huống nhanh, linh hoạt - Có sức khỏe tốt đảm bảo phục vụ công việc lái xe hiệu quả",3-5 năm,Bình Dương,,,,,,
177,JOB_02,CV_065,DIFFERENT_DOMAIN,HR Business Partner,"Tốt nghiệp đại học các chuyên ngành liên quan như kinh tế, quản trị, hành chánh, luật...Am hiểu sâu về Luật Lao động, Luật doanh nghiệp, Luật BHXH, Luật Công đoàn.Có ít nhất 3 năm kinh nghiệm trong công tác quản trị nhân sự và hành chánh. Ít nhất 1 năm kinh nghiệm ở vị trí tương đương.Kỹ năng lãnh đạo nhân viên; lập kế hoạch; giao tiếp tốtKỹ năng tổ chức và giám sát công việcKỹ năng phân tích, tổng hợp, làm báo cáo.Có khả năng chịu áp lực cao trong công việcTrung thực, chính trực, nhiệt tình công tác. Sáng tạo trong công việc","Xây dựng và thực hiện chiến lược nhân sự phù hợp với chiến lược kinh doanh tổng thể trong từng giai đoạn phát triển của Công ty.Giám sát và quản lý hệ thống đánh giá, thưởng phạt cho nhân viên.Hỗ trợ các nhu cầu kinh doanh thông qua việc tham gia phát triền và giưc chân lao độngXây dựng và quản lý k",Hồ Chí Minh,Nhân viên lái xe hạng B2,"- Hiểu rõ luật giao thông nên đảm bảo hành trình di chuyển luôn tuân thủ đúng quy định. - Có tính cẩn thận, đảm bảo quá trình lái xe diễn ra an toàn. - Có sức khỏe tốt - Kỹ năng vận chuyển, bốc xếp hàng hóa",Trên 10 năm,Hưng Yên,,,,,,
2085,JOB_29,CV_000,SAME_DOMAIN,Quản Lý Cửa Hàng Thời Trang,"- Nam,nữ độ tuổi từ 28-35 . Ngoại hình ưa nhìn. Có gu ăn mặc là một lợi thế- Có 2 năm kinh nghiệm quản lý lĩnh vực thời trang, bán lẻ- Khả năng sale tốt.","-Chịu trách nhiệm toàn bộ hàng hóa, nhân viên trong Showroom-Chịu trách nhiệm hàng hóa, doanh số trong showroom-Kiểm tra cách trưng bày hàng hóa sao cho bắt mắt và thường xuyên thay đổi.-Sắp xếp lịch làm việc cho nhân viên hàng tuần.-Có kế hoạch Chăm sóc khách hàng offline, online thường xuyên thúc ",Bắc Ninh,Nhân viên lái xe bằng B2,"- Bằng lái xe hạng C, D, E và có kinh nghiệm 5 năm lái xe tải, 5 năm lái xe khách. - Am hiểu về xe tải, biết cách xử lý các vấn đề xảy ra với xe. - Bảo quản và giữ gìn xe sạch sẽ, thường xuyên bảo dưỡng xe. - Lái xe an toàn và đảm bảo tuân thủ luật giao thông. - Khả năng ghi nhớ nhanh chóng, nhớ đường tốt. - Kỹ năng giao tiếp và thiết lập các mối quan hệ với khách hàng, đồng nghiệp. - Kỹ năng giải quyết vấn đề. - Sắp xếp và tổ chức, quản lý công việc hiệu quả, đảm bảo hàng hóa đến tay khách hàng nhanh nhất. - Chịu được áp lực cao trong công việc và khi lái xe.",5-10 năm,Hà Nội,,,,,,
1624,JOB_23,CV_098,SAME_DOMAIN,Nhân Viên Đào Tạo,"- Linh hoạt, chủ động trong công việc- Kỹ năng thuyết trình, giải quyết vấn đề, làm việc theo nhóm và độc lập- Tốt nghiệp Đại học trở lên- Có thể sử dụng tốt powerpoint, canva...","- Lên lịch và tổ chức các lớp học, làm báo cáo tổng hợp đánh giá kết quả của các lớp học này có tham khảo ý kiến từ giảng viên và học viên- Quản lý cơ sở dữ liệu đào tạo, dữ liệu nhà cung cấp, thư viện tài liệu đào tạo- Trực tiếp thuyết trình trong các buổi đào tạo định hướng cho nhân viên mới của T",Hà Nội,HR,Thể thao Giao tiếp Giảng dạy Tư vấn,1-3 năm,Hà Nội,,,,,,
4243,JOB_60,CV_089,SAME_DOMAIN,Nhân Viên Kinh Doanh - Hồ Chí Minh,"- Tốt nghiệp Đại Học chuyên ngành: Kỹ thuật điện lạnh, quản trị kinh doanh.- Kinh nghiệm làm việc: ít nhất 5 năm vị trí tương đương (có kinh nghiệm trong ngành HVAC là lợi thế).- Thành thạo kỹ năng tin học: Word, Excel- Kỹ năng lãnh đạo, giao tiếp tốt.- Tiếng anh giao tiếp cơ bản.- Vui vẻ hòa đồng, nhiệt tình, năng động, nhạy bén, có tinh thần kỷ luật, có khả năng chịu áp lực cao trong công việc.","- Kinh doanh sản phẩm (Chiller, Cooling Tower, AHU, FCU), giải pháp hệ thống điều hòa không khí HVAC, Thiết bị điện công nghiệp của Mitsubishi- Lập kế hoạch phát triển doanh số và triển khai thị trường để đạt mục tiêu doanh số của ban.- Phân tích tìm hiểu xu hướng thị trường, đối thủ cạnh tranh.- Ch",Hồ Chí Minh,Nhân viên kinh doanh,"- Trung thực, nhiệt tình, trách nhiệm. - Kỹ năng thuyết trình tốt - Có khả năng thích nghi nhanh với môi trường làm việc - Biết quan sát, sắp xếp, quản lý tốt - Có khả năng làm việc dưới áp lực cao - Có khả năng xây dựng và làm việc theo đội nhóm - Khả năng tìm kiếm giải pháp và lựa chọn các giải pháp tối ưu - Sử dụng thành thạo phần mềm Microsoft Word, Excel, Power Point … - Khả năng truyền đạt thông tin hiệu quả",1-3 năm,Hà Nội,,,,,,
1509,JOB_21,CV_009,SAME_DOMAIN,Nhân Viên Kinh Doanh Tại Hà Nội,"- Ứng viên tốt nghiệp từ Trung cấp trở lên- Nhận cả nam và nữ giới. Không yêu cầu kinh nghiệm ( Ưu tiên ứng viên mới ra trường)- Ưu tiên người có kinh nghiệm sales trong mọi lĩnh vực- Chỉ cần chịu khó, chăm chỉ, hoạt bát, nhanh nhẹn.","- Chăm sóc data thông tin khách hàng sẵn có của công ty.- Tìm kiếm, mở rộng thị trường và thiết lập các mối quan hệ với khách hàng hoặc dự án.- Duy trì những quan hệ kinh doanh hiện có, nhận đơn đặt hàng. Thiết lập những mối quan hệ kinh doanh mới.- Thời gian làm việc: sáng từ 7h30-11h30, chiều từ 1",Hà Nội,Nhân viên Kinh Doanh,"- Có niềm say mê trong công việc - Giao tiếp, ứng xử với mọi người tốt - Có khả năng thích nghi nhanh với môi trường làm việc - Kỹ năng lên kế hoạch, tổ chức sắp xếp công việc. - Khả năng chịu được áp lực công việc - Kỹ năng làm việc nhóm tốt. - Khả năng giải quyết vấn đề linh hoạt - Kỹ năng thao tác bàn phím tốt - Khả năng truyền đạt thông tin hiệu quả",1-3 năm,Hồ Chí Minh,,,,,,
5217,JOB_74,CV_044,DIFFERENT_DOMAIN,Nhân Viên Khai Báo Hải Quan,"- Ưu tiên có kinh nghiệm về thanh khoản, báo cáo quyết toán.- Thành thạo tiếng Anh (nghe nói, đọc, viết) và kỹ năng máy tính tốt (MS. Words, Excel, PowerPoint)- Có ít nhất 2 năm kinh nghiệm trở lên cùng vị trí tại Forwarder, hiểu biết về các thủ tục xuất nhập khẩu, giấy phép xuất nhập khẩu hàng hóa, thành thao và nắm rõ những công việc của 1 customs broker.- Có kiến thức về luật hải quan Việt Nam.- Nhiệt tình và có kỹ năng giao tiếp, đàm phán với khách hàng, đồng nghiệp và trưởng bộ phận.- Sẵn sàng chấp nhận thử thách, chịu được áp lực làm việc với cường độ công việc cao.","1. Nhận chứng từ xuất nhập khẩu từ đại lý và khách hàng.2. Kiểm tra thông tin hàng hóa, giấy phép xuất nhập khẩu cần thiết (nếu có).3. Khai báo Hải quan qua phần mềm ECUS / Vnaccs cho tất cả các loại hàng kinh doanh, đầu tư gia công và khu chế xuất.4. Làm kiểm dịch động vật, thực vật, giám định, kiể",Hà Nội,canh tác nông sản,"Biết lắng nghe tiếp thu ý kiến của đồng nghiệp và cấp trênChăm chỉ, chịu khó tìm hiểu các vấn đề trong công việc và cuộc sốngTinh thần trách nhiệm trong công việcChịu được áp lực trong công việcHòa đồng, vui vẻ với đồng nghiệp- Nắm bắt được những kỹ thuật chuyên ngành, thường xuyên cập nhật các kiến thức về khoa học công nghệ về các giống cây trồng, vật nuôi. Sử dụng các biện pháp kỹ thuật quốc tế, tiến hành một số thay đổi cho phù hợp với thực tế trong nước để cải thiện chất lượng sản phẩm. - Được đào tạo các kiến thức chuyên sâu về kỹ sư nông học, thành thạo trong việc triển khai các dự án từ phân chia công việc, theo dõi tiến độ dự án đến nghiệm thu kết quả. - Có kỹ năng giao tiếp tốt, truyền đạt những mong muốn, tầm nhìn, chiến lược hành động đến nhân viên trong công ty một cách rõ ràng. Xử lý nhanh những vấn đề về kỹ thuật cũng như con người để nâng cao hiệu suất làm việc, tạo ra môi trường làm việc tích cực.",1-3 năm,Bình Dương,,,,,,
2033,JOB_29,CV_003,SAME_DOMAIN,Quản Lý Cửa Hàng Thời Trang,"- Nam,nữ độ tuổi từ 28-35 . Ngoại hình ưa nhìn. Có gu ăn mặc là một lợi thế- Có 2 năm kinh nghiệm quản lý lĩnh vực thời trang, bán lẻ- Khả năng sale tốt.","-Chịu trách nhiệm toàn bộ hàng hóa, nhân viên trong Showroom-Chịu trách nhiệm hàng hóa, doanh số trong showroom-Kiểm tra cách trưng bày hàng hóa sao cho bắt mắt và thường xuyên thay đổi.-Sắp xếp lịch làm việc cho nhân viên hàng tuần.-Có kế hoạch Chăm sóc khách hàng offline, online thường xuyên thúc ",Bắc Ninh,Nhân viên lái xe hạng C,"Có khả năng chu toàn công việc, siêng năng, tỉ mỉ Kỹ năng bảo dưỡng, sửa chữa xe tốt Am hiểu các kỹ thuật khó, mang tính chuyên môn cao Có khả năng quản lý công việc, từng nằm trong đội ngũ chuyên viên kỹ thuật về xe tải Có chứng chỉ đảm bảo kỹ thuật sửa chữa, bảo trì các phương tiện (ô tô, xe máy) Thân thiện, hòa đồng, cởi mở trong môi trường làm việc Khả năng công nghệ thông tin, tin học văn phòng ở mức độ trung bình - khá Tốt nghiệp nghiệp vụ kỹ thuật ôtô được cấp bởi Trường trung cấp công nghệ Hà Nội Có điều kiện, khả năng gắn bó lâu dài với công ty, doanh nghiệp",5-10 năm,Hà Nội,,,,,,
206,JOB_02,CV_038,DIFFERENT_DOMAIN,HR Business Partner,"Tốt nghiệp đại học các chuyên ngành liên quan như kinh tế, quản trị, hành chánh, luật...Am hiểu sâu về Luật Lao động, Luật doanh nghiệp, Luật BHXH, Luật Công đoàn.Có ít nhất 3 năm kinh nghiệm trong công tác quản trị nhân sự và hành chánh. Ít nhất 1 năm kinh nghiệm ở vị trí tương đương.Kỹ năng lãnh đạo nhân viên; lập kế hoạch; giao tiếp tốtKỹ năng tổ chức và giám sát công việcKỹ năng phân tích, tổng hợp, làm báo cáo.Có khả năng chịu áp lực cao trong công việcTrung thực, chính trực, nhiệt tình công tác. Sáng tạo trong công việc","Xây dựng và thực hiện chiến lược nhân sự phù hợp với chiến lược kinh doanh tổng thể trong từng giai đoạn phát triển của Công ty.Giám sát và quản lý hệ thống đánh giá, thưởng phạt cho nhân viên.Hỗ trợ các nhu cầu kinh doanh thông qua việc tham gia phát triền và giưc chân lao độngXây dựng và quản lý k",Hồ Chí Minh,Nhân viên lái xe bằng B2,"- Có bằng lái xe A1, chủ động về phương tiện di chuyển - Kỹ năng giao hàng bằng xe máy - Thông thạo mọi cung đường tại Hà Nội - Biết sử dụng điện thoại thông minh - Cẩn thận, có trách nhiệm trong công việc - Nhanh nhẹn, chịu khó, ham học hỏi - Kỹ năng giao tiếp tốt - Có thể làm thêm giờ nếu cần thiết - Tuân thủ đúng luật an toàn giao thông, tránh vi phạm gây ảnh hưởng tới công việc.",1-3 năm,Bình Thuận,,,,,,
195,JOB_02,CV_082,SAME_DOMAIN,HR Business Partner,"Tốt nghiệp đại học các chuyên ngành liên quan như kinh tế, quản trị, hành chánh, luật...Am hiểu sâu về Luật Lao động, Luật doanh nghiệp, Luật BHXH, Luật Công đoàn.Có ít nhất 3 năm kinh nghiệm trong công tác quản trị nhân sự và hành chánh. Ít nhất 1 năm kinh nghiệm ở vị trí tương đương.Kỹ năng lãnh đạo nhân viên; lập kế hoạch; giao tiếp tốtKỹ năng tổ chức và giám sát công việcKỹ năng phân tích, tổng hợp, làm báo cáo.Có khả năng chịu áp lực cao trong công việcTrung thực, chính trực, nhiệt tình công tác. Sáng tạo trong công việc","Xây dựng và thực hiện chiến lược nhân sự phù hợp với chiến lược kinh doanh tổng thể trong từng giai đoạn phát triển của Công ty.Giám sát và quản lý hệ thống đánh giá, thưởng phạt cho nhân viên.Hỗ trợ các nhu cầu kinh doanh thông qua việc tham gia phát triền và giưc chân lao độngXây dựng và quản lý k",Hồ Chí Minh,Thực tập nhân sự,"Biết lắng nghe tiếp thu ý kiến của đồng nghiệp và cấp trênChăm chỉ, chịu khó tìm hiểu các vấn đề trong công việc và cuộc sốngTinh thần trách nhiệm trong công việcChịu được áp lực trong công việcHòa đồng, vui vẻ với đồng nghiệp",Chưa có kinh nghiệm,Hồ Chí Minh,,,,,,
1619,JOB_23,CV_000,DIFFERENT_DOMAIN,Nhân Viên Đào Tạo,"- Linh hoạt, chủ động trong công việc- Kỹ năng thuyết trình, giải quyết vấn đề, làm việc theo nhóm và độc lập- Tốt nghiệp Đại học trở lên- Có thể sử dụng tốt powerpoint, canva...","- Lên lịch và tổ chức các lớp học, làm báo cáo tổng hợp đánh giá kết quả của các lớp học này có tham khảo ý kiến từ giảng viên và học viên- Quản lý cơ sở dữ liệu đào tạo, dữ liệu nhà cung cấp, thư viện tài liệu đào tạo- Trực tiếp thuyết trình trong các buổi đào tạo định hướng cho nhân viên mới của T",Hà Nội,Nhân viên lái xe bằng B2,"- Bằng lái xe hạng C, D, E và có kinh nghiệm 5 năm lái xe tải, 5 năm lái xe khách. - Am hiểu về xe tải, biết cách xử lý các vấn đề xảy ra với xe. - Bảo quản và giữ gìn xe sạch sẽ, thường xuyên bảo dưỡng xe. - Lái xe an toàn và đảm bảo tuân thủ luật giao thông. - Khả năng ghi nhớ nhanh chóng, nhớ đường tốt. - Kỹ năng giao tiếp và thiết lập các mối quan hệ với khách hàng, đồng nghiệp. - Kỹ năng giải quyết vấn đề. - Sắp xếp và tổ chức, quản lý công việc hiệu quả, đảm bảo hàng hóa đến tay khách hàng nhanh nhất. - Chịu được áp lực cao trong công việc và khi lái xe.",5-10 năm,Hà Nội,,,,,,
1430,JOB_20,CV_101,DIFFERENT_DOMAIN,Nhân Viên Kinh Doanh (Thu Nhập Lên Đến 30 Triệu),"- Nam, tuổi từ 21 trở lên;- Yêu thích kinh doanh và kiếm tiền. Chưa có kinh nghiệm nhưng có tố chất kinh doanh, yêu thích tiếp xúc khách hàng, đam mê phát triển mối quan hệ bán hàng thì sẽ được đào tạo.- Có kinh nghiệm khách hàng B2B là một lợi thế.- Có bằng lái xe ô tô là 1 lợi thế.","- Khai thác, mở rộng, thiết lập khách hàng theo kênh bán hàng đảm trách.- Vai trò đại diện thương hiệu Công ty giao dịch với khách hàng bằng việc cung cấp giải pháp, công nghệ, sản phẩm, dịch vụ...- Thực hiện trực tiếp hoạt động bán hàng, triển khai các chương trình xúc tiến thương mại theo kế hoạch",Bình Dương,Nhân viên Lái xe hạng C,"Có khả năng nắm bắt thông tin nhanh chóng, thực hiện theo chỉ qua 1 lần quan sát. Có kỹ năng giao tiếp, đàm phán, trao đổi tốt. Có kỹ năng làm việc khoa học, phân bổ thời gian hợp lý. Có sự kiên trì tốt, chịu được áp lực công việc, luôn giữ được thái độ bình tĩnh dù trong tình huống xấu nhất.",Trên 10 năm,Hà Nội,,,,,,
1457,JOB_20,CV_026,SAME_DOMAIN,Nhân Viên Kinh Doanh (Thu Nhập Lên Đến 30 Triệu),"- Nam, tuổi từ 21 trở lên;- Yêu thích kinh doanh và kiếm tiền. Chưa có kinh nghiệm nhưng có tố chất kinh doanh, yêu thích tiếp xúc khách hàng, đam mê phát triển mối quan hệ bán hàng thì sẽ được đào tạo.- Có kinh nghiệm khách hàng B2B là một lợi thế.- Có bằng lái xe ô tô là 1 lợi thế.","- Khai thác, mở rộng, thiết lập khách hàng theo kênh bán hàng đảm trách.- Vai trò đại diện thương hiệu Công ty giao dịch với khách hàng bằng việc cung cấp giải pháp, công nghệ, sản phẩm, dịch vụ...- Thực hiện trực tiếp hoạt động bán hàng, triển khai các chương trình xúc tiến thương mại theo kế hoạch",Bình Dương,Nhân viên Chăm sóc khách hàng partime,"- Kỹ năng giao tiếp, thuyết phục khách hàng giỏi, giữ chân được khách hàng. - Khả năng nói tiếng Anh lưu loát và thành thạo, giúp khách hàng thêm tin tưởng. - Chăm chỉ và chịu khó, thường xuyên trau dồi các kiến thức và am hiểu nhu cầu của thị trường, tìm kiếm được nhiều khách hàng tiềm năng. - Thân thiện và hòa đồng với khách hàng, trò chuyện với khách hàng nhẹ nhàng, hòa nhã, ngay cả khi khách hàng khó tính và dùng lời lẽ không hay. - Có khả năng giữ được bình tĩnh, có trách nhiệm với công việc mà mình đang làm.",Chưa có kinh nghiệm,Quảng Nam,,,,,,
1535,JOB_21,CV_012,SAME_DOMAIN,Nhân Viên Kinh Doanh Tại Hà Nội,"- Ứng viên tốt nghiệp từ Trung cấp trở lên- Nhận cả nam và nữ giới. Không yêu cầu kinh nghiệm ( Ưu tiên ứng viên mới ra trường)- Ưu tiên người có kinh nghiệm sales trong mọi lĩnh vực- Chỉ cần chịu khó, chăm chỉ, hoạt bát, nhanh nhẹn.","- Chăm sóc data thông tin khách hàng sẵn có của công ty.- Tìm kiếm, mở rộng thị trường và thiết lập các mối quan hệ với khách hàng hoặc dự án.- Duy trì những quan hệ kinh doanh hiện có, nhận đơn đặt hàng. Thiết lập những mối quan hệ kinh doanh mới.- Thời gian làm việc: sáng từ 7h30-11h30, chiều từ 1",Hà Nội,Chăm sóc khách hàng - Tư vấn,"Biết lắng nghe tiếp thu ý kiến của đồng nghiệp và cấp trênChăm chỉ, chịu khó tìm hiểu các vấn đề trong công việc và cuộc sốngTinh thần trách nhiệm trong công việcChịu được áp lực trong công việcHòa đồng, vui vẻ với đồng nghiệpTính cách hòa đồng, thích giao lưu học hỏi với mọi người xung quanh. Có kĩ năng làm việc nhóm tốt, có tinh thần trách nhiệm đối với công việc.",Dưới 1 năm,Hà Nội,,,,,,
4220,JOB_60,CV_106,ADJACENT_DOMAIN,Nhân Viên Kinh Doanh - Hồ Chí Minh,"- Tốt nghiệp Đại Học chuyên ngành: Kỹ thuật điện lạnh, quản trị kinh doanh.- Kinh nghiệm làm việc: ít nhất 5 năm vị trí tương đương (có kinh nghiệm trong ngành HVAC là lợi thế).- Thành thạo kỹ năng tin học: Word, Excel- Kỹ năng lãnh đạo, giao tiếp tốt.- Tiếng anh giao tiếp cơ bản.- Vui vẻ hòa đồng, nhiệt tình, năng động, nhạy bén, có tinh thần kỷ luật, có khả năng chịu áp lực cao trong công việc.","- Kinh doanh sản phẩm (Chiller, Cooling Tower, AHU, FCU), giải pháp hệ thống điều hòa không khí HVAC, Thiết bị điện công nghiệp của Mitsubishi- Lập kế hoạch phát triển doanh số và triển khai thị trường để đạt mục tiêu doanh số của ban.- Phân tích tìm hiểu xu hướng thị trường, đối thủ cạnh tranh.- Ch",Hồ Chí Minh,Nhân viên viết content online,"- Sự hiểu biết và tính ham học hỏi - Khả năng học và tự học hỏi nhanh. - Có khả năng thích nghi nhanh với môi trường làm việc - Kỹ năng tổ chức và quản lý công việc hiệu quả - Khả năng chịu được áp lực công việc - Kỹ năng tự chủ, nghiên cứu học hỏi tốt. - Xử lý tình huống nhanh - Thành thạo tin học văn phòng - Kỹ năng lãnh đạo tốt",Chưa có kinh nghiệm,"Hồ Chí Minh, Bình Dương, Đắk Lắk",,,,,,
1536,JOB_21,CV_036,DIFFERENT_DOMAIN,Nhân Viên Kinh Doanh Tại Hà Nội,"- Ứng viên tốt nghiệp từ Trung cấp trở lên- Nhận cả nam và nữ giới. Không yêu cầu kinh nghiệm ( Ưu tiên ứng viên mới ra trường)- Ưu tiên người có kinh nghiệm sales trong mọi lĩnh vực- Chỉ cần chịu khó, chăm chỉ, hoạt bát, nhanh nhẹn.","- Chăm sóc data thông tin khách hàng sẵn có của công ty.- Tìm kiếm, mở rộng thị trường và thiết lập các mối quan hệ với khách hàng hoặc dự án.- Duy trì những quan hệ kinh doanh hiện có, nhận đơn đặt hàng. Thiết lập những mối quan hệ kinh doanh mới.- Thời gian làm việc: sáng từ 7h30-11h30, chiều từ 1",Hà Nội,Nhân viên hành chính nhân sự,"- Năng động, hoạt bát trong các hoạt động tập thể - Kỹ năng thuyết trình tốt - Khả năng thích ứng với công việc nhanh - Có khả năng quản lý, sắp xếp khối lượng công việc lớn - Khả năng chịu được áp lực công việc - Làm việc độc lập và làm việc nhóm - Biết cách phân loại vấn đề diễn ra trong quá trình xử lý công việc - Sử dụng thành thạo phần mềm Microsoft Word, Excel, Power Point … - Khả năng truyền đạt thông tin hiệu quả",5-10 năm,Quảng Ngãi,,,,,,
4981,JOB_71,CV_062,SAME_DOMAIN,Nhân Viên Kế Toán Tổng Hợp,"- Tốt nghiệp Đại học chuyên ngành Tài chính, Kế toán- Nhanh nhẹn, thông minh, có trách nhiệm với Công việc- Kĩ năng tin học văn phòng tốt- Có kinh nghiệm 01 năm trở lên","- Theo dõi, kiểm tra, kiểm soát tính hợp lệ và chính xác của các chứng từ, hóa đơn.- Tổng hợp dữ liệu, chứng từ theo dõi chi phí của Công ty.- Quản lý và lưu trữ chứng từ, sổ sách kế toán khoa học, an toàn và đúng quy định.- Lập các báo cáo tổng hợp công nợ, báo cáo tài chính, báo cáo quản trị khác ",Hà Nội,Nhân viên kế toán,"Hiểu được tầm quan trọng của ngoại ngữ, vì vậy tôi đã trau dồi khả năng đọc, viết và nói tiếng Anh của mình, giúp tôi tự tin giao tiếp với các đối tác nước ngoài và có thể viết ccs bản báo cáo tài chính kế toán bằng tiếng Anh khi được yêu cầu. Đồng thời, tôi hiểu được rằng chỉ cần một sai sót nhỏ trong ngành này là có thể gây ảnh hưởng vô cùng nghiêm trọng, vì thế tôi cũng vô cùng cẩn thận và tỉ mỉ, kỹ năng này giúp tôi hạn chế sai sót trong công việc một cách tuyệt đối. Ngoài ra, tôi là một con người hòa đồng và nhanh chóng thích nghi với môi trường mới, vì vậy tôi mong kỹ năng này sẽ giúp tôi tiến xa hơn trong tương lai sau này.",Trên 10 năm,Hồ Chí Minh,,,,,,
120,JOB_01,CV_088,ADJACENT_DOMAIN,"Thực Tập Sinh Lập Trình (No-Code, Low-Code Platform)","Sinh viên năm 3, năm 4 hoặc sinh viên cao học năm 1, năm 2 chuyên ngành công nghệ thông tin.Thời gian làm việc từ thứ 2 đến thứ 6, thực tập đáp ứng tối thiểu 4 ngày/tuần.Những người quan tâm đến thị trường No-code và Low-code mới và muốn làm việc trong lĩnh vực này.Những người thích làm việc một cách hiệu quả, chủ động học hỏi trao dồi kiến thức ngành.Có laptop cá nhân.","Phối hợp với bộ phận lập trình No-code, Low-code phát triển các ứng dụng sử dụng nền tảng phát triển No-code, Low-code, thiết lập và xác định cấu hình hệ thống cho các yêu cầu riêng của từng khách hàng.Tạo trang web bằng Webflow, Shopify, Burble, Adalo, xây dựng trang website thương mại điện tử EC, ",Hồ Chí Minh,Trưởng Nhóm Kinh Doanh,Kỹ năng tổ chức Kỹ năng lãnh đạo Quản lý thời gian hiệu quả Kỹ năng giao tiếp Kỹ năng thuyết trình Dễ dàng thích nghi với môi trường mới Kỹ năng làm việc theo nhóm Lập kế hoạch Tư duy sáng tạo Giải quyết vấn đề,3-5 năm,Hà Nội,,,,,,
993,JOB_14,CV_017,ADJACENT_DOMAIN,Content Marketing,"- Tốt nghiệp Cao đẳng/Đại học chuyên ngành Quản trị kinh doanh, Marketing, Ngôn ngữ,... và các khối ngành liên quan. - Tối thiểu 1-2 năm kinh nghiệm ở vị trí tương đương, đã từng làm việc trong lĩnh vực thời trang, làm đẹp là một lợi thế. - Tin học văn phòng.- Kỹ năng viết lách, sáng tạo nội dung, kỹ năng quản lý thời gian tốt - Đam mê và mong muốn phát triển lâu dài với nghề Content. - Nắm bắt xu hướng, chuyển động của mạng xã hội. - Biết các thủ thuật tăng like, views...cho các bài viết trên các kênh truyền thông của Công ty - Khả năng làm việc nhóm -Năng động, chủ động và cẩn trọng trong công việc","- Xây dựng, sáng tạo, quản trị nội dung (bao gồm viết nội dung, trình bày nội dung, ý tưởng về hình ảnh) trên Fanpages, Website, và các kênh truyền thông của Công ty.- Chịu trách nhiệm về các hoạt động Marketing/ Content và các hoạt động Branding khác liên quan đến các sản phẩm/nhãn hàng đảm nhiệm. ",Hồ Chí Minh,Nhân viên kinh doanh,"- Kỹ năng lắng nghe và giải quyết vấn đề hiệu quả. - Kỹ năng thuyết trình tốt - Dễ dàng làm quen với môi trường mới - Có khả năng quản lý, sắp xếp khối lượng công việc lớn - Khả năng tư duy sáng tạo. - Kỹ năng làm việc nhóm tốt. - Khả năng nhận diện vấn đề nhanh - Kỹ năng soạn thảo văn bản, hợp đồng,… - Kỹ năng lãnh đạo tốt",Chưa có kinh nghiệm,Hồ Chí Minh,,,,,,
1471,JOB_21,CV_025,SAME_DOMAIN,Nhân Viên Kinh Doanh Tại Hà Nội,"- Ứng viên tốt nghiệp từ Trung cấp trở lên- Nhận cả nam và nữ giới. Không yêu cầu kinh nghiệm ( Ưu tiên ứng viên mới ra trường)- Ưu tiên người có kinh nghiệm sales trong mọi lĩnh vực- Chỉ cần chịu khó, chăm chỉ, hoạt bát, nhanh nhẹn.","- Chăm sóc data thông tin khách hàng sẵn có của công ty.- Tìm kiếm, mở rộng thị trường và thiết lập các mối quan hệ với khách hàng hoặc dự án.- Duy trì những quan hệ kinh doanh hiện có, nhận đơn đặt hàng. Thiết lập những mối quan hệ kinh doanh mới.- Thời gian làm việc: sáng từ 7h30-11h30, chiều từ 1",Hà Nội,Kế toán/ Sale admin (Trợ lý kinh doanh),- Trung thực và cẩn thận - Quan sát và phân tích - Giao tiếp và ứng xử tốt - Chịu được áp lực công việc - Sắp xếp và quản lý thời gian,5-10 năm,Bình Dương,,,,,,
5017,JOB_71,CV_082,ADJACENT_DOMAIN,Nhân Viên Kế Toán Tổng Hợp,"- Tốt nghiệp Đại học chuyên ngành Tài chính, Kế toán- Nhanh nhẹn, thông minh, có trách nhiệm với Công việc- Kĩ năng tin học văn phòng tốt- Có kinh nghiệm 01 năm trở lên","- Theo dõi, kiểm tra, kiểm soát tính hợp lệ và chính xác của các chứng từ, hóa đơn.- Tổng hợp dữ liệu, chứng từ theo dõi chi phí của Công ty.- Quản lý và lưu trữ chứng từ, sổ sách kế toán khoa học, an toàn và đúng quy định.- Lập các báo cáo tổng hợp công nợ, báo cáo tài chính, báo cáo quản trị khác ",Hà Nội,Thực tập nhân sự,"Biết lắng nghe tiếp thu ý kiến của đồng nghiệp và cấp trênChăm chỉ, chịu khó tìm hiểu các vấn đề trong công việc và cuộc sốngTinh thần trách nhiệm trong công việcChịu được áp lực trong công việcHòa đồng, vui vẻ với đồng nghiệp",Chưa có kinh nghiệm,Hồ Chí Minh,,,,,,
1489,JOB_21,CV_002,DIFFERENT_DOMAIN,Nhân Viên Kinh Doanh Tại Hà Nội,"- Ứng viên tốt nghiệp từ Trung cấp trở lên- Nhận cả nam và nữ giới. Không yêu cầu kinh nghiệm ( Ưu tiên ứng viên mới ra trường)- Ưu tiên người có kinh nghiệm sales trong mọi lĩnh vực- Chỉ cần chịu khó, chăm chỉ, hoạt bát, nhanh nhẹn.","- Chăm sóc data thông tin khách hàng sẵn có của công ty.- Tìm kiếm, mở rộng thị trường và thiết lập các mối quan hệ với khách hàng hoặc dự án.- Duy trì những quan hệ kinh doanh hiện có, nhận đơn đặt hàng. Thiết lập những mối quan hệ kinh doanh mới.- Thời gian làm việc: sáng từ 7h30-11h30, chiều từ 1",Hà Nội,"Nhân viên văn phòng, khu công nghiệp sử dụng tiếng Trung","- Am hiểu mọi quy trình về hành chính nhân sự và các quy tắc quản lý giấy tờ hồ sơ của doanh nghiệp. - Khả năng quản lý thời gian, sắp xếp và lập kế hoạch để quản lý công việc một cách hiệu quả. - Có kỹ năng giao tiếp và ứng xử để áp dụng và phục vụ tốt vào trong công việc hành chính được giao. - Kỹ năng làm việc nhóm và có tinh thần sẵn sàng giúp đỡ và hỗ trợ mọi người trong công việc.",1-3 năm,Bắc Giang,,,,,,
2089,JOB_29,CV_070,SAME_DOMAIN,Quản Lý Cửa Hàng Thời Trang,"- Nam,nữ độ tuổi từ 28-35 . Ngoại hình ưa nhìn. Có gu ăn mặc là một lợi thế- Có 2 năm kinh nghiệm quản lý lĩnh vực thời trang, bán lẻ- Khả năng sale tốt.","-Chịu trách nhiệm toàn bộ hàng hóa, nhân viên trong Showroom-Chịu trách nhiệm hàng hóa, doanh số trong showroom-Kiểm tra cách trưng bày hàng hóa sao cho bắt mắt và thường xuyên thay đổi.-Sắp xếp lịch làm việc cho nhân viên hàng tuần.-Có kế hoạch Chăm sóc khách hàng offline, online thường xuyên thúc ",Bắc Ninh,Nhân viên lái xe bằng D,"- Có khả năng nhớ đường tốt chỉ cần đi một lần. - Thông thạo các tuyến đường tỉnh và đường liên tỉnh. - Tuân thủ nghiêm đối với luật giao thông đường bộ. - Có khả năng trong việc giải quyết các vấn đề xảy ra trong quá trình di chuyển. - Có thể thiết lập được các mối quan hệ với đồng nghiệp thật tốt. - Tổ chức kế hoạch công việc hiệu quả. - Sắp xếp, quản lý thời gian biểu phù hợp.",5-10 năm,Bà Rịa Vũng Tàu,,,,,,
4200,JOB_60,CV_010,DIFFERENT_DOMAIN,Nhân Viên Kinh Doanh - Hồ Chí Minh,"- Tốt nghiệp Đại Học chuyên ngành: Kỹ thuật điện lạnh, quản trị kinh doanh.- Kinh nghiệm làm việc: ít nhất 5 năm vị trí tương đương (có kinh nghiệm trong ngành HVAC là lợi thế).- Thành thạo kỹ năng tin học: Word, Excel- Kỹ năng lãnh đạo, giao tiếp tốt.- Tiếng anh giao tiếp cơ bản.- Vui vẻ hòa đồng, nhiệt tình, năng động, nhạy bén, có tinh thần kỷ luật, có khả năng chịu áp lực cao trong công việc.","- Kinh doanh sản phẩm (Chiller, Cooling Tower, AHU, FCU), giải pháp hệ thống điều hòa không khí HVAC, Thiết bị điện công nghiệp của Mitsubishi- Lập kế hoạch phát triển doanh số và triển khai thị trường để đạt mục tiêu doanh số của ban.- Phân tích tìm hiểu xu hướng thị trường, đối thủ cạnh tranh.- Ch",Hồ Chí Minh,Quản lý chất lượng (QC/QA) nông sản,"- Chăm chỉ, cần cù, chịu khó - Kỹ năng giao tiếp linh hoạt, có khả năng thuyết trình và trình bày - Khả năng thích ứng với công việc nhanh - Kỹ năng tổ chức và quản lý công việc hiệu quả - Có thể chịu được công việc có nhiều áp lực - Làm việc độc lập và làm việc nhóm - Khả năng nhận diện vấn đề nhanh - Kỹ năng thao tác bàn phím tốt - Kỹ năng lãnh đạo tốt",Chưa có kinh nghiệm,"Cần Thơ, Tiền Giang, Vĩnh Long",,,,,,
3586,JOB_51,CV_105,SAME_DOMAIN,Nhân Viên QC Thời Trang,"- Kinh nghiệm: Ứng viên có kinh nghiệm tối thiểu 3 năm về nghiệp vụ liên quan.- Kiến thức cần thiết:+ Kiến thức về sản phẩm hàng thời trang đa dạng (dệt kim & dệt thoi)+ Kiến thức về quy trình sản xuất, hiểu về các công đoạn cấu thành sản phẩm- Kỹ năng chuyên môn:+ Có kiến thức am hiểu về sản xuất các loại trang phục thời trang nam/nữ/trẻ em+ Kỹ năng giao tiếp tốt, trao đổi vấn đề mạch lạc, tương tác công việc hiệu quả.+ Sử dụng được các phần mềm cơ bản: Office- Thái độ: Cầu thị, nhiệt tâm, cẩn thận, linh hoạt.",1.Kiểm soát chất lượng nguồn nguyên liệu nhập:- Kiểm soát chất lượng nguyên liệu đầu vào (nếu có)- Thông báo kịp thời các vấn đề liên quan đến chất lượng không đảm bảo của nguyên liệu sản xuất.2. Kiểm soát chất lượng hàng hóa trước khi đưa ra lưu thông:- Tiếp nhận thông tin đơn hàng từ nhân viên phụ,Hà Nội,Nhân viên lái xe bằng B2,"- Am hiểu về xe tải, biết cách xử lý các vấn đề xảy ra với xe. - Bảo quản và giữ gìn xe sạch sẽ, thường xuyên bảo dưỡng xe. - Lái xe an toàn và đảm bảo tuân thủ luật giao thông. - Khả năng ghi nhớ nhanh chóng, nhớ đường tốt. - Kỹ năng giao tiếp và thiết lập các mối quan hệ với khách hàng, đồng nghiệp. - Kỹ năng giải quyết vấn đề. - Sắp xếp và tổ chức, quản lý công việc hiệu quả, đảm bảo hàng hóa đến tay khách hàng nhanh nhất. - Chịu được áp lực cao trong công việc và khi lái xe.",Trên 10 năm,Hà Nội,,,,,,
1639,JOB_23,CV_062,ADJACENT_DOMAIN,Nhân Viên Đào Tạo,"- Linh hoạt, chủ động trong công việc- Kỹ năng thuyết trình, giải quyết vấn đề, làm việc theo nhóm và độc lập- Tốt nghiệp Đại học trở lên- Có thể sử dụng tốt powerpoint, canva...","- Lên lịch và tổ chức các lớp học, làm báo cáo tổng hợp đánh giá kết quả của các lớp học này có tham khảo ý kiến từ giảng viên và học viên- Quản lý cơ sở dữ liệu đào tạo, dữ liệu nhà cung cấp, thư viện tài liệu đào tạo- Trực tiếp thuyết trình trong các buổi đào tạo định hướng cho nhân viên mới của T",Hà Nội,Nhân viên kế toán,"Hiểu được tầm quan trọng của ngoại ngữ, vì vậy tôi đã trau dồi khả năng đọc, viết và nói tiếng Anh của mình, giúp tôi tự tin giao tiếp với các đối tác nước ngoài và có thể viết ccs bản báo cáo tài chính kế toán bằng tiếng Anh khi được yêu cầu. Đồng thời, tôi hiểu được rằng chỉ cần một sai sót nhỏ trong ngành này là có thể gây ảnh hưởng vô cùng nghiêm trọng, vì thế tôi cũng vô cùng cẩn thận và tỉ mỉ, kỹ năng này giúp tôi hạn chế sai sót trong công việc một cách tuyệt đối. Ngoài ra, tôi là một con người hòa đồng và nhanh chóng thích nghi với môi trường mới, vì vậy tôi mong kỹ năng này sẽ giúp tôi tiến xa hơn trong tương lai sau này.",Trên 10 năm,Hồ Chí Minh,,,,,,
154,JOB_02,CV_049,DIFFERENT_DOMAIN,HR Business Partner,"Tốt nghiệp đại học các chuyên ngành liên quan như kinh tế, quản trị, hành chánh, luật...Am hiểu sâu về Luật Lao động, Luật doanh nghiệp, Luật BHXH, Luật Công đoàn.Có ít nhất 3 năm kinh nghiệm trong công tác quản trị nhân sự và hành chánh. Ít nhất 1 năm kinh nghiệm ở vị trí tương đương.Kỹ năng lãnh đạo nhân viên; lập kế hoạch; giao tiếp tốtKỹ năng tổ chức và giám sát công việcKỹ năng phân tích, tổng hợp, làm báo cáo.Có khả năng chịu áp lực cao trong công việcTrung thực, chính trực, nhiệt tình công tác. Sáng tạo trong công việc","Xây dựng và thực hiện chiến lược nhân sự phù hợp với chiến lược kinh doanh tổng thể trong từng giai đoạn phát triển của Công ty.Giám sát và quản lý hệ thống đánh giá, thưởng phạt cho nhân viên.Hỗ trợ các nhu cầu kinh doanh thông qua việc tham gia phát triền và giưc chân lao độngXây dựng và quản lý k",Hồ Chí Minh,Nhân viên sale,"- Có niềm say mê trong công việc - Giao tiếp, ứng xử với mọi người tốt - Có khả năng thích nghi nhanh với môi trường làm việc - Có khả năng quản lý, sắp xếp khối lượng công việc lớn - Chịu được áp lực cao trong công việc - Làm việc độc lập và làm việc nhóm - Khả năng nhận diện vấn đề nhanh - Thành thạo tin học văn phòng - Khả năng truyền đạt thông tin hiệu quả",3-5 năm,Hà Nội,,,,,,
2055,JOB_29,CV_048,SAME_DOMAIN,Quản Lý Cửa Hàng Thời Trang,"- Nam,nữ độ tuổi từ 28-35 . Ngoại hình ưa nhìn. Có gu ăn mặc là một lợi thế- Có 2 năm kinh nghiệm quản lý lĩnh vực thời trang, bán lẻ- Khả năng sale tốt.","-Chịu trách nhiệm toàn bộ hàng hóa, nhân viên trong Showroom-Chịu trách nhiệm hàng hóa, doanh số trong showroom-Kiểm tra cách trưng bày hàng hóa sao cho bắt mắt và thường xuyên thay đổi.-Sắp xếp lịch làm việc cho nhân viên hàng tuần.-Có kế hoạch Chăm sóc khách hàng offline, online thường xuyên thúc ",Bắc Ninh,Nhân viên lái xe - Bằng Lái Xe Hạng B2,"- Có thể ghi nhớ tên cùng vị trí đường ngay cả khi mới đi qua 1 lần - Là người có tinh thần trách nhiệm cao, biết ưu tiên các đầu việc quan trọng để hoàn thành kịp tiến độ cấp trên yêu cầu - Là người siêng năng, chịu khó",5-10 năm,Hà Nội,,,,,,
1647,JOB_23,CV_022,DIFFERENT_DOMAIN,Nhân Viên Đào Tạo,"- Linh hoạt, chủ động trong công việc- Kỹ năng thuyết trình, giải quyết vấn đề, làm việc theo nhóm và độc lập- Tốt nghiệp Đại học trở lên- Có thể sử dụng tốt powerpoint, canva...","- Lên lịch và tổ chức các lớp học, làm báo cáo tổng hợp đánh giá kết quả của các lớp học này có tham khảo ý kiến từ giảng viên và học viên- Quản lý cơ sở dữ liệu đào tạo, dữ liệu nhà cung cấp, thư viện tài liệu đào tạo- Trực tiếp thuyết trình trong các buổi đào tạo định hướng cho nhân viên mới của T",Hà Nội,"chăm sóc khách hàng, thiết kế, nghệ thuật...","Giao tiếp tốt, tự tin, nhanh nhẹn, tiếp thu nhanh, sáng tạo, dễ hoà nhập với nhiều môi trường mới. Biết lắng nghe tiếp thu ý kiến của đồng nghiệp và cấp trênChăm chỉ, chịu khó tìm hiểu các vấn đề trong công việc và cuộc sốngTinh thần trách nhiệm trong công việcChịu được áp lực trong công việcHòa đồng, vui vẻ với đồng nghiệp",1-3 năm,Hồ Chí Minh,,,,,,
2061,JOB_29,CV_039,SAME_DOMAIN,Quản Lý Cửa Hàng Thời Trang,"- Nam,nữ độ tuổi từ 28-35 . Ngoại hình ưa nhìn. Có gu ăn mặc là một lợi thế- Có 2 năm kinh nghiệm quản lý lĩnh vực thời trang, bán lẻ- Khả năng sale tốt.","-Chịu trách nhiệm toàn bộ hàng hóa, nhân viên trong Showroom-Chịu trách nhiệm hàng hóa, doanh số trong showroom-Kiểm tra cách trưng bày hàng hóa sao cho bắt mắt và thường xuyên thay đổi.-Sắp xếp lịch làm việc cho nhân viên hàng tuần.-Có kế hoạch Chăm sóc khách hàng offline, online thường xuyên thúc ",Bắc Ninh,Nhân viên lái xe hạng D,"- Tôi tự tin rằng mình có khả năng ghi nhớ tốt đối với những quãng đường từng đi qua, bên cạnh đó nếu có yêu cầu thì cũng sẽ tìm hiểu để đáp ứng nhiệm vụ được phân công trên những tuyến đường mới - Có khả năng quan sát, điều khiển phương tiện giao thông an toàn khi làm nhiệm vụ",5-10 năm,Bà Rịa Vũng Tàu,,,,,,
176,JOB_02,CV_037,ADJACENT_DOMAIN,HR Business Partner,"Tốt nghiệp đại học các chuyên ngành liên quan như kinh tế, quản trị, hành chánh, luật...Am hiểu sâu về Luật Lao động, Luật doanh nghiệp, Luật BHXH, Luật Công đoàn.Có ít nhất 3 năm kinh nghiệm trong công tác quản trị nhân sự và hành chánh. Ít nhất 1 năm kinh nghiệm ở vị trí tương đương.Kỹ năng lãnh đạo nhân viên; lập kế hoạch; giao tiếp tốtKỹ năng tổ chức và giám sát công việcKỹ năng phân tích, tổng hợp, làm báo cáo.Có khả năng chịu áp lực cao trong công việcTrung thực, chính trực, nhiệt tình công tác. Sáng tạo trong công việc","Xây dựng và thực hiện chiến lược nhân sự phù hợp với chiến lược kinh doanh tổng thể trong từng giai đoạn phát triển của Công ty.Giám sát và quản lý hệ thống đánh giá, thưởng phạt cho nhân viên.Hỗ trợ các nhu cầu kinh doanh thông qua việc tham gia phát triền và giưc chân lao độngXây dựng và quản lý k",Hồ Chí Minh,Nhân viên Kế toán,"- Trung thực, cẩn thận, có óc sáng tạo - Kỹ năng giao tiếp linh hoạt, có khả năng thuyết trình và trình bày - Khả năng thích ứng với công việc nhanh - Quản lý thời gian hiệu quả - Chịu được áp lực cao trong công việc - Kỹ năng làm việc nhóm cũng như làm việc độc lập. - Khả năng giải quyết vấn đề linh hoạt - Sử dụng thành thạo phần mềm Microsoft Word, Excel, Power Point … - Khả năng truyền cảm hứng",Chưa có kinh nghiệm,Hồ Chí Minh,,,,,,
4976,JOB_71,CV_036,ADJACENT_DOMAIN,Nhân Viên Kế Toán Tổng Hợp,"- Tốt nghiệp Đại học chuyên ngành Tài chính, Kế toán- Nhanh nhẹn, thông minh, có trách nhiệm với Công việc- Kĩ năng tin học văn phòng tốt- Có kinh nghiệm 01 năm trở lên","- Theo dõi, kiểm tra, kiểm soát tính hợp lệ và chính xác của các chứng từ, hóa đơn.- Tổng hợp dữ liệu, chứng từ theo dõi chi phí của Công ty.- Quản lý và lưu trữ chứng từ, sổ sách kế toán khoa học, an toàn và đúng quy định.- Lập các báo cáo tổng hợp công nợ, báo cáo tài chính, báo cáo quản trị khác ",Hà Nội,Nhân viên hành chính nhân sự,"- Năng động, hoạt bát trong các hoạt động tập thể - Kỹ năng thuyết trình tốt - Khả năng thích ứng với công việc nhanh - Có khả năng quản lý, sắp xếp khối lượng công việc lớn - Khả năng chịu được áp lực công việc - Làm việc độc lập và làm việc nhóm - Biết cách phân loại vấn đề diễn ra trong quá trình xử lý công việc - Sử dụng thành thạo phần mềm Microsoft Word, Excel, Power Point … - Khả năng truyền đạt thông tin hiệu quả",5-10 năm,Quảng Ngãi,,,,,,
4970,JOB_71,CV_005,ADJACENT_DOMAIN,Nhân Viên Kế Toán Tổng Hợp,"- Tốt nghiệp Đại học chuyên ngành Tài chính, Kế toán- Nhanh nhẹn, thông minh, có trách nhiệm với Công việc- Kĩ năng tin học văn phòng tốt- Có kinh nghiệm 01 năm trở lên","- Theo dõi, kiểm tra, kiểm soát tính hợp lệ và chính xác của các chứng từ, hóa đơn.- Tổng hợp dữ liệu, chứng từ theo dõi chi phí của Công ty.- Quản lý và lưu trữ chứng từ, sổ sách kế toán khoa học, an toàn và đúng quy định.- Lập các báo cáo tổng hợp công nợ, báo cáo tài chính, báo cáo quản trị khác ",Hà Nội,Nhân viên Hành Chính Nhân Sự,"- Trung thực, cẩn thận, có óc sáng tạo - Kỹ năng giao tiếp linh hoạt, có khả năng thuyết trình và trình bày - Có khả năng thích nghi nhanh với môi trường làm việc - Quản lý thời gian hiệu quả - Có khả năng làm việc dưới áp lực cao - Kỹ năng làm việc nhóm cũng như làm việc độc lập. - Xử lý tình huống nhanh - Kỹ năng thao tác bàn phím tốt - Có tầm nhìn và sự quyết đoán",Trên 10 năm,Bắc Giang,,,,,,
3587,JOB_51,CV_090,SAME_DOMAIN,Nhân Viên QC Thời Trang,"- Kinh nghiệm: Ứng viên có kinh nghiệm tối thiểu 3 năm về nghiệp vụ liên quan.- Kiến thức cần thiết:+ Kiến thức về sản phẩm hàng thời trang đa dạng (dệt kim & dệt thoi)+ Kiến thức về quy trình sản xuất, hiểu về các công đoạn cấu thành sản phẩm- Kỹ năng chuyên môn:+ Có kiến thức am hiểu về sản xuất các loại trang phục thời trang nam/nữ/trẻ em+ Kỹ năng giao tiếp tốt, trao đổi vấn đề mạch lạc, tương tác công việc hiệu quả.+ Sử dụng được các phần mềm cơ bản: Office- Thái độ: Cầu thị, nhiệt tâm, cẩn thận, linh hoạt.",1.Kiểm soát chất lượng nguồn nguyên liệu nhập:- Kiểm soát chất lượng nguyên liệu đầu vào (nếu có)- Thông báo kịp thời các vấn đề liên quan đến chất lượng không đảm bảo của nguyên liệu sản xuất.2. Kiểm soát chất lượng hàng hóa trước khi đưa ra lưu thông:- Tiếp nhận thông tin đơn hàng từ nhân viên phụ,Hà Nội,Nhân viên lái xe hạng B2,"+ Kỹ năng giao tiếp, đàm phán và thuyết phục khách hàng + Có kiến thức và kỹ năng dịch vụ chăm sóc khách hàng, quy trình chăm sóc khách hàng + Kỹ năng nhập và xử lý dữ liệu + Thành thạo MS Word và MS Excel + Kỹ năng quản lý thời gian, sắp xếp công việc + Kỹ năng làm việc nhóm và làm việc độc lập hiệu quả",5-10 năm,Bình Dương,,,,,,
139,JOB_01,CV_041,ADJACENT_DOMAIN,"Thực Tập Sinh Lập Trình (No-Code, Low-Code Platform)","Sinh viên năm 3, năm 4 hoặc sinh viên cao học năm 1, năm 2 chuyên ngành công nghệ thông tin.Thời gian làm việc từ thứ 2 đến thứ 6, thực tập đáp ứng tối thiểu 4 ngày/tuần.Những người quan tâm đến thị trường No-code và Low-code mới và muốn làm việc trong lĩnh vực này.Những người thích làm việc một cách hiệu quả, chủ động học hỏi trao dồi kiến thức ngành.Có laptop cá nhân.","Phối hợp với bộ phận lập trình No-code, Low-code phát triển các ứng dụng sử dụng nền tảng phát triển No-code, Low-code, thiết lập và xác định cấu hình hệ thống cho các yêu cầu riêng của từng khách hàng.Tạo trang web bằng Webflow, Shopify, Burble, Adalo, xây dựng trang website thương mại điện tử EC, ",Hồ Chí Minh,BS SẢN PHỤ KHOA,"- Kỹ năng làm việc nhóm - Kỹ năng giao tiếp, ứng xử - Kỹ năng giải quyết vấn đề độc lập - Dễ dàng thích nghi với môi trường mới",Trên 10 năm,Hồ Chí Minh,,,,,,
4257,JOB_60,CV_012,SAME_DOMAIN,Nhân Viên Kinh Doanh - Hồ Chí Minh,"- Tốt nghiệp Đại Học chuyên ngành: Kỹ thuật điện lạnh, quản trị kinh doanh.- Kinh nghiệm làm việc: ít nhất 5 năm vị trí tương đương (có kinh nghiệm trong ngành HVAC là lợi thế).- Thành thạo kỹ năng tin học: Word, Excel- Kỹ năng lãnh đạo, giao tiếp tốt.- Tiếng anh giao tiếp cơ bản.- Vui vẻ hòa đồng, nhiệt tình, năng động, nhạy bén, có tinh thần kỷ luật, có khả năng chịu áp lực cao trong công việc.","- Kinh doanh sản phẩm (Chiller, Cooling Tower, AHU, FCU), giải pháp hệ thống điều hòa không khí HVAC, Thiết bị điện công nghiệp của Mitsubishi- Lập kế hoạch phát triển doanh số và triển khai thị trường để đạt mục tiêu doanh số của ban.- Phân tích tìm hiểu xu hướng thị trường, đối thủ cạnh tranh.- Ch",Hồ Chí Minh,Chăm sóc khách hàng - Tư vấn,"Biết lắng nghe tiếp thu ý kiến của đồng nghiệp và cấp trênChăm chỉ, chịu khó tìm hiểu các vấn đề trong công việc và cuộc sốngTinh thần trách nhiệm trong công việcChịu được áp lực trong công việcHòa đồng, vui vẻ với đồng nghiệpTính cách hòa đồng, thích giao lưu học hỏi với mọi người xung quanh. Có kĩ năng làm việc nhóm tốt, có tinh thần trách nhiệm đối với công việc.",Dưới 1 năm,Hà Nội,,,,,,
3626,JOB_51,CV_020,SAME_DOMAIN,Nhân Viên QC Thời Trang,"- Kinh nghiệm: Ứng viên có kinh nghiệm tối thiểu 3 năm về nghiệp vụ liên quan.- Kiến thức cần thiết:+ Kiến thức về sản phẩm hàng thời trang đa dạng (dệt kim & dệt thoi)+ Kiến thức về quy trình sản xuất, hiểu về các công đoạn cấu thành sản phẩm- Kỹ năng chuyên môn:+ Có kiến thức am hiểu về sản xuất các loại trang phục thời trang nam/nữ/trẻ em+ Kỹ năng giao tiếp tốt, trao đổi vấn đề mạch lạc, tương tác công việc hiệu quả.+ Sử dụng được các phần mềm cơ bản: Office- Thái độ: Cầu thị, nhiệt tâm, cẩn thận, linh hoạt.",1.Kiểm soát chất lượng nguồn nguyên liệu nhập:- Kiểm soát chất lượng nguyên liệu đầu vào (nếu có)- Thông báo kịp thời các vấn đề liên quan đến chất lượng không đảm bảo của nguyên liệu sản xuất.2. Kiểm soát chất lượng hàng hóa trước khi đưa ra lưu thông:- Tiếp nhận thông tin đơn hàng từ nhân viên phụ,Hà Nội,Nhân viên lái xe hạng C,"- Đã có bằng lái xe B2, phù hợp với loại hình vận tải của doanh nghiệp - Hiểu rõ các quy tắc vận tải đối với hành khách và với hàng hóa - Nắm rõ luật giao thông và có thể đảm bảo sự tỉnh táo trong quá trình lái xe, đem đến mọi hành trình lái xe an toàn cho người và của.",5-10 năm,Hưng Yên,,,,,,
3708,JOB_52,CV_018,DIFFERENT_DOMAIN,Thực Tập Kế Toán Nhập Liệu,"Sinh viên đang theo học chuyên ngành kế toán, coi trọng công việc thực tậpTư duy logic tốt, kỷ luật cao, trung thực và chăm chỉƯu tiên các ứng viên có khả năng giao tiếp tốt",Nhập liệu hóa đơn bán hàng và báo có/báo nợ ngân hàng trên phần mềm kế toánCập nhật và theo dõi công nợ đơn giản Hỗ trợ lập hợp đồng/báo giá và các công việc hành chính cơ bản khác,Hà Nội,Nhân viên phụ xe - Bằng lái xe hạng C,"Giao tiếp tốt, thân thiện, cởi mở với mọi người Có khả năng chịu được áp lực cao đối với công việc chuyên chở hàng hóa Có thể kiểm soát cũng như quản lý tốt số lượng hàng hóa và đảm bảo ổn định chất lượng hàng hóa trong suốt quá trình vận chuyển Có bằng tốt nghiệp loại khá ngành Kinh tế Vận Tải trường Đại Học Giao Thông vận tải Có kinh nghiệm 3 năm hành nghề vận chuyển trang thiết bị nguyên vật liệu cho doanh nghiệp tư nhân thi công công trình. Khả năng lái xe giỏi, nhớ đường nhanh chóng Am hiểu các bộ luật quy định về giao thông Có khả năng gắn bó lâu dài với công việc",Trên 10 năm,Hà Nội,,,,,,
3616,JOB_51,CV_027,SAME_DOMAIN,Nhân Viên QC Thời Trang,"- Kinh nghiệm: Ứng viên có kinh nghiệm tối thiểu 3 năm về nghiệp vụ liên quan.- Kiến thức cần thiết:+ Kiến thức về sản phẩm hàng thời trang đa dạng (dệt kim & dệt thoi)+ Kiến thức về quy trình sản xuất, hiểu về các công đoạn cấu thành sản phẩm- Kỹ năng chuyên môn:+ Có kiến thức am hiểu về sản xuất các loại trang phục thời trang nam/nữ/trẻ em+ Kỹ năng giao tiếp tốt, trao đổi vấn đề mạch lạc, tương tác công việc hiệu quả.+ Sử dụng được các phần mềm cơ bản: Office- Thái độ: Cầu thị, nhiệt tâm, cẩn thận, linh hoạt.",1.Kiểm soát chất lượng nguồn nguyên liệu nhập:- Kiểm soát chất lượng nguyên liệu đầu vào (nếu có)- Thông báo kịp thời các vấn đề liên quan đến chất lượng không đảm bảo của nguyên liệu sản xuất.2. Kiểm soát chất lượng hàng hóa trước khi đưa ra lưu thông:- Tiếp nhận thông tin đơn hàng từ nhân viên phụ,Hà Nội,Nhân viên lái xe - Bằng Lái Xe Hạng B2,"- Có trình độ về tin học văn phòng, thành thạo sử dụng các trình duyệt, các phần mềm hỗ trợ cho việc lái xe, các phần mềm tính km di chuyển và phần mềm tính tiền. - Có thể giao tiếp tốt, nói năng lưu loát, nói tiếng phổ thông. - Có khả năng về ngoại ngữ, có thể giao tiếp được với người nước ngoài. - Có trách nhiệm với công việc được giao phó. - Sử dụng các thiết bị điều khiển trên xe một cách thành thạo.",3-5 năm,Hồ Chí Minh,,,,,,
144,JOB_02,CV_077,SAME_DOMAIN,HR Business Partner,"Tốt nghiệp đại học các chuyên ngành liên quan như kinh tế, quản trị, hành chánh, luật...Am hiểu sâu về Luật Lao động, Luật doanh nghiệp, Luật BHXH, Luật Công đoàn.Có ít nhất 3 năm kinh nghiệm trong công tác quản trị nhân sự và hành chánh. Ít nhất 1 năm kinh nghiệm ở vị trí tương đương.Kỹ năng lãnh đạo nhân viên; lập kế hoạch; giao tiếp tốtKỹ năng tổ chức và giám sát công việcKỹ năng phân tích, tổng hợp, làm báo cáo.Có khả năng chịu áp lực cao trong công việcTrung thực, chính trực, nhiệt tình công tác. Sáng tạo trong công việc","Xây dựng và thực hiện chiến lược nhân sự phù hợp với chiến lược kinh doanh tổng thể trong từng giai đoạn phát triển của Công ty.Giám sát và quản lý hệ thống đánh giá, thưởng phạt cho nhân viên.Hỗ trợ các nhu cầu kinh doanh thông qua việc tham gia phát triền và giưc chân lao độngXây dựng và quản lý k",Hồ Chí Minh,Nhân viên hành chính văn phòng,"- Chăm chỉ, cần cù, chịu khó - Kỹ năng giao tiếp tốt (điện thoại, email…) - Có khả năng thích nghi nhanh với môi trường làm việc - Có khả năng quản lý, sắp xếp khối lượng công việc lớn - Có khả năng làm việc dưới áp lực cao - Kỹ năng làm việc nhóm hiệu quả - Khả năng tìm kiếm giải pháp và lựa chọn các giải pháp tối ưu - Sử dụng thành thạo phần mềm Microsoft Word, Excel, Power Point … - Khả năng truyền đạt thông tin hiệu quả",Chưa có kinh nghiệm,Hồ Chí Minh,,,,,,
1497,JOB_21,CV_023,DIFFERENT_DOMAIN,Nhân Viên Kinh Doanh Tại Hà Nội,"- Ứng viên tốt nghiệp từ Trung cấp trở lên- Nhận cả nam và nữ giới. Không yêu cầu kinh nghiệm ( Ưu tiên ứng viên mới ra trường)- Ưu tiên người có kinh nghiệm sales trong mọi lĩnh vực- Chỉ cần chịu khó, chăm chỉ, hoạt bát, nhanh nhẹn.","- Chăm sóc data thông tin khách hàng sẵn có của công ty.- Tìm kiếm, mở rộng thị trường và thiết lập các mối quan hệ với khách hàng hoặc dự án.- Duy trì những quan hệ kinh doanh hiện có, nhận đơn đặt hàng. Thiết lập những mối quan hệ kinh doanh mới.- Thời gian làm việc: sáng từ 7h30-11h30, chiều từ 1",Hà Nội,Thực tập sinh Quản lý giáo dục,"- Trung thực, nhiệt tình, trách nhiệm. - Kỹ năng giao tiếp tốt (điện thoại, email…) - Có khả năng thích nghi nhanh với môi trường làm việc - Kỹ năng tổ chức và quản lý công việc hiệu quả - Có khả năng làm việc dưới áp lực cao - Kỹ năng làm việc nhóm hiệu quả - Khả năng nhận diện vấn đề nhanh - Kỹ năng soạn thảo văn bản, hợp đồng,… - Khả năng truyền đạt thông tin hiệu quả",Chưa có kinh nghiệm,Hà Nội,,,,,,
2066,JOB_29,CV_075,SAME_DOMAIN,Quản Lý Cửa Hàng Thời Trang,"- Nam,nữ độ tuổi từ 28-35 . Ngoại hình ưa nhìn. Có gu ăn mặc là một lợi thế- Có 2 năm kinh nghiệm quản lý lĩnh vực thời trang, bán lẻ- Khả năng sale tốt.","-Chịu trách nhiệm toàn bộ hàng hóa, nhân viên trong Showroom-Chịu trách nhiệm hàng hóa, doanh số trong showroom-Kiểm tra cách trưng bày hàng hóa sao cho bắt mắt và thường xuyên thay đổi.-Sắp xếp lịch làm việc cho nhân viên hàng tuần.-Có kế hoạch Chăm sóc khách hàng offline, online thường xuyên thúc ",Bắc Ninh,Nhân viên lái xe - Bằng Lái Xe Hạng C,"- Luôn đặt công việc làm ưu tiên hàng đầu trong cuộc sống - Có thể đi công tác xa nhà trong thời gian dài - Có khả năng ghi nhớ đường tốt, thành thạo các cung đường thuộc địa bàn mà công ty yêu cầu - Có am hiểu luật giao thông đường bộ và luôn chấp hành nghiêm chỉnh các quy định khi tham gia giao thông - Có khả năng quan sát kỹ các làn đường, tuyến đường, quan sát từ xa để giảm thiểu những rủi ro không đáng có - Có sức khỏe tốt để thực hiện được tất cả các công việc được giao phó như bốc dỡ hàng hóa khi thiếu người",3-5 năm,Hà Nội,,,,,,
119,JOB_01,CV_081,ADJACENT_DOMAIN,"Thực Tập Sinh Lập Trình (No-Code, Low-Code Platform)","Sinh viên năm 3, năm 4 hoặc sinh viên cao học năm 1, năm 2 chuyên ngành công nghệ thông tin.Thời gian làm việc từ thứ 2 đến thứ 6, thực tập đáp ứng tối thiểu 4 ngày/tuần.Những người quan tâm đến thị trường No-code và Low-code mới và muốn làm việc trong lĩnh vực này.Những người thích làm việc một cách hiệu quả, chủ động học hỏi trao dồi kiến thức ngành.Có laptop cá nhân.","Phối hợp với bộ phận lập trình No-code, Low-code phát triển các ứng dụng sử dụng nền tảng phát triển No-code, Low-code, thiết lập và xác định cấu hình hệ thống cho các yêu cầu riêng của từng khách hàng.Tạo trang web bằng Webflow, Shopify, Burble, Adalo, xây dựng trang website thương mại điện tử EC, ",Hồ Chí Minh,Phụ Tá Đa Khoa,"- Thân thiện và linh động trong mọi tình huống - Kỹ năng giao tiếp tốt (điện thoại, email…) - Dễ dàng hòa nhập với môi trường làm việc mới - Có khả năng quản lý, sắp xếp khối lượng công việc lớn - Khả năng tư duy sáng tạo. - Kỹ năng làm việc nhóm tốt. - Xử lý tình huống nhanh - Sử dụng thành thạo phần mềm Microsoft Word, Excel, Power Point … - Kỹ năng lãnh đạo tốt",Dưới 1 năm,Hồ Chí Minh,,,,,,
3611,JOB_51,CV_110,SAME_DOMAIN,Nhân Viên QC Thời Trang,"- Kinh nghiệm: Ứng viên có kinh nghiệm tối thiểu 3 năm về nghiệp vụ liên quan.- Kiến thức cần thiết:+ Kiến thức về sản phẩm hàng thời trang đa dạng (dệt kim & dệt thoi)+ Kiến thức về quy trình sản xuất, hiểu về các công đoạn cấu thành sản phẩm- Kỹ năng chuyên môn:+ Có kiến thức am hiểu về sản xuất các loại trang phục thời trang nam/nữ/trẻ em+ Kỹ năng giao tiếp tốt, trao đổi vấn đề mạch lạc, tương tác công việc hiệu quả.+ Sử dụng được các phần mềm cơ bản: Office- Thái độ: Cầu thị, nhiệt tâm, cẩn thận, linh hoạt.",1.Kiểm soát chất lượng nguồn nguyên liệu nhập:- Kiểm soát chất lượng nguyên liệu đầu vào (nếu có)- Thông báo kịp thời các vấn đề liên quan đến chất lượng không đảm bảo của nguyên liệu sản xuất.2. Kiểm soát chất lượng hàng hóa trước khi đưa ra lưu thông:- Tiếp nhận thông tin đơn hàng từ nhân viên phụ,Hà Nội,Giám sát an toàn thi công,"- Chăm chỉ, cần cù, chịu khó - Giao tiếp, ứng xử với mọi người tốt - Dễ dàng làm quen với môi trường mới - Kỹ năng tổ chức và quản lý công việc hiệu quả - Có thể chịu được công việc có nhiều áp lực - Làm việc độc lập và làm việc nhóm - Biết cách phân loại vấn đề diễn ra trong quá trình xử lý công việc - Thành thạo tin học văn phòng - Khả năng truyền đạt thông tin hiệu quả",3-5 năm,"Bến Tre, Tiền Giang",,,,,,
2038,JOB_29,CV_095,SAME_DOMAIN,Quản Lý Cửa Hàng Thời Trang,"- Nam,nữ độ tuổi từ 28-35 . Ngoại hình ưa nhìn. Có gu ăn mặc là một lợi thế- Có 2 năm kinh nghiệm quản lý lĩnh vực thời trang, bán lẻ- Khả năng sale tốt.","-Chịu trách nhiệm toàn bộ hàng hóa, nhân viên trong Showroom-Chịu trách nhiệm hàng hóa, doanh số trong showroom-Kiểm tra cách trưng bày hàng hóa sao cho bắt mắt và thường xuyên thay đổi.-Sắp xếp lịch làm việc cho nhân viên hàng tuần.-Có kế hoạch Chăm sóc khách hàng offline, online thường xuyên thúc ",Bắc Ninh,Nhân viên lái xe - Bằng Lái Xe Hạng B2,"- Có thể ghi nhớ tên cùng vị trí đường ngay cả khi mới đi qua 1 lần - Là người có tinh thần trách nhiệm cao, biết ưu tiên các đầu việc quan trọng để hoàn thành kịp tiến độ cấp trên yêu cầu - Là người siêng năng, chịu khó",5-10 năm,Hồ Chí Minh,,,,,,
3608,JOB_51,CV_117,SAME_DOMAIN,Nhân Viên QC Thời Trang,"- Kinh nghiệm: Ứng viên có kinh nghiệm tối thiểu 3 năm về nghiệp vụ liên quan.- Kiến thức cần thiết:+ Kiến thức về sản phẩm hàng thời trang đa dạng (dệt kim & dệt thoi)+ Kiến thức về quy trình sản xuất, hiểu về các công đoạn cấu thành sản phẩm- Kỹ năng chuyên môn:+ Có kiến thức am hiểu về sản xuất các loại trang phục thời trang nam/nữ/trẻ em+ Kỹ năng giao tiếp tốt, trao đổi vấn đề mạch lạc, tương tác công việc hiệu quả.+ Sử dụng được các phần mềm cơ bản: Office- Thái độ: Cầu thị, nhiệt tâm, cẩn thận, linh hoạt.",1.Kiểm soát chất lượng nguồn nguyên liệu nhập:- Kiểm soát chất lượng nguyên liệu đầu vào (nếu có)- Thông báo kịp thời các vấn đề liên quan đến chất lượng không đảm bảo của nguyên liệu sản xuất.2. Kiểm soát chất lượng hàng hóa trước khi đưa ra lưu thông:- Tiếp nhận thông tin đơn hàng từ nhân viên phụ,Hà Nội,Nhân viên lái xe hạng C,"- Thân thiện và linh động trong mọi tình huống - Kỹ năng giao tiếp linh hoạt, có khả năng thuyết trình và trình bày - Dễ dàng làm quen với môi trường mới - Kỹ năng lên kế hoạch, tổ chức sắp xếp công việc. - Khả năng chịu được áp lực công việc - Kỹ năng làm việc nhóm cũng như làm việc độc lập. - Khả năng tìm kiếm giải pháp và lựa chọn các giải pháp tối ưu - Kỹ năng tin học văn phòng thành thạo - Khả năng giải quyết vấn đề linh hoạt",5-10 năm,Bình Dương,,,,,,
2090,JOB_29,CV_053,SAME_DOMAIN,Quản Lý Cửa Hàng Thời Trang,"- Nam,nữ độ tuổi từ 28-35 . Ngoại hình ưa nhìn. Có gu ăn mặc là một lợi thế- Có 2 năm kinh nghiệm quản lý lĩnh vực thời trang, bán lẻ- Khả năng sale tốt.","-Chịu trách nhiệm toàn bộ hàng hóa, nhân viên trong Showroom-Chịu trách nhiệm hàng hóa, doanh số trong showroom-Kiểm tra cách trưng bày hàng hóa sao cho bắt mắt và thường xuyên thay đổi.-Sắp xếp lịch làm việc cho nhân viên hàng tuần.-Có kế hoạch Chăm sóc khách hàng offline, online thường xuyên thúc ",Bắc Ninh,Nhân viên lái xe hạng C,"- Sự hiểu biết và tính ham học hỏi - Giao tiếp, ứng xử với mọi người tốt - Khả năng thích ứng với công việc nhanh - Quản lý thời gian hiệu quả - Có khả năng làm việc dưới áp lực cao - Kỹ năng làm việc nhóm cũng như làm việc độc lập. - Xử lý tình huống nhanh - Kỹ năng tin học văn phòng thành thạo - Khả năng truyền đạt thông tin hiệu quả",5-10 năm,Bắc Giang,,,,,,
5037,JOB_71,CV_098,ADJACENT_DOMAIN,Nhân Viên Kế Toán Tổng Hợp,"- Tốt nghiệp Đại học chuyên ngành Tài chính, Kế toán- Nhanh nhẹn, thông minh, có trách nhiệm với Công việc- Kĩ năng tin học văn phòng tốt- Có kinh nghiệm 01 năm trở lên","- Theo dõi, kiểm tra, kiểm soát tính hợp lệ và chính xác của các chứng từ, hóa đơn.- Tổng hợp dữ liệu, chứng từ theo dõi chi phí của Công ty.- Quản lý và lưu trữ chứng từ, sổ sách kế toán khoa học, an toàn và đúng quy định.- Lập các báo cáo tổng hợp công nợ, báo cáo tài chính, báo cáo quản trị khác ",Hà Nội,HR,Thể thao Giao tiếp Giảng dạy Tư vấn,1-3 năm,Hà Nội,,,,,,
2047,JOB_29,CV_117,SAME_DOMAIN,Quản Lý Cửa Hàng Thời Trang,"- Nam,nữ độ tuổi từ 28-35 . Ngoại hình ưa nhìn. Có gu ăn mặc là một lợi thế- Có 2 năm kinh nghiệm quản lý lĩnh vực thời trang, bán lẻ- Khả năng sale tốt.","-Chịu trách nhiệm toàn bộ hàng hóa, nhân viên trong Showroom-Chịu trách nhiệm hàng hóa, doanh số trong showroom-Kiểm tra cách trưng bày hàng hóa sao cho bắt mắt và thường xuyên thay đổi.-Sắp xếp lịch làm việc cho nhân viên hàng tuần.-Có kế hoạch Chăm sóc khách hàng offline, online thường xuyên thúc ",Bắc Ninh,Nhân viên lái xe hạng C,"- Thân thiện và linh động trong mọi tình huống - Kỹ năng giao tiếp linh hoạt, có khả năng thuyết trình và trình bày - Dễ dàng làm quen với môi trường mới - Kỹ năng lên kế hoạch, tổ chức sắp xếp công việc. - Khả năng chịu được áp lực công việc - Kỹ năng làm việc nhóm cũng như làm việc độc lập. - Khả năng tìm kiếm giải pháp và lựa chọn các giải pháp tối ưu - Kỹ năng tin học văn phòng thành thạo - Khả năng giải quyết vấn đề linh hoạt",5-10 năm,Bình Dương,,,,,,
4972,JOB_71,CV_026,DIFFERENT_DOMAIN,Nhân Viên Kế Toán Tổng Hợp,"- Tốt nghiệp Đại học chuyên ngành Tài chính, Kế toán- Nhanh nhẹn, thông minh, có trách nhiệm với Công việc- Kĩ năng tin học văn phòng tốt- Có kinh nghiệm 01 năm trở lên","- Theo dõi, kiểm tra, kiểm soát tính hợp lệ và chính xác của các chứng từ, hóa đơn.- Tổng hợp dữ liệu, chứng từ theo dõi chi phí của Công ty.- Quản lý và lưu trữ chứng từ, sổ sách kế toán khoa học, an toàn và đúng quy định.- Lập các báo cáo tổng hợp công nợ, báo cáo tài chính, báo cáo quản trị khác ",Hà Nội,Nhân viên Chăm sóc khách hàng partime,"- Kỹ năng giao tiếp, thuyết phục khách hàng giỏi, giữ chân được khách hàng. - Khả năng nói tiếng Anh lưu loát và thành thạo, giúp khách hàng thêm tin tưởng. - Chăm chỉ và chịu khó, thường xuyên trau dồi các kiến thức và am hiểu nhu cầu của thị trường, tìm kiếm được nhiều khách hàng tiềm năng. - Thân thiện và hòa đồng với khách hàng, trò chuyện với khách hàng nhẹ nhàng, hòa nhã, ngay cả khi khách hàng khó tính và dùng lời lẽ không hay. - Có khả năng giữ được bình tĩnh, có trách nhiệm với công việc mà mình đang làm.",Chưa có kinh nghiệm,Quảng Nam,,,,,,
2097,JOB_29,CV_054,SAME_DOMAIN,Quản Lý Cửa Hàng Thời Trang,"- Nam,nữ độ tuổi từ 28-35 . Ngoại hình ưa nhìn. Có gu ăn mặc là một lợi thế- Có 2 năm kinh nghiệm quản lý lĩnh vực thời trang, bán lẻ- Khả năng sale tốt.","-Chịu trách nhiệm toàn bộ hàng hóa, nhân viên trong Showroom-Chịu trách nhiệm hàng hóa, doanh số trong showroom-Kiểm tra cách trưng bày hàng hóa sao cho bắt mắt và thường xuyên thay đổi.-Sắp xếp lịch làm việc cho nhân viên hàng tuần.-Có kế hoạch Chăm sóc khách hàng offline, online thường xuyên thúc ",Bắc Ninh,Nhân viên lái xe - Bằng Lái Xe Hạng C,"Có khả năng chu toàn công việc, siêng năng, tỉ mỉ Kỹ năng bảo dưỡng, sửa chữa xe tốt Am hiểu các kỹ thuật khó, mang tính chuyên môn cao Có khả năng quản lý công việc, từng nằm trong đội ngũ chuyên viên kỹ thuật về xe tải Có chứng chỉ đảm bảo kỹ thuật sửa chữa, bảo trì các phương tiện (ô tô, xe máy) Thân thiện, hòa đồng, cởi mở trong môi trường làm việc Khả năng công nghệ thông tin, tin học văn phòng ở mức độ trung bình - khá Có điều kiện, khả năng gắn bó lâu dài với công ty, doanh nghiệp",1-3 năm,Tuyên Quang,,,,,,
78,JOB_01,CV_012,ADJACENT_DOMAIN,"Thực Tập Sinh Lập Trình (No-Code, Low-Code Platform)","Sinh viên năm 3, năm 4 hoặc sinh viên cao học năm 1, năm 2 chuyên ngành công nghệ thông tin.Thời gian làm việc từ thứ 2 đến thứ 6, thực tập đáp ứng tối thiểu 4 ngày/tuần.Những người quan tâm đến thị trường No-code và Low-code mới và muốn làm việc trong lĩnh vực này.Những người thích làm việc một cách hiệu quả, chủ động học hỏi trao dồi kiến thức ngành.Có laptop cá nhân.","Phối hợp với bộ phận lập trình No-code, Low-code phát triển các ứng dụng sử dụng nền tảng phát triển No-code, Low-code, thiết lập và xác định cấu hình hệ thống cho các yêu cầu riêng của từng khách hàng.Tạo trang web bằng Webflow, Shopify, Burble, Adalo, xây dựng trang website thương mại điện tử EC, ",Hồ Chí Minh,Chăm sóc khách hàng - Tư vấn,"Biết lắng nghe tiếp thu ý kiến của đồng nghiệp và cấp trênChăm chỉ, chịu khó tìm hiểu các vấn đề trong công việc và cuộc sốngTinh thần trách nhiệm trong công việcChịu được áp lực trong công việcHòa đồng, vui vẻ với đồng nghiệpTính cách hòa đồng, thích giao lưu học hỏi với mọi người xung quanh. Có kĩ năng làm việc nhóm tốt, có tinh thần trách nhiệm đối với công việc.",Dưới 1 năm,Hà Nội,,,,,,
1023,JOB_14,CV_073,ADJACENT_DOMAIN,Content Marketing,"- Tốt nghiệp Cao đẳng/Đại học chuyên ngành Quản trị kinh doanh, Marketing, Ngôn ngữ,... và các khối ngành liên quan. - Tối thiểu 1-2 năm kinh nghiệm ở vị trí tương đương, đã từng làm việc trong lĩnh vực thời trang, làm đẹp là một lợi thế. - Tin học văn phòng.- Kỹ năng viết lách, sáng tạo nội dung, kỹ năng quản lý thời gian tốt - Đam mê và mong muốn phát triển lâu dài với nghề Content. - Nắm bắt xu hướng, chuyển động của mạng xã hội. - Biết các thủ thuật tăng like, views...cho các bài viết trên các kênh truyền thông của Công ty - Khả năng làm việc nhóm -Năng động, chủ động và cẩn trọng trong công việc","- Xây dựng, sáng tạo, quản trị nội dung (bao gồm viết nội dung, trình bày nội dung, ý tưởng về hình ảnh) trên Fanpages, Website, và các kênh truyền thông của Công ty.- Chịu trách nhiệm về các hoạt động Marketing/ Content và các hoạt động Branding khác liên quan đến các sản phẩm/nhãn hàng đảm nhiệm. ",Hồ Chí Minh,Nhân viên kinh doanh,"- Tin học văn phòng: sử dụng cácphần mềm word, excel, powerpoint - Khả năng giao tiếp tốt - Khả năng phân chia công việc,điều phối tốt - Khả năng giải quyết vấn đề khá nhanh. - Luôn chủ động trong công việc",Trên 10 năm,Bắc Ninh,,,,,,
1026,JOB_14,CV_001,DIFFERENT_DOMAIN,Content Marketing,"- Tốt nghiệp Cao đẳng/Đại học chuyên ngành Quản trị kinh doanh, Marketing, Ngôn ngữ,... và các khối ngành liên quan. - Tối thiểu 1-2 năm kinh nghiệm ở vị trí tương đương, đã từng làm việc trong lĩnh vực thời trang, làm đẹp là một lợi thế. - Tin học văn phòng.- Kỹ năng viết lách, sáng tạo nội dung, kỹ năng quản lý thời gian tốt - Đam mê và mong muốn phát triển lâu dài với nghề Content. - Nắm bắt xu hướng, chuyển động của mạng xã hội. - Biết các thủ thuật tăng like, views...cho các bài viết trên các kênh truyền thông của Công ty - Khả năng làm việc nhóm -Năng động, chủ động và cẩn trọng trong công việc","- Xây dựng, sáng tạo, quản trị nội dung (bao gồm viết nội dung, trình bày nội dung, ý tưởng về hình ảnh) trên Fanpages, Website, và các kênh truyền thông của Công ty.- Chịu trách nhiệm về các hoạt động Marketing/ Content và các hoạt động Branding khác liên quan đến các sản phẩm/nhãn hàng đảm nhiệm. ",Hồ Chí Minh,Nhân viên lái xe bằng D,"Có chí tiến thủ đối với công việc Có khả năng đi xa, đi dài ngày, sức khỏe đảm bảo tốt cho tính chất công việc vận tải Chăm chỉ, làm việc nhiệt tình, không quản ngại khó khăn, tinh thần trách nhiệm cao, chấp hành tốt các quy định mà công ty đề ra. Thông thạo luật giao thông, thạo đường xá Tích cực giải quyết các vấn đề liên quan đến công việc Có thể tăng ca ngoài giờ làm Kiểm tra, đánh giá cẩn thận các tuyến vận chuyển đã thực hiện, chủ động rút kinh nghiệm cho các công tác sau",Trên 10 năm,Bình Dương,,,,,,
1613,JOB_23,CV_064,ADJACENT_DOMAIN,Nhân Viên Đào Tạo,"- Linh hoạt, chủ động trong công việc- Kỹ năng thuyết trình, giải quyết vấn đề, làm việc theo nhóm và độc lập- Tốt nghiệp Đại học trở lên- Có thể sử dụng tốt powerpoint, canva...","- Lên lịch và tổ chức các lớp học, làm báo cáo tổng hợp đánh giá kết quả của các lớp học này có tham khảo ý kiến từ giảng viên và học viên- Quản lý cơ sở dữ liệu đào tạo, dữ liệu nhà cung cấp, thư viện tài liệu đào tạo- Trực tiếp thuyết trình trong các buổi đào tạo định hướng cho nhân viên mới của T",Hà Nội,Thực tập sinh kế toán,"- Có niềm say mê trong công việc - Giao tiếp, ứng xử với mọi người tốt - Khả năng thích ứng với công việc nhanh - Kỹ năng tổ chức và quản lý công việc hiệu quả - Chịu được áp lực cao trong công việc - Kỹ năng làm việc nhóm cũng như làm việc độc lập. - Khả năng tìm kiếm giải pháp và lựa chọn các giải pháp tối ưu - Thành thạo tin học văn phòng - Có tầm nhìn và sự quyết đoán",Chưa có kinh nghiệm,Hồ Chí Minh,,,,,,
170,JOB_02,CV_055,DIFFERENT_DOMAIN,HR Business Partner,"Tốt nghiệp đại học các chuyên ngành liên quan như kinh tế, quản trị, hành chánh, luật...Am hiểu sâu về Luật Lao động, Luật doanh nghiệp, Luật BHXH, Luật Công đoàn.Có ít nhất 3 năm kinh nghiệm trong công tác quản trị nhân sự và hành chánh. Ít nhất 1 năm kinh nghiệm ở vị trí tương đương.Kỹ năng lãnh đạo nhân viên; lập kế hoạch; giao tiếp tốtKỹ năng tổ chức và giám sát công việcKỹ năng phân tích, tổng hợp, làm báo cáo.Có khả năng chịu áp lực cao trong công việcTrung thực, chính trực, nhiệt tình công tác. Sáng tạo trong công việc","Xây dựng và thực hiện chiến lược nhân sự phù hợp với chiến lược kinh doanh tổng thể trong từng giai đoạn phát triển của Công ty.Giám sát và quản lý hệ thống đánh giá, thưởng phạt cho nhân viên.Hỗ trợ các nhu cầu kinh doanh thông qua việc tham gia phát triền và giưc chân lao độngXây dựng và quản lý k",Hồ Chí Minh,Trợ giảng tiếng Anh,"- Có niềm say mê trong công việc - Giao tiếp, ứng xử với mọi người tốt - Dễ dàng làm quen với môi trường mới - Quản lý thời gian hiệu quả - Chịu được áp lực cao trong công việc - Kỹ năng tự chủ, nghiên cứu học hỏi tốt. - Biết cách phân loại vấn đề diễn ra trong quá trình xử lý công việc - Kỹ năng tin học văn phòng thành thạo - Có tầm nhìn và sự quyết đoán",1-3 năm,Bình Dương,,,,,,
132,JOB_01,CV_061,ADJACENT_DOMAIN,"Thực Tập Sinh Lập Trình (No-Code, Low-Code Platform)","Sinh viên năm 3, năm 4 hoặc sinh viên cao học năm 1, năm 2 chuyên ngành công nghệ thông tin.Thời gian làm việc từ thứ 2 đến thứ 6, thực tập đáp ứng tối thiểu 4 ngày/tuần.Những người quan tâm đến thị trường No-code và Low-code mới và muốn làm việc trong lĩnh vực này.Những người thích làm việc một cách hiệu quả, chủ động học hỏi trao dồi kiến thức ngành.Có laptop cá nhân.","Phối hợp với bộ phận lập trình No-code, Low-code phát triển các ứng dụng sử dụng nền tảng phát triển No-code, Low-code, thiết lập và xác định cấu hình hệ thống cho các yêu cầu riêng của từng khách hàng.Tạo trang web bằng Webflow, Shopify, Burble, Adalo, xây dựng trang website thương mại điện tử EC, ",Hồ Chí Minh,Nhân viên,"Biết lắng nghe tiếp thu ý kiến của đồng nghiệp và cấp trên Chăm chỉ, chịu khó tìm hiểu các vấn đề trong công việc và cuộc sống Tinh thần trách nhiệm trong công việc Chịu được áp lực trong công việc Hòa đồng, vui vẻ với đồng nghiệp",3-5 năm,Bình Dương,,,,,,
101,JOB_01,CV_021,ADJACENT_DOMAIN,"Thực Tập Sinh Lập Trình (No-Code, Low-Code Platform)","Sinh viên năm 3, năm 4 hoặc sinh viên cao học năm 1, năm 2 chuyên ngành công nghệ thông tin.Thời gian làm việc từ thứ 2 đến thứ 6, thực tập đáp ứng tối thiểu 4 ngày/tuần.Những người quan tâm đến thị trường No-code và Low-code mới và muốn làm việc trong lĩnh vực này.Những người thích làm việc một cách hiệu quả, chủ động học hỏi trao dồi kiến thức ngành.Có laptop cá nhân.","Phối hợp với bộ phận lập trình No-code, Low-code phát triển các ứng dụng sử dụng nền tảng phát triển No-code, Low-code, thiết lập và xác định cấu hình hệ thống cho các yêu cầu riêng của từng khách hàng.Tạo trang web bằng Webflow, Shopify, Burble, Adalo, xây dựng trang website thương mại điện tử EC, ",Hồ Chí Minh,Tư vấn giám sát - Quản lý dự án - Chỉ huy trưởng MEP,"Như có đề cập ở trên, tôi có cơ hội được đi thực tập, làm việc trong lĩnh vực xây dựng từ sớm nên tôi có những kỹ năng thực tế trên công trường. Đầu tiên là kỹ năng đàm phán, trao đổi thông tin. Cụ thể là trong quá trình thực tập, tôi được tham gia vào dự án lớn và được làm việc với những bên thứ ba vì vậy khả năng trao đổi công việc cũng như đàm phán của tôi rất tốt. Bên cạnh đó, tôi cũng sử dụng được các phần mềm văn phòng khác hỗ trợ lập kế hoạch và soạn thảo văn bản tốt hơn.",5-10 năm,"Hồ Chí Minh, Bình Dương, Long An",,,,,,
128,JOB_01,CV_106,ADJACENT_DOMAIN,"Thực Tập Sinh Lập Trình (No-Code, Low-Code Platform)","Sinh viên năm 3, năm 4 hoặc sinh viên cao học năm 1, năm 2 chuyên ngành công nghệ thông tin.Thời gian làm việc từ thứ 2 đến thứ 6, thực tập đáp ứng tối thiểu 4 ngày/tuần.Những người quan tâm đến thị trường No-code và Low-code mới và muốn làm việc trong lĩnh vực này.Những người thích làm việc một cách hiệu quả, chủ động học hỏi trao dồi kiến thức ngành.Có laptop cá nhân.","Phối hợp với bộ phận lập trình No-code, Low-code phát triển các ứng dụng sử dụng nền tảng phát triển No-code, Low-code, thiết lập và xác định cấu hình hệ thống cho các yêu cầu riêng của từng khách hàng.Tạo trang web bằng Webflow, Shopify, Burble, Adalo, xây dựng trang website thương mại điện tử EC, ",Hồ Chí Minh,Nhân viên viết content online,"- Sự hiểu biết và tính ham học hỏi - Khả năng học và tự học hỏi nhanh. - Có khả năng thích nghi nhanh với môi trường làm việc - Kỹ năng tổ chức và quản lý công việc hiệu quả - Khả năng chịu được áp lực công việc - Kỹ năng tự chủ, nghiên cứu học hỏi tốt. - Xử lý tình huống nhanh - Thành thạo tin học văn phòng - Kỹ năng lãnh đạo tốt",Chưa có kinh nghiệm,"Hồ Chí Minh, Bình Dương, Đắk Lắk",,,,,,
84,JOB_01,CV_118,ADJACENT_DOMAIN,"Thực Tập Sinh Lập Trình (No-Code, Low-Code Platform)","Sinh viên năm 3, năm 4 hoặc sinh viên cao học năm 1, năm 2 chuyên ngành công nghệ thông tin.Thời gian làm việc từ thứ 2 đến thứ 6, thực tập đáp ứng tối thiểu 4 ngày/tuần.Những người quan tâm đến thị trường No-code và Low-code mới và muốn làm việc trong lĩnh vực này.Những người thích làm việc một cách hiệu quả, chủ động học hỏi trao dồi kiến thức ngành.Có laptop cá nhân.","Phối hợp với bộ phận lập trình No-code, Low-code phát triển các ứng dụng sử dụng nền tảng phát triển No-code, Low-code, thiết lập và xác định cấu hình hệ thống cho các yêu cầu riêng của từng khách hàng.Tạo trang web bằng Webflow, Shopify, Burble, Adalo, xây dựng trang website thương mại điện tử EC, ",Hồ Chí Minh,Kỹ Sư,RELEVANT SKILLS - Team work - Communication - CAD design - Machine tool operating CAD SOFTWARE - Inventor 3D - Autocad - Solidwords - Creo - Moldex 3D,Chưa có kinh nghiệm,Hồ Chí Minh,,,,,,
1008,JOB_14,CV_088,ADJACENT_DOMAIN,Content Marketing,"- Tốt nghiệp Cao đẳng/Đại học chuyên ngành Quản trị kinh doanh, Marketing, Ngôn ngữ,... và các khối ngành liên quan. - Tối thiểu 1-2 năm kinh nghiệm ở vị trí tương đương, đã từng làm việc trong lĩnh vực thời trang, làm đẹp là một lợi thế. - Tin học văn phòng.- Kỹ năng viết lách, sáng tạo nội dung, kỹ năng quản lý thời gian tốt - Đam mê và mong muốn phát triển lâu dài với nghề Content. - Nắm bắt xu hướng, chuyển động của mạng xã hội. - Biết các thủ thuật tăng like, views...cho các bài viết trên các kênh truyền thông của Công ty - Khả năng làm việc nhóm -Năng động, chủ động và cẩn trọng trong công việc","- Xây dựng, sáng tạo, quản trị nội dung (bao gồm viết nội dung, trình bày nội dung, ý tưởng về hình ảnh) trên Fanpages, Website, và các kênh truyền thông của Công ty.- Chịu trách nhiệm về các hoạt động Marketing/ Content và các hoạt động Branding khác liên quan đến các sản phẩm/nhãn hàng đảm nhiệm. ",Hồ Chí Minh,Trưởng Nhóm Kinh Doanh,Kỹ năng tổ chức Kỹ năng lãnh đạo Quản lý thời gian hiệu quả Kỹ năng giao tiếp Kỹ năng thuyết trình Dễ dàng thích nghi với môi trường mới Kỹ năng làm việc theo nhóm Lập kế hoạch Tư duy sáng tạo Giải quyết vấn đề,3-5 năm,Hà Nội,,,,,,
3663,JOB_52,CV_114,ADJACENT_DOMAIN,Thực Tập Kế Toán Nhập Liệu,"Sinh viên đang theo học chuyên ngành kế toán, coi trọng công việc thực tậpTư duy logic tốt, kỷ luật cao, trung thực và chăm chỉƯu tiên các ứng viên có khả năng giao tiếp tốt",Nhập liệu hóa đơn bán hàng và báo có/báo nợ ngân hàng trên phần mềm kế toánCập nhật và theo dõi công nợ đơn giản Hỗ trợ lập hợp đồng/báo giá và các công việc hành chính cơ bản khác,Hà Nội,NHÂN VIÊN hành chính văn phòng,Biết lắng nghe tiếp thu ý kiến của đồng nghiệp và cấp trên,Chưa có kinh nghiệm,Hồ Chí Minh,,,,,,
94,JOB_01,CV_026,ADJACENT_DOMAIN,"Thực Tập Sinh Lập Trình (No-Code, Low-Code Platform)","Sinh viên năm 3, năm 4 hoặc sinh viên cao học năm 1, năm 2 chuyên ngành công nghệ thông tin.Thời gian làm việc từ thứ 2 đến thứ 6, thực tập đáp ứng tối thiểu 4 ngày/tuần.Những người quan tâm đến thị trường No-code và Low-code mới và muốn làm việc trong lĩnh vực này.Những người thích làm việc một cách hiệu quả, chủ động học hỏi trao dồi kiến thức ngành.Có laptop cá nhân.","Phối hợp với bộ phận lập trình No-code, Low-code phát triển các ứng dụng sử dụng nền tảng phát triển No-code, Low-code, thiết lập và xác định cấu hình hệ thống cho các yêu cầu riêng của từng khách hàng.Tạo trang web bằng Webflow, Shopify, Burble, Adalo, xây dựng trang website thương mại điện tử EC, ",Hồ Chí Minh,Nhân viên Chăm sóc khách hàng partime,"- Kỹ năng giao tiếp, thuyết phục khách hàng giỏi, giữ chân được khách hàng. - Khả năng nói tiếng Anh lưu loát và thành thạo, giúp khách hàng thêm tin tưởng. - Chăm chỉ và chịu khó, thường xuyên trau dồi các kiến thức và am hiểu nhu cầu của thị trường, tìm kiếm được nhiều khách hàng tiềm năng. - Thân thiện và hòa đồng với khách hàng, trò chuyện với khách hàng nhẹ nhàng, hòa nhã, ngay cả khi khách hàng khó tính và dùng lời lẽ không hay. - Có khả năng giữ được bình tĩnh, có trách nhiệm với công việc mà mình đang làm.",Chưa có kinh nghiệm,Quảng Nam,,,,,,
5230,JOB_74,CV_083,DIFFERENT_DOMAIN,Nhân Viên Khai Báo Hải Quan,"- Ưu tiên có kinh nghiệm về thanh khoản, báo cáo quyết toán.- Thành thạo tiếng Anh (nghe nói, đọc, viết) và kỹ năng máy tính tốt (MS. Words, Excel, PowerPoint)- Có ít nhất 2 năm kinh nghiệm trở lên cùng vị trí tại Forwarder, hiểu biết về các thủ tục xuất nhập khẩu, giấy phép xuất nhập khẩu hàng hóa, thành thao và nắm rõ những công việc của 1 customs broker.- Có kiến thức về luật hải quan Việt Nam.- Nhiệt tình và có kỹ năng giao tiếp, đàm phán với khách hàng, đồng nghiệp và trưởng bộ phận.- Sẵn sàng chấp nhận thử thách, chịu được áp lực làm việc với cường độ công việc cao.","1. Nhận chứng từ xuất nhập khẩu từ đại lý và khách hàng.2. Kiểm tra thông tin hàng hóa, giấy phép xuất nhập khẩu cần thiết (nếu có).3. Khai báo Hải quan qua phần mềm ECUS / Vnaccs cho tất cả các loại hàng kinh doanh, đầu tư gia công và khu chế xuất.4. Làm kiểm dịch động vật, thực vật, giám định, kiể",Hà Nội,Nhân viên lái xe bằng B2,"Có những kỹ năng chuyên sâu trong vấn đề chuyển giao nhận hàng vì đã có kinh nghiệm. Biết cách phục vụ khách hàng, làm hài lòng khách hàng. Có khả năng lãnh đạo, đứng đầu trong việc quản lý hàng hóa. Cẩn trọng trong từng khâu chuỗi làm việc. Hòa đồng, năng động, vui vẻ với mọi người xung quanh.",1-3 năm,Hồ Chí Minh,,,,,,
186,JOB_02,CV_048,DIFFERENT_DOMAIN,HR Business Partner,"Tốt nghiệp đại học các chuyên ngành liên quan như kinh tế, quản trị, hành chánh, luật...Am hiểu sâu về Luật Lao động, Luật doanh nghiệp, Luật BHXH, Luật Công đoàn.Có ít nhất 3 năm kinh nghiệm trong công tác quản trị nhân sự và hành chánh. Ít nhất 1 năm kinh nghiệm ở vị trí tương đương.Kỹ năng lãnh đạo nhân viên; lập kế hoạch; giao tiếp tốtKỹ năng tổ chức và giám sát công việcKỹ năng phân tích, tổng hợp, làm báo cáo.Có khả năng chịu áp lực cao trong công việcTrung thực, chính trực, nhiệt tình công tác. Sáng tạo trong công việc","Xây dựng và thực hiện chiến lược nhân sự phù hợp với chiến lược kinh doanh tổng thể trong từng giai đoạn phát triển của Công ty.Giám sát và quản lý hệ thống đánh giá, thưởng phạt cho nhân viên.Hỗ trợ các nhu cầu kinh doanh thông qua việc tham gia phát triền và giưc chân lao độngXây dựng và quản lý k",Hồ Chí Minh,Nhân viên lái xe - Bằng Lái Xe Hạng B2,"- Có thể ghi nhớ tên cùng vị trí đường ngay cả khi mới đi qua 1 lần - Là người có tinh thần trách nhiệm cao, biết ưu tiên các đầu việc quan trọng để hoàn thành kịp tiến độ cấp trên yêu cầu - Là người siêng năng, chịu khó",5-10 năm,Hà Nội,,,,,,
93,JOB_01,CV_025,ADJACENT_DOMAIN,"Thực Tập Sinh Lập Trình (No-Code, Low-Code Platform)","Sinh viên năm 3, năm 4 hoặc sinh viên cao học năm 1, năm 2 chuyên ngành công nghệ thông tin.Thời gian làm việc từ thứ 2 đến thứ 6, thực tập đáp ứng tối thiểu 4 ngày/tuần.Những người quan tâm đến thị trường No-code và Low-code mới và muốn làm việc trong lĩnh vực này.Những người thích làm việc một cách hiệu quả, chủ động học hỏi trao dồi kiến thức ngành.Có laptop cá nhân.","Phối hợp với bộ phận lập trình No-code, Low-code phát triển các ứng dụng sử dụng nền tảng phát triển No-code, Low-code, thiết lập và xác định cấu hình hệ thống cho các yêu cầu riêng của từng khách hàng.Tạo trang web bằng Webflow, Shopify, Burble, Adalo, xây dựng trang website thương mại điện tử EC, ",Hồ Chí Minh,Kế toán/ Sale admin (Trợ lý kinh doanh),- Trung thực và cẩn thận - Quan sát và phân tích - Giao tiếp và ứng xử tốt - Chịu được áp lực công việc - Sắp xếp và quản lý thời gian,5-10 năm,Bình Dương,,,,,,
75,JOB_01,CV_009,ADJACENT_DOMAIN,"Thực Tập Sinh Lập Trình (No-Code, Low-Code Platform)","Sinh viên năm 3, năm 4 hoặc sinh viên cao học năm 1, năm 2 chuyên ngành công nghệ thông tin.Thời gian làm việc từ thứ 2 đến thứ 6, thực tập đáp ứng tối thiểu 4 ngày/tuần.Những người quan tâm đến thị trường No-code và Low-code mới và muốn làm việc trong lĩnh vực này.Những người thích làm việc một cách hiệu quả, chủ động học hỏi trao dồi kiến thức ngành.Có laptop cá nhân.","Phối hợp với bộ phận lập trình No-code, Low-code phát triển các ứng dụng sử dụng nền tảng phát triển No-code, Low-code, thiết lập và xác định cấu hình hệ thống cho các yêu cầu riêng của từng khách hàng.Tạo trang web bằng Webflow, Shopify, Burble, Adalo, xây dựng trang website thương mại điện tử EC, ",Hồ Chí Minh,Nhân viên Kinh Doanh,"- Có niềm say mê trong công việc - Giao tiếp, ứng xử với mọi người tốt - Có khả năng thích nghi nhanh với môi trường làm việc - Kỹ năng lên kế hoạch, tổ chức sắp xếp công việc. - Khả năng chịu được áp lực công việc - Kỹ năng làm việc nhóm tốt. - Khả năng giải quyết vấn đề linh hoạt - Kỹ năng thao tác bàn phím tốt - Khả năng truyền đạt thông tin hiệu quả",1-3 năm,Hồ Chí Minh,,,,,,
151,JOB_02,CV_064,ADJACENT_DOMAIN,HR Business Partner,"Tốt nghiệp đại học các chuyên ngành liên quan như kinh tế, quản trị, hành chánh, luật...Am hiểu sâu về Luật Lao động, Luật doanh nghiệp, Luật BHXH, Luật Công đoàn.Có ít nhất 3 năm kinh nghiệm trong công tác quản trị nhân sự và hành chánh. Ít nhất 1 năm kinh nghiệm ở vị trí tương đương.Kỹ năng lãnh đạo nhân viên; lập kế hoạch; giao tiếp tốtKỹ năng tổ chức và giám sát công việcKỹ năng phân tích, tổng hợp, làm báo cáo.Có khả năng chịu áp lực cao trong công việcTrung thực, chính trực, nhiệt tình công tác. Sáng tạo trong công việc","Xây dựng và thực hiện chiến lược nhân sự phù hợp với chiến lược kinh doanh tổng thể trong từng giai đoạn phát triển của Công ty.Giám sát và quản lý hệ thống đánh giá, thưởng phạt cho nhân viên.Hỗ trợ các nhu cầu kinh doanh thông qua việc tham gia phát triền và giưc chân lao độngXây dựng và quản lý k",Hồ Chí Minh,Thực tập sinh kế toán,"- Có niềm say mê trong công việc - Giao tiếp, ứng xử với mọi người tốt - Khả năng thích ứng với công việc nhanh - Kỹ năng tổ chức và quản lý công việc hiệu quả - Chịu được áp lực cao trong công việc - Kỹ năng làm việc nhóm cũng như làm việc độc lập. - Khả năng tìm kiếm giải pháp và lựa chọn các giải pháp tối ưu - Thành thạo tin học văn phòng - Có tầm nhìn và sự quyết đoán",Chưa có kinh nghiệm,Hồ Chí Minh,,,,,,
3667,JOB_52,CV_003,DIFFERENT_DOMAIN,Thực Tập Kế Toán Nhập Liệu,"Sinh viên đang theo học chuyên ngành kế toán, coi trọng công việc thực tậpTư duy logic tốt, kỷ luật cao, trung thực và chăm chỉƯu tiên các ứng viên có khả năng giao tiếp tốt",Nhập liệu hóa đơn bán hàng và báo có/báo nợ ngân hàng trên phần mềm kế toánCập nhật và theo dõi công nợ đơn giản Hỗ trợ lập hợp đồng/báo giá và các công việc hành chính cơ bản khác,Hà Nội,Nhân viên lái xe hạng C,"Có khả năng chu toàn công việc, siêng năng, tỉ mỉ Kỹ năng bảo dưỡng, sửa chữa xe tốt Am hiểu các kỹ thuật khó, mang tính chuyên môn cao Có khả năng quản lý công việc, từng nằm trong đội ngũ chuyên viên kỹ thuật về xe tải Có chứng chỉ đảm bảo kỹ thuật sửa chữa, bảo trì các phương tiện (ô tô, xe máy) Thân thiện, hòa đồng, cởi mở trong môi trường làm việc Khả năng công nghệ thông tin, tin học văn phòng ở mức độ trung bình - khá Tốt nghiệp nghiệp vụ kỹ thuật ôtô được cấp bởi Trường trung cấp công nghệ Hà Nội Có điều kiện, khả năng gắn bó lâu dài với công ty, doanh nghiệp",5-10 năm,Hà Nội,,,,,,
1039,JOB_14,CV_021,ADJACENT_DOMAIN,Content Marketing,"- Tốt nghiệp Cao đẳng/Đại học chuyên ngành Quản trị kinh doanh, Marketing, Ngôn ngữ,... và các khối ngành liên quan. - Tối thiểu 1-2 năm kinh nghiệm ở vị trí tương đương, đã từng làm việc trong lĩnh vực thời trang, làm đẹp là một lợi thế. - Tin học văn phòng.- Kỹ năng viết lách, sáng tạo nội dung, kỹ năng quản lý thời gian tốt - Đam mê và mong muốn phát triển lâu dài với nghề Content. - Nắm bắt xu hướng, chuyển động của mạng xã hội. - Biết các thủ thuật tăng like, views...cho các bài viết trên các kênh truyền thông của Công ty - Khả năng làm việc nhóm -Năng động, chủ động và cẩn trọng trong công việc","- Xây dựng, sáng tạo, quản trị nội dung (bao gồm viết nội dung, trình bày nội dung, ý tưởng về hình ảnh) trên Fanpages, Website, và các kênh truyền thông của Công ty.- Chịu trách nhiệm về các hoạt động Marketing/ Content và các hoạt động Branding khác liên quan đến các sản phẩm/nhãn hàng đảm nhiệm. ",Hồ Chí Minh,Tư vấn giám sát - Quản lý dự án - Chỉ huy trưởng MEP,"Như có đề cập ở trên, tôi có cơ hội được đi thực tập, làm việc trong lĩnh vực xây dựng từ sớm nên tôi có những kỹ năng thực tế trên công trường. Đầu tiên là kỹ năng đàm phán, trao đổi thông tin. Cụ thể là trong quá trình thực tập, tôi được tham gia vào dự án lớn và được làm việc với những bên thứ ba vì vậy khả năng trao đổi công việc cũng như đàm phán của tôi rất tốt. Bên cạnh đó, tôi cũng sử dụng được các phần mềm văn phòng khác hỗ trợ lập kế hoạch và soạn thảo văn bản tốt hơn.",5-10 năm,"Hồ Chí Minh, Bình Dương, Long An",,,,,,
1677,JOB_23,CV_106,DIFFERENT_DOMAIN,Nhân Viên Đào Tạo,"- Linh hoạt, chủ động trong công việc- Kỹ năng thuyết trình, giải quyết vấn đề, làm việc theo nhóm và độc lập- Tốt nghiệp Đại học trở lên- Có thể sử dụng tốt powerpoint, canva...","- Lên lịch và tổ chức các lớp học, làm báo cáo tổng hợp đánh giá kết quả của các lớp học này có tham khảo ý kiến từ giảng viên và học viên- Quản lý cơ sở dữ liệu đào tạo, dữ liệu nhà cung cấp, thư viện tài liệu đào tạo- Trực tiếp thuyết trình trong các buổi đào tạo định hướng cho nhân viên mới của T",Hà Nội,Nhân viên viết content online,"- Sự hiểu biết và tính ham học hỏi - Khả năng học và tự học hỏi nhanh. - Có khả năng thích nghi nhanh với môi trường làm việc - Kỹ năng tổ chức và quản lý công việc hiệu quả - Khả năng chịu được áp lực công việc - Kỹ năng tự chủ, nghiên cứu học hỏi tốt. - Xử lý tình huống nhanh - Thành thạo tin học văn phòng - Kỹ năng lãnh đạo tốt",Chưa có kinh nghiệm,"Hồ Chí Minh, Bình Dương, Đắk Lắk",,,,,,
3583,JOB_51,CV_103,SAME_DOMAIN,Nhân Viên QC Thời Trang,"- Kinh nghiệm: Ứng viên có kinh nghiệm tối thiểu 3 năm về nghiệp vụ liên quan.- Kiến thức cần thiết:+ Kiến thức về sản phẩm hàng thời trang đa dạng (dệt kim & dệt thoi)+ Kiến thức về quy trình sản xuất, hiểu về các công đoạn cấu thành sản phẩm- Kỹ năng chuyên môn:+ Có kiến thức am hiểu về sản xuất các loại trang phục thời trang nam/nữ/trẻ em+ Kỹ năng giao tiếp tốt, trao đổi vấn đề mạch lạc, tương tác công việc hiệu quả.+ Sử dụng được các phần mềm cơ bản: Office- Thái độ: Cầu thị, nhiệt tâm, cẩn thận, linh hoạt.",1.Kiểm soát chất lượng nguồn nguyên liệu nhập:- Kiểm soát chất lượng nguyên liệu đầu vào (nếu có)- Thông báo kịp thời các vấn đề liên quan đến chất lượng không đảm bảo của nguyên liệu sản xuất.2. Kiểm soát chất lượng hàng hóa trước khi đưa ra lưu thông:- Tiếp nhận thông tin đơn hàng từ nhân viên phụ,Hà Nội,Thực tập sinh biên phiên dịch tiếng Trung,"- Có niềm say mê trong công việc - Kỹ năng giao tiếp tốt (điện thoại, email…) - Có khả năng thích nghi nhanh với môi trường làm việc - Biết quan sát, sắp xếp, quản lý tốt - Có thể chịu được công việc có nhiều áp lực - Có khả năng xây dựng và làm việc theo đội nhóm - Khả năng tìm kiếm giải pháp và lựa chọn các giải pháp tối ưu - Kỹ năng thao tác bàn phím tốt - Có thể quản lý đội nhóm có nhiều thành viên",Chưa có kinh nghiệm,Đà Nẵng,,,,,,
5213,JOB_74,CV_066,DIFFERENT_DOMAIN,Nhân Viên Khai Báo Hải Quan,"- Ưu tiên có kinh nghiệm về thanh khoản, báo cáo quyết toán.- Thành thạo tiếng Anh (nghe nói, đọc, viết) và kỹ năng máy tính tốt (MS. Words, Excel, PowerPoint)- Có ít nhất 2 năm kinh nghiệm trở lên cùng vị trí tại Forwarder, hiểu biết về các thủ tục xuất nhập khẩu, giấy phép xuất nhập khẩu hàng hóa, thành thao và nắm rõ những công việc của 1 customs broker.- Có kiến thức về luật hải quan Việt Nam.- Nhiệt tình và có kỹ năng giao tiếp, đàm phán với khách hàng, đồng nghiệp và trưởng bộ phận.- Sẵn sàng chấp nhận thử thách, chịu được áp lực làm việc với cường độ công việc cao.","1. Nhận chứng từ xuất nhập khẩu từ đại lý và khách hàng.2. Kiểm tra thông tin hàng hóa, giấy phép xuất nhập khẩu cần thiết (nếu có).3. Khai báo Hải quan qua phần mềm ECUS / Vnaccs cho tất cả các loại hàng kinh doanh, đầu tư gia công và khu chế xuất.4. Làm kiểm dịch động vật, thực vật, giám định, kiể",Hà Nội,Nhân viên Lái xe hạng C,"Có kỹ năng, kiến thức cơ bản về lĩnh vực vận chuyển giao nhận hàng. Trung thực, thật thà, biết phân chia thời gian hợp lý trong giờ làm việc. Luôn đặt ưu tiên khách hàng lên đầu, không bị ảnh hưởng bởi nhiều tác động bên ngoài. Chịu được áp lực công việc cao, tiếp thu ý kiến đóng góp từ mọi người xung quanh.",Trên 10 năm,Hà Nam,,,,,,
1414,JOB_20,CV_051,ADJACENT_DOMAIN,Nhân Viên Kinh Doanh (Thu Nhập Lên Đến 30 Triệu),"- Nam, tuổi từ 21 trở lên;- Yêu thích kinh doanh và kiếm tiền. Chưa có kinh nghiệm nhưng có tố chất kinh doanh, yêu thích tiếp xúc khách hàng, đam mê phát triển mối quan hệ bán hàng thì sẽ được đào tạo.- Có kinh nghiệm khách hàng B2B là một lợi thế.- Có bằng lái xe ô tô là 1 lợi thế.","- Khai thác, mở rộng, thiết lập khách hàng theo kênh bán hàng đảm trách.- Vai trò đại diện thương hiệu Công ty giao dịch với khách hàng bằng việc cung cấp giải pháp, công nghệ, sản phẩm, dịch vụ...- Thực hiện trực tiếp hoạt động bán hàng, triển khai các chương trình xúc tiến thương mại theo kế hoạch",Bình Dương,marketing,"Biết lắng nghe tiếp thu ý kiến của đồng nghiệp và cấp trênChăm chỉ, chịu khó tìm hiểu các vấn đề trong công việc và cuộc sốngTinh thần trách nhiệm trong công việc",Chưa có kinh nghiệm,Hồ Chí Minh,,,,,,
3641,JOB_52,CV_036,ADJACENT_DOMAIN,Thực Tập Kế Toán Nhập Liệu,"Sinh viên đang theo học chuyên ngành kế toán, coi trọng công việc thực tậpTư duy logic tốt, kỷ luật cao, trung thực và chăm chỉƯu tiên các ứng viên có khả năng giao tiếp tốt",Nhập liệu hóa đơn bán hàng và báo có/báo nợ ngân hàng trên phần mềm kế toánCập nhật và theo dõi công nợ đơn giản Hỗ trợ lập hợp đồng/báo giá và các công việc hành chính cơ bản khác,Hà Nội,Nhân viên hành chính nhân sự,"- Năng động, hoạt bát trong các hoạt động tập thể - Kỹ năng thuyết trình tốt - Khả năng thích ứng với công việc nhanh - Có khả năng quản lý, sắp xếp khối lượng công việc lớn - Khả năng chịu được áp lực công việc - Làm việc độc lập và làm việc nhóm - Biết cách phân loại vấn đề diễn ra trong quá trình xử lý công việc - Sử dụng thành thạo phần mềm Microsoft Word, Excel, Power Point … - Khả năng truyền đạt thông tin hiệu quả",5-10 năm,Quảng Ngãi,,,,,,
1442,JOB_20,CV_024,DIFFERENT_DOMAIN,Nhân Viên Kinh Doanh (Thu Nhập Lên Đến 30 Triệu),"- Nam, tuổi từ 21 trở lên;- Yêu thích kinh doanh và kiếm tiền. Chưa có kinh nghiệm nhưng có tố chất kinh doanh, yêu thích tiếp xúc khách hàng, đam mê phát triển mối quan hệ bán hàng thì sẽ được đào tạo.- Có kinh nghiệm khách hàng B2B là một lợi thế.- Có bằng lái xe ô tô là 1 lợi thế.","- Khai thác, mở rộng, thiết lập khách hàng theo kênh bán hàng đảm trách.- Vai trò đại diện thương hiệu Công ty giao dịch với khách hàng bằng việc cung cấp giải pháp, công nghệ, sản phẩm, dịch vụ...- Thực hiện trực tiếp hoạt động bán hàng, triển khai các chương trình xúc tiến thương mại theo kế hoạch",Bình Dương,Nhân viên lái xe hạng B2,"Có chí tiến thủ đối với công việc Có khả năng đi xa, đi dài ngày, sức khỏe đảm bảo tốt cho tính chất công việc vận tải Chăm chỉ, làm việc nhiệt tình, không quản ngại khó khăn, tinh thần trách nhiệm cao, chấp hành tốt các quy định mà công ty đề ra. Thông thạo luật giao thông, thạo đường xá Tích cực giải quyết các vấn đề liên quan đến công việc Có thể tăng ca ngoài giờ làm Kiểm tra, đánh giá cẩn thận các tuyến vận chuyển đã thực hiện, chủ động rút kinh nghiệm cho các công tác sau",Trên 10 năm,Hà Nội,,,,,,
1037,JOB_14,CV_089,ADJACENT_DOMAIN,Content Marketing,"- Tốt nghiệp Cao đẳng/Đại học chuyên ngành Quản trị kinh doanh, Marketing, Ngôn ngữ,... và các khối ngành liên quan. - Tối thiểu 1-2 năm kinh nghiệm ở vị trí tương đương, đã từng làm việc trong lĩnh vực thời trang, làm đẹp là một lợi thế. - Tin học văn phòng.- Kỹ năng viết lách, sáng tạo nội dung, kỹ năng quản lý thời gian tốt - Đam mê và mong muốn phát triển lâu dài với nghề Content. - Nắm bắt xu hướng, chuyển động của mạng xã hội. - Biết các thủ thuật tăng like, views...cho các bài viết trên các kênh truyền thông của Công ty - Khả năng làm việc nhóm -Năng động, chủ động và cẩn trọng trong công việc","- Xây dựng, sáng tạo, quản trị nội dung (bao gồm viết nội dung, trình bày nội dung, ý tưởng về hình ảnh) trên Fanpages, Website, và các kênh truyền thông của Công ty.- Chịu trách nhiệm về các hoạt động Marketing/ Content và các hoạt động Branding khác liên quan đến các sản phẩm/nhãn hàng đảm nhiệm. ",Hồ Chí Minh,Nhân viên kinh doanh,"- Trung thực, nhiệt tình, trách nhiệm. - Kỹ năng thuyết trình tốt - Có khả năng thích nghi nhanh với môi trường làm việc - Biết quan sát, sắp xếp, quản lý tốt - Có khả năng làm việc dưới áp lực cao - Có khả năng xây dựng và làm việc theo đội nhóm - Khả năng tìm kiếm giải pháp và lựa chọn các giải pháp tối ưu - Sử dụng thành thạo phần mềm Microsoft Word, Excel, Power Point … - Khả năng truyền đạt thông tin hiệu quả",1-3 năm,Hà Nội,,,,,,
3609,JOB_51,CV_023,SAME_DOMAIN,Nhân Viên QC Thời Trang,"- Kinh nghiệm: Ứng viên có kinh nghiệm tối thiểu 3 năm về nghiệp vụ liên quan.- Kiến thức cần thiết:+ Kiến thức về sản phẩm hàng thời trang đa dạng (dệt kim & dệt thoi)+ Kiến thức về quy trình sản xuất, hiểu về các công đoạn cấu thành sản phẩm- Kỹ năng chuyên môn:+ Có kiến thức am hiểu về sản xuất các loại trang phục thời trang nam/nữ/trẻ em+ Kỹ năng giao tiếp tốt, trao đổi vấn đề mạch lạc, tương tác công việc hiệu quả.+ Sử dụng được các phần mềm cơ bản: Office- Thái độ: Cầu thị, nhiệt tâm, cẩn thận, linh hoạt.",1.Kiểm soát chất lượng nguồn nguyên liệu nhập:- Kiểm soát chất lượng nguyên liệu đầu vào (nếu có)- Thông báo kịp thời các vấn đề liên quan đến chất lượng không đảm bảo của nguyên liệu sản xuất.2. Kiểm soát chất lượng hàng hóa trước khi đưa ra lưu thông:- Tiếp nhận thông tin đơn hàng từ nhân viên phụ,Hà Nội,Thực tập sinh Quản lý giáo dục,"- Trung thực, nhiệt tình, trách nhiệm. - Kỹ năng giao tiếp tốt (điện thoại, email…) - Có khả năng thích nghi nhanh với môi trường làm việc - Kỹ năng tổ chức và quản lý công việc hiệu quả - Có khả năng làm việc dưới áp lực cao - Kỹ năng làm việc nhóm hiệu quả - Khả năng nhận diện vấn đề nhanh - Kỹ năng soạn thảo văn bản, hợp đồng,… - Khả năng truyền đạt thông tin hiệu quả",Chưa có kinh nghiệm,Hà Nội,,,,,,
2073,JOB_29,CV_069,SAME_DOMAIN,Quản Lý Cửa Hàng Thời Trang,"- Nam,nữ độ tuổi từ 28-35 . Ngoại hình ưa nhìn. Có gu ăn mặc là một lợi thế- Có 2 năm kinh nghiệm quản lý lĩnh vực thời trang, bán lẻ- Khả năng sale tốt.","-Chịu trách nhiệm toàn bộ hàng hóa, nhân viên trong Showroom-Chịu trách nhiệm hàng hóa, doanh số trong showroom-Kiểm tra cách trưng bày hàng hóa sao cho bắt mắt và thường xuyên thay đổi.-Sắp xếp lịch làm việc cho nhân viên hàng tuần.-Có kế hoạch Chăm sóc khách hàng offline, online thường xuyên thúc ",Bắc Ninh,Nhân viên kỹ thuật cơ khí chế tạo,"- Chăm chỉ, cần cù, chịu khó - Kỹ năng thuyết trình tốt - Dễ dàng hòa nhập với môi trường làm việc mới - Biết quan sát, sắp xếp, quản lý tốt - Khả năng tư duy sáng tạo. - Kỹ năng làm việc nhóm cũng như làm việc độc lập. - Khả năng nhận diện vấn đề nhanh - Kỹ năng soạn thảo văn bản, hợp đồng,… - Có tầm nhìn và sự quyết đoán",5-10 năm,Thái Nguyên,,,,,,
131,JOB_01,CV_011,ADJACENT_DOMAIN,"Thực Tập Sinh Lập Trình (No-Code, Low-Code Platform)","Sinh viên năm 3, năm 4 hoặc sinh viên cao học năm 1, năm 2 chuyên ngành công nghệ thông tin.Thời gian làm việc từ thứ 2 đến thứ 6, thực tập đáp ứng tối thiểu 4 ngày/tuần.Những người quan tâm đến thị trường No-code và Low-code mới và muốn làm việc trong lĩnh vực này.Những người thích làm việc một cách hiệu quả, chủ động học hỏi trao dồi kiến thức ngành.Có laptop cá nhân.","Phối hợp với bộ phận lập trình No-code, Low-code phát triển các ứng dụng sử dụng nền tảng phát triển No-code, Low-code, thiết lập và xác định cấu hình hệ thống cho các yêu cầu riêng của từng khách hàng.Tạo trang web bằng Webflow, Shopify, Burble, Adalo, xây dựng trang website thương mại điện tử EC, ",Hồ Chí Minh,Cộng tác viên bán hàng,"Hoà đồng, giao lưu khách hàng, thích nghi tốt với mọi môi trường làm việc Biết lắng nghe tiếp thu ý kiến của đồng nghiệp và cấp trênChăm chỉ, chịu khó tìm hiểu các vấn đề trong công việc và cuộc sống",1-3 năm,Hồ Chí Minh,,,,,,
2071,JOB_29,CV_063,SAME_DOMAIN,Quản Lý Cửa Hàng Thời Trang,"- Nam,nữ độ tuổi từ 28-35 . Ngoại hình ưa nhìn. Có gu ăn mặc là một lợi thế- Có 2 năm kinh nghiệm quản lý lĩnh vực thời trang, bán lẻ- Khả năng sale tốt.","-Chịu trách nhiệm toàn bộ hàng hóa, nhân viên trong Showroom-Chịu trách nhiệm hàng hóa, doanh số trong showroom-Kiểm tra cách trưng bày hàng hóa sao cho bắt mắt và thường xuyên thay đổi.-Sắp xếp lịch làm việc cho nhân viên hàng tuần.-Có kế hoạch Chăm sóc khách hàng offline, online thường xuyên thúc ",Bắc Ninh,Nhân viên Lái xe hạng C,"- Đã có bằng lái xe B2, phù hợp với loại hình vận tải của doanh nghiệp - Hiểu rõ các quy tắc vận tải đối với hành khách và với hàng hóa - Nắm rõ luật giao thông và có thể đảm bảo sự tỉnh táo trong quá trình lái xe, đem đến mọi hành trình lái xe an toàn cho người và của.",1-3 năm,Nghệ An,,,,,,
2075,JOB_29,CV_032,SAME_DOMAIN,Quản Lý Cửa Hàng Thời Trang,"- Nam,nữ độ tuổi từ 28-35 . Ngoại hình ưa nhìn. Có gu ăn mặc là một lợi thế- Có 2 năm kinh nghiệm quản lý lĩnh vực thời trang, bán lẻ- Khả năng sale tốt.","-Chịu trách nhiệm toàn bộ hàng hóa, nhân viên trong Showroom-Chịu trách nhiệm hàng hóa, doanh số trong showroom-Kiểm tra cách trưng bày hàng hóa sao cho bắt mắt và thường xuyên thay đổi.-Sắp xếp lịch làm việc cho nhân viên hàng tuần.-Có kế hoạch Chăm sóc khách hàng offline, online thường xuyên thúc ",Bắc Ninh,Nhân viên Lái xe hạng B2,"Khả năng thông thạo đường xá nhanh chóng Chăm chỉ, nhiệt tình, thực hiện công việc với thái độ nghiêm túc, có trách nhiệm, trung thực, minh bạch Nắm rõ các điều luật giao thông cũng như chú trọng tuân thủ luật giao thông Không uống rượu bia, tuyệt đối không sử dụng chất kích thích Có thể vận hành xe trên tuyến đường dài, không kể các khu vực thành phố hay địa bàn các tỉnh lân cận, vùng sâu vùng xa Có kỹ năng quản lý thời gian, quản lý tổ chức công việc tốt, dễ dàng thiết lập các mối quan hệ Tinh thần làm việc hoạt bát, chủ động giải quyết, xử lý tốt các vấn đề bất cập có thể xảy ra.",Trên 10 năm,Hồ Chí Minh,,,,,,
3648,JOB_52,CV_071,SAME_DOMAIN,Thực Tập Kế Toán Nhập Liệu,"Sinh viên đang theo học chuyên ngành kế toán, coi trọng công việc thực tậpTư duy logic tốt, kỷ luật cao, trung thực và chăm chỉƯu tiên các ứng viên có khả năng giao tiếp tốt",Nhập liệu hóa đơn bán hàng và báo có/báo nợ ngân hàng trên phần mềm kế toánCập nhật và theo dõi công nợ đơn giản Hỗ trợ lập hợp đồng/báo giá và các công việc hành chính cơ bản khác,Hà Nội,Nhân viên kế toán nội bộ,"- Là một người có khả năng linh hoạt, giao tiếp khéo léo và luôn đề cao công việc lên hàng đầu. - Khả năng thích ứng và chịu được nhiều áp lực cao trong công việc, sẵn sàng làm thêm các nhiệm vụ mà cấp trên giao phó. - Thành thạo các kỹ năng về Word, Excel và khả năng quản lý thời gian hợp lý. - Có khả năng xử lý tình huống vô cùng nhanh nhạy cùng với các kỹ năng quản lý hành chính văn phòng cơ bản. - Thành thạo nhiều loại ngôn ngữ như: tiếng Anh, tiếng Pháp, tiếng Nhật và khả năng khả năng phiên dịch.",5-10 năm,Bắc Giang,,,,,,
5180,JOB_74,CV_070,DIFFERENT_DOMAIN,Nhân Viên Khai Báo Hải Quan,"- Ưu tiên có kinh nghiệm về thanh khoản, báo cáo quyết toán.- Thành thạo tiếng Anh (nghe nói, đọc, viết) và kỹ năng máy tính tốt (MS. Words, Excel, PowerPoint)- Có ít nhất 2 năm kinh nghiệm trở lên cùng vị trí tại Forwarder, hiểu biết về các thủ tục xuất nhập khẩu, giấy phép xuất nhập khẩu hàng hóa, thành thao và nắm rõ những công việc của 1 customs broker.- Có kiến thức về luật hải quan Việt Nam.- Nhiệt tình và có kỹ năng giao tiếp, đàm phán với khách hàng, đồng nghiệp và trưởng bộ phận.- Sẵn sàng chấp nhận thử thách, chịu được áp lực làm việc với cường độ công việc cao.","1. Nhận chứng từ xuất nhập khẩu từ đại lý và khách hàng.2. Kiểm tra thông tin hàng hóa, giấy phép xuất nhập khẩu cần thiết (nếu có).3. Khai báo Hải quan qua phần mềm ECUS / Vnaccs cho tất cả các loại hàng kinh doanh, đầu tư gia công và khu chế xuất.4. Làm kiểm dịch động vật, thực vật, giám định, kiể",Hà Nội,Nhân viên lái xe bằng D,"- Có khả năng nhớ đường tốt chỉ cần đi một lần. - Thông thạo các tuyến đường tỉnh và đường liên tỉnh. - Tuân thủ nghiêm đối với luật giao thông đường bộ. - Có khả năng trong việc giải quyết các vấn đề xảy ra trong quá trình di chuyển. - Có thể thiết lập được các mối quan hệ với đồng nghiệp thật tốt. - Tổ chức kế hoạch công việc hiệu quả. - Sắp xếp, quản lý thời gian biểu phù hợp.",5-10 năm,Bà Rịa Vũng Tàu,,,,,,
5189,JOB_74,CV_107,DIFFERENT_DOMAIN,Nhân Viên Khai Báo Hải Quan,"- Ưu tiên có kinh nghiệm về thanh khoản, báo cáo quyết toán.- Thành thạo tiếng Anh (nghe nói, đọc, viết) và kỹ năng máy tính tốt (MS. Words, Excel, PowerPoint)- Có ít nhất 2 năm kinh nghiệm trở lên cùng vị trí tại Forwarder, hiểu biết về các thủ tục xuất nhập khẩu, giấy phép xuất nhập khẩu hàng hóa, thành thao và nắm rõ những công việc của 1 customs broker.- Có kiến thức về luật hải quan Việt Nam.- Nhiệt tình và có kỹ năng giao tiếp, đàm phán với khách hàng, đồng nghiệp và trưởng bộ phận.- Sẵn sàng chấp nhận thử thách, chịu được áp lực làm việc với cường độ công việc cao.","1. Nhận chứng từ xuất nhập khẩu từ đại lý và khách hàng.2. Kiểm tra thông tin hàng hóa, giấy phép xuất nhập khẩu cần thiết (nếu có).3. Khai báo Hải quan qua phần mềm ECUS / Vnaccs cho tất cả các loại hàng kinh doanh, đầu tư gia công và khu chế xuất.4. Làm kiểm dịch động vật, thực vật, giám định, kiể",Hà Nội,Nhân viên lái xe hạng B2,"- Có khả năng nhớ đường tốt chỉ cần đi một lần. - Thông thạo các tuyến đường tỉnh và đường liên tỉnh. - Tuân thủ nghiêm đối với luật giao thông đường bộ. - Có khả năng trong việc giải quyết các vấn đề xảy ra trong quá trình di chuyển. - Có thể thiết lập được các mối quan hệ với đồng nghiệp thật tốt. - Tổ chức kế hoạch công việc hiệu quả. - Sắp xếp, quản lý thời gian biểu phù hợp.",5-10 năm,Hà Nội,,,,,,
1508,JOB_21,CV_084,DIFFERENT_DOMAIN,Nhân Viên Kinh Doanh Tại Hà Nội,"- Ứng viên tốt nghiệp từ Trung cấp trở lên- Nhận cả nam và nữ giới. Không yêu cầu kinh nghiệm ( Ưu tiên ứng viên mới ra trường)- Ưu tiên người có kinh nghiệm sales trong mọi lĩnh vực- Chỉ cần chịu khó, chăm chỉ, hoạt bát, nhanh nhẹn.","- Chăm sóc data thông tin khách hàng sẵn có của công ty.- Tìm kiếm, mở rộng thị trường và thiết lập các mối quan hệ với khách hàng hoặc dự án.- Duy trì những quan hệ kinh doanh hiện có, nhận đơn đặt hàng. Thiết lập những mối quan hệ kinh doanh mới.- Thời gian làm việc: sáng từ 7h30-11h30, chiều từ 1",Hà Nội,Giao dịch viên ngân hàng,"- Sự hiểu biết và tính ham học hỏi - Kỹ năng giao tiếp tốt (điện thoại, email…) - Dễ dàng hòa nhập với môi trường làm việc mới - Kỹ năng sắp xếp, lập kế hoạch và quản lý thời gian - Khả năng chịu được áp lực công việc - Làm việc độc lập và làm việc nhóm - Khả năng tìm kiếm giải pháp và lựa chọn các giải pháp tối ưu - Kỹ năng soạn thảo văn bản, hợp đồng,… - Khả năng truyền đạt thông tin hiệu quả",Chưa có kinh nghiệm,Hồ Chí Minh,,,,,,
142,JOB_02,CV_042,DIFFERENT_DOMAIN,HR Business Partner,"Tốt nghiệp đại học các chuyên ngành liên quan như kinh tế, quản trị, hành chánh, luật...Am hiểu sâu về Luật Lao động, Luật doanh nghiệp, Luật BHXH, Luật Công đoàn.Có ít nhất 3 năm kinh nghiệm trong công tác quản trị nhân sự và hành chánh. Ít nhất 1 năm kinh nghiệm ở vị trí tương đương.Kỹ năng lãnh đạo nhân viên; lập kế hoạch; giao tiếp tốtKỹ năng tổ chức và giám sát công việcKỹ năng phân tích, tổng hợp, làm báo cáo.Có khả năng chịu áp lực cao trong công việcTrung thực, chính trực, nhiệt tình công tác. Sáng tạo trong công việc","Xây dựng và thực hiện chiến lược nhân sự phù hợp với chiến lược kinh doanh tổng thể trong từng giai đoạn phát triển của Công ty.Giám sát và quản lý hệ thống đánh giá, thưởng phạt cho nhân viên.Hỗ trợ các nhu cầu kinh doanh thông qua việc tham gia phát triền và giưc chân lao độngXây dựng và quản lý k",Hồ Chí Minh,TRƯỞNG BỘ PHẬN TƯ VẤN - CSKH,"Tiếp nhận và xử lý các đơn đặt hàng của người dùng Tìm kiếm và đánh giá tốt tệp khách hàng tiềm năng Có kiến thức về lĩnh vực Content Marketing, 1 năm kinh nghiệm trong việc viết bài cho website timviec365.vn Thành thạo sử dụng các phần mềm có sẵn của Windows đồng thời có chứng chỉ tin học văn phòng MOS Là người năng nổ, hòa đồng nhưng cực kỳ nghiêm túc trong công việc",5-10 năm,Hà Nội,,,,,,
1668,JOB_23,CV_018,DIFFERENT_DOMAIN,Nhân Viên Đào Tạo,"- Linh hoạt, chủ động trong công việc- Kỹ năng thuyết trình, giải quyết vấn đề, làm việc theo nhóm và độc lập- Tốt nghiệp Đại học trở lên- Có thể sử dụng tốt powerpoint, canva...","- Lên lịch và tổ chức các lớp học, làm báo cáo tổng hợp đánh giá kết quả của các lớp học này có tham khảo ý kiến từ giảng viên và học viên- Quản lý cơ sở dữ liệu đào tạo, dữ liệu nhà cung cấp, thư viện tài liệu đào tạo- Trực tiếp thuyết trình trong các buổi đào tạo định hướng cho nhân viên mới của T",Hà Nội,Nhân viên phụ xe - Bằng lái xe hạng C,"Giao tiếp tốt, thân thiện, cởi mở với mọi người Có khả năng chịu được áp lực cao đối với công việc chuyên chở hàng hóa Có thể kiểm soát cũng như quản lý tốt số lượng hàng hóa và đảm bảo ổn định chất lượng hàng hóa trong suốt quá trình vận chuyển Có bằng tốt nghiệp loại khá ngành Kinh tế Vận Tải trường Đại Học Giao Thông vận tải Có kinh nghiệm 3 năm hành nghề vận chuyển trang thiết bị nguyên vật liệu cho doanh nghiệp tư nhân thi công công trình. Khả năng lái xe giỏi, nhớ đường nhanh chóng Am hiểu các bộ luật quy định về giao thông Có khả năng gắn bó lâu dài với công việc",Trên 10 năm,Hà Nội,,,,,,
2040,JOB_29,CV_001,SAME_DOMAIN,Quản Lý Cửa Hàng Thời Trang,"- Nam,nữ độ tuổi từ 28-35 . Ngoại hình ưa nhìn. Có gu ăn mặc là một lợi thế- Có 2 năm kinh nghiệm quản lý lĩnh vực thời trang, bán lẻ- Khả năng sale tốt.","-Chịu trách nhiệm toàn bộ hàng hóa, nhân viên trong Showroom-Chịu trách nhiệm hàng hóa, doanh số trong showroom-Kiểm tra cách trưng bày hàng hóa sao cho bắt mắt và thường xuyên thay đổi.-Sắp xếp lịch làm việc cho nhân viên hàng tuần.-Có kế hoạch Chăm sóc khách hàng offline, online thường xuyên thúc ",Bắc Ninh,Nhân viên lái xe bằng D,"Có chí tiến thủ đối với công việc Có khả năng đi xa, đi dài ngày, sức khỏe đảm bảo tốt cho tính chất công việc vận tải Chăm chỉ, làm việc nhiệt tình, không quản ngại khó khăn, tinh thần trách nhiệm cao, chấp hành tốt các quy định mà công ty đề ra. Thông thạo luật giao thông, thạo đường xá Tích cực giải quyết các vấn đề liên quan đến công việc Có thể tăng ca ngoài giờ làm Kiểm tra, đánh giá cẩn thận các tuyến vận chuyển đã thực hiện, chủ động rút kinh nghiệm cho các công tác sau",Trên 10 năm,Bình Dương,,,,,,
1405,JOB_20,CV_106,ADJACENT_DOMAIN,Nhân Viên Kinh Doanh (Thu Nhập Lên Đến 30 Triệu),"- Nam, tuổi từ 21 trở lên;- Yêu thích kinh doanh và kiếm tiền. Chưa có kinh nghiệm nhưng có tố chất kinh doanh, yêu thích tiếp xúc khách hàng, đam mê phát triển mối quan hệ bán hàng thì sẽ được đào tạo.- Có kinh nghiệm khách hàng B2B là một lợi thế.- Có bằng lái xe ô tô là 1 lợi thế.","- Khai thác, mở rộng, thiết lập khách hàng theo kênh bán hàng đảm trách.- Vai trò đại diện thương hiệu Công ty giao dịch với khách hàng bằng việc cung cấp giải pháp, công nghệ, sản phẩm, dịch vụ...- Thực hiện trực tiếp hoạt động bán hàng, triển khai các chương trình xúc tiến thương mại theo kế hoạch",Bình Dương,Nhân viên viết content online,"- Sự hiểu biết và tính ham học hỏi - Khả năng học và tự học hỏi nhanh. - Có khả năng thích nghi nhanh với môi trường làm việc - Kỹ năng tổ chức và quản lý công việc hiệu quả - Khả năng chịu được áp lực công việc - Kỹ năng tự chủ, nghiên cứu học hỏi tốt. - Xử lý tình huống nhanh - Thành thạo tin học văn phòng - Kỹ năng lãnh đạo tốt",Chưa có kinh nghiệm,"Hồ Chí Minh, Bình Dương, Đắk Lắk",,,,,,
1029,JOB_14,CV_092,DIFFERENT_DOMAIN,Content Marketing,"- Tốt nghiệp Cao đẳng/Đại học chuyên ngành Quản trị kinh doanh, Marketing, Ngôn ngữ,... và các khối ngành liên quan. - Tối thiểu 1-2 năm kinh nghiệm ở vị trí tương đương, đã từng làm việc trong lĩnh vực thời trang, làm đẹp là một lợi thế. - Tin học văn phòng.- Kỹ năng viết lách, sáng tạo nội dung, kỹ năng quản lý thời gian tốt - Đam mê và mong muốn phát triển lâu dài với nghề Content. - Nắm bắt xu hướng, chuyển động của mạng xã hội. - Biết các thủ thuật tăng like, views...cho các bài viết trên các kênh truyền thông của Công ty - Khả năng làm việc nhóm -Năng động, chủ động và cẩn trọng trong công việc","- Xây dựng, sáng tạo, quản trị nội dung (bao gồm viết nội dung, trình bày nội dung, ý tưởng về hình ảnh) trên Fanpages, Website, và các kênh truyền thông của Công ty.- Chịu trách nhiệm về các hoạt động Marketing/ Content và các hoạt động Branding khác liên quan đến các sản phẩm/nhãn hàng đảm nhiệm. ",Hồ Chí Minh,Chuyên viên tư vấn,"Tôi là một người giao tiếp khá tốt, nó giúp tôi biết lắng nghe người khác và xây dựng được niềm tin và tôn trọng những ý kiến, quan điểm của những người khác. Ngoài ra tôi cũng có kỹ năng sử dụng máy vi tính trong phần mềm Word và Excel. Có khả năng tự tìm hỏi và học hỏi một số cách dùng nhiều công cụ khác nhau kèm theo công nghệ phát triển để vận dụng vào công việc. Tôi luôn mong muốn mình trở thành một người cầu tiến, luôn phấn đấu học hỏi không ngừng nghỉ. Tôi luôn đòi hỏi ở bản thân luôn phải trau dồi những kỹ năng mới, tích cực để đón nhận những cái hiện đại hơn, mới mẻ hơn.",3-5 năm,Hồ Chí Minh,,,,,,
3614,JOB_51,CV_066,SAME_DOMAIN,Nhân Viên QC Thời Trang,"- Kinh nghiệm: Ứng viên có kinh nghiệm tối thiểu 3 năm về nghiệp vụ liên quan.- Kiến thức cần thiết:+ Kiến thức về sản phẩm hàng thời trang đa dạng (dệt kim & dệt thoi)+ Kiến thức về quy trình sản xuất, hiểu về các công đoạn cấu thành sản phẩm- Kỹ năng chuyên môn:+ Có kiến thức am hiểu về sản xuất các loại trang phục thời trang nam/nữ/trẻ em+ Kỹ năng giao tiếp tốt, trao đổi vấn đề mạch lạc, tương tác công việc hiệu quả.+ Sử dụng được các phần mềm cơ bản: Office- Thái độ: Cầu thị, nhiệt tâm, cẩn thận, linh hoạt.",1.Kiểm soát chất lượng nguồn nguyên liệu nhập:- Kiểm soát chất lượng nguyên liệu đầu vào (nếu có)- Thông báo kịp thời các vấn đề liên quan đến chất lượng không đảm bảo của nguyên liệu sản xuất.2. Kiểm soát chất lượng hàng hóa trước khi đưa ra lưu thông:- Tiếp nhận thông tin đơn hàng từ nhân viên phụ,Hà Nội,Nhân viên Lái xe hạng C,"Có kỹ năng, kiến thức cơ bản về lĩnh vực vận chuyển giao nhận hàng. Trung thực, thật thà, biết phân chia thời gian hợp lý trong giờ làm việc. Luôn đặt ưu tiên khách hàng lên đầu, không bị ảnh hưởng bởi nhiều tác động bên ngoài. Chịu được áp lực công việc cao, tiếp thu ý kiến đóng góp từ mọi người xung quanh.",Trên 10 năm,Hà Nam,,,,,,
1675,JOB_23,CV_073,DIFFERENT_DOMAIN,Nhân Viên Đào Tạo,"- Linh hoạt, chủ động trong công việc- Kỹ năng thuyết trình, giải quyết vấn đề, làm việc theo nhóm và độc lập- Tốt nghiệp Đại học trở lên- Có thể sử dụng tốt powerpoint, canva...","- Lên lịch và tổ chức các lớp học, làm báo cáo tổng hợp đánh giá kết quả của các lớp học này có tham khảo ý kiến từ giảng viên và học viên- Quản lý cơ sở dữ liệu đào tạo, dữ liệu nhà cung cấp, thư viện tài liệu đào tạo- Trực tiếp thuyết trình trong các buổi đào tạo định hướng cho nhân viên mới của T",Hà Nội,Nhân viên kinh doanh,"- Tin học văn phòng: sử dụng cácphần mềm word, excel, powerpoint - Khả năng giao tiếp tốt - Khả năng phân chia công việc,điều phối tốt - Khả năng giải quyết vấn đề khá nhanh. - Luôn chủ động trong công việc",Trên 10 năm,Bắc Ninh,,,,,,
5020,JOB_71,CV_077,ADJACENT_DOMAIN,Nhân Viên Kế Toán Tổng Hợp,"- Tốt nghiệp Đại học chuyên ngành Tài chính, Kế toán- Nhanh nhẹn, thông minh, có trách nhiệm với Công việc- Kĩ năng tin học văn phòng tốt- Có kinh nghiệm 01 năm trở lên","- Theo dõi, kiểm tra, kiểm soát tính hợp lệ và chính xác của các chứng từ, hóa đơn.- Tổng hợp dữ liệu, chứng từ theo dõi chi phí của Công ty.- Quản lý và lưu trữ chứng từ, sổ sách kế toán khoa học, an toàn và đúng quy định.- Lập các báo cáo tổng hợp công nợ, báo cáo tài chính, báo cáo quản trị khác ",Hà Nội,Nhân viên hành chính văn phòng,"- Chăm chỉ, cần cù, chịu khó - Kỹ năng giao tiếp tốt (điện thoại, email…) - Có khả năng thích nghi nhanh với môi trường làm việc - Có khả năng quản lý, sắp xếp khối lượng công việc lớn - Có khả năng làm việc dưới áp lực cao - Kỹ năng làm việc nhóm hiệu quả - Khả năng tìm kiếm giải pháp và lựa chọn các giải pháp tối ưu - Sử dụng thành thạo phần mềm Microsoft Word, Excel, Power Point … - Khả năng truyền đạt thông tin hiệu quả",Chưa có kinh nghiệm,Hồ Chí Minh,,,,,,
