pair_id,job_id,cand_id,lf_skill,lf_sem,lf_exp,lf_role,lf_loc,y_prob,y_weak_consensus
0,JOB_3850,CV_1068,-1,-1,-1,1,-1,0.00026061368312641647,0
1,JOB_3850,CV_2992,-1,-1,-1,1,-1,0.00026061368312641647,0
2,JOB_3850,CV_1138,-1,-1,1,1,-1,0.004994451571761179,0
3,JOB_3850,CV_1632,-1,-1,1,-1,-1,0.0015442935692705172,0
4,JOB_3850,CV_999,-1,-1,-1,1,-1,0.00026061368312641647,0
5,JOB_3850,CV_3039,-1,-1,1,1,-1,0.004994451571761179,0
6,JOB_3850,CV_1036,-1,-1,1,-1,-1,0.0015442935692705172,0
7,JOB_3850,CV_3929,-1,-1,0,1,-1,0.002396402946724275,0
8,JOB_3850,CV_1807,-1,-1,1,1,-1,0.004994451571761179,0
9,JOB_3850,CV_1803,-1,-1,-1,1,-1,0.00026061368312641647,0
10,JOB_3850,CV_1534,-1,-1,-1,1,-1,0.00026061368312641647,0
11,JOB_3850,CV_3133,-1,-1,-1,1,-1,0.00026061368312641647,0
12,JOB_3850,CV_2550,-1,-1,-1,1,-1,0.00026061368312641647,0
13,JOB_3850,CV_3670,-1,-1,-1,1,-1,0.00026061368312641647,0
14,JOB_3850,CV_3733,-1,-1,-1,1,-1,0.00026061368312641647,0
15,JOB_3850,CV_1031,-1,-1,1,1,-1,0.004994451571761179,0
16,JOB_3850,CV_532,-1,-1,1,1,-1,0.004994451571761179,0
17,JOB_3850,CV_3722,-1,-1,-1,1,-1,0.00026061368312641647,0
18,JOB_3850,CV_2069,-1,-1,-1,1,-1,0.00026061368312641647,0
19,JOB_3850,CV_278,-1,-1,1,1,-1,0.004994451571761179,0
20,JOB_3850,CV_028,-1,-1,1,1,-1,0.004994451571761179,0
21,JOB_3850,CV_1636,-1,-1,1,1,-1,0.004994451571761179,0
22,JOB_3850,CV_3970,-1,-1,-1,-1,-1,8.03182586734358e-05,0
23,JOB_3850,CV_2733,-1,-1,-1,-1,-1,8.03182586734358e-05,0
24,JOB_3850,CV_2596,-1,-1,-1,-1,-1,8.03182586734358e-05,0
25,JOB_3850,CV_2380,-1,-1,1,1,-1,0.004994451571761179,0
26,JOB_3850,CV_1618,-1,-1,1,-1,-1,0.0015442935692705172,0
27,JOB_3850,CV_3543,-1,-1,1,1,-1,0.004994451571761179,0
28,JOB_3850,CV_3284,-1,-1,-1,1,-1,0.00026061368312641647,0
29,JOB_3850,CV_2402,-1,-1,0,1,-1,0.002396402946724275,0
30,JOB_3850,CV_1252,-1,-1,1,-1,-1,0.0015442935692705172,0
31,JOB_3850,CV_140,-1,-1,-1,1,-1,0.00026061368312641647,0
32,JOB_3850,CV_3744,-1,-1,1,-1,-1,0.0015442935692705172,0
33,JOB_3850,CV_594,-1,-1,1,1,-1,0.004994451571761179,0
34,JOB_3850,CV_040,-1,-1,-1,1,-1,0.00026061368312641647,0
35,JOB_3850,CV_879,-1,-1,1,1,-1,0.004994451571761179,0
36,JOB_3850,CV_046,-1,-1,0,1,-1,0.002396402946724275,0
37,JOB_3850,CV_2327,-1,-1,-1,1,-1,0.00026061368312641647,0
38,JOB_3850,CV_1287,-1,-1,1,1,-1,0.004994451571761179,0
39,JOB_3850,CV_3474,-1,-1,1,1,-1,0.004994451571761179,0
40,JOB_3850,CV_3647,-1,-1,1,0,-1,0.002639631480061397,0
41,JOB_3850,CV_2769,-1,-1,0,1,-1,0.002396402946724275,0
42,JOB_3850,CV_2476,-1,-1,1,-1,-1,0.0015442935692705172,0
43,JOB_3850,CV_1078,-1,-1,-1,-1,-1,8.03182586734358e-05,0
44,JOB_3850,CV_3547,-1,-1,-1,1,-1,0.00026061368312641647,0
45,JOB_3850,CV_3015,-1,-1,0,1,-1,0.002396402946724275,0
46,JOB_3850,CV_2015,-1,-1,0,-1,-1,0.0007396380664553713,0
47,JOB_3850,CV_1742,-1,-1,1,0,-1,0.002639631480061397,0
48,JOB_3850,CV_2365,-1,-1,0,1,-1,0.002396402946724275,0
49,JOB_3850,CV_2766,-1,-1,1,-1,-1,0.0015442935692705172,0
50,JOB_3850,CV_2732,-1,-1,-1,1,-1,0.00026061368312641647,0
51,JOB_3850,CV_392,-1,-1,-1,1,-1,0.00026061368312641647,0
52,JOB_3850,CV_2672,-1,-1,1,-1,-1,0.0015442935692705172,0
53,JOB_3850,CV_1574,-1,-1,1,1,-1,0.004994451571761179,0
54,JOB_3850,CV_116,-1,-1,-1,1,-1,0.00026061368312641647,0
55,JOB_3850,CV_1517,-1,-1,0,1,-1,0.002396402946724275,0
56,JOB_3850,CV_272,-1,-1,-1,1,-1,0.00026061368312641647,0
57,JOB_3850,CV_2752,-1,-1,1,1,-1,0.004994451571761179,0
58,JOB_3850,CV_1795,-1,-1,-1,1,-1,0.00026061368312641647,0
59,JOB_3850,CV_1690,-1,-1,0,1,-1,0.002396402946724275,0
60,JOB_3850,CV_3399,-1,-1,1,1,-1,0.004994451571761179,0
61,JOB_3850,CV_601,-1,-1,1,1,-1,0.004994451571761179,0
62,JOB_3850,CV_1231,-1,-1,1,-1,-1,0.0015442935692705172,0
63,JOB_3850,CV_388,-1,-1,-1,0,-1,0.00013742938756156384,0
64,JOB_3850,CV_1687,-1,0,1,1,-1,0.05232559089768777,0
65,JOB_3850,CV_634,-1,-1,-1,1,-1,0.00026061368312641647,0
66,JOB_3850,CV_1245,-1,-1,1,1,-1,0.004994451571761179,0
67,JOB_3850,CV_2723,-1,-1,-1,1,-1,0.00026061368312641647,0
68,JOB_3850,CV_296,-1,-1,0,1,-1,0.002396402946724275,0
69,JOB_3850,CV_2024,-1,0,1,1,-1,0.05232559089768777,0
70,JOB_3850,CV_3923,-1,-1,1,1,-1,0.004994451571761179,0
71,JOB_3850,CV_2514,-1,-1,-1,1,-1,0.00026061368312641647,0
72,JOB_3850,CV_3176,-1,-1,0,-1,-1,0.0007396380664553713,0
73,JOB_3850,CV_2541,-1,-1,-1,1,-1,0.00026061368312641647,0
74,JOB_3850,CV_3429,-1,-1,-1,-1,-1,8.03182586734358e-05,0
75,JOB_3850,CV_3719,-1,-1,-1,1,-1,0.00026061368312641647,0
76,JOB_3850,CV_3753,-1,-1,-1,1,-1,0.00026061368312641647,0
77,JOB_3850,CV_2415,-1,-1,1,-1,-1,0.0015442935692705172,0
78,JOB_3850,CV_1019,-1,-1,-1,1,-1,0.00026061368312641647,0
79,JOB_3850,CV_1810,-1,-1,-1,1,-1,0.00026061368312641647,0
80,JOB_3850,CV_1971,-1,-1,-1,1,-1,0.00026061368312641647,0
81,JOB_3850,CV_1796,-1,-1,0,1,-1,0.002396402946724275,0
82,JOB_3850,CV_1781,-1,-1,-1,1,-1,0.00026061368312641647,0
83,JOB_3850,CV_2366,-1,-1,1,1,-1,0.004994451571761179,0
84,JOB_3850,CV_2436,-1,-1,1,1,-1,0.004994451571761179,0
85,JOB_3850,CV_2492,-1,-1,1,1,-1,0.004994451571761179,0
86,JOB_3850,CV_1963,-1,-1,0,1,-1,0.002396402946724275,0
87,JOB_3850,CV_2977,-1,-1,1,1,-1,0.004994451571761179,0
88,JOB_3850,CV_929,-1,-1,1,-1,-1,0.0015442935692705172,0
89,JOB_3850,CV_3738,-1,-1,1,1,-1,0.004994451571761179,0
90,JOB_3850,CV_3414,-1,-1,-1,1,-1,0.00026061368312641647,0
91,JOB_3850,CV_1577,-1,-1,-1,1,-1,0.00026061368312641647,0
92,JOB_3850,CV_2420,-1,-1,0,1,-1,0.002396402946724275,0
93,JOB_3850,CV_2574,-1,-1,-1,1,-1,0.00026061368312641647,0
94,JOB_3850,CV_2858,-1,-1,1,1,1,0.024737444512838436,0
95,JOB_3850,CV_1494,-1,-1,1,1,-1,0.004994451571761179,0
96,JOB_3850,CV_216,-1,-1,1,1,-1,0.004994451571761179,0
97,JOB_3850,CV_884,-1,-1,-1,1,-1,0.00026061368312641647,0
98,JOB_3850,CV_2953,-1,-1,1,-1,-1,0.0015442935692705172,0
99,JOB_3850,CV_3181,-1,-1,1,1,-1,0.004994451571761179,0
100,JOB_4111,CV_1224,-1,1,-1,0,-1,0.003181698906503991,0
101,JOB_4111,CV_2723,-1,1,-1,0,-1,0.003181698906503991,0
102,JOB_4111,CV_3145,-1,-1,1,-1,-1,0.0015442935692705172,0
103,JOB_4111,CV_2495,-1,0,-1,0,-1,0.0015096485596628858,0
104,JOB_4111,CV_3478,-1,0,1,0,-1,0.02828921519950765,0
105,JOB_4111,CV_3945,-1,0,0,0,-1,0.01374087676851104,0
106,JOB_4111,CV_2733,-1,1,-1,-1,-1,0.0018618453328126804,0
107,JOB_4111,CV_2579,-1,1,-1,0,-1,0.003181698906503991,0
108,JOB_4111,CV_2441,-1,1,-1,0,-1,0.003181698906503991,0
109,JOB_4111,CV_477,-1,0,1,-1,-1,0.016728886119059285,0
110,JOB_4111,CV_1807,-1,0,1,0,-1,0.02828921519950765,0
111,JOB_4111,CV_2541,-1,1,-1,0,-1,0.003181698906503991,0
112,JOB_4111,CV_2313,-1,0,-1,-1,-1,0.0008827918008007309,0
113,JOB_4111,CV_2732,-1,1,-1,0,-1,0.003181698906503991,0
114,JOB_4111,CV_929,-1,0,1,-1,-1,0.016728886119059285,0
115,JOB_4111,CV_263,-1,0,1,0,-1,0.02828921519950765,0
116,JOB_4111,CV_661,-1,1,-1,0,-1,0.003181698906503991,0
117,JOB_4111,CV_2877,-1,-1,1,0,-1,0.002639631480061397,0
118,JOB_4111,CV_1792,-1,0,1,0,-1,0.02828921519950765,0
119,JOB_4111,CV_1325,-1,1,1,0,-1,0.05790168407977278,0
120,JOB_4111,CV_924,-1,1,1,-1,-1,0.034672065104421654,0
121,JOB_4111,CV_187,-1,0,1,1,-1,0.05232559089768777,0
122,JOB_4111,CV_869,-1,1,-1,0,-1,0.003181698906503991,0
123,JOB_4111,CV_2327,-1,0,-1,0,-1,0.0015096485596628858,0
124,JOB_4111,CV_216,-1,1,1,0,-1,0.05790168407977278,0
125,JOB_4111,CV_2356,-1,1,-1,0,-1,0.003181698906503991,0
126,JOB_4111,CV_3094,-1,1,-1,0,-1,0.003181698906503991,0
127,JOB_4111,CV_788,-1,-1,-1,0,-1,0.00013742938756156384,0
128,JOB_4111,CV_2253,-1,1,1,0,-1,0.05790168407977278,0
129,JOB_4111,CV_3547,-1,1,-1,0,-1,0.003181698906503991,0
130,JOB_4111,CV_1687,-1,0,1,0,-1,0.02828921519950765,0
131,JOB_4111,CV_601,-1,0,1,0,-1,0.02828921519950765,0
132,JOB_4111,CV_3710,-1,0,1,0,-1,0.02828921519950765,0
133,JOB_4111,CV_3399,-1,1,1,0,-1,0.05790168407977278,0
134,JOB_4111,CV_2177,-1,0,1,-1,1,0.07916723666250709,0
135,JOB_4111,CV_1795,-1,1,-1,0,-1,0.003181698906503991,0
136,JOB_4111,CV_337,-1,1,-1,0,-1,0.003181698906503991,0
137,JOB_4111,CV_1751,-1,0,-1,0,-1,0.0015096485596628858,0
138,JOB_4111,CV_3051,-1,0,1,0,-1,0.02828921519950765,0
139,JOB_4111,CV_1574,-1,0,1,0,-1,0.02828921519950765,0
140,JOB_4111,CV_2420,-1,1,0,0,-1,0.028572286214813686,0
141,JOB_4111,CV_1781,-1,0,-1,0,-1,0.0015096485596628858,0
142,JOB_4111,CV_1494,-1,1,1,0,-1,0.05790168407977278,0
143,JOB_4111,CV_2402,-1,1,0,0,-1,0.028572286214813686,0
144,JOB_4111,CV_634,-1,1,-1,0,-1,0.003181698906503991,0
145,JOB_4111,CV_251,-1,0,1,0,-1,0.02828921519950765,0
146,JOB_4111,CV_040,-1,1,-1,0,-1,0.003181698906503991,0
147,JOB_4111,CV_2584,-1,1,-1,0,-1,0.003181698906503991,0
148,JOB_4111,CV_1633,-1,0,1,0,-1,0.02828921519950765,0
149,JOB_4111,CV_1172,-1,-1,1,-1,-1,0.0015442935692705172,0
150,JOB_4111,CV_877,-1,0,1,0,-1,0.02828921519950765,0
151,JOB_4111,CV_505,-1,1,1,0,-1,0.05790168407977278,0
152,JOB_4111,CV_307,-1,0,0,1,-1,0.025743514038269317,0
153,JOB_4111,CV_1231,-1,1,1,-1,-1,0.034672065104421654,0
154,JOB_4111,CV_3455,-1,-1,-1,-1,-1,8.03182586734358e-05,0
155,JOB_4111,CV_1380,-1,0,1,0,-1,0.02828921519950765,0
156,JOB_4111,CV_3792,-1,1,0,-1,-1,0.01689829239252925,0
157,JOB_4111,CV_1138,-1,1,1,0,-1,0.05790168407977278,0
158,JOB_4111,CV_2436,-1,1,1,0,-1,0.05790168407977278,0
159,JOB_4111,CV_1577,-1,1,-1,0,-1,0.003181698906503991,0
160,JOB_4111,CV_3657,-1,1,1,1,1,0.3706850697644348,0
161,JOB_4111,CV_2913,-1,0,1,0,-1,0.02828921519950765,0
162,JOB_4111,CV_2555,-1,1,-1,0,-1,0.003181698906503991,0
163,JOB_4111,CV_2991,-1,0,1,0,-1,0.02828921519950765,0
164,JOB_4111,CV_3546,-1,0,-1,-1,-1,0.0008827918008007309,0
165,JOB_4111,CV_3500,-1,-1,1,0,-1,0.002639631480061397,0
166,JOB_4111,CV_1015,-1,0,0,0,-1,0.01374087676851104,0
167,JOB_4111,CV_1971,-1,1,-1,0,-1,0.003181698906503991,0
168,JOB_4111,CV_2749,-1,0,0,0,-1,0.01374087676851104,0
169,JOB_4111,CV_2392,-1,0,1,0,-1,0.02828921519950765,0
170,JOB_4111,CV_879,-1,1,1,0,-1,0.05790168407977278,0
171,JOB_4111,CV_999,-1,1,-1,0,-1,0.003181698906503991,0
172,JOB_4111,CV_2574,-1,1,-1,0,-1,0.003181698906503991,0
173,JOB_4111,CV_433,-1,1,0,0,-1,0.028572286214813686,0
174,JOB_4111,CV_2658,-1,0,-1,0,-1,0.0015096485596628858,0
175,JOB_4111,CV_1287,-1,0,1,-1,-1,0.016728886119059285,0
176,JOB_4111,CV_1019,-1,1,-1,0,-1,0.003181698906503991,0
177,JOB_4111,CV_2961,-1,1,0,0,-1,0.028572286214813686,0
178,JOB_4111,CV_3719,-1,1,-1,0,-1,0.003181698906503991,0
179,JOB_4111,CV_3200,-1,1,1,0,-1,0.05790168407977278,0
180,JOB_4111,CV_421,-1,1,0,0,-1,0.028572286214813686,0
181,JOB_4111,CV_223,-1,1,-1,0,1,0.01587322249542733,0
182,JOB_4111,CV_2445,-1,0,-1,0,-1,0.0015096485596628858,0
183,JOB_4111,CV_1045,-1,-1,-1,-1,-1,8.03182586734358e-05,0
184,JOB_4111,CV_296,-1,1,0,0,-1,0.028572286214813686,0
185,JOB_4111,CV_3090,-1,0,1,0,-1,0.02828921519950765,0
186,JOB_4111,CV_3929,-1,1,0,0,-1,0.028572286214813686,0
187,JOB_4111,CV_3429,-1,0,-1,-1,-1,0.0008827918008007309,0
188,JOB_4111,CV_3075,-1,1,-1,0,-1,0.003181698906503991,0
189,JOB_4111,CV_3722,-1,0,-1,0,-1,0.0015096485596628858,0
190,JOB_4111,CV_1517,-1,1,0,0,-1,0.028572286214813686,0
191,JOB_4111,CV_2341,-1,1,-1,0,-1,0.003181698906503991,0
192,JOB_4111,CV_1636,-1,0,1,0,-1,0.02828921519950765,0
193,JOB_4111,CV_1793,-1,1,-1,0,-1,0.003181698906503991,0
194,JOB_4111,CV_2977,-1,1,1,0,-1,0.05790168407977278,0
195,JOB_4111,CV_2415,-1,-1,1,-1,-1,0.0015442935692705172,0
196,JOB_4111,CV_116,-1,1,-1,0,-1,0.003181698906503991,0
197,JOB_4111,CV_176,-1,0,-1,0,-1,0.0015096485596628858,0
198,JOB_4111,CV_1963,-1,1,0,0,-1,0.028572286214813686,0
199,JOB_4111,CV_3563,-1,1,-1,0,-1,0.003181698906503991,0
200,JOB_369,CV_1803,-1,0,-1,0,-1,0.0015096485596628858,0
201,JOB_369,CV_1070,-1,0,1,0,-1,0.02828921519950765,0
202,JOB_369,CV_3657,-1,0,1,1,-1,0.05232559089768777,0
203,JOB_369,CV_3543,-1,-1,1,0,-1,0.002639631480061397,0
204,JOB_369,CV_788,-1,-1,-1,0,-1,0.00013742938756156384,0
205,JOB_369,CV_296,-1,-1,0,1,-1,0.002396402946724275,0
206,JOB_369,CV_2584,-1,-1,-1,0,-1,0.00013742938756156384,0
207,JOB_369,CV_618,-1,0,1,0,-1,0.02828921519950765,0
208,JOB_369,CV_2024,-1,0,1,0,-1,0.02828921519950765,0
209,JOB_369,CV_080,-1,0,1,1,-1,0.05232559089768777,0
210,JOB_369,CV_116,-1,-1,-1,1,-1,0.00026061368312641647,0
211,JOB_369,CV_813,-1,0,1,-1,-1,0.016728886119059285,0
212,JOB_369,CV_187,-1,0,1,1,-1,0.05232559089768777,0
213,JOB_369,CV_272,-1,-1,-1,1,-1,0.00026061368312641647,0
214,JOB_369,CV_665,-1,-1,1,0,-1,0.002639631480061397,0
215,JOB_369,CV_3757,-1,0,-1,0,-1,0.0015096485596628858,0
216,JOB_369,CV_3098,-1,-1,1,0,-1,0.002639631480061397,0
217,JOB_369,CV_481,-1,0,-1,0,-1,0.0015096485596628858,0
218,JOB_369,CV_1231,-1,0,1,-1,-1,0.016728886119059285,0
219,JOB_369,CV_2313,-1,0,-1,-1,-1,0.0008827918008007309,0
220,JOB_369,CV_2732,-1,0,-1,0,-1,0.0015096485596628858,0
221,JOB_369,CV_1682,-1,0,-1,0,-1,0.0015096485596628858,0
222,JOB_369,CV_2476,-1,0,1,-1,1,0.07916723666250709,0
223,JOB_369,CV_2069,-1,0,-1,1,-1,0.002859298785317209,0
224,JOB_369,CV_2379,-1,0,1,-1,-1,0.016728886119059285,0
225,JOB_369,CV_640,-1,0,1,1,-1,0.05232559089768777,0
226,JOB_369,CV_3094,-1,-1,-1,0,-1,0.00013742938756156384,0
227,JOB_369,CV_1380,-1,-1,1,0,-1,0.002639631480061397,0
228,JOB_369,CV_046,-1,-1,0,1,-1,0.002396402946724275,0
229,JOB_369,CV_307,-1,-1,0,0,-1,0.0012649722795961807,0
230,JOB_369,CV_3284,-1,0,-1,0,-1,0.0015096485596628858,0
231,JOB_369,CV_3744,-1,-1,1,1,-1,0.004994451571761179,0
232,JOB_369,CV_3962,-1,0,-1,0,1,0.007582239379063284,0
233,JOB_369,CV_2653,-1,0,-1,0,-1,0.0015096485596628858,0
234,JOB_369,CV_2553,-1,-1,1,0,-1,0.002639631480061397,0
235,JOB_369,CV_2979,-1,-1,1,0,-1,0.002639631480061397,0
236,JOB_369,CV_2541,-1,-1,-1,0,1,0.0006940787367398552,0
237,JOB_369,CV_433,-1,0,0,1,-1,0.025743514038269317,0
238,JOB_369,CV_2658,-1,0,-1,0,1,0.007582239379063284,0
239,JOB_369,CV_1807,-1,0,1,1,-1,0.05232559089768777,0
240,JOB_369,CV_2015,-1,-1,0,-1,-1,0.0007396380664553713,0
241,JOB_369,CV_1224,-1,-1,-1,1,-1,0.00026061368312641647,0
242,JOB_369,CV_3173,-1,0,1,0,-1,0.02828921519950765,0
243,JOB_369,CV_2356,-1,-1,-1,0,1,0.0006940787367398552,0
244,JOB_369,CV_924,-1,0,1,-1,-1,0.016728886119059285,0
245,JOB_369,CV_1085,-1,0,-1,0,-1,0.0015096485596628858,0
246,JOB_369,CV_1971,-1,-1,-1,1,-1,0.00026061368312641647,0
247,JOB_369,CV_3090,-1,-1,1,0,-1,0.002639631480061397,0
248,JOB_369,CV_3075,-1,-1,-1,1,1,0.0013155570174856266,0
249,JOB_369,CV_137,-1,-1,0,0,1,0.006359616677526063,0
250,JOB_369,CV_1792,-1,-1,1,0,-1,0.002639631480061397,0
251,JOB_369,CV_2555,-1,0,-1,0,1,0.007582239379063284,0
252,JOB_369,CV_1355,-1,-1,-1,0,-1,0.00013742938756156384,0
253,JOB_369,CV_3455,-1,-1,-1,-1,-1,8.03182586734358e-05,0
254,JOB_369,CV_3625,-1,0,-1,1,-1,0.002859298785317209,0
255,JOB_369,CV_1574,-1,-1,1,0,-1,0.002639631480061397,0
256,JOB_369,CV_085,-1,0,1,0,-1,0.02828921519950765,0
257,JOB_369,CV_1161,-1,0,1,1,-1,0.05232559089768777,0
258,JOB_369,CV_1618,-1,0,1,-1,-1,0.016728886119059285,0
259,JOB_369,CV_3949,-1,0,1,-1,-1,0.016728886119059285,0
260,JOB_369,CV_622,-1,0,0,1,-1,0.025743514038269317,0
261,JOB_369,CV_3647,-1,-1,1,0,-1,0.002639631480061397,0
262,JOB_369,CV_2596,-1,-1,-1,1,-1,0.00026061368312641647,0
263,JOB_369,CV_3088,-1,0,1,0,-1,0.02828921519950765,0
264,JOB_369,CV_469,-1,0,1,0,1,0.12824728097545876,0
265,JOB_369,CV_388,-1,0,-1,0,1,0.007582239379063284,0
266,JOB_369,CV_2492,-1,0,1,0,-1,0.02828921519950765,0
267,JOB_369,CV_3929,-1,-1,0,0,-1,0.0012649722795961807,0
268,JOB_369,CV_2392,-1,0,1,0,1,0.12824728097545876,0
269,JOB_369,CV_2723,-1,-1,-1,1,-1,0.00026061368312641647,0
270,JOB_369,CV_3753,-1,0,-1,0,-1,0.0015096485596628858,0
271,JOB_369,CV_1632,-1,-1,1,-1,-1,0.0015442935692705172,0
272,JOB_369,CV_3533,-1,-1,1,0,-1,0.002639631480061397,0
273,JOB_369,CV_2327,-1,0,-1,1,-1,0.002859298785317209,0
274,JOB_369,CV_605,-1,-1,-1,0,-1,0.00013742938756156384,0
275,JOB_369,CV_2445,-1,-1,-1,0,-1,0.00013742938756156384,0
276,JOB_369,CV_2615,-1,0,-1,1,-1,0.002859298785317209,0
277,JOB_369,CV_216,-1,0,1,0,-1,0.02828921519950765,0
278,JOB_369,CV_869,-1,0,-1,0,-1,0.0015096485596628858,0
279,JOB_369,CV_1031,-1,0,1,1,-1,0.05232559089768777,0
280,JOB_369,CV_1172,-1,-1,1,-1,-1,0.0015442935692705172,0
281,JOB_369,CV_3197,-1,-1,1,0,-1,0.002639631480061397,0
282,JOB_369,CV_1633,-1,0,1,1,-1,0.05232559089768777,0
283,JOB_369,CV_1636,-1,-1,1,0,-1,0.002639631480061397,0
284,JOB_369,CV_278,-1,-1,1,0,-1,0.002639631480061397,0
285,JOB_369,CV_2869,-1,0,-1,-1,-1,0.0008827918008007309,0
286,JOB_369,CV_1690,-1,0,0,0,1,0.06577288027095901,0
287,JOB_369,CV_3133,-1,0,-1,1,-1,0.002859298785317209,0
288,JOB_369,CV_1138,-1,0,1,1,-1,0.05232559089768777,0
289,JOB_369,CV_1252,-1,0,1,-1,-1,0.016728886119059285,0
290,JOB_369,CV_1151,-1,0,-1,1,-1,0.002859298785317209,0
291,JOB_369,CV_601,-1,-1,1,0,1,0.013197522239432963,0
292,JOB_369,CV_1015,-1,-1,0,0,-1,0.0012649722795961807,0
293,JOB_369,CV_661,-1,0,-1,0,-1,0.0015096485596628858,0
294,JOB_369,CV_2038,-1,0,-1,-1,-1,0.0008827918008007309,0
295,JOB_369,CV_2766,-1,-1,1,-1,1,0.0077551622213322515,0
296,JOB_369,CV_3670,-1,0,-1,0,-1,0.0015096485596628858,0
297,JOB_369,CV_2733,-1,1,-1,1,-1,0.006017180859498359,0
298,JOB_369,CV_879,-1,0,1,1,-1,0.05232559089768777,0
299,JOB_369,CV_1517,-1,0,0,1,1,0.11779695264608223,0
300,JOB_4758,CV_3429,-1,-1,-1,-1,-1,8.03182586734358e-05,0
301,JOB_4758,CV_2385,-1,-1,-1,-1,1,0.00040573633479455186,0
302,JOB_4758,CV_594,-1,-1,1,1,-1,0.004994451571761179,0
303,JOB_4758,CV_433,-1,-1,0,-1,-1,0.0007396380664553713,0
304,JOB_4758,CV_2436,-1,-1,1,-1,1,0.0077551622213322515,0
305,JOB_4758,CV_1690,-1,-1,0,-1,-1,0.0007396380664553713,0
306,JOB_4758,CV_2749,-1,-1,0,-1,-1,0.0007396380664553713,0
307,JOB_4758,CV_3670,-1,-1,-1,-1,1,0.00040573633479455186,0
308,JOB_4758,CV_3929,-1,-1,0,-1,-1,0.0007396380664553713,0
309,JOB_4758,CV_1036,-1,-1,1,-1,-1,0.0015442935692705172,0
310,JOB_4758,CV_028,-1,-1,1,-1,-1,0.0015442935692705172,0
311,JOB_4758,CV_388,-1,-1,-1,-1,-1,8.03182586734358e-05,0
312,JOB_4758,CV_176,-1,-1,-1,-1,1,0.00040573633479455186,0
313,JOB_4758,CV_3657,-1,-1,1,-1,-1,0.0015442935692705172,0
314,JOB_4758,CV_272,-1,-1,-1,-1,1,0.00040573633479455186,0
315,JOB_4758,CV_1803,-1,-1,-1,-1,1,0.00040573633479455186,0
316,JOB_4758,CV_2733,-1,-1,-1,-1,-1,8.03182586734358e-05,0
317,JOB_4758,CV_3145,-1,-1,1,-1,1,0.0077551622213322515,0
318,JOB_4758,CV_3636,-1,-1,-1,-1,-1,8.03182586734358e-05,0
319,JOB_4758,CV_160,-1,-1,-1,-1,-1,8.03182586734358e-05,0
320,JOB_4758,CV_2294,-1,-1,0,-1,-1,0.0007396380664553713,0
321,JOB_4758,CV_1231,-1,-1,1,-1,-1,0.0015442935692705172,0
322,JOB_4758,CV_3474,-1,-1,1,-1,1,0.0077551622213322515,0
323,JOB_4758,CV_1881,-1,-1,0,-1,-1,0.0007396380664553713,0
324,JOB_4758,CV_3094,-1,-1,-1,-1,-1,8.03182586734358e-05,0
325,JOB_4758,CV_1860,-1,-1,0,-1,-1,0.0007396380664553713,0
326,JOB_4758,CV_1031,-1,-1,1,-1,1,0.0077551622213322515,0
327,JOB_4758,CV_2365,-1,-1,0,-1,-1,0.0007396380664553713,0
328,JOB_4758,CV_3722,-1,-1,-1,-1,-1,8.03182586734358e-05,0
329,JOB_4758,CV_263,-1,-1,1,-1,-1,0.0015442935692705172,0
330,JOB_4758,CV_2541,-1,-1,-1,-1,-1,8.03182586734358e-05,0
331,JOB_4758,CV_3945,-1,-1,0,-1,-1,0.0007396380664553713,0
332,JOB_4758,CV_2253,-1,-1,1,-1,1,0.0077551622213322515,0
333,JOB_4758,CV_085,-1,-1,1,-1,-1,0.0015442935692705172,0
334,JOB_4758,CV_2615,-1,-1,-1,-1,1,0.00040573633479455186,0
335,JOB_4758,CV_2961,-1,-1,0,-1,1,0.0037264061914744602,0
336,JOB_4758,CV_2015,-1,-1,0,-1,-1,0.0007396380664553713,0
337,JOB_4758,CV_665,-1,-1,1,-1,-1,0.0015442935692705172,0
338,JOB_4758,CV_3563,-1,-1,-1,-1,1,0.00040573633479455186,0
339,JOB_4758,CV_3299,-1,-1,-1,-1,1,0.00040573633479455186,0
340,JOB_4758,CV_722,-1,-1,-1,-1,1,0.00040573633479455186,0
341,JOB_4758,CV_505,-1,-1,1,-1,-1,0.0015442935692705172,0
342,JOB_4758,CV_661,-1,-1,-1,-1,-1,8.03182586734358e-05,0
343,JOB_4758,CV_618,-1,-1,1,-1,1,0.0077551622213322515,0
344,JOB_4758,CV_2379,-1,-1,1,-1,-1,0.0015442935692705172,0
345,JOB_4758,CV_2658,-1,-1,-1,-1,-1,8.03182586734358e-05,0
346,JOB_4758,CV_2392,-1,-1,1,-1,-1,0.0015442935692705172,0
347,JOB_4758,CV_640,-1,-1,1,-1,1,0.0077551622213322515,0
348,JOB_4758,CV_2495,-1,-1,-1,-1,1,0.00040573633479455186,0
349,JOB_4758,CV_1792,-1,-1,1,-1,-1,0.0015442935692705172,0
350,JOB_4758,CV_532,-1,-1,1,-1,-1,0.0015442935692705172,0
351,JOB_4758,CV_1807,-1,-1,1,-1,1,0.0077551622213322515,0
352,JOB_4758,CV_046,-1,-1,0,-1,-1,0.0007396380664553713,0
353,JOB_4758,CV_2489,-1,-1,0,-1,1,0.0037264061914744602,0
354,JOB_4758,CV_1636,-1,-1,1,-1,-1,0.0015442935692705172,0
355,JOB_4758,CV_1963,-1,-1,0,-1,-1,0.0007396380664553713,0
356,JOB_4758,CV_3962,-1,-1,-1,-1,1,0.00040573633479455186,0
357,JOB_4758,CV_3791,-1,-1,1,-1,1,0.0077551622213322515,0
358,JOB_4758,CV_2991,-1,-1,1,-1,1,0.0077551622213322515,0
359,JOB_4758,CV_216,-1,-1,1,-1,1,0.0077551622213322515,0
360,JOB_4758,CV_1494,-1,-1,1,-1,1,0.0077551622213322515,0
361,JOB_4758,CV_1844,-1,-1,1,-1,-1,0.0015442935692705172,0
362,JOB_4758,CV_3181,-1,-1,1,-1,1,0.0077551622213322515,0
363,JOB_4758,CV_307,-1,-1,0,-1,-1,0.0007396380664553713,0
364,JOB_4758,CV_3789,-1,-1,1,-1,-1,0.0015442935692705172,0
365,JOB_4758,CV_1785,-1,-1,-1,-1,1,0.00040573633479455186,0
366,JOB_4758,CV_2555,-1,-1,-1,-1,-1,8.03182586734358e-05,0
367,JOB_4758,CV_3090,-1,-1,1,-1,-1,0.0015442935692705172,0
368,JOB_4758,CV_1480,-1,-1,-1,-1,1,0.00040573633479455186,0
369,JOB_4758,CV_1355,-1,-1,-1,-1,-1,8.03182586734358e-05,0
370,JOB_4758,CV_2638,-1,-1,-1,-1,1,0.00040573633479455186,0
371,JOB_4758,CV_223,-1,-1,-1,-1,-1,8.03182586734358e-05,0
372,JOB_4758,CV_2992,-1,-1,-1,-1,-1,8.03182586734358e-05,0
373,JOB_4758,CV_1961,-1,-1,1,-1,1,0.0077551622213322515,0
374,JOB_4758,CV_116,-1,-1,-1,-1,-1,8.03182586734358e-05,0
375,JOB_4758,CV_421,-1,-1,0,-1,-1,0.0007396380664553713,0
376,JOB_4758,CV_2877,-1,-1,1,-1,-1,0.0015442935692705172,0
377,JOB_4758,CV_2039,-1,-1,1,-1,-1,0.0015442935692705172,0
378,JOB_4758,CV_1781,-1,-1,-1,-1,1,0.00040573633479455186,0
379,JOB_4758,CV_2537,-1,-1,1,-1,-1,0.0015442935692705172,0
380,JOB_4758,CV_3075,-1,-1,-1,-1,-1,8.03182586734358e-05,0
381,JOB_4758,CV_1138,-1,-1,1,-1,-1,0.0015442935692705172,0
382,JOB_4758,CV_2553,-1,-1,1,-1,-1,0.0015442935692705172,0
383,JOB_4758,CV_3455,-1,-1,-1,-1,-1,8.03182586734358e-05,0
384,JOB_4758,CV_3547,-1,-1,-1,-1,-1,8.03182586734358e-05,0
385,JOB_4758,CV_3173,-1,-1,1,-1,-1,0.0015442935692705172,0
386,JOB_4758,CV_1325,-1,-1,1,-1,-1,0.0015442935692705172,0
387,JOB_4758,CV_2977,-1,-1,1,-1,-1,0.0015442935692705172,0
388,JOB_4758,CV_1252,-1,-1,1,-1,1,0.0077551622213322515,0
389,JOB_4758,CV_538,-1,-1,1,-1,1,0.0077551622213322515,0
390,JOB_4758,CV_3733,-1,-1,-1,-1,-1,8.03182586734358e-05,0
391,JOB_4758,CV_080,-1,-1,1,-1,1,0.0077551622213322515,0
392,JOB_4758,CV_3647,-1,-1,1,-1,-1,0.0015442935692705172,0
393,JOB_4758,CV_2327,-1,-1,-1,-1,-1,8.03182586734358e-05,0
394,JOB_4758,CV_1085,-1,-1,-1,-1,1,0.00040573633479455186,0
395,JOB_4758,CV_611,-1,-1,-1,-1,1,0.00040573633479455186,0
396,JOB_4758,CV_140,-1,-1,-1,-1,1,0.00040573633479455186,0
397,JOB_4758,CV_1380,-1,-1,1,-1,1,0.0077551622213322515,0
398,JOB_4758,CV_601,-1,-1,1,-1,-1,0.0015442935692705172,0
399,JOB_4758,CV_1793,-1,-1,-1,-1,1,0.00040573633479455186,0
400,JOB_9765,CV_3145,-1,0,1,-1,-1,0.016728886119059285,0
401,JOB_9765,CV_2638,-1,0,-1,-1,-1,0.0008827918008007309,0
402,JOB_9765,CV_924,-1,1,1,-1,-1,0.034672065104421654,0
403,JOB_9765,CV_1781,-1,1,-1,-1,-1,0.0018618453328126804,0
404,JOB_9765,CV_3685,-1,1,-1,-1,-1,0.0018618453328126804,0
405,JOB_9765,CV_3929,-1,1,0,-1,-1,0.01689829239252925,0
406,JOB_9765,CV_3722,-1,1,-1,-1,-1,0.0018618453328126804,0
407,JOB_9765,CV_2415,-1,0,1,-1,-1,0.016728886119059285,0
408,JOB_9765,CV_2489,-1,1,0,-1,-1,0.01689829239252925,0
409,JOB_9765,CV_3970,-1,1,-1,-1,-1,0.0018618453328126804,0
410,JOB_9765,CV_3181,-1,1,1,-1,-1,0.034672065104421654,0
411,JOB_9765,CV_3563,-1,1,-1,-1,-1,0.0018618453328126804,0
412,JOB_9765,CV_392,-1,0,-1,-1,-1,0.0008827918008007309,0
413,JOB_9765,CV_2965,-1,1,1,-1,1,0.15361803787121434,0
414,JOB_9765,CV_028,-1,1,1,-1,-1,0.034672065104421654,0
415,JOB_9765,CV_223,-1,1,-1,-1,-1,0.0018618453328126804,0
416,JOB_9765,CV_2537,-1,1,1,1,-1,0.10439562230127407,0
417,JOB_9765,CV_263,-1,1,1,-1,-1,0.034672065104421654,0
418,JOB_9765,CV_3792,-1,0,0,-1,-1,0.0080762834495878,0
419,JOB_9765,CV_3945,-1,1,0,-1,-1,0.01689829239252925,0
420,JOB_9765,CV_233,-1,1,1,-1,1,0.15361803787121434,0
421,JOB_9765,CV_2723,-1,0,-1,-1,-1,0.0008827918008007309,0
422,JOB_9765,CV_2069,-1,0,-1,-1,-1,0.0008827918008007309,0
423,JOB_9765,CV_2766,-1,1,1,1,1,0.3706850697644348,0
424,JOB_9765,CV_1860,-1,0,0,-1,-1,0.0080762834495878,0
425,JOB_9765,CV_1682,-1,0,-1,-1,-1,0.0008827918008007309,0
426,JOB_9765,CV_3051,-1,-1,1,-1,-1,0.0015442935692705172,0
427,JOB_9765,CV_1480,-1,0,-1,-1,-1,0.0008827918008007309,0
428,JOB_9765,CV_1287,-1,1,1,-1,-1,0.034672065104421654,0
429,JOB_9765,CV_2294,-1,1,0,1,-1,0.05283609976798728,0
430,JOB_9765,CV_3455,-1,0,-1,-1,-1,0.0008827918008007309,0
431,JOB_9765,CV_2024,-1,1,1,-1,-1,0.034672065104421654,0
432,JOB_9765,CV_2514,-1,0,-1,-1,-1,0.0008827918008007309,0
433,JOB_9765,CV_2177,-1,1,1,-1,-1,0.034672065104421654,0
434,JOB_9765,CV_1015,-1,0,0,-1,-1,0.0080762834495878,0
435,JOB_9765,CV_1355,-1,0,-1,-1,-1,0.0008827918008007309,0
436,JOB_9765,CV_2992,-1,1,-1,-1,1,0.009337905367753526,0
437,JOB_9765,CV_1971,-1,0,-1,-1,-1,0.0008827918008007309,0
438,JOB_9765,CV_1045,-1,0,-1,-1,1,0.004445064433151091,0
439,JOB_9765,CV_3478,-1,1,1,-1,1,0.15361803787121434,0
440,JOB_9765,CV_1898,-1,1,1,-1,-1,0.034672065104421654,0
441,JOB_9765,CV_1068,-1,1,-1,-1,-1,0.0018618453328126804,0
442,JOB_9765,CV_3625,-1,1,-1,-1,-1,0.0018618453328126804,0
443,JOB_9765,CV_1231,-1,1,1,-1,-1,0.034672065104421654,0
444,JOB_9765,CV_1224,-1,0,-1,-1,-1,0.0008827918008007309,0
445,JOB_9765,CV_2830,-1,1,0,-1,-1,0.01689829239252925,0
446,JOB_9765,CV_080,-1,1,1,-1,-1,0.034672065104421654,0
447,JOB_9765,CV_1036,-1,1,1,-1,1,0.15361803787121434,0
448,JOB_9765,CV_469,-1,0,1,-1,1,0.07916723666250709,0
449,JOB_9765,CV_3533,-1,1,1,-1,-1,0.034672065104421654,0
450,JOB_9765,CV_3657,-1,1,1,-1,-1,0.034672065104421654,0
451,JOB_9765,CV_3636,-1,1,-1,-1,-1,0.0018618453328126804,0
452,JOB_9765,CV_2476,-1,1,1,-1,1,0.15361803787121434,0
453,JOB_9765,CV_2579,-1,1,-1,-1,-1,0.0018618453328126804,0
454,JOB_9765,CV_611,-1,1,-1,-1,-1,0.0018618453328126804,0
455,JOB_9765,CV_2038,-1,0,-1,-1,-1,0.0008827918008007309,0
456,JOB_9765,CV_2441,-1,1,-1,-1,-1,0.0018618453328126804,0
457,JOB_9765,CV_3727,-1,0,1,-1,-1,0.016728886119059285,0
458,JOB_9765,CV_3197,-1,1,1,-1,-1,0.034672065104421654,0
459,JOB_9765,CV_2478,-1,0,1,-1,-1,0.016728886119059285,0
460,JOB_9765,CV_251,-1,1,1,-1,-1,0.034672065104421654,0
461,JOB_9765,CV_3710,-1,1,1,-1,1,0.15361803787121434,0
462,JOB_9765,CV_3474,-1,1,1,-1,-1,0.034672065104421654,0
463,JOB_9765,CV_140,-1,0,-1,-1,-1,0.0008827918008007309,0
464,JOB_9765,CV_1632,-1,1,1,-1,-1,0.034672065104421654,0
465,JOB_9765,CV_1792,-1,1,1,-1,-1,0.034672065104421654,0
466,JOB_9765,CV_3133,-1,0,-1,-1,-1,0.0008827918008007309,0
467,JOB_9765,CV_1172,-1,0,1,-1,-1,0.016728886119059285,0
468,JOB_9765,CV_2979,-1,1,1,-1,-1,0.034672065104421654,0
469,JOB_9765,CV_1574,-1,0,1,-1,-1,0.016728886119059285,0
470,JOB_9765,CV_3733,-1,1,-1,-1,-1,0.0018618453328126804,0
471,JOB_9765,CV_1122,-1,0,1,-1,-1,0.016728886119059285,0
472,JOB_9765,CV_176,-1,1,-1,-1,-1,0.0018618453328126804,0
473,JOB_9765,CV_3173,-1,1,1,-1,-1,0.034672065104421654,0
474,JOB_9765,CV_601,-1,1,1,1,1,0.3706850697644348,0
475,JOB_9765,CV_2313,-1,1,-1,-1,-1,0.0018618453328126804,0
476,JOB_9765,CV_1019,-1,0,-1,-1,-1,0.0008827918008007309,0
477,JOB_9765,CV_3547,-1,1,-1,-1,-1,0.0018618453328126804,0
478,JOB_9765,CV_2550,-1,1,-1,-1,1,0.009337905367753526,0
479,JOB_9765,CV_1751,-1,1,-1,-1,1,0.009337905367753526,0
480,JOB_9765,CV_1534,-1,0,-1,-1,-1,0.0008827918008007309,0
481,JOB_9765,CV_1687,-1,1,1,-1,-1,0.034672065104421654,0
482,JOB_9765,CV_046,-1,0,0,-1,-1,0.0080762834495878,0
483,JOB_9765,CV_2615,-1,1,-1,-1,-1,0.0018618453328126804,0
484,JOB_9765,CV_3753,-1,1,-1,-1,-1,0.0018618453328126804,0
485,JOB_9765,CV_272,-1,0,-1,-1,-1,0.0008827918008007309,0
486,JOB_9765,CV_477,1,1,1,1,-1,0.7302317401433427,1
487,JOB_9765,CV_3543,-1,0,1,-1,-1,0.016728886119059285,0
488,JOB_9765,CV_2553,-1,0,1,-1,-1,0.016728886119059285,0
489,JOB_9765,CV_532,-1,1,1,-1,1,0.15361803787121434,0
490,JOB_9765,CV_187,-1,0,1,-1,-1,0.016728886119059285,0
491,JOB_9765,CV_3738,-1,1,1,-1,1,0.15361803787121434,0
492,JOB_9765,CV_964,1,1,1,-1,-1,0.454768028774003,0
493,JOB_9765,CV_3399,-1,1,1,-1,-1,0.034672065104421654,0
494,JOB_9765,CV_2977,-1,1,1,-1,-1,0.034672065104421654,0
495,JOB_9765,CV_1151,-1,1,-1,-1,-1,0.0018618453328126804,0
496,JOB_9765,CV_2207,-1,-1,1,-1,1,0.0077551622213322515,0
497,JOB_9765,CV_2039,-1,1,1,-1,-1,0.034672065104421654,0
498,JOB_9765,CV_1793,-1,0,-1,-1,-1,0.0008827918008007309,0
499,JOB_9765,CV_788,1,1,-1,-1,-1,0.04151838996869751,0
600,JOB_5802,CV_3500,-1,0,1,1,1,0.21814771844744296,0
601,JOB_5802,CV_3710,-1,0,1,1,-1,0.05232559089768777,0
602,JOB_5802,CV_3200,-1,1,1,1,1,0.3706850697644348,0
603,JOB_5802,CV_2979,-1,1,1,1,-1,0.10439562230127407,0
604,JOB_5802,CV_640,-1,1,1,1,1,0.3706850697644348,0
605,JOB_5802,CV_1682,-1,1,-1,1,-1,0.006017180859498359,0
606,JOB_5802,CV_337,-1,1,-1,1,1,0.029682404125509716,0
607,JOB_5802,CV_1036,-1,1,1,1,-1,0.10439562230127407,0
608,JOB_5802,CV_1070,-1,1,1,1,-1,0.10439562230127407,0
609,JOB_5802,CV_2478,-1,0,1,1,1,0.21814771844744296,0
610,JOB_5802,CV_2752,-1,0,1,1,-1,0.05232559089768777,0
611,JOB_5802,CV_2555,-1,1,-1,1,-1,0.006017180859498359,0
612,JOB_5802,CV_176,-1,0,-1,1,1,0.014283223220999536,0
613,JOB_5802,CV_2991,-1,1,1,1,1,0.3706850697644348,0
614,JOB_5802,CV_3949,-1,1,1,-1,1,0.15361803787121434,0
615,JOB_5802,CV_3782,-1,1,0,1,-1,0.05283609976798728,0
616,JOB_5802,CV_2369,-1,1,1,1,-1,0.10439562230127407,0
617,JOB_5802,CV_2672,-1,1,1,-1,-1,0.034672065104421654,0
618,JOB_5802,CV_1031,-1,0,1,1,1,0.21814771844744296,0
619,JOB_5802,CV_3093,-1,1,-1,-1,-1,0.0018618453328126804,0
620,JOB_5802,CV_296,-1,1,0,1,-1,0.05283609976798728,0
621,JOB_5802,CV_3757,-1,1,-1,1,-1,0.006017180859498359,0
622,JOB_5802,CV_1245,-1,0,1,1,-1,0.05232559089768777,0
623,JOB_5802,CV_2514,-1,1,-1,1,-1,0.006017180859498359,0
624,JOB_5802,CV_1751,-1,1,-1,1,-1,0.006017180859498359,0
625,JOB_5802,CV_1844,-1,1,1,1,-1,0.10439562230127407,0
626,JOB_5802,CV_1252,-1,1,1,-1,1,0.15361803787121434,0
627,JOB_5802,CV_2039,-1,1,1,1,-1,0.10439562230127407,0
628,JOB_5802,CV_3962,-1,1,-1,1,1,0.029682404125509716,0
629,JOB_5802,CV_2732,-1,0,-1,1,-1,0.002859298785317209,0
630,JOB_5802,CV_187,-1,-1,1,1,-1,0.004994451571761179,0
631,JOB_5802,CV_3181,-1,1,1,1,1,0.3706850697644348,0
632,JOB_5802,CV_3176,-1,1,0,-1,-1,0.01689829239252925,0
633,JOB_5802,CV_3543,-1,1,1,1,-1,0.10439562230127407,0
634,JOB_5802,CV_2718,-1,0,0,1,-1,0.025743514038269317,0
635,JOB_5802,CV_1913,-1,1,1,1,1,0.3706850697644348,0
636,JOB_5802,CV_2733,-1,1,-1,-1,-1,0.0018618453328126804,0
637,JOB_5802,CV_999,-1,1,-1,1,-1,0.006017180859498359,0
638,JOB_5802,CV_1085,-1,1,-1,1,1,0.029682404125509716,0
639,JOB_5802,CV_2356,-1,1,-1,1,-1,0.006017180859498359,0
640,JOB_5802,CV_1287,1,1,1,-1,1,0.808239026155528,1
641,JOB_5802,CV_2977,-1,1,1,1,-1,0.10439562230127407,0
642,JOB_5802,CV_2015,-1,1,0,-1,-1,0.01689829239252925,0
643,JOB_5802,CV_3719,-1,1,-1,1,-1,0.006017180859498359,0
644,JOB_5802,CV_3738,-1,1,1,1,-1,0.10439562230127407,0
645,JOB_5802,CV_1019,1,1,-1,1,1,0.4153336068819501,0
646,JOB_5802,CV_601,-1,0,1,1,-1,0.05232559089768777,0
647,JOB_5802,CV_1687,-1,0,1,1,-1,0.05232559089768777,0
648,JOB_5802,CV_3051,-1,0,1,1,-1,0.05232559089768777,0
649,JOB_5802,CV_634,-1,0,-1,1,-1,0.002859298785317209,0
650,JOB_5802,CV_263,-1,1,1,1,-1,0.10439562230127407,0
651,JOB_5802,CV_3039,-1,1,1,1,-1,0.10439562230127407,0
652,JOB_5802,CV_040,-1,0,-1,1,-1,0.002859298785317209,0
653,JOB_5802,CV_1860,1,1,0,1,-1,0.5643491956570692,1
654,JOB_5802,CV_2541,-1,1,-1,1,-1,0.006017180859498359,0
655,JOB_5802,CV_1090,-1,1,-1,1,-1,0.006017180859498359,0
656,JOB_5802,CV_028,-1,1,1,1,-1,0.10439562230127407,0
657,JOB_5802,CV_421,-1,1,0,1,-1,0.05283609976798728,0
658,JOB_5802,CV_2239,-1,1,1,1,1,0.3706850697644348,0
659,JOB_5802,CV_1796,-1,1,0,1,-1,0.05283609976798728,0
660,JOB_5802,CV_3789,-1,1,1,1,-1,0.10439562230127407,0
661,JOB_5802,CV_2638,-1,1,-1,1,1,0.029682404125509716,0
662,JOB_5802,CV_2166,-1,1,-1,0,-1,0.003181698906503991,0
663,JOB_5802,CV_813,-1,1,1,-1,1,0.15361803787121434,0
664,JOB_5802,CV_2489,-1,0,0,1,1,0.11779695264608223,0
665,JOB_5802,CV_3791,1,1,1,1,1,0.9318734926872032,1
666,JOB_5802,CV_3133,-1,1,-1,1,1,0.029682404125509716,0
667,JOB_5802,CV_2207,-1,-1,1,1,-1,0.004994451571761179,0
668,JOB_5802,CV_2537,-1,1,1,0,-1,0.05790168407977278,0
669,JOB_5802,CV_3685,-1,1,-1,1,-1,0.006017180859498359,0
670,JOB_5802,CV_665,-1,0,1,1,-1,0.05232559089768777,0
671,JOB_5802,CV_433,-1,1,0,1,-1,0.05283609976798728,0
672,JOB_5802,CV_879,-1,0,1,1,-1,0.05232559089768777,0
673,JOB_5802,CV_2830,-1,1,0,1,1,0.2199006485775579,0
674,JOB_5802,CV_080,-1,1,1,1,1,0.3706850697644348,0
675,JOB_5802,CV_2441,-1,0,-1,0,-1,0.0015096485596628858,0
676,JOB_5802,CV_116,-1,0,-1,1,-1,0.002859298785317209,0
677,JOB_5802,CV_1241,-1,1,1,1,-1,0.10439562230127407,0
678,JOB_5802,CV_2723,-1,0,-1,1,1,0.014283223220999536,0
679,JOB_5802,CV_2858,-1,0,1,1,-1,0.05232559089768777,0
680,JOB_5802,CV_3546,-1,1,-1,-1,-1,0.0018618453328126804,0
681,JOB_5802,CV_3923,1,1,1,1,1,0.9318734926872032,1
682,JOB_5802,CV_2495,-1,1,-1,1,1,0.029682404125509716,0
683,JOB_5802,CV_505,-1,1,1,1,-1,0.10439562230127407,0
684,JOB_5802,CV_3647,-1,0,1,0,-1,0.02828921519950765,0
685,JOB_5802,CV_1015,-1,0,0,1,1,0.11779695264608223,0
686,JOB_5802,CV_884,-1,0,-1,1,-1,0.002859298785317209,0
687,JOB_5802,CV_3429,-1,0,-1,-1,-1,0.0008827918008007309,0
688,JOB_5802,CV_1068,-1,1,-1,1,-1,0.006017180859498359,0
689,JOB_5802,CV_1138,-1,1,1,1,-1,0.10439562230127407,0
690,JOB_5802,CV_3414,-1,1,-1,1,-1,0.006017180859498359,0
691,JOB_5802,CV_605,-1,0,-1,1,-1,0.002859298785317209,0
692,JOB_5802,CV_2313,-1,1,-1,-1,1,0.009337905367753526,0
693,JOB_5802,CV_3015,-1,0,0,1,-1,0.025743514038269317,0
694,JOB_5802,CV_2327,-1,1,-1,1,-1,0.006017180859498359,0
695,JOB_5802,CV_3094,-1,0,-1,1,-1,0.002859298785317209,0
696,JOB_5802,CV_1325,-1,1,1,1,-1,0.10439562230127407,0
697,JOB_5802,CV_223,-1,1,-1,1,-1,0.006017180859498359,0
698,JOB_5802,CV_3455,-1,0,-1,-1,-1,0.0008827918008007309,0
699,JOB_5802,CV_2877,-1,-1,1,1,-1,0.004994451571761179,0
700,JOB_1662,CV_3929,-1,-1,0,0,-1,0.0012649722795961807,0
701,JOB_1662,CV_3414,-1,-1,-1,0,1,0.0006940787367398552,0
702,JOB_1662,CV_1085,-1,-1,-1,0,-1,0.00013742938756156384,0
703,JOB_1662,CV_3722,-1,-1,-1,0,-1,0.00013742938756156384,0
704,JOB_1662,CV_788,-1,-1,-1,0,-1,0.00013742938756156384,0
705,JOB_1662,CV_634,-1,-1,-1,0,1,0.0006940787367398552,0
706,JOB_1662,CV_1577,-1,-1,-1,0,-1,0.00013742938756156384,0
707,JOB_1662,CV_3733,-1,-1,-1,0,-1,0.00013742938756156384,0
708,JOB_1662,CV_2327,-1,-1,-1,0,-1,0.00013742938756156384,0
709,JOB_1662,CV_2415,-1,-1,1,-1,-1,0.0015442935692705172,0
710,JOB_1662,CV_1971,-1,-1,-1,0,-1,0.00013742938756156384,0
711,JOB_1662,CV_2177,-1,-1,1,-1,-1,0.0015442935692705172,0
712,JOB_1662,CV_3945,-1,-1,0,0,-1,0.0012649722795961807,0
713,JOB_1662,CV_080,-1,-1,1,0,-1,0.002639631480061397,0
714,JOB_1662,CV_1231,-1,-1,1,-1,-1,0.0015442935692705172,0
715,JOB_1662,CV_2733,-1,-1,-1,-1,-1,8.03182586734358e-05,0
716,JOB_1662,CV_2574,-1,-1,-1,0,1,0.0006940787367398552,0
717,JOB_1662,CV_2402,-1,-1,0,0,1,0.006359616677526063,0
718,JOB_1662,CV_2341,-1,-1,-1,0,1,0.0006940787367398552,0
719,JOB_1662,CV_2913,-1,-1,1,0,-1,0.002639631480061397,0
720,JOB_1662,CV_1252,-1,-1,1,-1,-1,0.0015442935692705172,0
721,JOB_1662,CV_028,-1,-1,1,0,-1,0.002639631480061397,0
722,JOB_1662,CV_481,-1,0,-1,0,-1,0.0015096485596628858,0
723,JOB_1662,CV_1245,-1,0,1,0,1,0.12824728097545876,0
724,JOB_1662,CV_1690,-1,-1,0,0,1,0.006359616677526063,0
725,JOB_1662,CV_3197,1,-1,1,0,-1,0.057901684079772725,0
726,JOB_1662,CV_1325,-1,-1,1,0,1,0.013197522239432963,0
727,JOB_1662,CV_3636,-1,-1,-1,-1,-1,8.03182586734358e-05,0
728,JOB_1662,CV_392,-1,-1,-1,0,-1,0.00013742938756156384,0
729,JOB_1662,CV_3738,-1,-1,1,0,1,0.013197522239432963,0
730,JOB_1662,CV_2385,-1,-1,-1,0,-1,0.00013742938756156384,0
731,JOB_1662,CV_3719,-1,-1,-1,0,-1,0.00013742938756156384,0
732,JOB_1662,CV_1807,-1,-1,1,0,-1,0.002639631480061397,0
733,JOB_1662,CV_2537,-1,-1,1,0,-1,0.002639631480061397,0
734,JOB_1662,CV_1803,-1,-1,-1,0,-1,0.00013742938756156384,0
735,JOB_1662,CV_1785,-1,-1,-1,0,-1,0.00013742938756156384,0
736,JOB_1662,CV_999,-1,-1,-1,0,-1,0.00013742938756156384,0
737,JOB_1662,CV_3474,-1,-1,1,0,-1,0.002639631480061397,0
738,JOB_1662,CV_1224,-1,-1,-1,0,-1,0.00013742938756156384,0
739,JOB_1662,CV_2869,1,-1,-1,-1,-1,0.0018618453328126787,0
740,JOB_1662,CV_2584,-1,-1,-1,0,-1,0.00013742938756156384,0
741,JOB_1662,CV_3949,-1,-1,1,-1,-1,0.0015442935692705172,0
742,JOB_1662,CV_3625,-1,-1,-1,0,-1,0.00013742938756156384,0
743,JOB_1662,CV_879,-1,-1,1,0,-1,0.002639631480061397,0
744,JOB_1662,CV_2977,-1,-1,1,0,-1,0.002639631480061397,0
745,JOB_1662,CV_1309,1,0,-1,0,-1,0.03391947242677372,0
746,JOB_1662,CV_040,-1,-1,-1,0,-1,0.00013742938756156384,0
747,JOB_1662,CV_2732,-1,-1,-1,0,-1,0.00013742938756156384,0
748,JOB_1662,CV_1019,-1,-1,-1,0,-1,0.00013742938756156384,0
749,JOB_1662,CV_1963,-1,-1,0,0,-1,0.0012649722795961807,0
750,JOB_1662,CV_538,-1,-1,1,1,-1,0.004994451571761179,0
751,JOB_1662,CV_1913,-1,-1,1,-1,-1,0.0015442935692705172,0
752,JOB_1662,CV_3543,-1,-1,1,0,-1,0.002639631480061397,0
753,JOB_1662,CV_2495,-1,-1,-1,0,-1,0.00013742938756156384,0
754,JOB_1662,CV_601,1,-1,1,0,1,0.23697590875267452,0
755,JOB_1662,CV_2436,-1,-1,1,0,-1,0.002639631480061397,0
756,JOB_1662,CV_2476,-1,-1,1,-1,1,0.0077551622213322515,0
757,JOB_1662,CV_884,-1,-1,-1,0,-1,0.00013742938756156384,0
758,JOB_1662,CV_263,1,-1,1,0,-1,0.057901684079772725,0
759,JOB_1662,CV_869,-1,-1,-1,0,-1,0.00013742938756156384,0
760,JOB_1662,CV_2024,-1,-1,1,0,-1,0.002639631480061397,0
761,JOB_1662,CV_2723,-1,-1,-1,0,-1,0.00013742938756156384,0
762,JOB_1662,CV_3670,-1,-1,-1,0,-1,0.00013742938756156384,0
763,JOB_1662,CV_1380,-1,-1,1,0,-1,0.002639631480061397,0
764,JOB_1662,CV_2615,-1,-1,-1,0,-1,0.00013742938756156384,0
765,JOB_1662,CV_2366,-1,-1,1,0,-1,0.002639631480061397,0
766,JOB_1662,CV_3757,-1,-1,-1,0,-1,0.00013742938756156384,0
767,JOB_1662,CV_2961,-1,-1,0,0,-1,0.0012649722795961807,0
768,JOB_1662,CV_3970,-1,-1,-1,-1,-1,8.03182586734358e-05,0
769,JOB_1662,CV_2514,-1,-1,-1,0,-1,0.00013742938756156384,0
770,JOB_1662,CV_3657,-1,-1,1,1,-1,0.004994451571761179,0
771,JOB_1662,CV_2653,-1,-1,-1,0,-1,0.00013742938756156384,0
772,JOB_1662,CV_2356,-1,-1,-1,0,1,0.0006940787367398552,0
773,JOB_1662,CV_640,-1,-1,1,0,-1,0.002639631480061397,0
774,JOB_1662,CV_3039,-1,-1,1,0,1,0.013197522239432963,0
775,JOB_1662,CV_3015,-1,-1,0,0,-1,0.0012649722795961807,0
776,JOB_1662,CV_2766,-1,-1,1,-1,1,0.0077551622213322515,0
777,JOB_1662,CV_1151,-1,-1,-1,0,-1,0.00013742938756156384,0
778,JOB_1662,CV_137,-1,-1,0,0,1,0.006359616677526063,0
779,JOB_1662,CV_2991,-1,-1,1,0,-1,0.002639631480061397,0
780,JOB_1662,CV_2365,-1,-1,0,0,1,0.006359616677526063,0
781,JOB_1662,CV_813,-1,-1,1,-1,-1,0.0015442935692705172,0
782,JOB_1662,CV_964,-1,-1,1,0,-1,0.002639631480061397,0
783,JOB_1662,CV_1796,-1,-1,0,0,1,0.006359616677526063,0
784,JOB_1662,CV_187,-1,-1,1,1,-1,0.004994451571761179,0
785,JOB_1662,CV_3478,-1,-1,1,0,1,0.013197522239432963,0
786,JOB_1662,CV_2033,-1,-1,1,0,-1,0.002639631480061397,0
787,JOB_1662,CV_1015,-1,-1,0,0,-1,0.0012649722795961807,0
788,JOB_1662,CV_3176,-1,-1,0,-1,-1,0.0007396380664553713,0
789,JOB_1662,CV_216,-1,-1,1,0,-1,0.002639631480061397,0
790,JOB_1662,CV_1844,-1,-1,1,0,-1,0.002639631480061397,0
791,JOB_1662,CV_2039,-1,-1,1,0,-1,0.002639631480061397,0
792,JOB_1662,CV_1172,-1,-1,1,-1,-1,0.0015442935692705172,0
793,JOB_1662,CV_505,-1,-1,1,0,1,0.013197522239432963,0
794,JOB_1662,CV_1795,-1,-1,-1,0,-1,0.00013742938756156384,0
795,JOB_1662,CV_2550,-1,-1,-1,0,1,0.0006940787367398552,0
796,JOB_1662,CV_1636,-1,-1,1,0,-1,0.002639631480061397,0
797,JOB_1662,CV_3923,-1,-1,1,0,-1,0.002639631480061397,0
798,JOB_1662,CV_877,-1,-1,1,0,-1,0.002639631480061397,0
799,JOB_1662,CV_2038,-1,-1,-1,-1,-1,8.03182586734358e-05,0
800,JOB_3027,CV_1781,-1,-1,-1,-1,-1,8.03182586734358e-05,0
801,JOB_3027,CV_3719,-1,0,-1,-1,-1,0.0008827918008007309,0
802,JOB_3027,CV_2550,-1,-1,-1,-1,1,0.00040573633479455186,0
803,JOB_3027,CV_2489,-1,0,0,-1,-1,0.0080762834495878,0
804,JOB_3027,CV_1682,-1,0,-1,-1,-1,0.0008827918008007309,0
805,JOB_3027,CV_2658,-1,0,-1,-1,1,0.004445064433151091,0
806,JOB_3027,CV_246,-1,-1,-1,-1,-1,8.03182586734358e-05,0
807,JOB_3027,CV_1045,-1,-1,-1,-1,1,0.00040573633479455186,0
808,JOB_3027,CV_1961,-1,0,1,-1,-1,0.016728886119059285,0
809,JOB_3027,CV_2239,-1,0,1,-1,-1,0.016728886119059285,0
810,JOB_3027,CV_640,1,0,1,-1,-1,0.2832010598158251,0
811,JOB_3027,CV_1860,-1,-1,0,-1,-1,0.0007396380664553713,0
812,JOB_3027,CV_2977,-1,0,1,-1,-1,0.016728886119059285,0
813,JOB_3027,CV_2653,-1,0,-1,-1,-1,0.0008827918008007309,0
814,JOB_3027,CV_2992,-1,-1,-1,-1,1,0.00040573633479455186,0
815,JOB_3027,CV_2769,-1,0,0,-1,-1,0.0080762834495878,0
816,JOB_3027,CV_3923,-1,0,1,-1,-1,0.016728886119059285,0
817,JOB_3027,CV_2979,-1,0,1,-1,-1,0.016728886119059285,0
818,JOB_3027,CV_2313,-1,0,-1,-1,-1,0.0008827918008007309,0
819,JOB_3027,CV_3970,-1,-1,-1,-1,-1,8.03182586734358e-05,0
820,JOB_3027,CV_2514,-1,0,-1,-1,-1,0.0008827918008007309,0
821,JOB_3027,CV_3563,-1,0,-1,-1,-1,0.0008827918008007309,0
822,JOB_3027,CV_263,-1,0,1,-1,-1,0.016728886119059285,0
823,JOB_3027,CV_2379,-1,-1,1,-1,-1,0.0015442935692705172,0
824,JOB_3027,CV_1785,-1,0,-1,-1,-1,0.0008827918008007309,0
825,JOB_3027,CV_622,-1,0,0,-1,-1,0.0080762834495878,0
826,JOB_3027,CV_924,-1,0,1,-1,-1,0.016728886119059285,0
827,JOB_3027,CV_2858,-1,0,1,-1,-1,0.016728886119059285,0
828,JOB_3027,CV_1172,-1,-1,1,-1,-1,0.0015442935692705172,0
829,JOB_3027,CV_3414,-1,0,-1,-1,1,0.004445064433151091,0
830,JOB_3027,CV_3722,-1,-1,-1,-1,-1,8.03182586734358e-05,0
831,JOB_3027,CV_1844,1,0,1,-1,-1,0.2832010598158251,0
832,JOB_3027,CV_2638,-1,-1,-1,-1,-1,8.03182586734358e-05,0
833,JOB_3027,CV_3181,-1,0,1,-1,-1,0.016728886119059285,0
834,JOB_3027,CV_2766,-1,-1,1,-1,1,0.0077551622213322515,0
835,JOB_3027,CV_477,1,0,1,-1,-1,0.2832010598158251,0
836,JOB_3027,CV_594,-1,0,1,-1,1,0.07916723666250709,0
837,JOB_3027,CV_3039,-1,0,1,-1,1,0.07916723666250709,0
838,JOB_3027,CV_3753,-1,0,-1,-1,-1,0.0008827918008007309,0
839,JOB_3027,CV_3474,-1,-1,1,-1,-1,0.0015442935692705172,0
840,JOB_3027,CV_3757,-1,0,-1,-1,-1,0.0008827918008007309,0
841,JOB_3027,CV_3782,-1,0,0,-1,-1,0.0080762834495878,0
842,JOB_3027,CV_3015,-1,0,0,-1,-1,0.0080762834495878,0
843,JOB_3027,CV_869,-1,0,-1,-1,-1,0.0008827918008007309,0
844,JOB_3027,CV_1881,-1,0,0,-1,1,0.03951787161985485,0
845,JOB_3027,CV_2579,-1,0,-1,-1,-1,0.0008827918008007309,0
846,JOB_3027,CV_532,-1,0,1,-1,1,0.07916723666250709,0
847,JOB_3027,CV_2166,-1,-1,-1,-1,-1,8.03182586734358e-05,0
848,JOB_3027,CV_2830,-1,0,0,-1,-1,0.0080762834495878,0
849,JOB_3027,CV_1245,1,0,1,-1,1,0.6662769058878664,1
850,JOB_3027,CV_3670,-1,-1,-1,-1,-1,8.03182586734358e-05,0
851,JOB_3027,CV_1618,-1,0,1,-1,-1,0.016728886119059285,0
852,JOB_3027,CV_1632,-1,0,1,1,-1,0.05232559089768777,0
853,JOB_3027,CV_2365,-1,-1,0,-1,1,0.0037264061914744602,0
854,JOB_3027,CV_2207,-1,-1,1,-1,1,0.0077551622213322515,0
855,JOB_3027,CV_433,-1,0,0,-1,-1,0.0080762834495878,0
856,JOB_3027,CV_1577,-1,0,-1,-1,-1,0.0008827918008007309,0
857,JOB_3027,CV_2492,-1,-1,1,-1,-1,0.0015442935692705172,0
858,JOB_3027,CV_3478,-1,-1,1,-1,1,0.0077551622213322515,0
859,JOB_3027,CV_3792,-1,-1,0,-1,-1,0.0007396380664553713,0
860,JOB_3027,CV_1068,-1,0,-1,-1,-1,0.0008827918008007309,0
861,JOB_3027,CV_1690,-1,-1,0,-1,1,0.0037264061914744602,0
862,JOB_3027,CV_3533,-1,-1,1,-1,-1,0.0015442935692705172,0
863,JOB_3027,CV_3727,-1,-1,1,-1,-1,0.0015442935692705172,0
864,JOB_3027,CV_1036,-1,0,1,-1,1,0.07916723666250709,0
865,JOB_3027,CV_481,-1,-1,-1,-1,-1,8.03182586734358e-05,0
866,JOB_3027,CV_307,-1,0,0,-1,-1,0.0080762834495878,0
867,JOB_3027,CV_3090,-1,0,1,-1,-1,0.016728886119059285,0
868,JOB_3027,CV_2038,-1,1,-1,-1,-1,0.0018618453328126804,0
869,JOB_3027,CV_1031,-1,0,1,-1,-1,0.016728886119059285,0
870,JOB_3027,CV_1913,-1,0,1,-1,-1,0.016728886119059285,0
871,JOB_3027,CV_3710,-1,-1,1,-1,1,0.0077551622213322515,0
872,JOB_3027,CV_1085,-1,0,-1,-1,-1,0.0008827918008007309,0
873,JOB_3027,CV_1971,-1,0,-1,-1,-1,0.0008827918008007309,0
874,JOB_3027,CV_2965,-1,-1,1,-1,1,0.0077551622213322515,0
875,JOB_3027,CV_421,-1,0,0,-1,1,0.03951787161985485,0
876,JOB_3027,CV_3685,-1,0,-1,-1,-1,0.0008827918008007309,0
877,JOB_3027,CV_1252,1,0,1,-1,-1,0.2832010598158251,0
878,JOB_3027,CV_216,-1,0,1,-1,-1,0.016728886119059285,0
879,JOB_3027,CV_3547,-1,-1,-1,-1,-1,8.03182586734358e-05,0
880,JOB_3027,CV_1963,-1,0,0,-1,-1,0.0080762834495878,0
881,JOB_3027,CV_392,-1,-1,-1,-1,-1,8.03182586734358e-05,0
882,JOB_3027,CV_3173,-1,-1,1,-1,-1,0.0015442935692705172,0
883,JOB_3027,CV_3647,-1,-1,1,-1,-1,0.0015442935692705172,0
884,JOB_3027,CV_1380,-1,0,1,1,-1,0.05232559089768777,0
885,JOB_3027,CV_2445,-1,-1,-1,-1,-1,8.03182586734358e-05,0
886,JOB_3027,CV_2672,-1,-1,1,-1,-1,0.0015442935692705172,0
887,JOB_3027,CV_605,-1,-1,-1,-1,-1,8.03182586734358e-05,0
888,JOB_3027,CV_2718,-1,1,0,-1,-1,0.01689829239252925,0
889,JOB_3027,CV_2749,1,0,0,-1,-1,0.15901106186344566,0
890,JOB_3027,CV_272,-1,-1,-1,-1,-1,8.03182586734358e-05,0
891,JOB_3027,CV_1810,1,0,-1,-1,-1,0.02010595680604062,0
892,JOB_3027,CV_080,-1,0,1,-1,-1,0.016728886119059285,0
893,JOB_3027,CV_3500,-1,0,1,-1,-1,0.016728886119059285,0
894,JOB_3027,CV_2441,-1,0,-1,-1,-1,0.0008827918008007309,0
895,JOB_3027,CV_2420,-1,0,0,-1,1,0.03951787161985485,0
896,JOB_3027,CV_1122,-1,0,1,-1,-1,0.016728886119059285,0
897,JOB_3027,CV_040,-1,-1,-1,-1,-1,8.03182586734358e-05,0
898,JOB_3027,CV_538,-1,-1,1,-1,-1,0.0015442935692705172,0
899,JOB_3027,CV_1090,-1,0,-1,-1,-1,0.0008827918008007309,0
1000,JOB_2947,CV_160,-1,0,-1,-1,-1,0.0008827918008007309,0
1001,JOB_2947,CV_1090,-1,0,-1,0,-1,0.0015096485596628858,0
1002,JOB_2947,CV_1070,-1,-1,1,0,-1,0.002639631480061397,0
1003,JOB_2947,CV_2732,-1,0,-1,0,-1,0.0015096485596628858,0
1004,JOB_2947,CV_085,-1,0,1,0,-1,0.02828921519950765,0
1005,JOB_2947,CV_3753,-1,0,-1,0,-1,0.0015096485596628858,0
1006,JOB_2947,CV_1534,-1,0,-1,0,1,0.007582239379063284,0
1007,JOB_2947,CV_1019,-1,-1,-1,0,1,0.0006940787367398552,0
1008,JOB_2947,CV_2441,-1,0,-1,-1,-1,0.0008827918008007309,0
1009,JOB_2947,CV_1913,-1,1,1,-1,1,0.15361803787121434,0
1010,JOB_2947,CV_1781,-1,-1,-1,0,1,0.0006940787367398552,0
1011,JOB_2947,CV_1687,-1,-1,1,0,-1,0.002639631480061397,0
1012,JOB_2947,CV_3970,-1,-1,-1,-1,1,0.00040573633479455186,0
1013,JOB_2947,CV_046,-1,0,0,0,-1,0.01374087676851104,0
1014,JOB_2947,CV_1795,-1,-1,-1,0,1,0.0006940787367398552,0
1015,JOB_2947,CV_532,-1,0,1,0,-1,0.02828921519950765,0
1016,JOB_2947,CV_1742,-1,0,1,1,-1,0.05232559089768777,0
1017,JOB_2947,CV_3500,-1,-1,1,0,1,0.013197522239432963,0
1018,JOB_2947,CV_2749,-1,0,0,0,-1,0.01374087676851104,0
1019,JOB_2947,CV_2024,-1,0,1,0,-1,0.02828921519950765,0
1020,JOB_2947,CV_1245,-1,-1,1,0,-1,0.002639631480061397,0
1021,JOB_2947,CV_869,-1,0,-1,0,-1,0.0015096485596628858,0
1022,JOB_2947,CV_2869,-1,0,-1,-1,1,0.004445064433151091,0
1023,JOB_2947,CV_879,-1,0,1,0,-1,0.02828921519950765,0
1024,JOB_2947,CV_2638,-1,0,-1,0,1,0.007582239379063284,0
1025,JOB_2947,CV_040,-1,0,-1,0,-1,0.0015096485596628858,0
1026,JOB_2947,CV_3710,-1,0,1,0,-1,0.02828921519950765,0
1027,JOB_2947,CV_2615,-1,0,-1,0,1,0.007582239379063284,0
1028,JOB_2947,CV_3176,-1,0,0,-1,-1,0.0080762834495878,0
1029,JOB_2947,CV_1122,-1,0,1,0,-1,0.02828921519950765,0
1030,JOB_2947,CV_1682,-1,0,-1,0,-1,0.0015096485596628858,0
1031,JOB_2947,CV_3299,-1,0,-1,0,1,0.007582239379063284,0
1032,JOB_2947,CV_2385,-1,0,-1,0,1,0.007582239379063284,0
1033,JOB_2947,CV_2766,-1,0,1,-1,-1,0.016728886119059285,0
1034,JOB_2947,CV_3429,-1,0,-1,-1,-1,0.0008827918008007309,0
1035,JOB_2947,CV_1881,-1,0,0,-1,-1,0.0080762834495878,0
1036,JOB_2947,CV_1355,-1,-1,-1,0,-1,0.00013742938756156384,0
1037,JOB_2947,CV_3200,-1,0,1,0,1,0.12824728097545876,0
1038,JOB_2947,CV_1844,-1,0,1,0,-1,0.02828921519950765,0
1039,JOB_2947,CV_2415,-1,-1,1,-1,-1,0.0015442935692705172,0
1040,JOB_2947,CV_392,-1,0,-1,0,1,0.007582239379063284,0
1041,JOB_2947,CV_187,-1,-1,1,1,-1,0.004994451571761179,0
1042,JOB_2947,CV_2495,-1,0,-1,0,1,0.007582239379063284,0
1043,JOB_2947,CV_3088,-1,0,1,0,1,0.12824728097545876,0
1044,JOB_2947,CV_3722,-1,0,-1,0,-1,0.0015096485596628858,0
1045,JOB_2947,CV_611,-1,-1,-1,0,1,0.0006940787367398552,0
1046,JOB_2947,CV_2253,-1,0,1,0,1,0.12824728097545876,0
1047,JOB_2947,CV_2366,-1,-1,1,0,-1,0.002639631480061397,0
1048,JOB_2947,CV_3173,-1,0,1,0,-1,0.02828921519950765,0
1049,JOB_2947,CV_307,-1,0,0,0,-1,0.01374087676851104,0
1050,JOB_2947,CV_2239,-1,0,1,-1,1,0.07916723666250709,0
1051,JOB_2947,CV_176,-1,-1,-1,0,1,0.0006940787367398552,0
1052,JOB_2947,CV_2166,-1,0,-1,0,-1,0.0015096485596628858,0
1053,JOB_2947,CV_2723,-1,0,-1,0,1,0.007582239379063284,0
1054,JOB_2947,CV_263,-1,0,1,0,-1,0.02828921519950765,0
1055,JOB_2947,CV_3015,-1,0,0,0,-1,0.01374087676851104,0
1056,JOB_2947,CV_2584,-1,-1,-1,0,1,0.0006940787367398552,0
1057,JOB_2947,CV_2579,-1,0,-1,0,1,0.007582239379063284,0
1058,JOB_2947,CV_3657,-1,0,1,0,-1,0.02828921519950765,0
1059,JOB_2947,CV_1792,-1,0,1,0,-1,0.02828921519950765,0
1060,JOB_2947,CV_3625,-1,-1,-1,0,1,0.0006940787367398552,0
1061,JOB_2947,CV_3474,-1,0,1,0,1,0.12824728097545876,0
1062,JOB_2947,CV_246,-1,-1,-1,0,-1,0.00013742938756156384,0
1063,JOB_2947,CV_2977,-1,0,1,0,-1,0.02828921519950765,0
1064,JOB_2947,CV_964,-1,0,1,0,-1,0.02828921519950765,0
1065,JOB_2947,CV_233,-1,0,1,0,-1,0.02828921519950765,0
1066,JOB_2947,CV_1796,-1,0,0,0,-1,0.01374087676851104,0
1067,JOB_2947,CV_1639,-1,0,1,1,-1,0.05232559089768777,0
1068,JOB_2947,CV_788,-1,0,-1,0,-1,0.0015096485596628858,0
1069,JOB_2947,CV_1241,-1,0,1,0,-1,0.02828921519950765,0
1070,JOB_2947,CV_877,-1,0,1,0,-1,0.02828921519950765,0
1071,JOB_2947,CV_2555,-1,0,-1,0,-1,0.0015096485596628858,0
1072,JOB_2947,CV_2015,-1,0,0,-1,-1,0.0080762834495878,0
1073,JOB_2947,CV_3145,-1,-1,1,-1,1,0.0077551622213322515,0
1074,JOB_2947,CV_1138,-1,0,1,0,-1,0.02828921519950765,0
1075,JOB_2947,CV_1739,-1,-1,0,0,1,0.006359616677526063,0
1076,JOB_2947,CV_1015,-1,-1,0,0,1,0.006359616677526063,0
1077,JOB_2947,CV_1161,-1,-1,1,0,-1,0.002639631480061397,0
1078,JOB_2947,CV_622,-1,0,0,0,-1,0.01374087676851104,0
1079,JOB_2947,CV_3090,-1,0,1,0,-1,0.02828921519950765,0
1080,JOB_2947,CV_3546,-1,0,-1,-1,-1,0.0008827918008007309,0
1081,JOB_2947,CV_3792,-1,0,0,-1,-1,0.0080762834495878,0
1082,JOB_2947,CV_3478,-1,1,1,0,-1,0.05790168407977278,0
1083,JOB_2947,CV_1231,-1,0,1,-1,-1,0.016728886119059285,0
1084,JOB_2947,CV_296,-1,0,0,0,-1,0.01374087676851104,0
1085,JOB_2947,CV_1517,-1,0,0,0,-1,0.01374087676851104,0
1086,JOB_2947,CV_3782,-1,0,0,0,-1,0.01374087676851104,0
1087,JOB_2947,CV_3945,-1,0,0,0,-1,0.01374087676851104,0
1088,JOB_2947,CV_2033,-1,0,1,0,1,0.12824728097545876,0
1089,JOB_2947,CV_1860,-1,-1,0,0,-1,0.0012649722795961807,0
1090,JOB_2947,CV_2979,-1,0,1,0,-1,0.02828921519950765,0
1091,JOB_2947,CV_337,-1,0,-1,0,1,0.007582239379063284,0
1092,JOB_2947,CV_2718,-1,-1,0,0,-1,0.0012649722795961807,0
1093,JOB_2947,CV_1971,-1,-1,-1,0,-1,0.00013742938756156384,0
1094,JOB_2947,CV_3093,-1,0,-1,-1,-1,0.0008827918008007309,0
1095,JOB_2947,CV_216,-1,0,1,0,1,0.12824728097545876,0
1096,JOB_2947,CV_1045,-1,-1,-1,-1,-1,8.03182586734358e-05,0
1097,JOB_2947,CV_481,-1,0,-1,0,1,0.007582239379063284,0
1098,JOB_2947,CV_3181,-1,0,1,0,1,0.12824728097545876,0
1099,JOB_2947,CV_2991,-1,0,1,0,1,0.12824728097545876,0
1200,JOB_13315,CV_3945,-1,-1,0,-1,-1,0.0007396380664553713,0
1201,JOB_13315,CV_2356,-1,-1,-1,-1,-1,8.03182586734358e-05,0
1202,JOB_13315,CV_3949,-1,-1,1,-1,1,0.0077551622213322515,0
1203,JOB_13315,CV_2718,-1,-1,0,-1,-1,0.0007396380664553713,0
1204,JOB_13315,CV_661,-1,-1,-1,-1,-1,8.03182586734358e-05,0
1205,JOB_13315,CV_1860,-1,0,0,-1,-1,0.0080762834495878,0
1206,JOB_13315,CV_1807,-1,-1,1,-1,1,0.0077551622213322515,0
1207,JOB_13315,CV_469,-1,-1,1,-1,-1,0.0015442935692705172,0
1208,JOB_13315,CV_1781,-1,-1,-1,-1,1,0.00040573633479455186,0
1209,JOB_13315,CV_2157,-1,-1,-1,-1,1,0.00040573633479455186,0
1210,JOB_13315,CV_2495,-1,-1,-1,-1,1,0.00040573633479455186,0
1211,JOB_13315,CV_3500,-1,-1,1,-1,1,0.0077551622213322515,0
1212,JOB_13315,CV_2038,-1,1,-1,-1,1,0.009337905367753526,0
1213,JOB_13315,CV_3299,-1,0,-1,-1,1,0.004445064433151091,0
1214,JOB_13315,CV_3039,-1,-1,1,-1,-1,0.0015442935692705172,0
1215,JOB_13315,CV_1045,-1,-1,-1,-1,-1,8.03182586734358e-05,0
1216,JOB_13315,CV_999,-1,-1,-1,-1,-1,8.03182586734358e-05,0
1217,JOB_13315,CV_929,-1,-1,1,-1,-1,0.0015442935692705172,0
1218,JOB_13315,CV_2977,-1,-1,1,-1,-1,0.0015442935692705172,0
1219,JOB_13315,CV_2953,-1,-1,1,-1,1,0.0077551622213322515,0
1220,JOB_13315,CV_1793,-1,-1,-1,-1,1,0.00040573633479455186,0
1221,JOB_13315,CV_2553,-1,-1,1,-1,-1,0.0015442935692705172,0
1222,JOB_13315,CV_2253,-1,-1,1,1,1,0.024737444512838436,0
1223,JOB_13315,CV_1742,-1,-1,1,-1,-1,0.0015442935692705172,0
1224,JOB_13315,CV_594,-1,-1,1,-1,-1,0.0015442935692705172,0
1225,JOB_13315,CV_2830,-1,-1,0,-1,1,0.0037264061914744602,0
1226,JOB_13315,CV_3929,-1,-1,0,-1,-1,0.0007396380664553713,0
1227,JOB_13315,CV_1739,-1,-1,0,-1,1,0.0037264061914744602,0
1228,JOB_13315,CV_2166,-1,-1,-1,-1,-1,8.03182586734358e-05,0
1229,JOB_13315,CV_3962,-1,-1,-1,-1,1,0.00040573633479455186,0
1230,JOB_13315,CV_2733,-1,-1,-1,-1,-1,8.03182586734358e-05,0
1231,JOB_13315,CV_3547,-1,-1,-1,-1,-1,8.03182586734358e-05,0
1232,JOB_13315,CV_2327,-1,-1,-1,-1,-1,8.03182586734358e-05,0
1233,JOB_13315,CV_1085,-1,-1,-1,-1,1,0.00040573633479455186,0
1234,JOB_13315,CV_1494,-1,-1,1,-1,1,0.0077551622213322515,0
1235,JOB_13315,CV_3789,-1,-1,1,-1,-1,0.0015442935692705172,0
1236,JOB_13315,CV_2752,-1,0,1,-1,-1,0.016728886119059285,0
1237,JOB_13315,CV_2015,-1,-1,0,-1,-1,0.0007396380664553713,0
1238,JOB_13315,CV_1015,-1,-1,0,-1,1,0.0037264061914744602,0
1239,JOB_13315,CV_1172,-1,-1,1,-1,1,0.0077551622213322515,0
1240,JOB_13315,CV_3478,-1,-1,1,-1,-1,0.0015442935692705172,0
1241,JOB_13315,CV_2555,-1,0,-1,-1,-1,0.0008827918008007309,0
1242,JOB_13315,CV_1231,-1,0,1,-1,-1,0.016728886119059285,0
1243,JOB_13315,CV_392,-1,-1,-1,-1,1,0.00040573633479455186,0
1244,JOB_13315,CV_3015,-1,-1,0,-1,-1,0.0007396380664553713,0
1245,JOB_13315,CV_3685,-1,-1,-1,-1,-1,8.03182586734358e-05,0
1246,JOB_13315,CV_1070,-1,0,1,1,-1,0.05232559089768777,0
1247,JOB_13315,CV_3090,-1,-1,1,-1,-1,0.0015442935692705172,0
1248,JOB_13315,CV_1639,-1,-1,1,-1,-1,0.0015442935692705172,0
1249,JOB_13315,CV_1993,-1,-1,-1,-1,-1,8.03182586734358e-05,0
1250,JOB_13315,CV_216,-1,0,1,-1,1,0.07916723666250709,0
1251,JOB_13315,CV_3719,-1,-1,-1,-1,-1,8.03182586734358e-05,0
1252,JOB_13315,CV_2672,-1,-1,1,-1,-1,0.0015442935692705172,0
1253,JOB_13315,CV_2732,-1,0,-1,-1,-1,0.0008827918008007309,0
1254,JOB_13315,CV_2294,-1,-1,0,-1,-1,0.0007396380664553713,0
1255,JOB_13315,CV_1577,-1,-1,-1,-1,-1,8.03182586734358e-05,0
1256,JOB_13315,CV_116,-1,-1,-1,-1,-1,8.03182586734358e-05,0
1257,JOB_13315,CV_3533,-1,-1,1,-1,-1,0.0015442935692705172,0
1258,JOB_13315,CV_1810,-1,-1,-1,-1,1,0.00040573633479455186,0
1259,JOB_13315,CV_1355,-1,-1,-1,-1,-1,8.03182586734358e-05,0
1260,JOB_13315,CV_788,-1,-1,-1,-1,-1,8.03182586734358e-05,0
1261,JOB_13315,CV_2653,-1,-1,-1,-1,-1,8.03182586734358e-05,0
1262,JOB_13315,CV_3563,-1,0,-1,-1,1,0.004445064433151091,0
1263,JOB_13315,CV_1031,-1,0,1,-1,1,0.07916723666250709,0
1264,JOB_13315,CV_2574,-1,-1,-1,-1,-1,8.03182586734358e-05,0
1265,JOB_13315,CV_2385,-1,-1,-1,-1,1,0.00040573633479455186,0
1266,JOB_13315,CV_1151,-1,-1,-1,-1,-1,8.03182586734358e-05,0
1267,JOB_13315,CV_2961,-1,-1,0,-1,1,0.0037264061914744602,0
1268,JOB_13315,CV_3197,-1,-1,1,-1,1,0.0077551622213322515,0
1269,JOB_13315,CV_223,-1,-1,-1,-1,-1,8.03182586734358e-05,0
1270,JOB_13315,CV_046,-1,-1,0,-1,-1,0.0007396380664553713,0
1271,JOB_13315,CV_160,-1,0,-1,-1,-1,0.0008827918008007309,0
1272,JOB_13315,CV_1380,-1,-1,1,-1,1,0.0077551622213322515,0
1273,JOB_13315,CV_640,-1,-1,1,-1,1,0.0077551622213322515,0
1274,JOB_13315,CV_3455,-1,-1,-1,1,-1,0.00026061368312641647,0
1275,JOB_13315,CV_3474,-1,-1,1,-1,1,0.0077551622213322515,0
1276,JOB_13315,CV_2420,-1,0,0,-1,-1,0.0080762834495878,0
1277,JOB_13315,CV_3098,-1,-1,1,-1,-1,0.0015442935692705172,0
1278,JOB_13315,CV_433,-1,-1,0,-1,-1,0.0007396380664553713,0
1279,JOB_13315,CV_233,-1,-1,1,1,-1,0.004994451571761179,0
1280,JOB_13315,CV_481,-1,-1,-1,-1,1,0.00040573633479455186,0
1281,JOB_13315,CV_2207,-1,0,1,-1,-1,0.016728886119059285,0
1282,JOB_13315,CV_1122,-1,-1,1,1,-1,0.004994451571761179,0
1283,JOB_13315,CV_2379,-1,-1,1,-1,-1,0.0015442935692705172,0
1284,JOB_13315,CV_3399,-1,-1,1,-1,-1,0.0015442935692705172,0
1285,JOB_13315,CV_307,-1,-1,0,-1,-1,0.0007396380664553713,0
1286,JOB_13315,CV_2033,-1,-1,1,-1,1,0.0077551622213322515,0
1287,JOB_13315,CV_611,-1,-1,-1,-1,1,0.00040573633479455186,0
1288,JOB_13315,CV_278,-1,0,1,-1,-1,0.016728886119059285,0
1289,JOB_13315,CV_1068,-1,-1,-1,-1,-1,8.03182586734358e-05,0
1290,JOB_13315,CV_634,-1,-1,-1,-1,-1,8.03182586734358e-05,0
1291,JOB_13315,CV_3647,-1,-1,1,-1,-1,0.0015442935692705172,0
1292,JOB_13315,CV_187,-1,-1,1,-1,-1,0.0015442935692705172,0
1293,JOB_13315,CV_3727,-1,-1,1,-1,1,0.0077551622213322515,0
1294,JOB_13315,CV_3093,-1,0,-1,-1,-1,0.0008827918008007309,0
1295,JOB_13315,CV_2177,-1,-1,1,-1,-1,0.0015442935692705172,0
1296,JOB_13315,CV_1963,-1,0,0,-1,-1,0.0080762834495878,0
1297,JOB_13315,CV_3176,-1,-1,0,-1,-1,0.0007396380664553713,0
1298,JOB_13315,CV_605,-1,-1,-1,-1,-1,8.03182586734358e-05,0
1299,JOB_13315,CV_3625,-1,-1,-1,-1,1,0.00040573633479455186,0
1400,JOB_181,CV_665,-1,0,1,-1,-1,0.016728886119059285,0
1401,JOB_181,CV_1739,-1,0,0,-1,1,0.03951787161985485,0
1402,JOB_181,CV_3284,-1,1,-1,-1,-1,0.0018618453328126804,0
1403,JOB_181,CV_2615,-1,1,-1,-1,1,0.009337905367753526,0
1404,JOB_181,CV_263,-1,1,1,-1,-1,0.034672065104421654,0
1405,JOB_181,CV_3970,-1,0,-1,-1,1,0.004445064433151091,0
1406,JOB_181,CV_1632,-1,0,1,-1,-1,0.016728886119059285,0
1407,JOB_181,CV_1742,-1,0,1,-1,-1,0.016728886119059285,0
1408,JOB_181,CV_3949,-1,0,1,-1,1,0.07916723666250709,0
1409,JOB_181,CV_964,-1,1,1,-1,-1,0.034672065104421654,0
1410,JOB_181,CV_1844,-1,1,1,-1,-1,0.034672065104421654,0
1411,JOB_181,CV_3533,-1,0,1,1,-1,0.05232559089768777,0
1412,JOB_181,CV_1068,-1,1,-1,-1,-1,0.0018618453328126804,0
1413,JOB_181,CV_1807,-1,0,1,-1,1,0.07916723666250709,0
1414,JOB_181,CV_2553,-1,0,1,-1,-1,0.016728886119059285,0
1415,JOB_181,CV_2379,-1,0,1,-1,-1,0.016728886119059285,0
1416,JOB_181,CV_3738,-1,1,1,-1,-1,0.034672065104421654,0
1417,JOB_181,CV_3722,-1,0,-1,-1,-1,0.0008827918008007309,0
1418,JOB_181,CV_1796,-1,1,0,-1,-1,0.01689829239252925,0
1419,JOB_181,CV_1795,-1,0,-1,-1,1,0.004445064433151091,0
1420,JOB_181,CV_3197,-1,0,1,-1,1,0.07916723666250709,0
1421,JOB_181,CV_532,-1,0,1,-1,-1,0.016728886119059285,0
1422,JOB_181,CV_3757,-1,1,-1,-1,-1,0.0018618453328126804,0
1423,JOB_181,CV_1577,-1,0,-1,-1,-1,0.0008827918008007309,0
1424,JOB_181,CV_028,-1,0,1,-1,-1,0.016728886119059285,0
1425,JOB_181,CV_392,-1,0,-1,-1,1,0.004445064433151091,0
1426,JOB_181,CV_3636,-1,0,-1,-1,-1,0.0008827918008007309,0
1427,JOB_181,CV_3791,-1,0,1,-1,1,0.07916723666250709,0
1428,JOB_181,CV_2365,-1,0,0,-1,-1,0.0080762834495878,0
1429,JOB_181,CV_481,-1,0,-1,-1,1,0.004445064433151091,0
1430,JOB_181,CV_2166,-1,0,-1,-1,-1,0.0008827918008007309,0
1431,JOB_181,CV_433,-1,1,0,-1,-1,0.01689829239252925,0
1432,JOB_181,CV_3719,-1,0,-1,-1,-1,0.0008827918008007309,0
1433,JOB_181,CV_1881,-1,1,0,-1,-1,0.01689829239252925,0
1434,JOB_181,CV_661,-1,1,-1,-1,-1,0.0018618453328126804,0
1435,JOB_181,CV_2596,-1,-1,-1,1,-1,0.00026061368312641647,0
1436,JOB_181,CV_3181,-1,0,1,-1,1,0.07916723666250709,0
1437,JOB_181,CV_2380,-1,1,1,-1,-1,0.034672065104421654,0
1438,JOB_181,CV_3546,-1,0,-1,-1,-1,0.0008827918008007309,0
1439,JOB_181,CV_140,-1,0,-1,-1,1,0.004445064433151091,0
1440,JOB_181,CV_3075,-1,1,-1,-1,-1,0.0018618453328126804,0
1441,JOB_181,CV_2766,-1,0,1,-1,-1,0.016728886119059285,0
1442,JOB_181,CV_2550,-1,0,-1,-1,-1,0.0008827918008007309,0
1443,JOB_181,CV_2239,-1,1,1,-1,1,0.15361803787121434,0
1444,JOB_181,CV_3090,-1,0,1,-1,-1,0.016728886119059285,0
1445,JOB_181,CV_3792,-1,0,0,-1,-1,0.0080762834495878,0
1446,JOB_181,CV_1231,-1,1,1,-1,-1,0.034672065104421654,0
1447,JOB_181,CV_1090,-1,0,-1,-1,-1,0.0008827918008007309,0
1448,JOB_181,CV_879,-1,0,1,-1,-1,0.016728886119059285,0
1449,JOB_181,CV_1309,-1,0,-1,-1,-1,0.0008827918008007309,0
1450,JOB_181,CV_3782,-1,1,0,-1,-1,0.01689829239252925,0
1451,JOB_181,CV_1639,-1,0,1,-1,-1,0.016728886119059285,0
1452,JOB_181,CV_1494,-1,0,1,-1,1,0.07916723666250709,0
1453,JOB_181,CV_2574,-1,0,-1,-1,-1,0.0008827918008007309,0
1454,JOB_181,CV_1252,-1,0,1,-1,1,0.07916723666250709,0
1455,JOB_181,CV_1517,-1,0,0,-1,-1,0.0080762834495878,0
1456,JOB_181,CV_2441,-1,0,-1,-1,-1,0.0008827918008007309,0
1457,JOB_181,CV_3744,-1,0,1,-1,-1,0.016728886119059285,0
1458,JOB_181,CV_2356,-1,1,-1,-1,-1,0.0018618453328126804,0
1459,JOB_181,CV_2033,-1,0,1,-1,1,0.07916723666250709,0
1460,JOB_181,CV_1287,-1,1,1,-1,1,0.15361803787121434,0
1461,JOB_181,CV_2436,-1,-1,1,-1,1,0.0077551622213322515,0
1462,JOB_181,CV_1633,-1,0,1,-1,-1,0.016728886119059285,0
1463,JOB_181,CV_2489,-1,0,0,-1,1,0.03951787161985485,0
1464,JOB_181,CV_1785,-1,1,-1,-1,1,0.009337905367753526,0
1465,JOB_181,CV_1574,-1,0,1,-1,-1,0.016728886119059285,0
1466,JOB_181,CV_1636,-1,0,1,-1,-1,0.016728886119059285,0
1467,JOB_181,CV_605,-1,-1,-1,-1,-1,8.03182586734358e-05,0
1468,JOB_181,CV_1036,-1,0,1,-1,-1,0.016728886119059285,0
1469,JOB_181,CV_3429,-1,-1,-1,-1,-1,8.03182586734358e-05,0
1470,JOB_181,CV_3789,-1,1,1,-1,-1,0.034672065104421654,0
1471,JOB_181,CV_477,-1,0,1,-1,1,0.07916723666250709,0
1472,JOB_181,CV_2579,-1,1,-1,-1,1,0.009337905367753526,0
1473,JOB_181,CV_251,-1,0,1,-1,-1,0.016728886119059285,0
1474,JOB_181,CV_2038,-1,0,-1,-1,1,0.004445064433151091,0
1475,JOB_181,CV_1015,-1,0,0,-1,1,0.03951787161985485,0
1476,JOB_181,CV_2420,-1,0,0,-1,-1,0.0080762834495878,0
1477,JOB_181,CV_1687,-1,0,1,-1,-1,0.016728886119059285,0
1478,JOB_181,CV_2977,-1,0,1,-1,-1,0.016728886119059285,0
1479,JOB_181,CV_2877,-1,-1,1,-1,-1,0.0015442935692705172,0
1480,JOB_181,CV_2913,-1,1,1,-1,1,0.15361803787121434,0
1481,JOB_181,CV_3173,-1,0,1,-1,-1,0.016728886119059285,0
1482,JOB_181,CV_2369,-1,0,1,-1,-1,0.016728886119059285,0
1483,JOB_181,CV_1961,-1,1,1,-1,1,0.15361803787121434,0
1484,JOB_181,CV_611,-1,0,-1,-1,1,0.004445064433151091,0
1485,JOB_181,CV_1993,-1,0,-1,-1,-1,0.0008827918008007309,0
1486,JOB_181,CV_3093,-1,0,-1,-1,-1,0.0008827918008007309,0
1487,JOB_181,CV_469,-1,1,1,-1,-1,0.034672065104421654,0
1488,JOB_181,CV_2718,-1,0,0,-1,-1,0.0080762834495878,0
1489,JOB_181,CV_1172,-1,0,1,-1,1,0.07916723666250709,0
1490,JOB_181,CV_2858,-1,0,1,-1,-1,0.016728886119059285,0
1491,JOB_181,CV_3733,-1,1,-1,-1,-1,0.0018618453328126804,0
1492,JOB_181,CV_1860,-1,0,0,-1,-1,0.0080762834495878,0
1493,JOB_181,CV_046,-1,0,0,-1,-1,0.0080762834495878,0
1494,JOB_181,CV_2313,-1,1,-1,-1,1,0.009337905367753526,0
1495,JOB_181,CV_337,-1,1,-1,-1,1,0.009337905367753526,0
1496,JOB_181,CV_2672,-1,1,1,-1,-1,0.034672065104421654,0
1497,JOB_181,CV_1618,-1,0,1,-1,-1,0.016728886119059285,0
1498,JOB_181,CV_2991,-1,1,1,-1,1,0.15361803787121434,0
1499,JOB_181,CV_2749,-1,1,0,-1,-1,0.01689829239252925,0
1500,JOB_3311,CV_251,-1,-1,1,-1,-1,0.0015442935692705172,0
1501,JOB_3311,CV_3647,-1,-1,1,-1,-1,0.0015442935692705172,0
1502,JOB_3311,CV_3094,-1,-1,-1,-1,-1,8.03182586734358e-05,0
1503,JOB_3311,CV_1636,-1,-1,1,-1,-1,0.0015442935692705172,0
1504,JOB_3311,CV_594,1,-1,1,-1,1,0.15361803787121436,0
1505,JOB_3311,CV_605,-1,-1,-1,-1,-1,8.03182586734358e-05,0
1506,JOB_3311,CV_1534,-1,-1,-1,-1,-1,8.03182586734358e-05,0
1507,JOB_3311,CV_1036,1,0,1,-1,1,0.6662769058878664,1
1508,JOB_3311,CV_3543,-1,0,1,-1,-1,0.016728886119059285,0
1509,JOB_3311,CV_3945,-1,-1,0,-1,-1,0.0007396380664553713,0
1510,JOB_3311,CV_2913,-1,-1,1,-1,-1,0.0015442935692705172,0
1511,JOB_3311,CV_1252,-1,-1,1,-1,-1,0.0015442935692705172,0
1512,JOB_3311,CV_2877,-1,-1,1,-1,1,0.0077551622213322515,0
1513,JOB_3311,CV_481,1,-1,-1,-1,-1,0.0018618453328126787,0
1514,JOB_3311,CV_2402,-1,-1,0,-1,1,0.0037264061914744602,0
1515,JOB_3311,CV_1810,-1,-1,-1,-1,-1,8.03182586734358e-05,0
1516,JOB_3311,CV_1517,-1,0,0,-1,1,0.03951787161985485,0
1517,JOB_3311,CV_1231,-1,0,1,-1,-1,0.016728886119059285,0
1518,JOB_3311,CV_2653,-1,-1,-1,-1,-1,8.03182586734358e-05,0
1519,JOB_3311,CV_2024,-1,0,1,-1,-1,0.016728886119059285,0
1520,JOB_3311,CV_2157,1,-1,-1,1,-1,0.006017180859498354,0
1521,JOB_3311,CV_505,-1,-1,1,-1,1,0.0077551622213322515,0
1522,JOB_3311,CV_3670,-1,0,-1,-1,-1,0.0008827918008007309,0
1523,JOB_3311,CV_2615,-1,0,-1,-1,-1,0.0008827918008007309,0
1524,JOB_3311,CV_2672,-1,-1,1,-1,-1,0.0015442935692705172,0
1525,JOB_3311,CV_2166,-1,0,-1,-1,-1,0.0008827918008007309,0
1526,JOB_3311,CV_1961,-1,-1,1,-1,-1,0.0015442935692705172,0
1527,JOB_3311,CV_2953,-1,-1,1,-1,-1,0.0015442935692705172,0
1528,JOB_3311,CV_2579,-1,-1,-1,-1,-1,8.03182586734358e-05,0
1529,JOB_3311,CV_2313,-1,0,-1,-1,-1,0.0008827918008007309,0
1530,JOB_3311,CV_1122,-1,0,1,-1,-1,0.016728886119059285,0
1531,JOB_3311,CV_538,-1,-1,1,-1,-1,0.0015442935692705172,0
1532,JOB_3311,CV_2858,-1,-1,1,-1,-1,0.0015442935692705172,0
1533,JOB_3311,CV_216,-1,-1,1,-1,-1,0.0015442935692705172,0
1534,JOB_3311,CV_3738,-1,-1,1,-1,1,0.0077551622213322515,0
1535,JOB_3311,CV_3200,-1,-1,1,-1,-1,0.0015442935692705172,0
1536,JOB_3311,CV_046,-1,-1,0,-1,-1,0.0007396380664553713,0
1537,JOB_3311,CV_2723,-1,-1,-1,-1,-1,8.03182586734358e-05,0
1538,JOB_3311,CV_2356,-1,-1,-1,-1,1,0.00040573633479455186,0
1539,JOB_3311,CV_788,-1,-1,-1,-1,-1,8.03182586734358e-05,0
1540,JOB_3311,CV_3949,-1,-1,1,-1,-1,0.0015442935692705172,0
1541,JOB_3311,CV_3789,1,-1,1,1,-1,0.10439562230127415,0
1542,JOB_3311,CV_1138,-1,-1,1,-1,-1,0.0015442935692705172,0
1543,JOB_3311,CV_1245,-1,-1,1,-1,1,0.0077551622213322515,0
1544,JOB_3311,CV_2749,-1,-1,0,-1,-1,0.0007396380664553713,0
1545,JOB_3311,CV_2039,-1,0,1,-1,-1,0.016728886119059285,0
1546,JOB_3311,CV_2015,-1,-1,0,-1,-1,0.0007396380664553713,0
1547,JOB_3311,CV_3284,-1,-1,-1,-1,-1,8.03182586734358e-05,0
1548,JOB_3311,CV_2380,-1,-1,1,-1,-1,0.0015442935692705172,0
1549,JOB_3311,CV_272,-1,-1,-1,-1,-1,8.03182586734358e-05,0
1550,JOB_3311,CV_1085,-1,0,-1,-1,-1,0.0008827918008007309,0
1551,JOB_3311,CV_3791,-1,-1,1,-1,-1,0.0015442935692705172,0
1552,JOB_3311,CV_1739,-1,-1,0,-1,-1,0.0007396380664553713,0
1553,JOB_3311,CV_2992,-1,-1,-1,-1,1,0.00040573633479455186,0
1554,JOB_3311,CV_2445,-1,-1,-1,-1,-1,8.03182586734358e-05,0
1555,JOB_3311,CV_3533,-1,-1,1,-1,-1,0.0015442935692705172,0
1556,JOB_3311,CV_2961,-1,-1,0,-1,-1,0.0007396380664553713,0
1557,JOB_3311,CV_433,-1,-1,0,-1,-1,0.0007396380664553713,0
1558,JOB_3311,CV_661,-1,-1,-1,-1,-1,8.03182586734358e-05,0
1559,JOB_3311,CV_187,-1,-1,1,-1,-1,0.0015442935692705172,0
1560,JOB_3311,CV_1380,-1,-1,1,-1,-1,0.0015442935692705172,0
1561,JOB_3311,CV_2207,-1,-1,1,-1,1,0.0077551622213322515,0
1562,JOB_3311,CV_611,-1,0,-1,-1,-1,0.0008827918008007309,0
1563,JOB_3311,CV_1577,-1,-1,-1,-1,-1,8.03182586734358e-05,0
1564,JOB_3311,CV_2514,-1,-1,-1,-1,-1,8.03182586734358e-05,0
1565,JOB_3311,CV_080,-1,-1,1,-1,-1,0.0015442935692705172,0
1566,JOB_3311,CV_3414,-1,-1,-1,-1,1,0.00040573633479455186,0
1567,JOB_3311,CV_884,-1,0,-1,-1,-1,0.0008827918008007309,0
1568,JOB_3311,CV_1015,-1,-1,0,-1,-1,0.0007396380664553713,0
1569,JOB_3311,CV_3962,-1,-1,-1,-1,1,0.00040573633479455186,0
1570,JOB_3311,CV_1287,-1,-1,1,-1,-1,0.0015442935692705172,0
1571,JOB_3311,CV_3546,-1,0,-1,-1,1,0.004445064433151091,0
1572,JOB_3311,CV_421,-1,-1,0,-1,1,0.0037264061914744602,0
1573,JOB_3311,CV_1172,-1,-1,1,-1,-1,0.0015442935692705172,0
1574,JOB_3311,CV_2033,-1,0,1,-1,-1,0.016728886119059285,0
1575,JOB_3311,CV_223,-1,-1,-1,-1,-1,8.03182586734358e-05,0
1576,JOB_3311,CV_1860,-1,-1,0,-1,-1,0.0007396380664553713,0
1577,JOB_3311,CV_2541,-1,-1,-1,-1,1,0.00040573633479455186,0
1578,JOB_3311,CV_1844,-1,-1,1,-1,-1,0.0015442935692705172,0
1579,JOB_3311,CV_176,-1,0,-1,-1,-1,0.0008827918008007309,0
1580,JOB_3311,CV_3455,-1,-1,-1,-1,-1,8.03182586734358e-05,0
1581,JOB_3311,CV_3088,1,-1,1,-1,-1,0.03467206510442167,0
1582,JOB_3311,CV_2069,-1,0,-1,-1,-1,0.0008827918008007309,0
1583,JOB_3311,CV_3782,-1,0,0,-1,-1,0.0080762834495878,0
1584,JOB_3311,CV_665,-1,-1,1,-1,-1,0.0015442935692705172,0
1585,JOB_3311,CV_1090,-1,-1,-1,-1,-1,8.03182586734358e-05,0
1586,JOB_3311,CV_964,-1,-1,1,-1,-1,0.0015442935692705172,0
1587,JOB_3311,CV_1045,-1,-1,-1,-1,1,0.00040573633479455186,0
1588,JOB_3311,CV_2489,-1,-1,0,-1,-1,0.0007396380664553713,0
1589,JOB_3311,CV_1078,-1,-1,-1,-1,-1,8.03182586734358e-05,0
1590,JOB_3311,CV_2553,1,-1,1,-1,-1,0.03467206510442167,0
1591,JOB_3311,CV_2718,-1,0,0,-1,-1,0.0080762834495878,0
1592,JOB_3311,CV_3429,-1,-1,-1,-1,1,0.00040573633479455186,0
1593,JOB_3311,CV_2327,-1,-1,-1,-1,-1,8.03182586734358e-05,0
1594,JOB_3311,CV_879,-1,0,1,-1,-1,0.016728886119059285,0
1595,JOB_3311,CV_618,-1,0,1,-1,-1,0.016728886119059285,0
1596,JOB_3311,CV_3173,-1,-1,1,-1,-1,0.0015442935692705172,0
1597,JOB_3311,CV_1019,-1,-1,-1,-1,-1,8.03182586734358e-05,0
1598,JOB_3311,CV_2979,-1,-1,1,-1,-1,0.0015442935692705172,0
1599,JOB_3311,CV_3090,-1,-1,1,-1,-1,0.0015442935692705172,0
1600,JOB_8941,CV_722,-1,0,-1,-1,1,0.004445064433151091,0
1601,JOB_8941,CV_2365,-1,-1,0,-1,-1,0.0007396380664553713,0
1602,JOB_8941,CV_2723,-1,0,-1,-1,1,0.004445064433151091,0
1603,JOB_8941,CV_3500,-1,0,1,-1,1,0.07916723666250709,0
1604,JOB_8941,CV_421,-1,0,0,-1,-1,0.0080762834495878,0
1605,JOB_8941,CV_1172,-1,-1,1,-1,1,0.0077551622213322515,0
1606,JOB_8941,CV_1161,-1,1,1,-1,-1,0.034672065104421654,0
1607,JOB_8941,CV_3039,-1,0,1,-1,-1,0.016728886119059285,0
1608,JOB_8941,CV_1325,-1,0,1,-1,-1,0.016728886119059285,0
1609,JOB_8941,CV_665,-1,0,1,1,-1,0.05232559089768777,0
1610,JOB_8941,CV_622,-1,0,0,-1,-1,0.0080762834495878,0
1611,JOB_8941,CV_3670,-1,0,-1,-1,1,0.004445064433151091,0
1612,JOB_8941,CV_3789,-1,0,1,-1,-1,0.016728886119059285,0
1613,JOB_8941,CV_601,-1,0,1,-1,-1,0.016728886119059285,0
1614,JOB_8941,CV_640,-1,0,1,-1,1,0.07916723666250709,0
1615,JOB_8941,CV_2489,-1,1,0,-1,1,0.07991753891832785,0
1616,JOB_8941,CV_263,-1,0,1,-1,-1,0.016728886119059285,0
1617,JOB_8941,CV_3563,-1,1,-1,-1,1,0.009337905367753526,0
1618,JOB_8941,CV_1913,-1,0,1,-1,1,0.07916723666250709,0
1619,JOB_8941,CV_1633,-1,0,1,-1,-1,0.016728886119059285,0
1620,JOB_8941,CV_3145,-1,0,1,-1,1,0.07916723666250709,0
1621,JOB_8941,CV_631,-1,0,1,1,-1,0.05232559089768777,0
1622,JOB_8941,CV_1015,-1,0,0,-1,1,0.03951787161985485,0
1623,JOB_8941,CV_3546,-1,-1,-1,-1,-1,8.03182586734358e-05,0
1624,JOB_8941,CV_3075,-1,0,-1,-1,-1,0.0008827918008007309,0
1625,JOB_8941,CV_3791,-1,0,1,-1,1,0.07916723666250709,0
1626,JOB_8941,CV_2653,-1,0,-1,-1,-1,0.0008827918008007309,0
1627,JOB_8941,CV_2769,-1,0,0,-1,1,0.03951787161985485,0
1628,JOB_8941,CV_2733,-1,0,-1,1,-1,0.002859298785317209,0
1629,JOB_8941,CV_2385,-1,0,-1,-1,1,0.004445064433151091,0
1630,JOB_8941,CV_3176,-1,0,0,-1,-1,0.0080762834495878,0
1631,JOB_8941,CV_477,-1,0,1,-1,1,0.07916723666250709,0
1632,JOB_8941,CV_3533,-1,0,1,-1,-1,0.016728886119059285,0
1633,JOB_8941,CV_1636,-1,0,1,1,-1,0.05232559089768777,0
1634,JOB_8941,CV_1577,-1,0,-1,-1,-1,0.0008827918008007309,0
1635,JOB_8941,CV_1122,-1,0,1,-1,-1,0.016728886119059285,0
1636,JOB_8941,CV_1574,-1,0,1,-1,-1,0.016728886119059285,0
1637,JOB_8941,CV_2379,-1,0,1,-1,-1,0.016728886119059285,0
1638,JOB_8941,CV_2015,-1,0,0,-1,-1,0.0080762834495878,0
1639,JOB_8941,CV_337,-1,1,-1,-1,1,0.009337905367753526,0
1640,JOB_8941,CV_3949,-1,0,1,-1,1,0.07916723666250709,0
1641,JOB_8941,CV_1494,-1,1,1,1,1,0.3706850697644348,0
1642,JOB_8941,CV_634,-1,0,-1,-1,-1,0.0008827918008007309,0
1643,JOB_8941,CV_3015,-1,0,0,-1,-1,0.0080762834495878,0
1644,JOB_8941,CV_1807,-1,0,1,-1,1,0.07916723666250709,0
1645,JOB_8941,CV_223,-1,0,-1,-1,-1,0.0008827918008007309,0
1646,JOB_8941,CV_046,-1,0,0,-1,-1,0.0080762834495878,0
1647,JOB_8941,CV_3962,-1,0,-1,-1,1,0.004445064433151091,0
1648,JOB_8941,CV_877,-1,0,1,-1,-1,0.016728886119059285,0
1649,JOB_8941,CV_3094,-1,0,-1,-1,-1,0.0008827918008007309,0
1650,JOB_8941,CV_3757,-1,0,-1,-1,-1,0.0008827918008007309,0
1651,JOB_8941,CV_3181,-1,0,1,-1,1,0.07916723666250709,0
1652,JOB_8941,CV_1480,-1,0,-1,-1,1,0.004445064433151091,0
1653,JOB_8941,CV_1781,-1,0,-1,-1,1,0.004445064433151091,0
1654,JOB_8941,CV_2495,-1,0,-1,-1,1,0.004445064433151091,0
1655,JOB_8941,CV_3792,-1,0,0,-1,-1,0.0080762834495878,0
1656,JOB_8941,CV_2658,-1,0,-1,-1,-1,0.0008827918008007309,0
1657,JOB_8941,CV_2039,-1,0,1,-1,-1,0.016728886119059285,0
1658,JOB_8941,CV_505,-1,0,1,-1,-1,0.016728886119059285,0
1659,JOB_8941,CV_028,-1,0,1,-1,-1,0.016728886119059285,0
1660,JOB_8941,CV_1031,-1,1,1,-1,1,0.15361803787121434,0
1661,JOB_8941,CV_2638,-1,0,-1,-1,1,0.004445064433151091,0
1662,JOB_8941,CV_1380,-1,0,1,-1,1,0.07916723666250709,0
1663,JOB_8941,CV_2445,-1,-1,-1,-1,1,0.00040573633479455186,0
1664,JOB_8941,CV_884,-1,1,-1,-1,-1,0.0018618453328126804,0
1665,JOB_8941,CV_3625,-1,0,-1,-1,1,0.004445064433151091,0
1666,JOB_8941,CV_2977,-1,0,1,-1,-1,0.016728886119059285,0
1667,JOB_8941,CV_3299,-1,1,-1,-1,1,0.009337905367753526,0
1668,JOB_8941,CV_1881,-1,1,0,-1,-1,0.01689829239252925,0
1669,JOB_8941,CV_296,-1,0,0,-1,-1,0.0080762834495878,0
1670,JOB_8941,CV_3173,-1,0,1,-1,-1,0.016728886119059285,0
1671,JOB_8941,CV_1742,-1,0,1,-1,-1,0.016728886119059285,0
1672,JOB_8941,CV_1287,-1,0,1,-1,1,0.07916723666250709,0
1673,JOB_8941,CV_433,-1,0,0,-1,-1,0.0080762834495878,0
1674,JOB_8941,CV_1632,-1,0,1,-1,-1,0.016728886119059285,0
1675,JOB_8941,CV_3782,-1,0,0,-1,-1,0.0080762834495878,0
1676,JOB_8941,CV_2596,-1,-1,-1,-1,-1,8.03182586734358e-05,0
1677,JOB_8941,CV_2177,-1,0,1,-1,-1,0.016728886119059285,0
1678,JOB_8941,CV_1796,-1,0,0,-1,-1,0.0080762834495878,0
1679,JOB_8941,CV_2024,-1,0,1,-1,-1,0.016728886119059285,0
1680,JOB_8941,CV_3636,-1,1,-1,-1,-1,0.0018618453328126804,0
1681,JOB_8941,CV_1252,-1,0,1,-1,1,0.07916723666250709,0
1682,JOB_8941,CV_3051,-1,-1,1,-1,-1,0.0015442935692705172,0
1683,JOB_8941,CV_3474,-1,0,1,-1,1,0.07916723666250709,0
1684,JOB_8941,CV_1231,-1,0,1,-1,-1,0.016728886119059285,0
1685,JOB_8941,CV_1803,-1,0,-1,1,1,0.014283223220999536,0
1686,JOB_8941,CV_469,-1,0,1,-1,-1,0.016728886119059285,0
1687,JOB_8941,CV_3543,-1,1,1,-1,-1,0.034672065104421654,0
1688,JOB_8941,CV_3929,-1,0,0,-1,-1,0.0080762834495878,0
1689,JOB_8941,CV_040,-1,0,-1,-1,-1,0.0008827918008007309,0
1690,JOB_8941,CV_1355,-1,0,-1,-1,-1,0.0008827918008007309,0
1691,JOB_8941,CV_2877,-1,-1,1,1,-1,0.004994451571761179,0
1692,JOB_8941,CV_2550,-1,0,-1,-1,-1,0.0008827918008007309,0
1693,JOB_8941,CV_3429,-1,-1,-1,1,-1,0.00026061368312641647,0
1694,JOB_8941,CV_3284,-1,0,-1,-1,-1,0.0008827918008007309,0
1695,JOB_8941,CV_246,-1,0,-1,-1,-1,0.0008827918008007309,0
1696,JOB_8941,CV_2672,-1,0,1,-1,-1,0.016728886119059285,0
1697,JOB_8941,CV_2555,-1,0,-1,-1,-1,0.0008827918008007309,0
1698,JOB_8941,CV_2869,-1,0,-1,-1,1,0.004445064433151091,0
1699,JOB_8941,CV_080,-1,1,1,-1,1,0.15361803787121434,0
1900,JOB_5933,CV_594,-1,1,1,-1,1,0.15361803787121434,0
1901,JOB_5933,CV_3075,-1,0,-1,-1,1,0.004445064433151091,0
1902,JOB_5933,CV_2991,-1,0,1,-1,-1,0.016728886119059285,0
1903,JOB_5933,CV_3039,-1,0,1,-1,1,0.07916723666250709,0
1904,JOB_5933,CV_1241,-1,1,1,1,-1,0.10439562230127407,0
1905,JOB_5933,CV_1031,-1,0,1,-1,-1,0.016728886119059285,0
1906,JOB_5933,CV_3093,-1,0,-1,-1,-1,0.0008827918008007309,0
1907,JOB_5933,CV_1860,-1,0,0,-1,-1,0.0080762834495878,0
1908,JOB_5933,CV_337,-1,1,-1,-1,-1,0.0018618453328126804,0
1909,JOB_5933,CV_879,-1,0,1,-1,-1,0.016728886119059285,0
1910,JOB_5933,CV_1231,-1,0,1,-1,-1,0.016728886119059285,0
1911,JOB_5933,CV_1070,-1,0,1,-1,-1,0.016728886119059285,0
1912,JOB_5933,CV_2553,-1,0,1,-1,-1,0.016728886119059285,0
1913,JOB_5933,CV_233,-1,1,1,-1,1,0.15361803787121434,0
1914,JOB_5933,CV_3738,-1,0,1,1,1,0.21814771844744296,0
1915,JOB_5933,CV_2445,-1,-1,-1,-1,-1,8.03182586734358e-05,0
1916,JOB_5933,CV_421,-1,1,0,-1,1,0.07991753891832785,0
1917,JOB_5933,CV_622,-1,1,0,-1,-1,0.01689829239252925,0
1918,JOB_5933,CV_1687,-1,0,1,-1,-1,0.016728886119059285,0
1919,JOB_5933,CV_1574,-1,-1,1,-1,-1,0.0015442935692705172,0
1920,JOB_5933,CV_477,-1,0,1,-1,-1,0.016728886119059285,0
1921,JOB_5933,CV_1751,-1,0,-1,-1,1,0.004445064433151091,0
1922,JOB_5933,CV_2239,-1,1,1,-1,-1,0.034672065104421654,0
1923,JOB_5933,CV_2313,-1,1,-1,-1,-1,0.0018618453328126804,0
1924,JOB_5933,CV_2579,-1,1,-1,-1,-1,0.0018618453328126804,0
1925,JOB_5933,CV_2749,-1,1,0,-1,-1,0.01689829239252925,0
1926,JOB_5933,CV_1807,-1,0,1,-1,-1,0.016728886119059285,0
1927,JOB_5933,CV_388,-1,1,-1,-1,1,0.009337905367753526,0
1928,JOB_5933,CV_3791,-1,0,1,-1,-1,0.016728886119059285,0
1929,JOB_5933,CV_2478,-1,0,1,-1,-1,0.016728886119059285,0
1930,JOB_5933,CV_3685,-1,1,-1,-1,-1,0.0018618453328126804,0
1931,JOB_5933,CV_2033,-1,0,1,-1,-1,0.016728886119059285,0
1932,JOB_5933,CV_1913,-1,1,1,-1,-1,0.034672065104421654,0
1933,JOB_5933,CV_392,-1,-1,-1,-1,-1,8.03182586734358e-05,0
1934,JOB_5933,CV_2495,-1,0,-1,1,-1,0.002859298785317209,0
1935,JOB_5933,CV_884,-1,0,-1,-1,-1,0.0008827918008007309,0
1936,JOB_5933,CV_1015,-1,1,0,-1,-1,0.01689829239252925,0
1937,JOB_5933,CV_2718,-1,0,0,-1,-1,0.0080762834495878,0
1938,JOB_5933,CV_2574,-1,-1,-1,-1,1,0.00040573633479455186,0
1939,JOB_5933,CV_2015,-1,0,0,-1,-1,0.0080762834495878,0
1940,JOB_5933,CV_3727,-1,-1,1,-1,-1,0.0015442935692705172,0
1941,JOB_5933,CV_3757,-1,0,-1,-1,-1,0.0008827918008007309,0
1942,JOB_5933,CV_3782,-1,1,0,-1,-1,0.01689829239252925,0
1943,JOB_5933,CV_3970,-1,-1,-1,-1,-1,8.03182586734358e-05,0
1944,JOB_5933,CV_2752,-1,0,1,-1,-1,0.016728886119059285,0
1945,JOB_5933,CV_1785,-1,1,-1,-1,-1,0.0018618453328126804,0
1946,JOB_5933,CV_3284,-1,0,-1,-1,-1,0.0008827918008007309,0
1947,JOB_5933,CV_251,-1,0,1,-1,-1,0.016728886119059285,0
1948,JOB_5933,CV_187,-1,-1,1,-1,-1,0.0015442935692705172,0
1949,JOB_5933,CV_2365,-1,1,0,-1,1,0.07991753891832785,0
1950,JOB_5933,CV_3299,-1,1,-1,-1,-1,0.0018618453328126804,0
1951,JOB_5933,CV_307,-1,0,0,1,-1,0.025743514038269317,0
1952,JOB_5933,CV_877,-1,1,1,-1,-1,0.034672065104421654,0
1953,JOB_5933,CV_1577,-1,0,-1,-1,-1,0.0008827918008007309,0
1954,JOB_5933,CV_2253,-1,1,1,-1,-1,0.034672065104421654,0
1955,JOB_5933,CV_2166,-1,0,-1,1,-1,0.002859298785317209,0
1956,JOB_5933,CV_046,-1,-1,0,-1,-1,0.0007396380664553713,0
1957,JOB_5933,CV_2830,-1,0,0,1,-1,0.025743514038269317,0
1958,JOB_5933,CV_2177,-1,1,1,-1,-1,0.034672065104421654,0
1959,JOB_5933,CV_2733,-1,1,-1,-1,-1,0.0018618453328126804,0
1960,JOB_5933,CV_2541,-1,0,-1,-1,1,0.004445064433151091,0
1961,JOB_5933,CV_1881,-1,1,0,-1,1,0.07991753891832785,0
1962,JOB_5933,CV_3792,-1,0,0,-1,-1,0.0080762834495878,0
1963,JOB_5933,CV_1803,-1,0,-1,-1,-1,0.0008827918008007309,0
1964,JOB_5933,CV_2039,-1,1,1,-1,-1,0.034672065104421654,0
1965,JOB_5933,CV_1898,-1,1,1,-1,-1,0.034672065104421654,0
1966,JOB_5933,CV_665,-1,-1,1,-1,-1,0.0015442935692705172,0
1967,JOB_5933,CV_2965,-1,0,1,-1,1,0.07916723666250709,0
1968,JOB_5933,CV_640,-1,0,1,-1,-1,0.016728886119059285,0
1969,JOB_5933,CV_2615,-1,1,-1,-1,-1,0.0018618453328126804,0
1970,JOB_5933,CV_1224,-1,0,-1,-1,-1,0.0008827918008007309,0
1971,JOB_5933,CV_505,-1,0,1,-1,1,0.07916723666250709,0
1972,JOB_5933,CV_3710,-1,0,1,-1,1,0.07916723666250709,0
1973,JOB_5933,CV_1309,-1,0,-1,1,-1,0.002859298785317209,0
1974,JOB_5933,CV_223,-1,0,-1,-1,-1,0.0008827918008007309,0
1975,JOB_5933,CV_3015,-1,0,0,-1,-1,0.0080762834495878,0
1976,JOB_5933,CV_2069,-1,1,-1,-1,-1,0.0018618453328126804,0
1977,JOB_5933,CV_1636,-1,1,1,-1,-1,0.034672065104421654,0
1978,JOB_5933,CV_3543,-1,0,1,-1,-1,0.016728886119059285,0
1979,JOB_5933,CV_1739,-1,0,0,1,-1,0.025743514038269317,0
1980,JOB_5933,CV_216,-1,0,1,-1,-1,0.016728886119059285,0
1981,JOB_5933,CV_1151,-1,0,-1,-1,-1,0.0008827918008007309,0
1982,JOB_5933,CV_469,-1,0,1,-1,1,0.07916723666250709,0
1983,JOB_5933,CV_1085,-1,1,-1,-1,-1,0.0018618453328126804,0
1984,JOB_5933,CV_3962,-1,0,-1,-1,1,0.004445064433151091,0
1985,JOB_5933,CV_2877,-1,-1,1,-1,1,0.0077551622213322515,0
1986,JOB_5933,CV_924,-1,0,1,-1,-1,0.016728886119059285,0
1987,JOB_5933,CV_1036,-1,0,1,-1,1,0.07916723666250709,0
1988,JOB_5933,CV_3789,-1,1,1,-1,-1,0.034672065104421654,0
1989,JOB_5933,CV_2869,-1,0,-1,-1,-1,0.0008827918008007309,0
1990,JOB_5933,CV_2476,-1,0,1,-1,1,0.07916723666250709,0
1991,JOB_5933,CV_1682,-1,1,-1,-1,-1,0.0018618453328126804,0
1992,JOB_5933,CV_2369,-1,0,1,-1,-1,0.016728886119059285,0
1993,JOB_5933,CV_3923,-1,1,1,-1,-1,0.034672065104421654,0
1994,JOB_5933,CV_2402,-1,0,0,-1,1,0.03951787161985485,0
1995,JOB_5933,CV_3733,-1,0,-1,-1,-1,0.0008827918008007309,0
1996,JOB_5933,CV_2441,-1,0,-1,-1,-1,0.0008827918008007309,0
1997,JOB_5933,CV_3133,-1,0,-1,-1,-1,0.0008827918008007309,0
1998,JOB_5933,CV_3176,-1,1,0,-1,-1,0.01689829239252925,0
1999,JOB_5933,CV_3478,-1,1,1,1,1,0.3706850697644348,0
2000,JOB_12097,CV_1494,-1,0,1,0,-1,0.02828921519950765,0
2001,JOB_12097,CV_1122,-1,0,1,0,-1,0.02828921519950765,0
2002,JOB_12097,CV_1633,-1,0,1,1,-1,0.05232559089768777,0
2003,JOB_12097,CV_2177,-1,-1,1,1,-1,0.004994451571761179,0
2004,JOB_12097,CV_223,-1,0,-1,1,-1,0.002859298785317209,0
2005,JOB_12097,CV_634,-1,0,-1,0,-1,0.0015096485596628858,0
2006,JOB_12097,CV_3500,-1,-1,1,0,-1,0.002639631480061397,0
2007,JOB_12097,CV_3753,-1,0,-1,0,-1,0.0015096485596628858,0
2008,JOB_12097,CV_1993,-1,-1,-1,0,-1,0.00013742938756156384,0
2009,JOB_12097,CV_2313,-1,-1,-1,1,-1,0.00026061368312641647,0
2010,JOB_12097,CV_877,-1,0,1,0,-1,0.02828921519950765,0
2011,JOB_12097,CV_2441,-1,0,-1,0,-1,0.0015096485596628858,0
2012,JOB_12097,CV_2574,-1,-1,-1,0,-1,0.00013742938756156384,0
2013,JOB_12097,CV_1687,-1,-1,1,0,-1,0.002639631480061397,0
2014,JOB_12097,CV_1172,-1,-1,1,-1,-1,0.0015442935692705172,0
2015,JOB_12097,CV_2415,-1,-1,1,-1,-1,0.0015442935692705172,0
2016,JOB_12097,CV_2596,-1,-1,-1,-1,-1,8.03182586734358e-05,0
2017,JOB_12097,CV_1844,-1,0,1,1,-1,0.05232559089768777,0
2018,JOB_12097,CV_1138,-1,0,1,1,-1,0.05232559089768777,0
2019,JOB_12097,CV_631,-1,0,1,0,-1,0.02828921519950765,0
2020,JOB_12097,CV_1807,-1,0,1,1,-1,0.05232559089768777,0
2021,JOB_12097,CV_2366,-1,0,1,1,-1,0.05232559089768777,0
2022,JOB_12097,CV_1480,-1,0,-1,0,-1,0.0015096485596628858,0
2023,JOB_12097,CV_433,-1,0,0,1,-1,0.025743514038269317,0
2024,JOB_12097,CV_2553,-1,-1,1,0,-1,0.002639631480061397,0
2025,JOB_12097,CV_272,-1,0,-1,0,-1,0.0015096485596628858,0
2026,JOB_12097,CV_1793,-1,0,-1,0,-1,0.0015096485596628858,0
2027,JOB_12097,CV_1380,-1,0,1,0,-1,0.02828921519950765,0
2028,JOB_12097,CV_046,-1,-1,0,1,-1,0.002396402946724275,0
2029,JOB_12097,CV_3647,-1,0,1,0,-1,0.02828921519950765,0
2030,JOB_12097,CV_481,-1,-1,-1,0,-1,0.00013742938756156384,0
2031,JOB_12097,CV_1742,-1,0,1,0,-1,0.02828921519950765,0
2032,JOB_12097,CV_2033,-1,0,1,0,-1,0.02828921519950765,0
2033,JOB_12097,CV_3093,-1,0,-1,-1,-1,0.0008827918008007309,0
2034,JOB_12097,CV_1309,-1,-1,-1,0,-1,0.00013742938756156384,0
2035,JOB_12097,CV_1287,-1,0,1,-1,-1,0.016728886119059285,0
2036,JOB_12097,CV_3015,-1,0,0,1,-1,0.025743514038269317,0
2037,JOB_12097,CV_1161,-1,-1,1,1,-1,0.004994451571761179,0
2038,JOB_12097,CV_2402,-1,0,0,0,-1,0.01374087676851104,0
2039,JOB_12097,CV_1881,-1,0,0,-1,-1,0.0080762834495878,0
2040,JOB_12097,CV_1860,-1,1,0,1,-1,0.05283609976798728,0
2041,JOB_12097,CV_1517,-1,0,0,1,-1,0.025743514038269317,0
2042,JOB_12097,CV_2514,-1,0,-1,0,-1,0.0015096485596628858,0
2043,JOB_12097,CV_788,-1,0,-1,0,-1,0.0015096485596628858,0
2044,JOB_12097,CV_2992,-1,0,-1,0,-1,0.0015096485596628858,0
2045,JOB_12097,CV_2489,-1,0,0,0,-1,0.01374087676851104,0
2046,JOB_12097,CV_1231,-1,1,1,-1,-1,0.034672065104421654,0
2047,JOB_12097,CV_3722,-1,0,-1,0,-1,0.0015096485596628858,0
2048,JOB_12097,CV_251,-1,0,1,0,-1,0.02828921519950765,0
2049,JOB_12097,CV_1078,-1,0,-1,-1,-1,0.0008827918008007309,0
2050,JOB_12097,CV_3176,-1,0,0,-1,-1,0.0080762834495878,0
2051,JOB_12097,CV_3782,-1,0,0,0,-1,0.01374087676851104,0
2052,JOB_12097,CV_2356,-1,1,-1,0,-1,0.003181698906503991,0
2053,JOB_12097,CV_3197,-1,0,1,0,-1,0.02828921519950765,0
2054,JOB_12097,CV_2380,-1,0,1,0,-1,0.02828921519950765,0
2055,JOB_12097,CV_1971,-1,0,-1,1,-1,0.002859298785317209,0
2056,JOB_12097,CV_2658,-1,0,-1,0,-1,0.0015096485596628858,0
2057,JOB_12097,CV_3546,-1,-1,-1,-1,-1,8.03182586734358e-05,0
2058,JOB_12097,CV_3657,-1,0,1,0,-1,0.02828921519950765,0
2059,JOB_12097,CV_999,-1,0,-1,0,-1,0.0015096485596628858,0
2060,JOB_12097,CV_3789,-1,0,1,0,-1,0.02828921519950765,0
2061,JOB_12097,CV_2550,-1,0,-1,0,-1,0.0015096485596628858,0
2062,JOB_12097,CV_3744,-1,-1,1,-1,-1,0.0015442935692705172,0
2063,JOB_12097,CV_116,-1,0,-1,1,-1,0.002859298785317209,0
2064,JOB_12097,CV_2977,-1,0,1,1,-1,0.05232559089768777,0
2065,JOB_12097,CV_137,-1,0,0,0,-1,0.01374087676851104,0
2066,JOB_12097,CV_3299,-1,0,-1,0,-1,0.0015096485596628858,0
2067,JOB_12097,CV_1796,-1,1,0,0,-1,0.028572286214813686,0
2068,JOB_12097,CV_3727,-1,-1,1,0,-1,0.002639631480061397,0
2069,JOB_12097,CV_594,-1,-1,1,0,-1,0.002639631480061397,0
2070,JOB_12097,CV_618,-1,0,1,1,-1,0.05232559089768777,0
2071,JOB_12097,CV_160,-1,0,-1,-1,-1,0.0008827918008007309,0
2072,JOB_12097,CV_1151,-1,0,-1,1,-1,0.002859298785317209,0
2073,JOB_12097,CV_3181,-1,0,1,0,-1,0.02828921519950765,0
2074,JOB_12097,CV_505,-1,0,1,0,-1,0.02828921519950765,0
2075,JOB_12097,CV_3962,-1,0,-1,0,-1,0.0015096485596628858,0
2076,JOB_12097,CV_3670,-1,0,-1,0,-1,0.0015096485596628858,0
2077,JOB_12097,CV_2638,-1,0,-1,0,-1,0.0015096485596628858,0
2078,JOB_12097,CV_1090,-1,0,-1,0,-1,0.0015096485596628858,0
2079,JOB_12097,CV_3478,-1,0,1,0,-1,0.02828921519950765,0
2080,JOB_12097,CV_2207,-1,0,1,0,-1,0.02828921519950765,0
2081,JOB_12097,CV_278,-1,0,1,0,-1,0.02828921519950765,0
2082,JOB_12097,CV_2294,-1,0,0,0,-1,0.01374087676851104,0
2083,JOB_12097,CV_392,-1,-1,-1,0,-1,0.00013742938756156384,0
2084,JOB_12097,CV_3710,-1,-1,1,0,-1,0.002639631480061397,0
2085,JOB_12097,CV_3088,-1,0,1,0,-1,0.02828921519950765,0
2086,JOB_12097,CV_2069,-1,0,-1,0,-1,0.0015096485596628858,0
2087,JOB_12097,CV_1252,-1,0,1,-1,-1,0.016728886119059285,0
2088,JOB_12097,CV_3429,-1,-1,-1,-1,-1,8.03182586734358e-05,0
2089,JOB_12097,CV_3090,-1,0,1,0,-1,0.02828921519950765,0
2090,JOB_12097,CV_2420,-1,0,0,0,-1,0.01374087676851104,0
2091,JOB_12097,CV_532,-1,0,1,1,-1,0.05232559089768777,0
2092,JOB_12097,CV_263,-1,0,1,0,-1,0.02828921519950765,0
2093,JOB_12097,CV_2555,-1,1,-1,0,-1,0.003181698906503991,0
2094,JOB_12097,CV_2341,-1,0,-1,0,-1,0.0015096485596628858,0
2095,JOB_12097,CV_1810,-1,0,-1,0,-1,0.0015096485596628858,0
2096,JOB_12097,CV_622,-1,0,0,1,-1,0.025743514038269317,0
2097,JOB_12097,CV_1690,-1,0,0,0,-1,0.01374087676851104,0
2098,JOB_12097,CV_2869,-1,0,-1,-1,-1,0.0008827918008007309,0
2099,JOB_12097,CV_2877,-1,-1,1,0,-1,0.002639631480061397,0
2200,JOB_5132,CV_1881,-1,0,0,-1,0,0.014360295137460542,0
2201,JOB_5132,CV_2392,-1,0,1,-1,0,0.029544805158767173,0
2202,JOB_5132,CV_2380,-1,-1,1,-1,0,0.002760022591764691,0
2203,JOB_5132,CV_3670,-1,0,-1,-1,0,0.0015785837835741556,0
2204,JOB_5132,CV_1810,-1,-1,-1,-1,0,0.0001437138572808803,0
2205,JOB_5132,CV_2415,-1,-1,1,-1,0,0.002760022591764691,0
2206,JOB_5132,CV_251,-1,-1,1,-1,0,0.002760022591764691,0
2207,JOB_5132,CV_2658,-1,-1,-1,-1,0,0.0001437138572808803,0
2208,JOB_5132,CV_2294,-1,0,0,-1,0,0.014360295137460542,0
2209,JOB_5132,CV_722,-1,0,-1,-1,0,0.0015785837835741556,0
2210,JOB_5132,CV_1860,-1,-1,0,-1,0,0.0013227496285569155,0
2211,JOB_5132,CV_3399,-1,0,1,-1,0,0.029544805158767173,0
2212,JOB_5132,CV_1325,-1,0,1,-1,0,0.029544805158767173,0
2213,JOB_5132,CV_3789,-1,0,1,-1,0,0.029544805158767173,0
2214,JOB_5132,CV_1031,-1,0,1,-1,0,0.029544805158767173,0
2215,JOB_5132,CV_1036,-1,-1,1,-1,0,0.002760022591764691,0
2216,JOB_5132,CV_929,-1,-1,1,-1,0,0.002760022591764691,0
2217,JOB_5132,CV_3173,-1,0,1,-1,0,0.029544805158767173,0
2218,JOB_5132,CV_3791,-1,-1,1,-1,0,0.002760022591764691,0
2219,JOB_5132,CV_2495,-1,1,-1,-1,0,0.003326730739160127,0
2220,JOB_5132,CV_3625,-1,-1,-1,-1,0,0.0001437138572808803,0
2221,JOB_5132,CV_2977,-1,0,1,-1,0,0.029544805158767173,0
2222,JOB_5132,CV_1090,-1,0,-1,-1,0,0.0015785837835741556,0
2223,JOB_5132,CV_2579,-1,-1,-1,-1,0,0.0001437138572808803,0
2224,JOB_5132,CV_1751,-1,-1,-1,-1,0,0.0001437138572808803,0
2225,JOB_5132,CV_3722,-1,-1,-1,-1,0,0.0001437138572808803,0
2226,JOB_5132,CV_2402,-1,0,0,-1,0,0.014360295137460542,0
2227,JOB_5132,CV_116,-1,-1,-1,-1,0,0.0001437138572808803,0
2228,JOB_5132,CV_1792,-1,-1,1,-1,0,0.002760022591764691,0
2229,JOB_5132,CV_263,-1,-1,1,-1,0,0.002760022591764691,0
2230,JOB_5132,CV_233,-1,-1,1,-1,0,0.002760022591764691,0
2231,JOB_5132,CV_869,-1,0,-1,-1,0,0.0015785837835741556,0
2232,JOB_5132,CV_3181,-1,0,1,1,0,0.0899181454087932,0
2233,JOB_5132,CV_040,-1,-1,-1,-1,0,0.0001437138572808803,0
2234,JOB_5132,CV_1019,-1,-1,-1,-1,0,0.0001437138572808803,0
2235,JOB_5132,CV_2992,-1,-1,-1,-1,0,0.0001437138572808803,0
2236,JOB_5132,CV_2356,-1,0,-1,-1,0,0.0015785837835741556,0
2237,JOB_5132,CV_2638,-1,0,-1,-1,0,0.0015785837835741556,0
2238,JOB_5132,CV_1844,-1,-1,1,-1,0,0.002760022591764691,0
2239,JOB_5132,CV_661,-1,0,-1,-1,0,0.0015785837835741556,0
2240,JOB_5132,CV_2965,-1,-1,1,-1,0,0.002760022591764691,0
2241,JOB_5132,CV_3563,-1,0,-1,-1,0,0.0015785837835741556,0
2242,JOB_5132,CV_3474,-1,-1,1,-1,0,0.002760022591764691,0
2243,JOB_5132,CV_421,-1,0,0,-1,0,0.014360295137460542,0
2244,JOB_5132,CV_1636,-1,-1,1,-1,0,0.002760022591764691,0
2245,JOB_5132,CV_278,-1,0,1,-1,0,0.029544805158767173,0
2246,JOB_5132,CV_481,-1,-1,-1,-1,0,0.0001437138572808803,0
2247,JOB_5132,CV_2541,-1,0,-1,-1,0,0.0015785837835741556,0
2248,JOB_5132,CV_605,-1,-1,-1,-1,0,0.0001437138572808803,0
2249,JOB_5132,CV_1971,-1,-1,-1,-1,0,0.0001437138572808803,0
2250,JOB_5132,CV_2069,-1,0,-1,-1,0,0.0015785837835741556,0
2251,JOB_5132,CV_1913,-1,0,1,-1,0,0.029544805158767173,0
2252,JOB_5132,CV_1245,-1,-1,1,-1,0,0.002760022591764691,0
2253,JOB_5132,CV_469,-1,0,1,-1,0,0.029544805158767173,0
2254,JOB_5132,CV_1785,-1,0,-1,-1,0,0.0015785837835741556,0
2255,JOB_5132,CV_392,-1,-1,-1,-1,0,0.0001437138572808803,0
2256,JOB_5132,CV_028,-1,-1,1,-1,0,0.002760022591764691,0
2257,JOB_5132,CV_2157,-1,-1,-1,-1,0,0.0001437138572808803,0
2258,JOB_5132,CV_3500,-1,-1,1,1,0,0.008902065229873513,0
2259,JOB_5132,CV_1781,-1,-1,-1,-1,0,0.0001437138572808803,0
2260,JOB_5132,CV_137,-1,0,0,-1,0,0.014360295137460542,0
2261,JOB_5132,CV_1795,-1,0,-1,-1,0,0.0015785837835741556,0
2262,JOB_5132,CV_2830,-1,-1,0,-1,0,0.0013227496285569155,0
2263,JOB_5132,CV_3478,-1,0,1,-1,0,0.029544805158767173,0
2264,JOB_5132,CV_3663,-1,0,1,-1,0,0.029544805158767173,0
2265,JOB_5132,CV_3546,-1,-1,-1,-1,0,0.0001437138572808803,0
2266,JOB_5132,CV_3051,-1,-1,1,-1,0,0.002760022591764691,0
2267,JOB_5132,CV_3075,-1,0,-1,-1,0,0.0015785837835741556,0
2268,JOB_5132,CV_2385,-1,0,-1,-1,0,0.0015785837835741556,0
2269,JOB_5132,CV_3753,-1,0,-1,-1,0,0.0015785837835741556,0
2270,JOB_5132,CV_1793,-1,0,-1,-1,0,0.0015785837835741556,0
2271,JOB_5132,CV_1287,-1,-1,1,-1,0,0.002760022591764691,0
2272,JOB_5132,CV_3685,-1,0,-1,-1,0,0.0015785837835741556,0
2273,JOB_5132,CV_3647,-1,-1,1,-1,0,0.002760022591764691,0
2274,JOB_5132,CV_477,-1,-1,1,-1,0,0.002760022591764691,0
2275,JOB_5132,CV_1078,-1,-1,-1,-1,0,0.0001437138572808803,0
2276,JOB_5132,CV_3455,-1,-1,-1,-1,0,0.0001437138572808803,0
2277,JOB_5132,CV_2961,-1,0,0,-1,0,0.014360295137460542,0
2278,JOB_5132,CV_2369,-1,0,1,-1,0,0.029544805158767173,0
2279,JOB_5132,CV_3547,-1,0,-1,-1,0,0.0015785837835741556,0
2280,JOB_5132,CV_2024,-1,0,1,-1,0,0.029544805158767173,0
2281,JOB_5132,CV_3710,-1,0,1,-1,0,0.029544805158767173,0
2282,JOB_5132,CV_924,-1,0,1,-1,0,0.029544805158767173,0
2283,JOB_5132,CV_594,-1,0,1,1,0,0.0899181454087932,0
2284,JOB_5132,CV_884,-1,0,-1,-1,0,0.0015785837835741556,0
2285,JOB_5132,CV_2653,-1,-1,-1,-1,0,0.0001437138572808803,0
2286,JOB_5132,CV_2718,-1,-1,0,-1,0,0.0013227496285569155,0
2287,JOB_5132,CV_877,-1,0,1,-1,0,0.029544805158767173,0
2288,JOB_5132,CV_3145,-1,-1,1,-1,0,0.002760022591764691,0
2289,JOB_5132,CV_3962,-1,0,-1,-1,0,0.0015785837835741556,0
2290,JOB_5132,CV_1682,-1,0,-1,-1,0,0.0015785837835741556,0
2291,JOB_5132,CV_246,-1,-1,-1,-1,0,0.0001437138572808803,0
2292,JOB_5132,CV_337,-1,0,-1,-1,0,0.0015785837835741556,0
2293,JOB_5132,CV_3970,-1,-1,-1,-1,0,0.0001437138572808803,0
2294,JOB_5132,CV_3543,-1,-1,1,-1,0,0.002760022591764691,0
2295,JOB_5132,CV_2553,-1,-1,1,-1,0,0.002760022591764691,0
2296,JOB_5132,CV_622,-1,0,0,-1,0,0.014360295137460542,0
2297,JOB_5132,CV_046,-1,-1,0,-1,0,0.0013227496285569155,0
2298,JOB_5132,CV_3923,-1,0,1,-1,0,0.029544805158767173,0
2299,JOB_5132,CV_2723,-1,-1,-1,-1,0,0.0001437138572808803,0
2400,JOB_6023,CV_2327,-1,0,-1,-1,-1,0.0008827918008007309,0
2401,JOB_6023,CV_1993,-1,0,-1,-1,-1,0.0008827918008007309,0
2402,JOB_6023,CV_2596,-1,-1,-1,1,-1,0.00026061368312641647,0
2403,JOB_6023,CV_1122,-1,-1,1,-1,-1,0.0015442935692705172,0
2404,JOB_6023,CV_2584,-1,-1,-1,-1,-1,8.03182586734358e-05,0
2405,JOB_6023,CV_3133,-1,0,-1,-1,-1,0.0008827918008007309,0
2406,JOB_6023,CV_2157,-1,0,-1,-1,-1,0.0008827918008007309,0
2407,JOB_6023,CV_2979,-1,0,1,-1,-1,0.016728886119059285,0
2408,JOB_6023,CV_1325,-1,0,1,-1,1,0.07916723666250709,0
2409,JOB_6023,CV_661,-1,0,-1,-1,-1,0.0008827918008007309,0
2410,JOB_6023,CV_2992,-1,1,-1,-1,1,0.009337905367753526,0
2411,JOB_6023,CV_3663,-1,0,1,-1,-1,0.016728886119059285,0
2412,JOB_6023,CV_640,-1,0,1,-1,-1,0.016728886119059285,0
2413,JOB_6023,CV_3636,-1,0,-1,-1,-1,0.0008827918008007309,0
2414,JOB_6023,CV_3098,-1,0,1,-1,-1,0.016728886119059285,0
2415,JOB_6023,CV_2579,-1,0,-1,-1,-1,0.0008827918008007309,0
2416,JOB_6023,CV_2615,-1,0,-1,-1,-1,0.0008827918008007309,0
2417,JOB_6023,CV_3744,-1,0,1,-1,-1,0.016728886119059285,0
2418,JOB_6023,CV_788,-1,0,-1,-1,-1,0.0008827918008007309,0
2419,JOB_6023,CV_2379,-1,0,1,-1,-1,0.016728886119059285,0
2420,JOB_6023,CV_1480,-1,0,-1,-1,-1,0.0008827918008007309,0
2421,JOB_6023,CV_3782,-1,0,0,-1,-1,0.0080762834495878,0
2422,JOB_6023,CV_3546,-1,-1,-1,-1,1,0.00040573633479455186,0
2423,JOB_6023,CV_140,-1,-1,-1,-1,-1,8.03182586734358e-05,0
2424,JOB_6023,CV_3299,-1,0,-1,-1,-1,0.0008827918008007309,0
2425,JOB_6023,CV_1618,-1,0,1,-1,-1,0.016728886119059285,0
2426,JOB_6023,CV_2069,-1,0,-1,-1,-1,0.0008827918008007309,0
2427,JOB_6023,CV_2177,-1,0,1,-1,-1,0.016728886119059285,0
2428,JOB_6023,CV_3284,-1,0,-1,-1,-1,0.0008827918008007309,0
2429,JOB_6023,CV_1687,-1,0,1,-1,-1,0.016728886119059285,0
2430,JOB_6023,CV_3181,-1,0,1,-1,-1,0.016728886119059285,0
2431,JOB_6023,CV_1494,-1,0,1,1,-1,0.05232559089768777,0
2432,JOB_6023,CV_1690,-1,0,0,-1,1,0.03951787161985485,0
2433,JOB_6023,CV_1795,-1,0,-1,-1,-1,0.0008827918008007309,0
2434,JOB_6023,CV_2658,-1,0,-1,-1,1,0.004445064433151091,0
2435,JOB_6023,CV_1015,-1,0,0,-1,-1,0.0080762834495878,0
2436,JOB_6023,CV_1781,-1,1,-1,-1,-1,0.0018618453328126804,0
2437,JOB_6023,CV_2749,-1,0,0,-1,-1,0.0080762834495878,0
2438,JOB_6023,CV_1881,-1,0,0,-1,1,0.03951787161985485,0
2439,JOB_6023,CV_1898,-1,0,1,-1,-1,0.016728886119059285,0
2440,JOB_6023,CV_2574,-1,-1,-1,-1,1,0.00040573633479455186,0
2441,JOB_6023,CV_3757,-1,0,-1,-1,-1,0.0008827918008007309,0
2442,JOB_6023,CV_3733,-1,0,-1,-1,-1,0.0008827918008007309,0
2443,JOB_6023,CV_2653,-1,0,-1,-1,-1,0.0008827918008007309,0
2444,JOB_6023,CV_2555,-1,0,-1,-1,1,0.004445064433151091,0
2445,JOB_6023,CV_2207,-1,-1,1,-1,1,0.0077551622213322515,0
2446,JOB_6023,CV_1090,-1,0,-1,-1,-1,0.0008827918008007309,0
2447,JOB_6023,CV_080,-1,1,1,-1,-1,0.034672065104421654,0
2448,JOB_6023,CV_1045,-1,-1,-1,-1,1,0.00040573633479455186,0
2449,JOB_6023,CV_2369,-1,0,1,-1,-1,0.016728886119059285,0
2450,JOB_6023,CV_3753,-1,0,-1,-1,-1,0.0008827918008007309,0
2451,JOB_6023,CV_2445,-1,-1,-1,-1,-1,8.03182586734358e-05,0
2452,JOB_6023,CV_964,-1,0,1,-1,-1,0.016728886119059285,0
2453,JOB_6023,CV_2039,-1,0,1,-1,-1,0.016728886119059285,0
2454,JOB_6023,CV_2672,-1,0,1,-1,-1,0.016728886119059285,0
2455,JOB_6023,CV_2253,-1,0,1,-1,-1,0.016728886119059285,0
2456,JOB_6023,CV_223,-1,0,-1,-1,-1,0.0008827918008007309,0
2457,JOB_6023,CV_3500,-1,-1,1,-1,-1,0.0015442935692705172,0
2458,JOB_6023,CV_2436,-1,0,1,-1,-1,0.016728886119059285,0
2459,JOB_6023,CV_594,-1,0,1,-1,1,0.07916723666250709,0
2460,JOB_6023,CV_869,-1,1,-1,-1,-1,0.0018618453328126804,0
2461,JOB_6023,CV_085,-1,0,1,-1,-1,0.016728886119059285,0
2462,JOB_6023,CV_3039,-1,0,1,-1,1,0.07916723666250709,0
2463,JOB_6023,CV_469,-1,0,1,-1,1,0.07916723666250709,0
2464,JOB_6023,CV_1161,-1,0,1,-1,-1,0.016728886119059285,0
2465,JOB_6023,CV_722,-1,0,-1,-1,-1,0.0008827918008007309,0
2466,JOB_6023,CV_1085,-1,0,-1,-1,-1,0.0008827918008007309,0
2467,JOB_6023,CV_1138,-1,0,1,-1,-1,0.016728886119059285,0
2468,JOB_6023,CV_246,-1,0,-1,-1,-1,0.0008827918008007309,0
2469,JOB_6023,CV_1252,-1,0,1,-1,-1,0.016728886119059285,0
2470,JOB_6023,CV_337,-1,0,-1,-1,-1,0.0008827918008007309,0
2471,JOB_6023,CV_1633,-1,-1,1,-1,-1,0.0015442935692705172,0
2472,JOB_6023,CV_1231,-1,0,1,-1,-1,0.016728886119059285,0
2473,JOB_6023,CV_1793,-1,0,-1,-1,-1,0.0008827918008007309,0
2474,JOB_6023,CV_3727,-1,-1,1,-1,-1,0.0015442935692705172,0
2475,JOB_6023,CV_1785,-1,0,-1,-1,-1,0.0008827918008007309,0
2476,JOB_6023,CV_3625,-1,0,-1,-1,-1,0.0008827918008007309,0
2477,JOB_6023,CV_2514,-1,0,-1,-1,-1,0.0008827918008007309,0
2478,JOB_6023,CV_2380,-1,0,1,-1,-1,0.016728886119059285,0
2479,JOB_6023,CV_3145,-1,-1,1,-1,-1,0.0015442935692705172,0
2480,JOB_6023,CV_278,-1,0,1,-1,-1,0.016728886119059285,0
2481,JOB_6023,CV_2385,-1,0,-1,-1,-1,0.0008827918008007309,0
2482,JOB_6023,CV_1963,-1,0,0,-1,-1,0.0080762834495878,0
2483,JOB_6023,CV_3789,-1,0,1,-1,-1,0.016728886119059285,0
2484,JOB_6023,CV_1961,-1,0,1,-1,-1,0.016728886119059285,0
2485,JOB_6023,CV_2961,-1,0,0,-1,-1,0.0080762834495878,0
2486,JOB_6023,CV_1971,-1,0,-1,-1,-1,0.0008827918008007309,0
2487,JOB_6023,CV_3719,-1,0,-1,-1,-1,0.0008827918008007309,0
2488,JOB_6023,CV_3200,-1,0,1,-1,-1,0.016728886119059285,0
2489,JOB_6023,CV_2733,-1,1,-1,-1,-1,0.0018618453328126804,0
2490,JOB_6023,CV_3738,-1,0,1,-1,1,0.07916723666250709,0
2491,JOB_6023,CV_924,-1,0,1,-1,-1,0.016728886119059285,0
2492,JOB_6023,CV_3543,-1,-1,1,-1,-1,0.0015442935692705172,0
2493,JOB_6023,CV_3533,-1,0,1,-1,-1,0.016728886119059285,0
2494,JOB_6023,CV_3474,-1,0,1,-1,-1,0.016728886119059285,0
2495,JOB_6023,CV_2913,-1,0,1,-1,-1,0.016728886119059285,0
2496,JOB_6023,CV_1031,-1,0,1,-1,-1,0.016728886119059285,0
2497,JOB_6023,CV_2038,-1,1,-1,-1,-1,0.0018618453328126804,0
2498,JOB_6023,CV_605,-1,-1,-1,-1,-1,8.03182586734358e-05,0
2499,JOB_6023,CV_1078,-1,0,-1,-1,-1,0.0008827918008007309,0
2500,JOB_530,CV_2380,-1,0,1,0,-1,0.02828921519950765,0
2501,JOB_530,CV_2584,-1,0,-1,0,-1,0.0015096485596628858,0
2502,JOB_530,CV_2476,-1,0,1,-1,1,0.07916723666250709,0
2503,JOB_530,CV_2653,-1,0,-1,0,-1,0.0015096485596628858,0
2504,JOB_530,CV_216,-1,0,1,0,-1,0.02828921519950765,0
2505,JOB_530,CV_665,-1,-1,1,0,-1,0.002639631480061397,0
2506,JOB_530,CV_1792,-1,0,1,1,-1,0.05232559089768777,0
2507,JOB_530,CV_618,-1,0,1,0,-1,0.02828921519950765,0
2508,JOB_530,CV_140,-1,-1,-1,0,-1,0.00013742938756156384,0
2509,JOB_530,CV_634,-1,0,-1,0,1,0.007582239379063284,0
2510,JOB_530,CV_1287,-1,0,1,-1,-1,0.016728886119059285,0
2511,JOB_530,CV_1636,-1,0,1,0,-1,0.02828921519950765,0
2512,JOB_530,CV_176,-1,0,-1,0,-1,0.0015096485596628858,0
2513,JOB_530,CV_2441,-1,0,-1,0,-1,0.0015096485596628858,0
2514,JOB_530,CV_3015,-1,0,0,0,-1,0.01374087676851104,0
2515,JOB_530,CV_601,-1,-1,1,0,1,0.013197522239432963,0
2516,JOB_530,CV_3563,-1,0,-1,0,-1,0.0015096485596628858,0
2517,JOB_530,CV_2366,-1,0,1,0,-1,0.02828921519950765,0
2518,JOB_530,CV_2953,-1,0,1,-1,-1,0.016728886119059285,0
2519,JOB_530,CV_3543,-1,-1,1,0,-1,0.002639631480061397,0
2520,JOB_530,CV_2830,-1,0,0,0,-1,0.01374087676851104,0
2521,JOB_530,CV_223,-1,1,-1,0,-1,0.003181698906503991,0
2522,JOB_530,CV_085,-1,0,1,0,-1,0.02828921519950765,0
2523,JOB_530,CV_3657,-1,0,1,0,-1,0.02828921519950765,0
2524,JOB_530,CV_3133,-1,0,-1,0,-1,0.0015096485596628858,0
2525,JOB_530,CV_1031,-1,0,1,0,-1,0.02828921519950765,0
2526,JOB_530,CV_1161,-1,0,1,0,-1,0.02828921519950765,0
2527,JOB_530,CV_532,-1,-1,1,0,1,0.013197522239432963,0
2528,JOB_530,CV_1380,-1,0,1,0,-1,0.02828921519950765,0
2529,JOB_530,CV_2445,-1,0,-1,0,-1,0.0015096485596628858,0
2530,JOB_530,CV_1639,-1,-1,1,0,1,0.013197522239432963,0
2531,JOB_530,CV_2207,-1,-1,1,0,1,0.013197522239432963,0
2532,JOB_530,CV_3474,-1,0,1,0,-1,0.02828921519950765,0
2533,JOB_530,CV_2015,-1,1,0,-1,-1,0.01689829239252925,0
2534,JOB_530,CV_1807,-1,-1,1,0,-1,0.002639631480061397,0
2535,JOB_530,CV_505,-1,0,1,0,1,0.12824728097545876,0
2536,JOB_530,CV_2294,-1,0,0,0,-1,0.01374087676851104,0
2537,JOB_530,CV_788,-1,-1,-1,1,-1,0.00026061368312641647,0
2538,JOB_530,CV_2913,-1,0,1,0,-1,0.02828921519950765,0
2539,JOB_530,CV_2550,-1,0,-1,0,1,0.007582239379063284,0
2540,JOB_530,CV_2327,-1,0,-1,0,-1,0.0015096485596628858,0
2541,JOB_530,CV_2723,-1,-1,-1,0,-1,0.00013742938756156384,0
2542,JOB_530,CV_1793,-1,0,-1,0,-1,0.0015096485596628858,0
2543,JOB_530,CV_640,-1,0,1,0,-1,0.02828921519950765,0
2544,JOB_530,CV_594,-1,0,1,0,1,0.12824728097545876,0
2545,JOB_530,CV_2166,-1,-1,-1,0,-1,0.00013742938756156384,0
2546,JOB_530,CV_1844,-1,0,1,0,-1,0.02828921519950765,0
2547,JOB_530,CV_3791,-1,0,1,0,-1,0.02828921519950765,0
2548,JOB_530,CV_3098,-1,0,1,0,-1,0.02828921519950765,0
2549,JOB_530,CV_1739,-1,-1,0,0,-1,0.0012649722795961807,0
2550,JOB_530,CV_1068,-1,0,-1,0,-1,0.0015096485596628858,0
2551,JOB_530,CV_1015,-1,0,0,0,-1,0.01374087676851104,0
2552,JOB_530,CV_2495,-1,0,-1,0,-1,0.0015096485596628858,0
2553,JOB_530,CV_3719,-1,0,-1,0,-1,0.0015096485596628858,0
2554,JOB_530,CV_3546,-1,0,-1,-1,1,0.004445064433151091,0
2555,JOB_530,CV_251,-1,0,1,0,-1,0.02828921519950765,0
2556,JOB_530,CV_3399,-1,0,1,0,-1,0.02828921519950765,0
2557,JOB_530,CV_469,-1,0,1,0,1,0.12824728097545876,0
2558,JOB_530,CV_2177,-1,0,1,-1,-1,0.016728886119059285,0
2559,JOB_530,CV_2615,-1,0,-1,0,-1,0.0015096485596628858,0
2560,JOB_530,CV_1810,-1,0,-1,0,-1,0.0015096485596628858,0
2561,JOB_530,CV_2392,-1,-1,1,0,1,0.013197522239432963,0
2562,JOB_530,CV_3733,-1,0,-1,0,-1,0.0015096485596628858,0
2563,JOB_530,CV_1070,-1,1,1,0,-1,0.05790168407977278,0
2564,JOB_530,CV_1151,-1,0,-1,0,-1,0.0015096485596628858,0
2565,JOB_530,CV_1224,-1,0,-1,0,-1,0.0015096485596628858,0
2566,JOB_530,CV_3455,-1,-1,-1,1,-1,0.00026061368312641647,0
2567,JOB_530,CV_813,-1,0,1,-1,-1,0.016728886119059285,0
2568,JOB_530,CV_028,-1,0,1,0,-1,0.02828921519950765,0
2569,JOB_530,CV_1241,-1,-1,1,0,-1,0.002639631480061397,0
2570,JOB_530,CV_3533,-1,-1,1,0,-1,0.002639631480061397,0
2571,JOB_530,CV_1309,-1,-1,-1,0,-1,0.00013742938756156384,0
2572,JOB_530,CV_869,-1,0,-1,0,-1,0.0015096485596628858,0
2573,JOB_530,CV_3145,-1,-1,1,-1,-1,0.0015442935692705172,0
2574,JOB_530,CV_3923,-1,0,1,0,-1,0.02828921519950765,0
2575,JOB_530,CV_3636,-1,0,-1,-1,-1,0.0008827918008007309,0
2576,JOB_530,CV_433,-1,0,0,0,-1,0.01374087676851104,0
2577,JOB_530,CV_2039,-1,0,1,0,-1,0.02828921519950765,0
2578,JOB_530,CV_3090,-1,0,1,0,-1,0.02828921519950765,0
2579,JOB_530,CV_2961,-1,0,0,0,-1,0.01374087676851104,0
2580,JOB_530,CV_421,-1,0,0,0,1,0.06577288027095901,0
2581,JOB_530,CV_2596,-1,-1,-1,-1,-1,8.03182586734358e-05,0
2582,JOB_530,CV_3429,-1,-1,-1,-1,1,0.00040573633479455186,0
2583,JOB_530,CV_2478,-1,-1,1,0,-1,0.002639631480061397,0
2584,JOB_530,CV_1881,-1,0,0,-1,1,0.03951787161985485,0
2585,JOB_530,CV_3970,-1,-1,-1,1,-1,0.00026061368312641647,0
2586,JOB_530,CV_1690,-1,0,0,0,1,0.06577288027095901,0
2587,JOB_530,CV_2514,-1,0,-1,0,-1,0.0015096485596628858,0
2588,JOB_530,CV_3094,-1,-1,-1,0,-1,0.00013742938756156384,0
2589,JOB_530,CV_1090,-1,0,-1,0,-1,0.0015096485596628858,0
2590,JOB_530,CV_884,-1,0,-1,0,-1,0.0015096485596628858,0
2591,JOB_530,CV_2672,-1,0,1,-1,-1,0.016728886119059285,0
2592,JOB_530,CV_1245,-1,-1,1,0,1,0.013197522239432963,0
2593,JOB_530,CV_3284,-1,0,-1,0,-1,0.0015096485596628858,0
2594,JOB_530,CV_3663,-1,0,1,-1,-1,0.016728886119059285,0
2595,JOB_530,CV_1860,-1,0,0,0,-1,0.01374087676851104,0
2596,JOB_530,CV_2553,-1,-1,1,0,-1,0.002639631480061397,0
2597,JOB_530,CV_2991,-1,0,1,1,-1,0.05232559089768777,0
2598,JOB_530,CV_879,-1,0,1,0,-1,0.02828921519950765,0
2599,JOB_530,CV_3753,-1,0,-1,0,-1,0.0015096485596628858,0
2600,JOB_11097,CV_477,-1,0,1,-1,-1,0.016728886119059285,0
2601,JOB_11097,CV_665,-1,0,1,1,-1,0.05232559089768777,0
2602,JOB_11097,CV_1045,-1,0,-1,-1,1,0.004445064433151091,0
2603,JOB_11097,CV_2961,-1,1,0,1,-1,0.05283609976798728,0
2604,JOB_11097,CV_2239,-1,1,1,-1,-1,0.034672065104421654,0
2605,JOB_11097,CV_028,-1,0,1,1,-1,0.05232559089768777,0
2606,JOB_11097,CV_2913,-1,1,1,1,-1,0.10439562230127407,0
2607,JOB_11097,CV_3647,-1,0,1,0,-1,0.02828921519950765,0
2608,JOB_11097,CV_1803,-1,0,-1,1,-1,0.002859298785317209,0
2609,JOB_11097,CV_2166,-1,0,-1,0,-1,0.0015096485596628858,0
2610,JOB_11097,CV_2965,-1,0,1,1,1,0.21814771844744296,0
2611,JOB_11097,CV_3719,-1,1,-1,1,-1,0.006017180859498359,0
2612,JOB_11097,CV_1574,-1,0,1,1,-1,0.05232559089768777,0
2613,JOB_11097,CV_2492,-1,1,1,1,-1,0.10439562230127407,0
2614,JOB_11097,CV_2615,-1,1,-1,1,-1,0.006017180859498359,0
2615,JOB_11097,CV_2033,-1,0,1,1,-1,0.05232559089768777,0
2616,JOB_11097,CV_1618,-1,0,1,-1,-1,0.016728886119059285,0
2617,JOB_11097,CV_3685,-1,0,-1,1,-1,0.002859298785317209,0
2618,JOB_11097,CV_879,-1,0,1,1,-1,0.05232559089768777,0
2619,JOB_11097,CV_1245,-1,0,1,1,1,0.21814771844744296,0
2620,JOB_11097,CV_187,-1,-1,1,1,-1,0.004994451571761179,0
2621,JOB_11097,CV_307,-1,0,0,1,-1,0.025743514038269317,0
2622,JOB_11097,CV_1517,-1,0,0,1,1,0.11779695264608223,0
2623,JOB_11097,CV_2766,-1,0,1,-1,1,0.07916723666250709,0
2624,JOB_11097,CV_2476,-1,0,1,-1,1,0.07916723666250709,0
2625,JOB_11097,CV_2369,-1,0,1,1,-1,0.05232559089768777,0
2626,JOB_11097,CV_176,-1,0,-1,1,-1,0.002859298785317209,0
2627,JOB_11097,CV_2752,-1,1,1,1,-1,0.10439562230127407,0
2628,JOB_11097,CV_2420,-1,0,0,1,1,0.11779695264608223,0
2629,JOB_11097,CV_3970,-1,-1,-1,-1,-1,8.03182586734358e-05,0
2630,JOB_11097,CV_1161,-1,0,1,1,-1,0.05232559089768777,0
2631,JOB_11097,CV_1036,-1,0,1,-1,1,0.07916723666250709,0
2632,JOB_11097,CV_3098,-1,0,1,0,-1,0.02828921519950765,0
2633,JOB_11097,CV_3173,-1,0,1,1,-1,0.05232559089768777,0
2634,JOB_11097,CV_1639,-1,0,1,0,1,0.12824728097545876,0
2635,JOB_11097,CV_3791,-1,0,1,1,-1,0.05232559089768777,0
2636,JOB_11097,CV_1742,-1,0,1,0,1,0.12824728097545876,0
2637,JOB_11097,CV_2495,-1,0,-1,1,-1,0.002859298785317209,0
2638,JOB_11097,CV_2441,-1,0,-1,0,-1,0.0015096485596628858,0
2639,JOB_11097,CV_929,-1,0,1,-1,1,0.07916723666250709,0
2640,JOB_11097,CV_1172,-1,-1,1,-1,-1,0.0015442935692705172,0
2641,JOB_11097,CV_3200,-1,0,1,1,-1,0.05232559089768777,0
2642,JOB_11097,CV_2596,-1,-1,-1,-1,-1,8.03182586734358e-05,0
2643,JOB_11097,CV_2177,-1,0,1,-1,-1,0.016728886119059285,0
2644,JOB_11097,CV_1781,-1,0,-1,1,-1,0.002859298785317209,0
2645,JOB_11097,CV_392,-1,0,-1,1,-1,0.002859298785317209,0
2646,JOB_11097,CV_3949,-1,0,1,-1,-1,0.016728886119059285,0
2647,JOB_11097,CV_2977,-1,1,1,1,-1,0.10439562230127407,0
2648,JOB_11097,CV_2553,-1,-1,1,1,-1,0.004994451571761179,0
2649,JOB_11097,CV_2024,-1,0,1,1,-1,0.05232559089768777,0
2650,JOB_11097,CV_1380,-1,0,1,0,-1,0.02828921519950765,0
2651,JOB_11097,CV_1785,-1,0,-1,1,-1,0.002859298785317209,0
2652,JOB_11097,CV_2574,-1,0,-1,1,1,0.014283223220999536,0
2653,JOB_11097,CV_3782,-1,0,0,1,-1,0.025743514038269317,0
2654,JOB_11097,CV_481,-1,0,-1,1,-1,0.002859298785317209,0
2655,JOB_11097,CV_433,-1,0,0,1,-1,0.025743514038269317,0
2656,JOB_11097,CV_3923,-1,0,1,1,-1,0.05232559089768777,0
2657,JOB_11097,CV_251,-1,0,1,0,-1,0.02828921519950765,0
2658,JOB_11097,CV_3727,-1,0,1,1,-1,0.05232559089768777,0
2659,JOB_11097,CV_2379,-1,-1,1,-1,-1,0.0015442935692705172,0
2660,JOB_11097,CV_3962,-1,1,-1,1,1,0.029682404125509716,0
2661,JOB_11097,CV_869,-1,1,-1,1,-1,0.006017180859498359,0
2662,JOB_11097,CV_3710,-1,0,1,1,1,0.21814771844744296,0
2663,JOB_11097,CV_2039,-1,0,1,1,-1,0.05232559089768777,0
2664,JOB_11097,CV_3455,-1,0,-1,-1,-1,0.0008827918008007309,0
2665,JOB_11097,CV_2858,-1,1,1,1,-1,0.10439562230127407,0
2666,JOB_11097,CV_634,-1,0,-1,1,1,0.014283223220999536,0
2667,JOB_11097,CV_3792,-1,1,0,-1,-1,0.01689829239252925,0
2668,JOB_11097,CV_2541,-1,1,-1,1,1,0.029682404125509716,0
2669,JOB_11097,CV_1795,-1,1,-1,1,-1,0.006017180859498359,0
2670,JOB_11097,CV_2489,-1,1,0,1,-1,0.05283609976798728,0
2671,JOB_11097,CV_722,-1,0,-1,1,-1,0.002859298785317209,0
2672,JOB_11097,CV_3145,-1,0,1,-1,-1,0.016728886119059285,0
2673,JOB_11097,CV_1792,-1,0,1,0,-1,0.02828921519950765,0
2674,JOB_11097,CV_618,-1,0,1,0,-1,0.02828921519950765,0
2675,JOB_11097,CV_1078,-1,0,-1,-1,-1,0.0008827918008007309,0
2676,JOB_11097,CV_1636,-1,0,1,1,-1,0.05232559089768777,0
2677,JOB_11097,CV_137,-1,0,0,0,1,0.06577288027095901,0
2678,JOB_11097,CV_246,-1,1,-1,1,-1,0.006017180859498359,0
2679,JOB_11097,CV_2365,-1,-1,0,1,1,0.0119931365693721,0
2680,JOB_11097,CV_1993,-1,0,-1,1,-1,0.002859298785317209,0
2681,JOB_11097,CV_1844,-1,1,1,1,-1,0.10439562230127407,0
2682,JOB_11097,CV_2733,-1,0,-1,-1,-1,0.0008827918008007309,0
2683,JOB_11097,CV_421,-1,1,0,1,1,0.2199006485775579,0
2684,JOB_11097,CV_1881,-1,1,0,-1,1,0.07991753891832785,0
2685,JOB_11097,CV_1961,-1,1,1,1,-1,0.10439562230127407,0
2686,JOB_11097,CV_1739,-1,0,0,1,-1,0.025743514038269317,0
2687,JOB_11097,CV_080,-1,1,1,1,-1,0.10439562230127407,0
2688,JOB_11097,CV_2157,-1,1,-1,-1,-1,0.0018618453328126804,0
2689,JOB_11097,CV_2992,-1,0,-1,1,1,0.014283223220999536,0
2690,JOB_11097,CV_884,-1,0,-1,1,-1,0.002859298785317209,0
2691,JOB_11097,CV_2069,-1,1,-1,1,-1,0.006017180859498359,0
2692,JOB_11097,CV_505,-1,1,1,1,1,0.3706850697644348,0
2693,JOB_11097,CV_3088,-1,0,1,1,-1,0.05232559089768777,0
2694,JOB_11097,CV_2658,-1,0,-1,1,1,0.014283223220999536,0
2695,JOB_11097,CV_1577,-1,0,-1,1,-1,0.002859298785317209,0
2696,JOB_11097,CV_2991,-1,1,1,0,-1,0.05790168407977278,0
2697,JOB_11097,CV_2830,-1,1,0,1,-1,0.05283609976798728,0
2698,JOB_11097,CV_1015,-1,0,0,1,-1,0.025743514038269317,0
2699,JOB_11097,CV_3414,-1,1,-1,1,1,0.029682404125509716,0
2700,JOB_848,CV_1785,1,1,-1,-1,1,0.17958202525048186,0
2701,JOB_848,CV_3533,-1,0,1,1,-1,0.05232559089768777,0
2702,JOB_848,CV_2420,1,1,0,-1,-1,0.2852859884047636,0
2703,JOB_848,CV_176,-1,0,-1,-1,1,0.004445064433151091,0
2704,JOB_848,CV_3543,-1,0,1,-1,-1,0.016728886119059285,0
2705,JOB_848,CV_1796,-1,0,0,-1,-1,0.0080762834495878,0
2706,JOB_848,CV_040,-1,0,-1,-1,-1,0.0008827918008007309,0
2707,JOB_848,CV_611,-1,0,-1,-1,1,0.004445064433151091,0
2708,JOB_848,CV_2718,-1,-1,0,-1,-1,0.0007396380664553713,0
2709,JOB_848,CV_1742,-1,1,1,-1,-1,0.034672065104421654,0
2710,JOB_848,CV_3429,-1,-1,-1,1,-1,0.00026061368312641647,0
2711,JOB_848,CV_2596,-1,0,-1,-1,-1,0.0008827918008007309,0
2712,JOB_848,CV_2476,-1,0,1,-1,-1,0.016728886119059285,0
2713,JOB_848,CV_3738,-1,1,1,-1,-1,0.034672065104421654,0
2714,JOB_848,CV_3733,-1,0,-1,-1,-1,0.0008827918008007309,0
2715,JOB_848,CV_538,-1,-1,1,-1,1,0.0077551622213322515,0
2716,JOB_848,CV_3500,-1,0,1,-1,1,0.07916723666250709,0
2717,JOB_848,CV_618,-1,1,1,-1,1,0.15361803787121434,0
2718,JOB_848,CV_2615,-1,0,-1,-1,1,0.004445064433151091,0
2719,JOB_848,CV_2365,-1,0,0,-1,-1,0.0080762834495878,0
2720,JOB_848,CV_1971,-1,0,-1,-1,-1,0.0008827918008007309,0
2721,JOB_848,CV_3970,-1,-1,-1,1,1,0.0013155570174856266,0
2722,JOB_848,CV_2294,-1,1,0,-1,-1,0.01689829239252925,0
2723,JOB_848,CV_216,-1,0,1,-1,1,0.07916723666250709,0
2724,JOB_848,CV_1682,-1,0,-1,-1,-1,0.0008827918008007309,0
2725,JOB_848,CV_392,-1,0,-1,-1,1,0.004445064433151091,0
2726,JOB_848,CV_2541,-1,1,-1,-1,-1,0.0018618453328126804,0
2727,JOB_848,CV_1517,-1,0,0,-1,-1,0.0080762834495878,0
2728,JOB_848,CV_2415,-1,-1,1,-1,-1,0.0015442935692705172,0
2729,JOB_848,CV_1241,-1,0,1,-1,-1,0.016728886119059285,0
2730,JOB_848,CV_3757,-1,0,-1,-1,-1,0.0008827918008007309,0
2731,JOB_848,CV_160,-1,0,-1,-1,-1,0.0008827918008007309,0
2732,JOB_848,CV_1122,-1,0,1,-1,-1,0.016728886119059285,0
2733,JOB_848,CV_116,-1,0,-1,-1,-1,0.0008827918008007309,0
2734,JOB_848,CV_3670,-1,0,-1,-1,1,0.004445064433151091,0
2735,JOB_848,CV_2341,-1,0,-1,-1,-1,0.0008827918008007309,0
2736,JOB_848,CV_1793,-1,0,-1,-1,1,0.004445064433151091,0
2737,JOB_848,CV_1068,-1,1,-1,-1,-1,0.0018618453328126804,0
2738,JOB_848,CV_2313,-1,1,-1,-1,1,0.009337905367753526,0
2739,JOB_848,CV_1534,-1,0,-1,-1,1,0.004445064433151091,0
2740,JOB_848,CV_421,-1,0,0,-1,-1,0.0080762834495878,0
2741,JOB_848,CV_1355,-1,0,-1,-1,-1,0.0008827918008007309,0
2742,JOB_848,CV_3039,-1,1,1,-1,-1,0.034672065104421654,0
2743,JOB_848,CV_3945,-1,1,0,-1,-1,0.01689829239252925,0
2744,JOB_848,CV_3949,-1,1,1,-1,1,0.15361803787121434,0
2745,JOB_848,CV_2207,-1,-1,1,-1,-1,0.0015442935692705172,0
2746,JOB_848,CV_1781,-1,0,-1,-1,1,0.004445064433151091,0
2747,JOB_848,CV_2489,-1,1,0,-1,1,0.07991753891832785,0
2748,JOB_848,CV_307,1,1,0,-1,-1,0.2852859884047636,0
2749,JOB_848,CV_2024,-1,0,1,-1,-1,0.016728886119059285,0
2750,JOB_848,CV_2830,-1,1,0,-1,1,0.07991753891832785,0
2751,JOB_848,CV_3782,-1,0,0,-1,-1,0.0080762834495878,0
2752,JOB_848,CV_964,-1,0,1,-1,-1,0.016728886119059285,0
2753,JOB_848,CV_2584,-1,-1,-1,-1,1,0.00040573633479455186,0
2754,JOB_848,CV_2492,-1,1,1,-1,-1,0.034672065104421654,0
2755,JOB_848,CV_3792,-1,0,0,-1,-1,0.0080762834495878,0
2756,JOB_848,CV_3478,-1,1,1,-1,-1,0.034672065104421654,0
2757,JOB_848,CV_1844,-1,0,1,-1,-1,0.016728886119059285,0
2758,JOB_848,CV_3414,-1,1,-1,-1,-1,0.0018618453328126804,0
2759,JOB_848,CV_223,-1,1,-1,-1,-1,0.0018618453328126804,0
2760,JOB_848,CV_1252,-1,1,1,-1,1,0.15361803787121434,0
2761,JOB_848,CV_3647,-1,-1,1,-1,-1,0.0015442935692705172,0
2762,JOB_848,CV_3625,-1,0,-1,-1,1,0.004445064433151091,0
2763,JOB_848,CV_813,-1,1,1,-1,1,0.15361803787121434,0
2764,JOB_848,CV_2749,-1,1,0,-1,-1,0.01689829239252925,0
2765,JOB_848,CV_1161,-1,0,1,-1,-1,0.016728886119059285,0
2766,JOB_848,CV_3098,-1,1,1,1,-1,0.10439562230127407,0
2767,JOB_848,CV_1810,-1,0,-1,-1,1,0.004445064433151091,0
2768,JOB_848,CV_3455,-1,-1,-1,1,-1,0.00026061368312641647,0
2769,JOB_848,CV_605,-1,0,-1,-1,-1,0.0008827918008007309,0
2770,JOB_848,CV_532,-1,1,1,-1,-1,0.034672065104421654,0
2771,JOB_848,CV_1574,-1,-1,1,-1,-1,0.0015442935692705172,0
2772,JOB_848,CV_1860,-1,0,0,-1,-1,0.0080762834495878,0
2773,JOB_848,CV_2553,1,1,1,-1,-1,0.454768028774003,0
2774,JOB_848,CV_3789,1,1,1,-1,-1,0.454768028774003,0
2775,JOB_848,CV_2766,-1,-1,1,-1,-1,0.0015442935692705172,0
2776,JOB_848,CV_2658,-1,1,-1,-1,-1,0.0018618453328126804,0
2777,JOB_848,CV_2379,-1,0,1,-1,-1,0.016728886119059285,0
2778,JOB_848,CV_1019,-1,0,-1,-1,1,0.004445064433151091,0
2779,JOB_848,CV_3088,1,1,1,-1,1,0.808239026155528,1
2780,JOB_848,CV_1151,-1,0,-1,-1,-1,0.0008827918008007309,0
2781,JOB_848,CV_2579,-1,1,-1,-1,1,0.009337905367753526,0
2782,JOB_848,CV_3051,-1,0,1,-1,-1,0.016728886119059285,0
2783,JOB_848,CV_3284,-1,0,-1,-1,-1,0.0008827918008007309,0
2784,JOB_848,CV_3636,-1,0,-1,-1,-1,0.0008827918008007309,0
2785,JOB_848,CV_2769,-1,0,0,-1,1,0.03951787161985485,0
2786,JOB_848,CV_2392,-1,1,1,-1,-1,0.034672065104421654,0
2787,JOB_848,CV_3657,-1,1,1,1,-1,0.10439562230127407,0
2788,JOB_848,CV_233,1,1,1,1,-1,0.7302317401433427,1
2789,JOB_848,CV_1090,-1,0,-1,-1,-1,0.0008827918008007309,0
2790,JOB_848,CV_3181,-1,0,1,-1,1,0.07916723666250709,0
2791,JOB_848,CV_187,-1,0,1,-1,-1,0.016728886119059285,0
2792,JOB_848,CV_1792,-1,1,1,1,-1,0.10439562230127407,0
2793,JOB_848,CV_3929,-1,1,0,-1,-1,0.01689829239252925,0
2794,JOB_848,CV_2991,-1,1,1,1,1,0.3706850697644348,0
2795,JOB_848,CV_272,-1,0,-1,-1,1,0.004445064433151091,0
2796,JOB_848,CV_1577,-1,0,-1,-1,-1,0.0008827918008007309,0
2797,JOB_848,CV_1015,-1,0,0,-1,1,0.03951787161985485,0
2798,JOB_848,CV_1325,-1,0,1,-1,-1,0.016728886119059285,0
2799,JOB_848,CV_2239,-1,1,1,-1,1,0.15361803787121434,0
2800,JOB_4901,CV_2294,-1,0,0,0,-1,0.01374087676851104,0
2801,JOB_4901,CV_1036,-1,0,1,-1,1,0.07916723666250709,0
2802,JOB_4901,CV_1844,-1,0,1,0,-1,0.02828921519950765,0
2803,JOB_4901,CV_3636,-1,0,-1,-1,-1,0.0008827918008007309,0
2804,JOB_4901,CV_2550,-1,0,-1,0,1,0.007582239379063284,0
2805,JOB_4901,CV_3792,-1,0,0,-1,-1,0.0080762834495878,0
2806,JOB_4901,CV_2402,-1,0,0,0,1,0.06577288027095901,0
2807,JOB_4901,CV_3051,-1,0,1,0,-1,0.02828921519950765,0
2808,JOB_4901,CV_2869,-1,0,-1,-1,-1,0.0008827918008007309,0
2809,JOB_4901,CV_1068,-1,0,-1,0,-1,0.0015096485596628858,0
2810,JOB_4901,CV_2379,-1,0,1,-1,-1,0.016728886119059285,0
2811,JOB_4901,CV_1618,-1,0,1,-1,-1,0.016728886119059285,0
2812,JOB_4901,CV_2953,-1,0,1,-1,-1,0.016728886119059285,0
2813,JOB_4901,CV_2369,-1,-1,1,0,-1,0.002639631480061397,0
2814,JOB_4901,CV_1739,-1,-1,0,0,-1,0.0012649722795961807,0
2815,JOB_4901,CV_3173,-1,0,1,0,-1,0.02828921519950765,0
2816,JOB_4901,CV_3181,-1,1,1,0,-1,0.05790168407977278,0
2817,JOB_4901,CV_080,-1,0,1,0,-1,0.02828921519950765,0
2818,JOB_4901,CV_2877,-1,-1,1,0,1,0.013197522239432963,0
2819,JOB_4901,CV_2441,-1,0,-1,-1,-1,0.0008827918008007309,0
2820,JOB_4901,CV_2718,-1,-1,0,0,-1,0.0012649722795961807,0
2821,JOB_4901,CV_813,-1,0,1,-1,-1,0.016728886119059285,0
2822,JOB_4901,CV_661,-1,0,-1,0,-1,0.0015096485596628858,0
2823,JOB_4901,CV_1781,-1,0,-1,0,-1,0.0015096485596628858,0
2824,JOB_4901,CV_433,-1,0,0,0,-1,0.01374087676851104,0
2825,JOB_4901,CV_2732,-1,0,-1,0,-1,0.0015096485596628858,0
2826,JOB_4901,CV_2615,-1,1,-1,0,-1,0.003181698906503991,0
2827,JOB_4901,CV_634,-1,0,-1,0,1,0.007582239379063284,0
2828,JOB_4901,CV_3685,-1,0,-1,0,-1,0.0015096485596628858,0
2829,JOB_4901,CV_3727,-1,-1,1,0,-1,0.002639631480061397,0
2830,JOB_4901,CV_2069,-1,1,-1,0,-1,0.003181698906503991,0
2831,JOB_4901,CV_3145,-1,-1,1,-1,-1,0.0015442935692705172,0
2832,JOB_4901,CV_3093,-1,0,-1,-1,-1,0.0008827918008007309,0
2833,JOB_4901,CV_532,-1,-1,1,0,1,0.013197522239432963,0
2834,JOB_4901,CV_1085,-1,0,-1,0,-1,0.0015096485596628858,0
2835,JOB_4901,CV_1161,-1,0,1,0,-1,0.02828921519950765,0
2836,JOB_4901,CV_2207,-1,-1,1,0,1,0.013197522239432963,0
2837,JOB_4901,CV_3088,-1,0,1,0,-1,0.02828921519950765,0
2838,JOB_4901,CV_216,-1,0,1,0,-1,0.02828921519950765,0
2839,JOB_4901,CV_2166,-1,0,-1,1,-1,0.002859298785317209,0
2840,JOB_4901,CV_1803,-1,0,-1,0,-1,0.0015096485596628858,0
2841,JOB_4901,CV_1792,-1,-1,1,1,-1,0.004994451571761179,0
2842,JOB_4901,CV_160,-1,0,-1,-1,1,0.004445064433151091,0
2843,JOB_4901,CV_3399,-1,0,1,0,-1,0.02828921519950765,0
2844,JOB_4901,CV_2365,-1,-1,0,0,1,0.006359616677526063,0
2845,JOB_4901,CV_1172,-1,-1,1,-1,-1,0.0015442935692705172,0
2846,JOB_4901,CV_869,-1,0,-1,0,-1,0.0015096485596628858,0
2847,JOB_4901,CV_3090,-1,0,1,0,-1,0.02828921519950765,0
2848,JOB_4901,CV_3647,-1,-1,1,0,-1,0.002639631480061397,0
2849,JOB_4901,CV_3923,-1,0,1,0,-1,0.02828921519950765,0
2850,JOB_4901,CV_1639,-1,-1,1,0,1,0.013197522239432963,0
2851,JOB_4901,CV_3075,-1,0,-1,0,1,0.007582239379063284,0
2852,JOB_4901,CV_1785,-1,0,-1,0,-1,0.0015096485596628858,0
2853,JOB_4901,CV_2858,-1,0,1,0,-1,0.02828921519950765,0
2854,JOB_4901,CV_3414,-1,0,-1,0,1,0.007582239379063284,0
2855,JOB_4901,CV_722,-1,0,-1,0,-1,0.0015096485596628858,0
2856,JOB_4901,CV_1090,-1,0,-1,0,-1,0.0015096485596628858,0
2857,JOB_4901,CV_1690,-1,0,0,0,1,0.06577288027095901,0
2858,JOB_4901,CV_1245,-1,-1,1,0,1,0.013197522239432963,0
2859,JOB_4901,CV_2658,-1,0,-1,0,1,0.007582239379063284,0
2860,JOB_4901,CV_2913,-1,0,1,1,-1,0.05232559089768777,0
2861,JOB_4901,CV_3098,-1,0,1,0,-1,0.02828921519950765,0
2862,JOB_4901,CV_1138,-1,0,1,0,-1,0.02828921519950765,0
2863,JOB_4901,CV_605,-1,-1,-1,0,-1,0.00013742938756156384,0
2864,JOB_4901,CV_2584,-1,-1,-1,0,-1,0.00013742938756156384,0
2865,JOB_4901,CV_2977,-1,1,1,0,-1,0.05790168407977278,0
2866,JOB_4901,CV_2033,-1,0,1,0,-1,0.02828921519950765,0
2867,JOB_4901,CV_1517,-1,1,0,0,1,0.1293973718407125,0
2868,JOB_4901,CV_272,-1,-1,-1,0,-1,0.00013742938756156384,0
2869,JOB_4901,CV_421,-1,1,0,0,1,0.1293973718407125,0
2870,JOB_4901,CV_3563,-1,0,-1,0,-1,0.0015096485596628858,0
2871,JOB_4901,CV_1380,-1,0,1,0,-1,0.02828921519950765,0
2872,JOB_4901,CV_1687,-1,0,1,0,-1,0.02828921519950765,0
2873,JOB_4901,CV_1793,-1,0,-1,0,-1,0.0015096485596628858,0
2874,JOB_4901,CV_3753,-1,0,-1,0,-1,0.0015096485596628858,0
2875,JOB_4901,CV_3625,-1,0,-1,0,-1,0.0015096485596628858,0
2876,JOB_4901,CV_538,-1,-1,1,-1,-1,0.0015442935692705172,0
2877,JOB_4901,CV_3546,-1,1,-1,-1,1,0.009337905367753526,0
2878,JOB_4901,CV_618,-1,0,1,1,-1,0.05232559089768777,0
2879,JOB_4901,CV_1231,-1,0,1,-1,-1,0.016728886119059285,0
2880,JOB_4901,CV_3133,-1,0,-1,0,-1,0.0015096485596628858,0
2881,JOB_4901,CV_640,-1,0,1,0,-1,0.02828921519950765,0
2882,JOB_4901,CV_3791,-1,0,1,0,-1,0.02828921519950765,0
2883,JOB_4901,CV_1751,-1,0,-1,0,1,0.007582239379063284,0
2884,JOB_4901,CV_3710,-1,-1,1,0,1,0.013197522239432963,0
2885,JOB_4901,CV_233,-1,0,1,0,1,0.12824728097545876,0
2886,JOB_4901,CV_1807,-1,-1,1,0,-1,0.002639631480061397,0
2887,JOB_4901,CV_2039,-1,0,1,0,-1,0.02828921519950765,0
2888,JOB_4901,CV_040,-1,-1,-1,0,-1,0.00013742938756156384,0
2889,JOB_4901,CV_2436,-1,-1,1,0,-1,0.002639631480061397,0
2890,JOB_4901,CV_1961,-1,0,1,0,-1,0.02828921519950765,0
2891,JOB_4901,CV_631,-1,0,1,0,-1,0.02828921519950765,0
2892,JOB_4901,CV_1480,-1,0,-1,0,-1,0.0015096485596628858,0
2893,JOB_4901,CV_392,-1,-1,-1,0,-1,0.00013742938756156384,0
2894,JOB_4901,CV_1534,-1,0,-1,0,-1,0.0015096485596628858,0
2895,JOB_4901,CV_3782,-1,0,0,0,-1,0.01374087676851104,0
2896,JOB_4901,CV_1494,-1,0,1,0,-1,0.02828921519950765,0
2897,JOB_4901,CV_2596,-1,-1,-1,-1,-1,8.03182586734358e-05,0
2898,JOB_4901,CV_296,-1,0,0,0,-1,0.01374087676851104,0
2899,JOB_4901,CV_2991,-1,0,1,0,-1,0.02828921519950765,0
2900,JOB_6573,CV_1742,-1,-1,0,-1,-1,0.0007396380664553713,0
2901,JOB_6573,CV_251,-1,0,0,-1,-1,0.0080762834495878,0
2902,JOB_6573,CV_999,-1,0,0,-1,-1,0.0080762834495878,0
2903,JOB_6573,CV_2953,-1,0,0,-1,1,0.03951787161985485,0
2904,JOB_6573,CV_1161,-1,0,0,-1,-1,0.0080762834495878,0
2905,JOB_6573,CV_2553,-1,-1,0,-1,-1,0.0007396380664553713,0
2906,JOB_6573,CV_2769,-1,-1,1,-1,1,0.0077551622213322515,0
2907,JOB_6573,CV_2166,-1,0,0,-1,-1,0.0080762834495878,0
2908,JOB_6573,CV_2672,-1,0,0,-1,-1,0.0080762834495878,0
2909,JOB_6573,CV_2579,-1,0,0,-1,1,0.03951787161985485,0
2910,JOB_6573,CV_640,-1,0,0,-1,1,0.03951787161985485,0
2911,JOB_6573,CV_2492,-1,0,0,-1,-1,0.0080762834495878,0
2912,JOB_6573,CV_2877,-1,-1,0,-1,-1,0.0007396380664553713,0
2913,JOB_6573,CV_1019,-1,0,0,-1,1,0.03951787161985485,0
2914,JOB_6573,CV_3284,-1,0,0,-1,-1,0.0080762834495878,0
2915,JOB_6573,CV_788,-1,-1,0,1,-1,0.002396402946724275,0
2916,JOB_6573,CV_2294,-1,0,1,-1,-1,0.016728886119059285,0
2917,JOB_6573,CV_2965,-1,-1,0,-1,-1,0.0007396380664553713,0
2918,JOB_6573,CV_2766,-1,0,0,-1,-1,0.0080762834495878,0
2919,JOB_6573,CV_2733,-1,0,0,-1,-1,0.0080762834495878,0
2920,JOB_6573,CV_337,-1,0,0,-1,1,0.03951787161985485,0
2921,JOB_6573,CV_1070,-1,1,0,-1,-1,0.01689829239252925,0
2922,JOB_6573,CV_3133,-1,0,0,-1,1,0.03951787161985485,0
2923,JOB_6573,CV_3962,-1,1,0,-1,1,0.07991753891832785,0
2924,JOB_6573,CV_3663,-1,0,0,1,-1,0.025743514038269317,0
2925,JOB_6573,CV_1785,-1,0,0,-1,1,0.03951787161985485,0
2926,JOB_6573,CV_879,-1,0,0,-1,-1,0.0080762834495878,0
2927,JOB_6573,CV_1639,-1,-1,0,-1,-1,0.0007396380664553713,0
2928,JOB_6573,CV_028,-1,0,0,-1,-1,0.0080762834495878,0
2929,JOB_6573,CV_2436,-1,-1,0,-1,1,0.0037264061914744602,0
2930,JOB_6573,CV_3733,-1,0,0,-1,-1,0.0080762834495878,0
2931,JOB_6573,CV_3923,-1,0,0,-1,1,0.03951787161985485,0
2932,JOB_6573,CV_1633,-1,-1,0,-1,-1,0.0007396380664553713,0
2933,JOB_6573,CV_2858,-1,0,0,-1,-1,0.0080762834495878,0
2934,JOB_6573,CV_2977,-1,1,0,-1,-1,0.01689829239252925,0
2935,JOB_6573,CV_2550,-1,0,0,-1,-1,0.0080762834495878,0
2936,JOB_6573,CV_2385,-1,1,0,-1,1,0.07991753891832785,0
2937,JOB_6573,CV_1860,-1,0,1,-1,-1,0.016728886119059285,0
2938,JOB_6573,CV_433,-1,0,1,-1,-1,0.016728886119059285,0
2939,JOB_6573,CV_1241,-1,0,0,-1,-1,0.0080762834495878,0
2940,JOB_6573,CV_2489,-1,0,1,-1,1,0.07916723666250709,0
2941,JOB_6573,CV_2638,1,1,0,-1,1,0.6685516608510326,1
2942,JOB_6573,CV_2369,-1,0,0,-1,-1,0.0080762834495878,0
2943,JOB_6573,CV_1687,-1,0,0,-1,-1,0.0080762834495878,0
2944,JOB_6573,CV_1172,-1,-1,0,-1,1,0.0037264061914744602,0
2945,JOB_6573,CV_246,-1,0,0,-1,-1,0.0080762834495878,0
2946,JOB_6573,CV_2541,-1,0,0,-1,-1,0.0080762834495878,0
2947,JOB_6573,CV_929,-1,0,0,-1,-1,0.0080762834495878,0
2948,JOB_6573,CV_2327,-1,0,0,-1,-1,0.0080762834495878,0
2949,JOB_6573,CV_2615,-1,1,0,-1,1,0.07991753891832785,0
2950,JOB_6573,CV_605,-1,0,0,-1,-1,0.0080762834495878,0
2951,JOB_6573,CV_1045,-1,-1,0,-1,-1,0.0007396380664553713,0
2952,JOB_6573,CV_2341,-1,0,0,-1,-1,0.0080762834495878,0
2953,JOB_6573,CV_1993,-1,0,0,-1,-1,0.0080762834495878,0
2954,JOB_6573,CV_665,-1,-1,0,-1,-1,0.0007396380664553713,0
2955,JOB_6573,CV_3543,-1,0,0,-1,-1,0.0080762834495878,0
2956,JOB_6573,CV_2253,-1,1,0,-1,1,0.07991753891832785,0
2957,JOB_6573,CV_1618,-1,1,0,-1,-1,0.01689829239252925,0
2958,JOB_6573,CV_2913,-1,0,0,-1,1,0.03951787161985485,0
2959,JOB_6573,CV_2157,-1,0,0,-1,1,0.03951787161985485,0
2960,JOB_6573,CV_2830,-1,0,1,-1,1,0.07916723666250709,0
2961,JOB_6573,CV_634,-1,0,0,-1,-1,0.0080762834495878,0
2962,JOB_6573,CV_3299,-1,0,0,-1,1,0.03951787161985485,0
2963,JOB_6573,CV_2379,-1,1,0,-1,-1,0.01689829239252925,0
2964,JOB_6573,CV_3500,-1,0,0,-1,1,0.03951787161985485,0
2965,JOB_6573,CV_2239,-1,0,0,-1,1,0.03951787161985485,0
2966,JOB_6573,CV_1810,-1,0,0,-1,1,0.03951787161985485,0
2967,JOB_6573,CV_2420,-1,0,1,-1,-1,0.016728886119059285,0
2968,JOB_6573,CV_1015,-1,0,1,-1,1,0.07916723666250709,0
2969,JOB_6573,CV_2979,-1,0,0,-1,-1,0.0080762834495878,0
2970,JOB_6573,CV_3546,-1,0,0,-1,-1,0.0080762834495878,0
2971,JOB_6573,CV_3719,-1,1,0,-1,-1,0.01689829239252925,0
2972,JOB_6573,CV_046,-1,-1,1,-1,-1,0.0015442935692705172,0
2973,JOB_6573,CV_964,-1,0,0,-1,-1,0.0080762834495878,0
2974,JOB_6573,CV_2555,-1,0,0,-1,-1,0.0080762834495878,0
2975,JOB_6573,CV_3753,-1,0,0,-1,-1,0.0080762834495878,0
2976,JOB_6573,CV_2024,-1,0,0,-1,-1,0.0080762834495878,0
2977,JOB_6573,CV_2177,-1,0,0,-1,-1,0.0080762834495878,0
2978,JOB_6573,CV_3722,-1,-1,0,-1,-1,0.0007396380664553713,0
2979,JOB_6573,CV_481,-1,0,0,1,1,0.11779695264608223,0
2980,JOB_6573,CV_813,-1,0,0,-1,1,0.03951787161985485,0
2981,JOB_6573,CV_2069,-1,1,0,-1,1,0.07991753891832785,0
2982,JOB_6573,CV_3093,-1,0,0,-1,-1,0.0080762834495878,0
2983,JOB_6573,CV_1085,-1,0,0,-1,1,0.03951787161985485,0
2984,JOB_6573,CV_869,-1,0,0,-1,-1,0.0080762834495878,0
2985,JOB_6573,CV_1122,-1,0,0,-1,-1,0.0080762834495878,0
2986,JOB_6573,CV_1224,-1,0,0,-1,1,0.03951787161985485,0
2987,JOB_6573,CV_1636,-1,0,0,-1,-1,0.0080762834495878,0
2988,JOB_6573,CV_877,-1,0,0,-1,-1,0.0080762834495878,0
2989,JOB_6573,CV_272,-1,0,0,-1,1,0.03951787161985485,0
2990,JOB_6573,CV_1574,-1,-1,0,-1,-1,0.0007396380664553713,0
2991,JOB_6573,CV_2869,-1,0,0,-1,1,0.03951787161985485,0
2992,JOB_6573,CV_1913,-1,1,0,-1,1,0.07991753891832785,0
2993,JOB_6573,CV_216,-1,0,0,-1,1,0.03951787161985485,0
2994,JOB_6573,CV_307,-1,0,1,-1,-1,0.016728886119059285,0
2995,JOB_6573,CV_3929,-1,0,1,-1,-1,0.016728886119059285,0
2996,JOB_6573,CV_392,-1,-1,0,-1,1,0.0037264061914744602,0
2997,JOB_6573,CV_1796,-1,1,1,-1,-1,0.034672065104421654,0
2998,JOB_6573,CV_505,-1,0,0,-1,-1,0.0080762834495878,0
2999,JOB_6573,CV_080,-1,0,0,-1,1,0.03951787161985485,0
3000,JOB_3845,CV_2478,-1,-1,1,-1,-1,0.0015442935692705172,0
3001,JOB_3845,CV_307,-1,1,0,-1,1,0.07991753891832785,0
3002,JOB_3845,CV_3543,-1,0,1,-1,-1,0.016728886119059285,0
3003,JOB_3845,CV_3636,-1,1,-1,-1,-1,0.0018618453328126804,0
3004,JOB_3845,CV_1078,1,0,-1,-1,-1,0.02010595680604062,0
3005,JOB_3845,CV_337,-1,0,-1,-1,-1,0.0008827918008007309,0
3006,JOB_3845,CV_2732,-1,0,-1,-1,-1,0.0008827918008007309,0
3007,JOB_3845,CV_1224,-1,0,-1,-1,-1,0.0008827918008007309,0
3008,JOB_3845,CV_3738,-1,0,1,1,-1,0.05232559089768777,0
3009,JOB_3845,CV_2356,-1,0,-1,-1,-1,0.0008827918008007309,0
3010,JOB_3845,CV_634,-1,0,-1,-1,-1,0.0008827918008007309,0
3011,JOB_3845,CV_2445,-1,0,-1,-1,-1,0.0008827918008007309,0
3012,JOB_3845,CV_1793,-1,0,-1,-1,-1,0.0008827918008007309,0
3013,JOB_3845,CV_2584,-1,1,-1,-1,-1,0.0018618453328126804,0
3014,JOB_3845,CV_1231,-1,1,1,-1,-1,0.034672065104421654,0
3015,JOB_3845,CV_1287,1,0,1,-1,-1,0.2832010598158251,0
3016,JOB_3845,CV_1517,-1,1,0,-1,-1,0.01689829239252925,0
3017,JOB_3845,CV_3657,-1,1,1,1,-1,0.10439562230127407,0
3018,JOB_3845,CV_1252,1,0,1,-1,-1,0.2832010598158251,0
3019,JOB_3845,CV_1574,-1,-1,1,1,-1,0.004994451571761179,0
3020,JOB_3845,CV_2752,-1,0,1,-1,-1,0.016728886119059285,0
3021,JOB_3845,CV_3563,-1,0,-1,-1,-1,0.0008827918008007309,0
3022,JOB_3845,CV_618,-1,0,1,-1,-1,0.016728886119059285,0
3023,JOB_3845,CV_2961,-1,0,0,-1,-1,0.0080762834495878,0
3024,JOB_3845,CV_1796,-1,1,0,-1,-1,0.01689829239252925,0
3025,JOB_3845,CV_433,-1,-1,0,-1,-1,0.0007396380664553713,0
3026,JOB_3845,CV_788,1,0,-1,-1,-1,0.02010595680604062,0
3027,JOB_3845,CV_1480,-1,0,-1,-1,-1,0.0008827918008007309,0
3028,JOB_3845,CV_1682,-1,-1,-1,-1,-1,8.03182586734358e-05,0
3029,JOB_3845,CV_3181,-1,0,1,1,-1,0.05232559089768777,0
3030,JOB_3845,CV_2024,-1,1,1,1,-1,0.10439562230127407,0
3031,JOB_3845,CV_137,-1,-1,0,-1,-1,0.0007396380664553713,0
3032,JOB_3845,CV_3088,-1,0,1,-1,-1,0.016728886119059285,0
3033,JOB_3845,CV_924,-1,0,1,-1,-1,0.016728886119059285,0
3034,JOB_3845,CV_1151,-1,-1,-1,-1,-1,8.03182586734358e-05,0
3035,JOB_3845,CV_2579,-1,0,-1,-1,-1,0.0008827918008007309,0
3036,JOB_3845,CV_877,1,0,1,-1,-1,0.2832010598158251,0
3037,JOB_3845,CV_3791,1,-1,1,-1,-1,0.03467206510442167,0
3038,JOB_3845,CV_2157,1,0,-1,1,-1,0.06243232352062822,0
3039,JOB_3845,CV_1844,1,0,1,-1,-1,0.2832010598158251,0
3040,JOB_3845,CV_1015,-1,1,0,-1,-1,0.01689829239252925,0
3041,JOB_3845,CV_2207,-1,-1,1,1,-1,0.004994451571761179,0
3042,JOB_3845,CV_246,-1,0,-1,-1,-1,0.0008827918008007309,0
3043,JOB_3845,CV_2830,-1,0,0,1,-1,0.025743514038269317,0
3044,JOB_3845,CV_1993,-1,0,-1,-1,-1,0.0008827918008007309,0
3045,JOB_3845,CV_296,-1,0,0,-1,-1,0.0080762834495878,0
3046,JOB_3845,CV_1534,-1,0,-1,-1,-1,0.0008827918008007309,0
3047,JOB_3845,CV_3098,1,0,1,1,-1,0.5618280036801903,1
3048,JOB_3845,CV_1687,-1,1,1,-1,-1,0.034672065104421654,0
3049,JOB_3845,CV_3455,-1,-1,-1,-1,-1,8.03182586734358e-05,0
3050,JOB_3845,CV_2327,1,0,-1,-1,-1,0.02010595680604062,0
3051,JOB_3845,CV_1161,-1,1,1,-1,-1,0.034672065104421654,0
3052,JOB_3845,CV_2313,-1,0,-1,-1,-1,0.0008827918008007309,0
3053,JOB_3845,CV_3015,-1,0,0,-1,-1,0.0080762834495878,0
3054,JOB_3845,CV_1881,-1,0,0,-1,-1,0.0080762834495878,0
3055,JOB_3845,CV_3710,-1,0,1,-1,-1,0.016728886119059285,0
3056,JOB_3845,CV_1810,1,0,-1,-1,-1,0.02010595680604062,0
3057,JOB_3845,CV_3474,1,0,1,-1,-1,0.2832010598158251,0
3058,JOB_3845,CV_2380,1,0,1,-1,-1,0.2832010598158251,0
3059,JOB_3845,CV_1172,-1,-1,1,-1,-1,0.0015442935692705172,0
3060,JOB_3845,CV_1751,-1,-1,-1,-1,-1,8.03182586734358e-05,0
3061,JOB_3845,CV_3478,-1,0,1,-1,-1,0.016728886119059285,0
3062,JOB_3845,CV_1309,-1,0,-1,-1,-1,0.0008827918008007309,0
3063,JOB_3845,CV_477,1,0,1,-1,-1,0.2832010598158251,0
3064,JOB_3845,CV_1245,1,0,1,-1,-1,0.2832010598158251,0
3065,JOB_3845,CV_2420,-1,0,0,-1,-1,0.0080762834495878,0
3066,JOB_3845,CV_2596,-1,-1,-1,-1,-1,8.03182586734358e-05,0
3067,JOB_3845,CV_2495,-1,0,-1,-1,-1,0.0008827918008007309,0
3068,JOB_3845,CV_263,-1,0,1,-1,-1,0.016728886119059285,0
3069,JOB_3845,CV_2638,-1,1,-1,-1,-1,0.0018618453328126804,0
3070,JOB_3845,CV_1898,-1,0,1,-1,-1,0.016728886119059285,0
3071,JOB_3845,CV_3299,-1,0,-1,-1,-1,0.0008827918008007309,0
3072,JOB_3845,CV_2766,-1,-1,1,-1,-1,0.0015442935692705172,0
3073,JOB_3845,CV_622,-1,-1,0,-1,-1,0.0007396380664553713,0
3074,JOB_3845,CV_3970,-1,-1,-1,-1,-1,8.03182586734358e-05,0
3075,JOB_3845,CV_2965,-1,-1,1,-1,-1,0.0015442935692705172,0
3076,JOB_3845,CV_2672,-1,0,1,1,-1,0.05232559089768777,0
3077,JOB_3845,CV_1036,-1,1,1,-1,-1,0.034672065104421654,0
3078,JOB_3845,CV_3547,-1,0,-1,-1,-1,0.0008827918008007309,0
3079,JOB_3845,CV_2166,-1,0,-1,1,-1,0.002859298785317209,0
3080,JOB_3845,CV_2769,-1,-1,0,-1,-1,0.0007396380664553713,0
3081,JOB_3845,CV_1971,-1,0,-1,-1,-1,0.0008827918008007309,0
3082,JOB_3845,CV_999,-1,0,-1,-1,-1,0.0008827918008007309,0
3083,JOB_3845,CV_046,-1,-1,0,-1,-1,0.0007396380664553713,0
3084,JOB_3845,CV_1639,1,-1,1,-1,-1,0.03467206510442167,0
3085,JOB_3845,CV_3200,1,0,1,-1,-1,0.2832010598158251,0
3086,JOB_3845,CV_1792,-1,0,1,-1,-1,0.016728886119059285,0
3087,JOB_3845,CV_3093,-1,0,-1,-1,-1,0.0008827918008007309,0
3088,JOB_3845,CV_2574,-1,-1,-1,-1,-1,8.03182586734358e-05,0
3089,JOB_3845,CV_3039,-1,0,1,-1,-1,0.016728886119059285,0
3090,JOB_3845,CV_2550,-1,1,-1,-1,-1,0.0018618453328126804,0
3091,JOB_3845,CV_028,1,0,1,-1,-1,0.2832010598158251,0
3092,JOB_3845,CV_2553,-1,0,1,-1,-1,0.016728886119059285,0
3093,JOB_3845,CV_3090,1,0,1,-1,-1,0.2832010598158251,0
3094,JOB_3845,CV_611,-1,0,-1,-1,-1,0.0008827918008007309,0
3095,JOB_3845,CV_1031,-1,0,1,-1,-1,0.016728886119059285,0
3096,JOB_3845,CV_665,-1,-1,1,-1,-1,0.0015442935692705172,0
3097,JOB_3845,CV_2436,-1,0,1,-1,-1,0.016728886119059285,0
3098,JOB_3845,CV_3133,-1,0,-1,-1,-1,0.0008827918008007309,0
3099,JOB_3845,CV_3722,1,0,-1,1,-1,0.06243232352062822,0
3100,JOB_11973,CV_2015,-1,0,0,-1,-1,0.0080762834495878,0
3101,JOB_11973,CV_611,-1,0,-1,-1,1,0.004445064433151091,0
3102,JOB_11973,CV_3647,-1,-1,1,-1,-1,0.0015442935692705172,0
3103,JOB_11973,CV_2385,-1,-1,-1,-1,1,0.00040573633479455186,0
3104,JOB_11973,CV_3657,-1,0,1,-1,-1,0.016728886119059285,0
3105,JOB_11973,CV_2369,-1,0,1,-1,-1,0.016728886119059285,0
3106,JOB_11973,CV_3757,-1,0,-1,-1,-1,0.0008827918008007309,0
3107,JOB_11973,CV_2492,-1,0,1,-1,-1,0.016728886119059285,0
3108,JOB_11973,CV_538,-1,0,1,-1,1,0.07916723666250709,0
3109,JOB_11973,CV_1690,-1,-1,0,-1,-1,0.0007396380664553713,0
3110,JOB_11973,CV_2157,-1,0,-1,-1,1,0.004445064433151091,0
3111,JOB_11973,CV_3284,-1,0,-1,-1,-1,0.0008827918008007309,0
3112,JOB_11973,CV_1231,-1,0,1,-1,-1,0.016728886119059285,0
3113,JOB_11973,CV_1682,-1,1,-1,-1,-1,0.0018618453328126804,0
3114,JOB_11973,CV_2733,-1,1,-1,1,-1,0.006017180859498359,0
3115,JOB_11973,CV_1632,-1,0,1,-1,-1,0.016728886119059285,0
3116,JOB_11973,CV_3744,-1,0,1,-1,-1,0.016728886119059285,0
3117,JOB_11973,CV_3719,-1,0,-1,-1,-1,0.0008827918008007309,0
3118,JOB_11973,CV_1534,-1,-1,-1,-1,1,0.00040573633479455186,0
3119,JOB_11973,CV_3090,-1,0,1,1,-1,0.05232559089768777,0
3120,JOB_11973,CV_3962,-1,0,-1,-1,1,0.004445064433151091,0
3121,JOB_11973,CV_1639,-1,0,1,-1,-1,0.016728886119059285,0
3122,JOB_11973,CV_1913,-1,0,1,-1,1,0.07916723666250709,0
3123,JOB_11973,CV_251,-1,0,1,-1,-1,0.016728886119059285,0
3124,JOB_11973,CV_1618,-1,0,1,-1,-1,0.016728886119059285,0
3125,JOB_11973,CV_877,-1,0,1,-1,-1,0.016728886119059285,0
3126,JOB_11973,CV_3173,-1,0,1,-1,-1,0.016728886119059285,0
3127,JOB_11973,CV_2420,-1,1,0,-1,-1,0.01689829239252925,0
3128,JOB_11973,CV_3098,-1,0,1,-1,-1,0.016728886119059285,0
3129,JOB_11973,CV_665,-1,0,1,1,-1,0.05232559089768777,0
3130,JOB_11973,CV_1122,-1,0,1,-1,-1,0.016728886119059285,0
3131,JOB_11973,CV_116,-1,0,-1,-1,-1,0.0008827918008007309,0
3132,JOB_11973,CV_722,-1,0,-1,-1,1,0.004445064433151091,0
3133,JOB_11973,CV_924,-1,0,1,-1,1,0.07916723666250709,0
3134,JOB_11973,CV_3075,-1,0,-1,-1,-1,0.0008827918008007309,0
3135,JOB_11973,CV_2550,-1,0,-1,-1,-1,0.0008827918008007309,0
3136,JOB_11973,CV_2752,-1,0,1,-1,-1,0.016728886119059285,0
3137,JOB_11973,CV_661,-1,0,-1,-1,-1,0.0008827918008007309,0
3138,JOB_11973,CV_929,-1,-1,1,-1,-1,0.0015442935692705172,0
3139,JOB_11973,CV_1860,-1,0,0,-1,-1,0.0080762834495878,0
3140,JOB_11973,CV_2555,-1,0,-1,-1,-1,0.0008827918008007309,0
3141,JOB_11973,CV_1751,-1,0,-1,-1,-1,0.0008827918008007309,0
3142,JOB_11973,CV_3563,-1,0,-1,-1,1,0.004445064433151091,0
3143,JOB_11973,CV_481,-1,1,-1,-1,1,0.009337905367753526,0
3144,JOB_11973,CV_469,-1,0,1,-1,-1,0.016728886119059285,0
3145,JOB_11973,CV_1161,-1,0,1,-1,-1,0.016728886119059285,0
3146,JOB_11973,CV_2965,-1,0,1,-1,-1,0.016728886119059285,0
3147,JOB_11973,CV_2476,-1,0,1,-1,-1,0.016728886119059285,0
3148,JOB_11973,CV_2579,-1,0,-1,-1,1,0.004445064433151091,0
3149,JOB_11973,CV_2766,-1,0,1,-1,-1,0.016728886119059285,0
3150,JOB_11973,CV_2553,-1,0,1,1,-1,0.05232559089768777,0
3151,JOB_11973,CV_2069,-1,0,-1,-1,1,0.004445064433151091,0
3152,JOB_11973,CV_1633,-1,0,1,-1,-1,0.016728886119059285,0
3153,JOB_11973,CV_622,-1,1,0,-1,-1,0.01689829239252925,0
3154,JOB_11973,CV_3500,-1,0,1,-1,1,0.07916723666250709,0
3155,JOB_11973,CV_2402,-1,0,0,-1,-1,0.0080762834495878,0
3156,JOB_11973,CV_1742,-1,0,1,-1,-1,0.016728886119059285,0
3157,JOB_11973,CV_1494,-1,0,1,1,1,0.21814771844744296,0
3158,JOB_11973,CV_1795,-1,-1,-1,-1,1,0.00040573633479455186,0
3159,JOB_11973,CV_3685,-1,0,-1,-1,-1,0.0008827918008007309,0
3160,JOB_11973,CV_788,-1,0,-1,-1,-1,0.0008827918008007309,0
3161,JOB_11973,CV_296,-1,0,0,-1,-1,0.0080762834495878,0
3162,JOB_11973,CV_2039,-1,0,1,-1,-1,0.016728886119059285,0
3163,JOB_11973,CV_1172,-1,0,1,-1,1,0.07916723666250709,0
3164,JOB_11973,CV_2441,-1,0,-1,-1,-1,0.0008827918008007309,0
3165,JOB_11973,CV_1085,-1,0,-1,-1,1,0.004445064433151091,0
3166,JOB_11973,CV_1898,-1,1,1,-1,1,0.15361803787121434,0
3167,JOB_11973,CV_1517,-1,0,0,-1,-1,0.0080762834495878,0
3168,JOB_11973,CV_2830,-1,1,0,-1,1,0.07991753891832785,0
3169,JOB_11973,CV_3792,-1,-1,0,-1,-1,0.0007396380664553713,0
3170,JOB_11973,CV_085,-1,0,1,-1,-1,0.016728886119059285,0
3171,JOB_11973,CV_3094,-1,0,-1,-1,-1,0.0008827918008007309,0
3172,JOB_11973,CV_2877,-1,-1,1,1,-1,0.004994451571761179,0
3173,JOB_11973,CV_1796,-1,1,0,-1,-1,0.01689829239252925,0
3174,JOB_11973,CV_1380,-1,0,1,-1,1,0.07916723666250709,0
3175,JOB_11973,CV_999,-1,0,-1,-1,-1,0.0008827918008007309,0
3176,JOB_11973,CV_3710,-1,0,1,-1,-1,0.016728886119059285,0
3177,JOB_11973,CV_421,-1,0,0,-1,-1,0.0080762834495878,0
3178,JOB_11973,CV_2253,-1,0,1,-1,1,0.07916723666250709,0
3179,JOB_11973,CV_2638,-1,0,-1,-1,1,0.004445064433151091,0
3180,JOB_11973,CV_1781,-1,0,-1,-1,1,0.004445064433151091,0
3181,JOB_11973,CV_1070,-1,0,1,-1,-1,0.016728886119059285,0
3182,JOB_11973,CV_3015,-1,0,0,-1,-1,0.0080762834495878,0
3183,JOB_11973,CV_3949,-1,0,1,-1,1,0.07916723666250709,0
3184,JOB_11973,CV_1138,-1,0,1,-1,-1,0.016728886119059285,0
3185,JOB_11973,CV_160,-1,0,-1,1,-1,0.002859298785317209,0
3186,JOB_11973,CV_869,-1,0,-1,-1,-1,0.0008827918008007309,0
3187,JOB_11973,CV_2341,-1,0,-1,-1,-1,0.0008827918008007309,0
3188,JOB_11973,CV_2541,-1,0,-1,-1,-1,0.0008827918008007309,0
3189,JOB_11973,CV_3547,-1,0,-1,-1,-1,0.0008827918008007309,0
3190,JOB_11973,CV_879,-1,0,1,-1,-1,0.016728886119059285,0
3191,JOB_11973,CV_3088,-1,0,1,-1,1,0.07916723666250709,0
3192,JOB_11973,CV_1355,-1,0,-1,-1,-1,0.0008827918008007309,0
3193,JOB_11973,CV_813,-1,1,1,1,1,0.3706850697644348,0
3194,JOB_11973,CV_2913,-1,1,1,-1,1,0.15361803787121434,0
3195,JOB_11973,CV_2615,-1,0,-1,-1,1,0.004445064433151091,0
3196,JOB_11973,CV_1068,-1,0,-1,-1,-1,0.0008827918008007309,0
3197,JOB_11973,CV_2038,-1,0,-1,-1,1,0.004445064433151091,0
3198,JOB_11973,CV_1636,-1,1,1,1,-1,0.10439562230127407,0
3199,JOB_11973,CV_605,-1,0,-1,-1,-1,0.0008827918008007309,0
3200,JOB_4315,CV_1380,-1,0,1,-1,1,0.07916723666250709,0
3201,JOB_4315,CV_2537,-1,0,1,-1,-1,0.016728886119059285,0
3202,JOB_4315,CV_2341,-1,0,-1,-1,-1,0.0008827918008007309,0
3203,JOB_4315,CV_3744,-1,-1,1,-1,-1,0.0015442935692705172,0
3204,JOB_4315,CV_2402,-1,0,0,-1,-1,0.0080762834495878,0
3205,JOB_4315,CV_2550,-1,-1,-1,-1,-1,8.03182586734358e-05,0
3206,JOB_4315,CV_640,-1,0,1,-1,1,0.07916723666250709,0
3207,JOB_4315,CV_040,-1,0,-1,-1,-1,0.0008827918008007309,0
3208,JOB_4315,CV_2830,-1,0,0,-1,1,0.03951787161985485,0
3209,JOB_4315,CV_2441,-1,1,-1,-1,-1,0.0018618453328126804,0
3210,JOB_4315,CV_3075,-1,0,-1,-1,-1,0.0008827918008007309,0
3211,JOB_4315,CV_1138,-1,0,1,-1,-1,0.016728886119059285,0
3212,JOB_4315,CV_1036,1,0,1,-1,-1,0.2832010598158251,0
3213,JOB_4315,CV_1224,-1,-1,-1,-1,1,0.00040573633479455186,0
3214,JOB_4315,CV_137,-1,-1,0,-1,-1,0.0007396380664553713,0
3215,JOB_4315,CV_223,-1,0,-1,-1,-1,0.0008827918008007309,0
3216,JOB_4315,CV_538,-1,-1,1,-1,1,0.0077551622213322515,0
3217,JOB_4315,CV_1881,-1,1,0,-1,-1,0.01689829239252925,0
3218,JOB_4315,CV_3929,-1,0,0,-1,-1,0.0080762834495878,0
3219,JOB_4315,CV_1803,-1,1,-1,-1,1,0.009337905367753526,0
3220,JOB_4315,CV_622,-1,0,0,-1,-1,0.0080762834495878,0
3221,JOB_4315,CV_3719,-1,0,-1,-1,-1,0.0008827918008007309,0
3222,JOB_4315,CV_1325,-1,0,1,-1,-1,0.016728886119059285,0
3223,JOB_4315,CV_1971,-1,0,-1,-1,-1,0.0008827918008007309,0
3224,JOB_4315,CV_1961,-1,0,1,-1,1,0.07916723666250709,0
3225,JOB_4315,CV_964,-1,0,1,-1,-1,0.016728886119059285,0
3226,JOB_4315,CV_601,1,0,1,-1,-1,0.2832010598158251,0
3227,JOB_4315,CV_3173,1,0,1,-1,-1,0.2832010598158251,0
3228,JOB_4315,CV_2495,1,0,-1,-1,1,0.09394450948240785,0
3229,JOB_4315,CV_3197,-1,0,1,-1,1,0.07916723666250709,0
3230,JOB_4315,CV_3657,-1,0,1,-1,-1,0.016728886119059285,0
3231,JOB_4315,CV_2555,-1,0,-1,-1,-1,0.0008827918008007309,0
3232,JOB_4315,CV_2953,-1,0,1,-1,1,0.07916723666250709,0
3233,JOB_4315,CV_3685,-1,0,-1,-1,-1,0.0008827918008007309,0
3234,JOB_4315,CV_1632,-1,0,1,-1,-1,0.016728886119059285,0
3235,JOB_4315,CV_3176,-1,0,0,-1,-1,0.0080762834495878,0
3236,JOB_4315,CV_140,-1,-1,-1,-1,1,0.00040573633479455186,0
3237,JOB_4315,CV_924,-1,0,1,-1,1,0.07916723666250709,0
3238,JOB_4315,CV_3088,1,0,1,-1,1,0.6662769058878664,1
3239,JOB_4315,CV_1090,-1,0,-1,-1,-1,0.0008827918008007309,0
3240,JOB_4315,CV_3299,-1,1,-1,-1,1,0.009337905367753526,0
3241,JOB_4315,CV_2369,-1,0,1,-1,-1,0.016728886119059285,0
3242,JOB_4315,CV_929,-1,-1,1,-1,-1,0.0015442935692705172,0
3243,JOB_4315,CV_246,-1,0,-1,-1,-1,0.0008827918008007309,0
3244,JOB_4315,CV_2766,-1,-1,1,-1,-1,0.0015442935692705172,0
3245,JOB_4315,CV_3478,-1,0,1,-1,-1,0.016728886119059285,0
3246,JOB_4315,CV_2553,1,-1,1,-1,-1,0.03467206510442167,0
3247,JOB_4315,CV_3093,-1,0,-1,-1,-1,0.0008827918008007309,0
3248,JOB_4315,CV_2207,1,-1,1,-1,-1,0.03467206510442167,0
3249,JOB_4315,CV_618,-1,0,1,-1,1,0.07916723666250709,0
3250,JOB_4315,CV_877,-1,0,1,-1,-1,0.016728886119059285,0
3251,JOB_4315,CV_3181,-1,0,1,-1,1,0.07916723666250709,0
3252,JOB_4315,CV_3782,-1,0,0,-1,-1,0.0080762834495878,0
3253,JOB_4315,CV_1309,1,0,-1,-1,-1,0.02010595680604062,0
3254,JOB_4315,CV_3039,-1,0,1,-1,-1,0.016728886119059285,0
3255,JOB_4315,CV_1517,-1,1,0,-1,-1,0.01689829239252925,0
3256,JOB_4315,CV_296,-1,0,0,-1,-1,0.0080762834495878,0
3257,JOB_4315,CV_2380,-1,0,1,-1,-1,0.016728886119059285,0
3258,JOB_4315,CV_1577,-1,1,-1,-1,-1,0.0018618453328126804,0
3259,JOB_4315,CV_3636,-1,0,-1,-1,-1,0.0008827918008007309,0
3260,JOB_4315,CV_1068,-1,0,-1,-1,-1,0.0008827918008007309,0
3261,JOB_4315,CV_3722,1,0,-1,-1,-1,0.02010595680604062,0
3262,JOB_4315,CV_233,1,0,1,-1,-1,0.2832010598158251,0
3263,JOB_4315,CV_3543,-1,0,1,-1,-1,0.016728886119059285,0
3264,JOB_4315,CV_2723,-1,0,-1,-1,1,0.004445064433151091,0
3265,JOB_4315,CV_1636,1,0,1,-1,-1,0.2832010598158251,0
3266,JOB_4315,CV_2492,-1,0,1,-1,-1,0.016728886119059285,0
3267,JOB_4315,CV_2445,-1,0,-1,-1,1,0.004445064433151091,0
3268,JOB_4315,CV_1015,-1,-1,0,-1,1,0.0037264061914744602,0
3269,JOB_4315,CV_028,1,0,1,-1,-1,0.2832010598158251,0
3270,JOB_4315,CV_2733,-1,1,-1,-1,-1,0.0018618453328126804,0
3271,JOB_4315,CV_1639,-1,0,1,-1,-1,0.016728886119059285,0
3272,JOB_4315,CV_3200,-1,0,1,-1,1,0.07916723666250709,0
3273,JOB_4315,CV_2177,-1,0,1,-1,-1,0.016728886119059285,0
3274,JOB_4315,CV_1807,-1,-1,1,-1,1,0.0077551622213322515,0
3275,JOB_4315,CV_3949,-1,0,1,-1,1,0.07916723666250709,0
3276,JOB_4315,CV_611,-1,0,-1,-1,1,0.004445064433151091,0
3277,JOB_4315,CV_1618,-1,0,1,-1,-1,0.016728886119059285,0
3278,JOB_4315,CV_2913,-1,0,1,-1,1,0.07916723666250709,0
3279,JOB_4315,CV_187,-1,0,1,-1,-1,0.016728886119059285,0
3280,JOB_4315,CV_3791,-1,0,1,-1,1,0.07916723666250709,0
3281,JOB_4315,CV_3533,-1,-1,1,-1,-1,0.0015442935692705172,0
3282,JOB_4315,CV_1287,-1,0,1,-1,1,0.07916723666250709,0
3283,JOB_4315,CV_2157,1,0,-1,-1,1,0.09394450948240785,0
3284,JOB_4315,CV_272,-1,0,-1,-1,1,0.004445064433151091,0
3285,JOB_4315,CV_3094,-1,0,-1,-1,-1,0.0008827918008007309,0
3286,JOB_4315,CV_1151,-1,-1,-1,-1,-1,8.03182586734358e-05,0
3287,JOB_4315,CV_1252,-1,0,1,-1,1,0.07916723666250709,0
3288,JOB_4315,CV_3500,-1,-1,1,-1,1,0.0077551622213322515,0
3289,JOB_4315,CV_2415,-1,-1,1,-1,-1,0.0015442935692705172,0
3290,JOB_4315,CV_3670,-1,1,-1,-1,1,0.009337905367753526,0
3291,JOB_4315,CV_1231,-1,0,1,-1,-1,0.016728886119059285,0
3292,JOB_4315,CV_1742,-1,0,1,-1,-1,0.016728886119059285,0
3293,JOB_4315,CV_1739,-1,0,0,-1,1,0.03951787161985485,0
3294,JOB_4315,CV_3962,-1,0,-1,-1,1,0.004445064433151091,0
3295,JOB_4315,CV_2436,-1,0,1,-1,1,0.07916723666250709,0
3296,JOB_4315,CV_1751,1,0,-1,-1,-1,0.02010595680604062,0
3297,JOB_4315,CV_1019,-1,0,-1,-1,1,0.004445064433151091,0
3298,JOB_4315,CV_665,-1,-1,1,-1,-1,0.0015442935692705172,0
3299,JOB_4315,CV_3733,-1,0,-1,-1,-1,0.0008827918008007309,0
3400,JOB_3962,CV_3093,-1,0,-1,-1,-1,0.0008827918008007309,0
3401,JOB_3962,CV_605,-1,-1,-1,1,-1,0.00026061368312641647,0
3402,JOB_3962,CV_233,-1,0,1,1,-1,0.05232559089768777,0
3403,JOB_3962,CV_879,-1,1,1,1,-1,0.10439562230127407,0
3404,JOB_3962,CV_3546,-1,0,-1,-1,-1,0.0008827918008007309,0
3405,JOB_3962,CV_2596,-1,-1,-1,-1,-1,8.03182586734358e-05,0
3406,JOB_3962,CV_085,-1,1,1,1,-1,0.10439562230127407,0
3407,JOB_3962,CV_2420,-1,0,0,1,-1,0.025743514038269317,0
3408,JOB_3962,CV_3094,-1,0,-1,1,-1,0.002859298785317209,0
3409,JOB_3962,CV_2380,-1,1,1,1,-1,0.10439562230127407,0
3410,JOB_3962,CV_263,-1,0,1,1,-1,0.05232559089768777,0
3411,JOB_3962,CV_3722,-1,0,-1,1,-1,0.002859298785317209,0
3412,JOB_3962,CV_2166,-1,0,-1,0,-1,0.0015096485596628858,0
3413,JOB_3962,CV_2239,-1,0,1,-1,1,0.07916723666250709,0
3414,JOB_3962,CV_3500,-1,1,1,1,1,0.3706850697644348,0
3415,JOB_3962,CV_1639,-1,-1,1,0,-1,0.002639631480061397,0
3416,JOB_3962,CV_3455,-1,0,-1,-1,-1,0.0008827918008007309,0
3417,JOB_3962,CV_611,-1,0,-1,1,1,0.014283223220999536,0
3418,JOB_3962,CV_1807,-1,0,1,1,1,0.21814771844744296,0
3419,JOB_3962,CV_505,-1,0,1,1,-1,0.05232559089768777,0
3420,JOB_3962,CV_1913,-1,1,1,1,1,0.3706850697644348,0
3421,JOB_3962,CV_1019,1,1,-1,1,1,0.4153336068819501,0
3422,JOB_3962,CV_116,-1,0,-1,1,-1,0.002859298785317209,0
3423,JOB_3962,CV_046,-1,-1,0,1,-1,0.002396402946724275,0
3424,JOB_3962,CV_3090,-1,0,1,1,-1,0.05232559089768777,0
3425,JOB_3962,CV_2294,-1,0,0,1,-1,0.025743514038269317,0
3426,JOB_3962,CV_999,-1,0,-1,1,-1,0.002859298785317209,0
3427,JOB_3962,CV_631,-1,0,1,1,-1,0.05232559089768777,0
3428,JOB_3962,CV_1633,-1,0,1,1,-1,0.05232559089768777,0
3429,JOB_3962,CV_080,-1,1,1,1,1,0.3706850697644348,0
3430,JOB_3962,CV_1231,-1,1,1,-1,-1,0.034672065104421654,0
3431,JOB_3962,CV_040,-1,-1,-1,1,-1,0.00026061368312641647,0
3432,JOB_3962,CV_2550,-1,0,-1,1,-1,0.002859298785317209,0
3433,JOB_3962,CV_3945,-1,0,0,1,-1,0.025743514038269317,0
3434,JOB_3962,CV_1241,-1,0,1,0,-1,0.02828921519950765,0
3435,JOB_3962,CV_665,-1,0,1,1,-1,0.05232559089768777,0
3436,JOB_3962,CV_3792,-1,0,0,-1,-1,0.0080762834495878,0
3437,JOB_3962,CV_622,-1,1,0,1,-1,0.05283609976798728,0
3438,JOB_3962,CV_3625,-1,0,-1,1,1,0.014283223220999536,0
3439,JOB_3962,CV_1355,-1,0,-1,1,-1,0.002859298785317209,0
3440,JOB_3962,CV_1632,-1,0,1,-1,-1,0.016728886119059285,0
3441,JOB_3962,CV_3929,-1,1,0,1,-1,0.05283609976798728,0
3442,JOB_3962,CV_788,-1,0,-1,1,-1,0.002859298785317209,0
3443,JOB_3962,CV_1618,-1,1,1,-1,-1,0.034672065104421654,0
3444,JOB_3962,CV_813,-1,1,1,-1,1,0.15361803787121434,0
3445,JOB_3962,CV_3782,-1,1,0,1,-1,0.05283609976798728,0
3446,JOB_3962,CV_3547,-1,0,-1,1,-1,0.002859298785317209,0
3447,JOB_3962,CV_884,-1,1,-1,1,-1,0.006017180859498359,0
3448,JOB_3962,CV_2869,-1,0,-1,-1,1,0.004445064433151091,0
3449,JOB_3962,CV_1739,-1,0,0,1,1,0.11779695264608223,0
3450,JOB_3962,CV_1860,1,1,0,1,-1,0.5643491956570692,1
3451,JOB_3962,CV_296,-1,1,0,1,-1,0.05283609976798728,0
3452,JOB_3962,CV_1494,-1,1,1,1,1,0.3706850697644348,0
3453,JOB_3962,CV_433,-1,1,0,1,-1,0.05283609976798728,0
3454,JOB_3962,CV_3663,-1,1,1,-1,-1,0.034672065104421654,0
3455,JOB_3962,CV_2769,-1,0,0,1,1,0.11779695264608223,0
3456,JOB_3962,CV_187,-1,1,1,1,-1,0.10439562230127407,0
3457,JOB_3962,CV_3753,-1,1,-1,1,-1,0.006017180859498359,0
3458,JOB_3962,CV_2992,-1,0,-1,1,-1,0.002859298785317209,0
3459,JOB_3962,CV_1015,-1,0,0,1,1,0.11779695264608223,0
3460,JOB_3962,CV_2732,-1,1,-1,1,-1,0.006017180859498359,0
3461,JOB_3962,CV_2177,-1,0,1,-1,-1,0.016728886119059285,0
3462,JOB_3962,CV_1325,-1,1,1,1,-1,0.10439562230127407,0
3463,JOB_3962,CV_2445,-1,0,-1,1,1,0.014283223220999536,0
3464,JOB_3962,CV_3738,-1,1,1,0,-1,0.05790168407977278,0
3465,JOB_3962,CV_2579,-1,0,-1,1,1,0.014283223220999536,0
3466,JOB_3962,CV_2615,-1,1,-1,1,1,0.029682404125509716,0
3467,JOB_3962,CV_2858,-1,1,1,1,-1,0.10439562230127407,0
3468,JOB_3962,CV_3399,-1,0,1,1,-1,0.05232559089768777,0
3469,JOB_3962,CV_3789,-1,0,1,1,-1,0.05232559089768777,0
3470,JOB_3962,CV_1309,-1,0,-1,1,-1,0.002859298785317209,0
3471,JOB_3962,CV_1036,-1,1,1,-1,-1,0.034672065104421654,0
3472,JOB_3962,CV_2024,-1,0,1,0,-1,0.02828921519950765,0
3473,JOB_3962,CV_2015,-1,1,0,-1,-1,0.01689829239252925,0
3474,JOB_3962,CV_2766,-1,0,1,-1,-1,0.016728886119059285,0
3475,JOB_3962,CV_2658,-1,0,-1,1,-1,0.002859298785317209,0
3476,JOB_3962,CV_640,-1,1,1,1,1,0.3706850697644348,0
3477,JOB_3962,CV_2584,-1,1,-1,1,1,0.029682404125509716,0
3478,JOB_3962,CV_2752,-1,1,1,1,-1,0.10439562230127407,0
3479,JOB_3962,CV_2638,-1,1,-1,1,1,0.029682404125509716,0
3480,JOB_3962,CV_1963,-1,1,0,1,-1,0.05283609976798728,0
3481,JOB_3962,CV_2672,-1,1,1,-1,-1,0.034672065104421654,0
3482,JOB_3962,CV_1068,-1,0,-1,1,-1,0.002859298785317209,0
3483,JOB_3962,CV_3791,1,0,1,1,1,0.8662980893274425,1
3484,JOB_3962,CV_1534,-1,0,-1,1,1,0.014283223220999536,0
3485,JOB_3962,CV_1138,-1,1,1,1,-1,0.10439562230127407,0
3486,JOB_3962,CV_3949,-1,0,1,1,1,0.21814771844744296,0
3487,JOB_3962,CV_3145,-1,0,1,-1,1,0.07916723666250709,0
3488,JOB_3962,CV_3636,-1,0,-1,-1,-1,0.0008827918008007309,0
3489,JOB_3962,CV_307,-1,0,0,1,-1,0.025743514038269317,0
3490,JOB_3962,CV_1070,-1,1,1,1,-1,0.10439562230127407,0
3491,JOB_3962,CV_3647,-1,0,1,0,-1,0.02828921519950765,0
3492,JOB_3962,CV_251,-1,0,1,0,-1,0.02828921519950765,0
3493,JOB_3962,CV_869,-1,1,-1,1,-1,0.006017180859498359,0
3494,JOB_3962,CV_2253,-1,0,1,1,1,0.21814771844744296,0
3495,JOB_3962,CV_3429,-1,-1,-1,-1,-1,8.03182586734358e-05,0
3496,JOB_3962,CV_176,-1,0,-1,1,1,0.014283223220999536,0
3497,JOB_3962,CV_3015,-1,0,0,1,-1,0.025743514038269317,0
3498,JOB_3962,CV_1090,-1,1,-1,1,-1,0.006017180859498359,0
3499,JOB_3962,CV_538,-1,-1,1,-1,1,0.0077551622213322515,0
3500,JOB_11854,CV_1971,-1,0,-1,1,-1,0.002859298785317209,0
3501,JOB_11854,CV_1151,-1,-1,-1,1,-1,0.00026061368312641647,0
3502,JOB_11854,CV_388,-1,0,-1,1,-1,0.002859298785317209,0
3503,JOB_11854,CV_1687,-1,0,1,1,-1,0.05232559089768777,0
3504,JOB_11854,CV_1287,-1,0,1,-1,1,0.07916723666250709,0
3505,JOB_11854,CV_3710,-1,-1,1,1,-1,0.004994451571761179,0
3506,JOB_11854,CV_3075,-1,0,-1,1,-1,0.002859298785317209,0
3507,JOB_11854,CV_2961,-1,0,0,1,1,0.11779695264608223,0
3508,JOB_11854,CV_2992,-1,-1,-1,1,-1,0.00026061368312641647,0
3509,JOB_11854,CV_176,-1,0,-1,1,1,0.014283223220999536,0
3510,JOB_11854,CV_1480,-1,0,-1,0,1,0.007582239379063284,0
3511,JOB_11854,CV_263,-1,0,1,1,-1,0.05232559089768777,0
3512,JOB_11854,CV_3399,-1,0,1,1,-1,0.05232559089768777,0
3513,JOB_11854,CV_1807,-1,-1,1,1,1,0.024737444512838436,0
3514,JOB_11854,CV_3719,1,0,-1,0,-1,0.03391947242677372,0
3515,JOB_11854,CV_2392,-1,-1,1,1,-1,0.004994451571761179,0
3516,JOB_11854,CV_640,-1,0,1,1,1,0.21814771844744296,0
3517,JOB_11854,CV_3093,-1,0,-1,-1,-1,0.0008827918008007309,0
3518,JOB_11854,CV_2965,-1,0,1,1,-1,0.05232559089768777,0
3519,JOB_11854,CV_2207,-1,-1,1,0,-1,0.002639631480061397,0
3520,JOB_11854,CV_1085,-1,0,-1,1,1,0.014283223220999536,0
3521,JOB_11854,CV_2327,-1,0,-1,1,-1,0.002859298785317209,0
3522,JOB_11854,CV_1309,-1,-1,-1,0,-1,0.00013742938756156384,0
3523,JOB_11854,CV_3757,-1,0,-1,1,-1,0.002859298785317209,0
3524,JOB_11854,CV_278,-1,1,1,1,-1,0.10439562230127407,0
3525,JOB_11854,CV_1325,-1,0,1,0,-1,0.02828921519950765,0
3526,JOB_11854,CV_538,-1,-1,1,-1,1,0.0077551622213322515,0
3527,JOB_11854,CV_2977,1,0,1,1,-1,0.5618280036801903,1
3528,JOB_11854,CV_3090,1,0,1,1,-1,0.5618280036801903,1
3529,JOB_11854,CV_1993,-1,0,-1,1,-1,0.002859298785317209,0
3530,JOB_11854,CV_2749,-1,0,0,1,-1,0.025743514038269317,0
3531,JOB_11854,CV_2038,-1,1,-1,-1,1,0.009337905367753526,0
3532,JOB_11854,CV_1517,-1,1,0,1,-1,0.05283609976798728,0
3533,JOB_11854,CV_1224,-1,0,-1,1,1,0.014283223220999536,0
3534,JOB_11854,CV_137,-1,0,0,0,-1,0.01374087676851104,0
3535,JOB_11854,CV_2584,-1,0,-1,1,1,0.014283223220999536,0
3536,JOB_11854,CV_3722,1,0,-1,1,-1,0.06243232352062822,0
3537,JOB_11854,CV_2441,-1,0,-1,0,-1,0.0015096485596628858,0
3538,JOB_11854,CV_251,-1,0,1,0,-1,0.02828921519950765,0
3539,JOB_11854,CV_2369,-1,-1,1,1,-1,0.004994451571761179,0
3540,JOB_11854,CV_2553,-1,-1,1,1,-1,0.004994451571761179,0
3541,JOB_11854,CV_1632,-1,0,1,-1,-1,0.016728886119059285,0
3542,JOB_11854,CV_2830,-1,0,0,0,1,0.06577288027095901,0
3543,JOB_11854,CV_3500,-1,0,1,0,1,0.12824728097545876,0
3544,JOB_11854,CV_1036,-1,0,1,-1,-1,0.016728886119059285,0
3545,JOB_11854,CV_3197,-1,0,1,0,1,0.12824728097545876,0
3546,JOB_11854,CV_1245,-1,-1,1,0,-1,0.002639631480061397,0
3547,JOB_11854,CV_3088,-1,-1,1,1,1,0.024737444512838436,0
3548,JOB_11854,CV_1810,-1,0,-1,1,1,0.014283223220999536,0
3549,JOB_11854,CV_601,-1,-1,1,0,-1,0.002639631480061397,0
3550,JOB_11854,CV_2024,-1,0,1,0,-1,0.02828921519950765,0
3551,JOB_11854,CV_2638,-1,0,-1,1,1,0.014283223220999536,0
3552,JOB_11854,CV_3782,-1,0,0,1,-1,0.025743514038269317,0
3553,JOB_11854,CV_421,1,0,0,1,-1,0.38027475032094427,0
3554,JOB_11854,CV_3685,-1,0,-1,0,-1,0.0015096485596628858,0
3555,JOB_11854,CV_2596,-1,-1,-1,-1,-1,8.03182586734358e-05,0
3556,JOB_11854,CV_605,-1,-1,-1,1,-1,0.00026061368312641647,0
3557,JOB_11854,CV_2415,-1,-1,1,-1,-1,0.0015442935692705172,0
3558,JOB_11854,CV_2366,-1,0,1,1,-1,0.05232559089768777,0
3559,JOB_11854,CV_3792,-1,0,0,-1,-1,0.0080762834495878,0
3560,JOB_11854,CV_2379,-1,-1,1,-1,-1,0.0015442935692705172,0
3561,JOB_11854,CV_040,-1,-1,-1,1,-1,0.00026061368312641647,0
3562,JOB_11854,CV_223,-1,0,-1,1,-1,0.002859298785317209,0
3563,JOB_11854,CV_788,-1,-1,-1,0,-1,0.00013742938756156384,0
3564,JOB_11854,CV_3546,-1,-1,-1,-1,-1,8.03182586734358e-05,0
3565,JOB_11854,CV_337,-1,0,-1,1,1,0.014283223220999536,0
3566,JOB_11854,CV_2953,-1,0,1,-1,1,0.07916723666250709,0
3567,JOB_11854,CV_3970,-1,-1,-1,1,1,0.0013155570174856266,0
3568,JOB_11854,CV_1785,-1,0,-1,0,1,0.007582239379063284,0
3569,JOB_11854,CV_2492,-1,0,1,0,-1,0.02828921519950765,0
3570,JOB_11854,CV_469,-1,0,1,0,-1,0.02828921519950765,0
3571,JOB_11854,CV_3200,-1,0,1,1,1,0.21814771844744296,0
3572,JOB_11854,CV_3051,-1,-1,1,1,-1,0.004994451571761179,0
3573,JOB_11854,CV_2294,-1,0,0,0,-1,0.01374087676851104,0
3574,JOB_11854,CV_2766,-1,-1,1,-1,-1,0.0015442935692705172,0
3575,JOB_11854,CV_1636,1,0,1,0,-1,0.40336398430354964,0
3576,JOB_11854,CV_2514,-1,0,-1,0,-1,0.0015096485596628858,0
3577,JOB_11854,CV_085,-1,0,1,0,-1,0.02828921519950765,0
3578,JOB_11854,CV_2913,-1,0,1,1,1,0.21814771844744296,0
3579,JOB_11854,CV_160,-1,0,-1,-1,-1,0.0008827918008007309,0
3580,JOB_11854,CV_1070,-1,0,1,1,-1,0.05232559089768777,0
3581,JOB_11854,CV_1739,-1,-1,0,1,1,0.0119931365693721,0
3582,JOB_11854,CV_028,1,0,1,1,-1,0.5618280036801903,1
3583,JOB_11854,CV_1577,-1,-1,-1,1,-1,0.00026061368312641647,0
3584,JOB_11854,CV_477,-1,-1,1,-1,1,0.0077551622213322515,0
3585,JOB_11854,CV_3414,-1,0,-1,1,-1,0.002859298785317209,0
3586,JOB_11854,CV_631,1,0,1,0,-1,0.40336398430354964,0
3587,JOB_11854,CV_1639,1,-1,1,0,-1,0.057901684079772725,0
3588,JOB_11854,CV_1494,-1,0,1,0,1,0.12824728097545876,0
3589,JOB_11854,CV_116,-1,0,-1,1,-1,0.002859298785317209,0
3590,JOB_11854,CV_1090,-1,0,-1,1,-1,0.002859298785317209,0
3591,JOB_11854,CV_1690,-1,0,0,1,-1,0.025743514038269317,0
3592,JOB_11854,CV_2658,-1,0,-1,0,-1,0.0015096485596628858,0
3593,JOB_11854,CV_999,-1,0,-1,1,-1,0.002859298785317209,0
3594,JOB_11854,CV_2420,-1,0,0,1,-1,0.025743514038269317,0
3595,JOB_11854,CV_3733,-1,0,-1,0,-1,0.0015096485596628858,0
3596,JOB_11854,CV_1618,-1,0,1,-1,-1,0.016728886119059285,0
3597,JOB_11854,CV_2723,-1,-1,-1,1,1,0.0013155570174856266,0
3598,JOB_11854,CV_2541,-1,0,-1,1,-1,0.002859298785317209,0
3599,JOB_11854,CV_634,-1,0,-1,0,-1,0.0015096485596628858,0
3600,JOB_11861,CV_388,1,1,-1,-1,-1,0.04151838996869751,0
3601,JOB_11861,CV_2961,-1,1,0,0,1,0.1293973718407125,0
3602,JOB_11861,CV_3399,-1,1,1,0,-1,0.05790168407977278,0
3603,JOB_11861,CV_3647,-1,0,1,0,-1,0.02828921519950765,0
3604,JOB_11861,CV_085,-1,1,1,0,-1,0.05790168407977278,0
3605,JOB_11861,CV_2869,-1,0,-1,-1,1,0.004445064433151091,0
3606,JOB_11861,CV_3789,1,0,1,0,-1,0.40336398430354964,0
3607,JOB_11861,CV_1151,-1,0,-1,0,-1,0.0015096485596628858,0
3608,JOB_11861,CV_2024,-1,1,1,0,-1,0.05790168407977278,0
3609,JOB_11861,CV_3710,-1,0,1,0,-1,0.02828921519950765,0
3610,JOB_11861,CV_2341,-1,1,-1,0,-1,0.003181698906503991,0
3611,JOB_11861,CV_2550,-1,1,-1,0,-1,0.003181698906503991,0
3612,JOB_11861,CV_3782,-1,1,0,0,-1,0.028572286214813686,0
3613,JOB_11861,CV_3727,-1,0,1,0,1,0.12824728097545876,0
3614,JOB_11861,CV_2436,-1,1,1,0,1,0.23697590875267444,0
3615,JOB_11861,CV_3533,-1,0,1,0,-1,0.02828921519950765,0
3616,JOB_11861,CV_2953,-1,1,1,-1,1,0.15361803787121434,0
3617,JOB_11861,CV_3181,-1,1,1,0,1,0.23697590875267444,0
3618,JOB_11861,CV_1639,-1,1,1,0,-1,0.05790168407977278,0
3619,JOB_11861,CV_2991,-1,1,1,0,1,0.23697590875267444,0
3620,JOB_11861,CV_3636,-1,1,-1,-1,-1,0.0018618453328126804,0
3621,JOB_11861,CV_3088,1,0,1,0,1,0.7735671682621211,1
3622,JOB_11861,CV_2718,-1,0,0,0,-1,0.01374087676851104,0
3623,JOB_11861,CV_2913,-1,1,1,0,1,0.23697590875267444,0
3624,JOB_11861,CV_884,-1,1,-1,0,-1,0.003181698906503991,0
3625,JOB_11861,CV_813,-1,1,1,-1,1,0.15361803787121434,0
3626,JOB_11861,CV_307,1,0,0,0,-1,0.2444501511049451,0
3627,JOB_11861,CV_2514,-1,1,-1,0,-1,0.003181698906503991,0
3628,JOB_11861,CV_1577,-1,1,-1,0,-1,0.003181698906503991,0
3629,JOB_11861,CV_278,-1,1,1,0,-1,0.05790168407977278,0
3630,JOB_11861,CV_2038,-1,1,-1,-1,1,0.009337905367753526,0
3631,JOB_11861,CV_999,-1,1,-1,0,-1,0.003181698906503991,0
3632,JOB_11861,CV_505,-1,1,1,0,-1,0.05790168407977278,0
3633,JOB_11861,CV_3474,1,0,1,0,1,0.7735671682621211,1
3634,JOB_11861,CV_3792,-1,1,0,-1,-1,0.01689829239252925,0
3635,JOB_11861,CV_2574,-1,0,-1,0,-1,0.0015096485596628858,0
3636,JOB_11861,CV_3719,-1,1,-1,0,-1,0.003181698906503991,0
3637,JOB_11861,CV_3176,-1,1,0,-1,-1,0.01689829239252925,0
3638,JOB_11861,CV_392,-1,0,-1,0,1,0.007582239379063284,0
3639,JOB_11861,CV_3051,-1,0,1,0,-1,0.02828921519950765,0
3640,JOB_11861,CV_2858,-1,1,1,0,-1,0.05790168407977278,0
3641,JOB_11861,CV_3200,1,1,1,0,1,0.878230433461131,1
3642,JOB_11861,CV_263,-1,1,1,0,-1,0.05790168407977278,0
3643,JOB_11861,CV_2877,-1,0,1,0,-1,0.02828921519950765,0
3644,JOB_11861,CV_3547,-1,1,-1,0,-1,0.003181698906503991,0
3645,JOB_11861,CV_1494,-1,1,1,0,1,0.23697590875267444,0
3646,JOB_11861,CV_3173,-1,1,1,0,-1,0.05790168407977278,0
3647,JOB_11861,CV_3962,-1,1,-1,0,1,0.01587322249542733,0
3648,JOB_11861,CV_2977,-1,1,1,0,-1,0.05790168407977278,0
3649,JOB_11861,CV_2541,-1,1,-1,0,-1,0.003181698906503991,0
3650,JOB_11861,CV_3145,-1,0,1,-1,1,0.07916723666250709,0
3651,JOB_11861,CV_028,-1,1,1,0,-1,0.05790168407977278,0
3652,JOB_11861,CV_1682,-1,1,-1,0,-1,0.003181698906503991,0
3653,JOB_11861,CV_3753,-1,1,-1,0,-1,0.003181698906503991,0
3654,JOB_11861,CV_2392,-1,0,1,0,-1,0.02828921519950765,0
3655,JOB_11861,CV_877,-1,0,1,0,-1,0.02828921519950765,0
3656,JOB_11861,CV_2207,-1,0,1,0,-1,0.02828921519950765,0
3657,JOB_11861,CV_2749,1,1,0,0,-1,0.4058326932096575,0
3658,JOB_11861,CV_137,-1,0,0,0,-1,0.01374087676851104,0
3659,JOB_11861,CV_2979,-1,1,1,0,-1,0.05790168407977278,0
3660,JOB_11861,CV_3949,-1,1,1,-1,1,0.15361803787121434,0
3661,JOB_11861,CV_1781,-1,1,-1,0,1,0.01587322249542733,0
3662,JOB_11861,CV_1252,1,1,1,-1,1,0.808239026155528,1
3663,JOB_11861,CV_2489,-1,1,0,0,1,0.1293973718407125,0
3664,JOB_11861,CV_3414,-1,1,-1,0,-1,0.003181698906503991,0
3665,JOB_11861,CV_3133,-1,1,-1,0,1,0.01587322249542733,0
3666,JOB_11861,CV_3098,-1,0,1,0,-1,0.02828921519950765,0
3667,JOB_11861,CV_433,-1,1,0,0,-1,0.028572286214813686,0
3668,JOB_11861,CV_634,-1,1,-1,0,-1,0.003181698906503991,0
3669,JOB_11861,CV_1963,-1,1,0,0,-1,0.028572286214813686,0
3670,JOB_11861,CV_640,1,1,1,0,1,0.878230433461131,1
3671,JOB_11861,CV_2166,-1,1,-1,1,-1,0.006017180859498359,0
3672,JOB_11861,CV_665,-1,0,1,0,-1,0.02828921519950765,0
3673,JOB_11861,CV_1070,-1,1,1,0,-1,0.05790168407977278,0
3674,JOB_11861,CV_080,-1,1,1,0,1,0.23697590875267444,0
3675,JOB_11861,CV_3093,-1,1,-1,-1,-1,0.0018618453328126804,0
3676,JOB_11861,CV_3455,-1,0,-1,-1,-1,0.0008827918008007309,0
3677,JOB_11861,CV_1807,-1,0,1,0,1,0.12824728097545876,0
3678,JOB_11861,CV_2752,-1,1,1,0,-1,0.05790168407977278,0
3679,JOB_11861,CV_2653,-1,1,-1,0,-1,0.003181698906503991,0
3680,JOB_11861,CV_3039,-1,0,1,0,-1,0.02828921519950765,0
3681,JOB_11861,CV_1019,-1,0,-1,0,1,0.007582239379063284,0
3682,JOB_11861,CV_1687,-1,1,1,0,-1,0.05790168407977278,0
3683,JOB_11861,CV_2327,1,1,-1,0,-1,0.06900701774253425,0
3684,JOB_11861,CV_2356,-1,1,-1,0,-1,0.003181698906503991,0
3685,JOB_11861,CV_1742,-1,1,1,0,-1,0.05790168407977278,0
3686,JOB_11861,CV_605,-1,-1,-1,0,-1,0.00013742938756156384,0
3687,JOB_11861,CV_3015,-1,1,0,0,-1,0.028572286214813686,0
3688,JOB_11861,CV_3429,-1,0,-1,-1,-1,0.0008827918008007309,0
3689,JOB_11861,CV_2445,-1,0,-1,0,1,0.007582239379063284,0
3690,JOB_11861,CV_1971,-1,1,-1,0,-1,0.003181698906503991,0
3691,JOB_11861,CV_1881,-1,1,0,-1,-1,0.01689829239252925,0
3692,JOB_11861,CV_622,-1,1,0,0,-1,0.028572286214813686,0
3693,JOB_11861,CV_3970,-1,0,-1,-1,1,0.004445064433151091,0
3694,JOB_11861,CV_1961,-1,1,1,0,1,0.23697590875267444,0
3695,JOB_11861,CV_1480,-1,1,-1,0,1,0.01587322249542733,0
3696,JOB_11861,CV_1325,-1,1,1,0,-1,0.05790168407977278,0
3697,JOB_11861,CV_618,-1,1,1,1,1,0.3706850697644348,0
3698,JOB_11861,CV_296,-1,1,0,0,-1,0.028572286214813686,0
3699,JOB_11861,CV_2369,1,0,1,0,-1,0.40336398430354964,0
3700,JOB_3037,CV_469,-1,1,1,1,1,0.3706850697644348,0
3701,JOB_3037,CV_2327,-1,-1,-1,1,-1,0.00026061368312641647,0
3702,JOB_3037,CV_3685,-1,1,-1,1,-1,0.006017180859498359,0
3703,JOB_3037,CV_1380,-1,-1,1,0,-1,0.002639631480061397,0
3704,JOB_3037,CV_3949,-1,0,1,-1,-1,0.016728886119059285,0
3705,JOB_3037,CV_3094,-1,0,-1,1,-1,0.002859298785317209,0
3706,JOB_3037,CV_307,-1,-1,0,0,-1,0.0012649722795961807,0
3707,JOB_3037,CV_2766,-1,0,1,-1,1,0.07916723666250709,0
3708,JOB_3037,CV_1803,-1,-1,-1,0,-1,0.00013742938756156384,0
3709,JOB_3037,CV_2979,-1,-1,1,0,-1,0.002639631480061397,0
3710,JOB_3037,CV_116,-1,0,-1,1,-1,0.002859298785317209,0
3711,JOB_3037,CV_2553,-1,-1,1,1,-1,0.004994451571761179,0
3712,JOB_3037,CV_879,-1,1,1,1,-1,0.10439562230127407,0
3713,JOB_3037,CV_3563,-1,0,-1,1,-1,0.002859298785317209,0
3714,JOB_3037,CV_3710,-1,0,1,1,1,0.21814771844744296,0
3715,JOB_3037,CV_040,-1,0,-1,1,-1,0.002859298785317209,0
3716,JOB_3037,CV_661,-1,1,-1,1,-1,0.006017180859498359,0
3717,JOB_3037,CV_3090,-1,-1,1,1,-1,0.004994451571761179,0
3718,JOB_3037,CV_1355,-1,1,-1,1,-1,0.006017180859498359,0
3719,JOB_3037,CV_2015,-1,0,0,1,-1,0.025743514038269317,0
3720,JOB_3037,CV_1031,-1,0,1,1,-1,0.05232559089768777,0
3721,JOB_3037,CV_3399,-1,1,1,1,-1,0.10439562230127407,0
3722,JOB_3037,CV_2555,-1,0,-1,0,1,0.007582239379063284,0
3723,JOB_3037,CV_1793,-1,1,-1,1,-1,0.006017180859498359,0
3724,JOB_3037,CV_1161,-1,0,1,1,-1,0.05232559089768777,0
3725,JOB_3037,CV_2991,-1,0,1,0,-1,0.02828921519950765,0
3726,JOB_3037,CV_246,-1,1,-1,1,-1,0.006017180859498359,0
3727,JOB_3037,CV_3173,-1,0,1,0,-1,0.02828921519950765,0
3728,JOB_3037,CV_631,-1,0,1,0,-1,0.02828921519950765,0
3729,JOB_3037,CV_2877,-1,-1,1,1,1,0.024737444512838436,0
3730,JOB_3037,CV_3663,-1,-1,1,-1,-1,0.0015442935692705172,0
3731,JOB_3037,CV_2579,-1,0,-1,1,-1,0.002859298785317209,0
3732,JOB_3037,CV_1480,-1,1,-1,1,-1,0.006017180859498359,0
3733,JOB_3037,CV_3546,-1,0,-1,-1,1,0.004445064433151091,0
3734,JOB_3037,CV_233,-1,0,1,0,1,0.12824728097545876,0
3735,JOB_3037,CV_2769,-1,0,0,1,-1,0.025743514038269317,0
3736,JOB_3037,CV_2723,-1,0,-1,1,-1,0.002859298785317209,0
3737,JOB_3037,CV_1961,-1,1,1,1,-1,0.10439562230127407,0
3738,JOB_3037,CV_929,-1,0,1,-1,1,0.07916723666250709,0
3739,JOB_3037,CV_2596,-1,-1,-1,-1,-1,8.03182586734358e-05,0
3740,JOB_3037,CV_2441,-1,-1,-1,1,-1,0.00026061368312641647,0
3741,JOB_3037,CV_3722,-1,0,-1,1,-1,0.002859298785317209,0
3742,JOB_3037,CV_2658,-1,0,-1,0,1,0.007582239379063284,0
3743,JOB_3037,CV_1913,-1,0,1,0,-1,0.02828921519950765,0
3744,JOB_3037,CV_3738,-1,0,1,0,1,0.12824728097545876,0
3745,JOB_3037,CV_1085,-1,1,-1,1,-1,0.006017180859498359,0
3746,JOB_3037,CV_2733,-1,-1,-1,-1,-1,8.03182586734358e-05,0
3747,JOB_3037,CV_2379,-1,-1,1,-1,-1,0.0015442935692705172,0
3748,JOB_3037,CV_2672,-1,0,1,-1,-1,0.016728886119059285,0
3749,JOB_3037,CV_2953,-1,0,1,-1,-1,0.016728886119059285,0
3750,JOB_3037,CV_3547,-1,1,-1,1,-1,0.006017180859498359,0
3751,JOB_3037,CV_2965,-1,-1,1,1,1,0.024737444512838436,0
3752,JOB_3037,CV_1690,-1,1,0,1,1,0.2199006485775579,0
3753,JOB_3037,CV_1138,-1,0,1,1,-1,0.05232559089768777,0
3754,JOB_3037,CV_1224,-1,0,-1,1,-1,0.002859298785317209,0
3755,JOB_3037,CV_3075,-1,0,-1,1,1,0.014283223220999536,0
3756,JOB_3037,CV_2207,-1,-1,1,0,1,0.013197522239432963,0
3757,JOB_3037,CV_2732,-1,0,-1,1,-1,0.002859298785317209,0
3758,JOB_3037,CV_3727,-1,0,1,1,-1,0.05232559089768777,0
3759,JOB_3037,CV_2977,-1,0,1,1,-1,0.05232559089768777,0
3760,JOB_3037,CV_392,-1,0,-1,1,-1,0.002859298785317209,0
3761,JOB_3037,CV_2541,-1,1,-1,1,1,0.029682404125509716,0
3762,JOB_3037,CV_1796,-1,0,0,1,1,0.11779695264608223,0
3763,JOB_3037,CV_3429,-1,-1,-1,-1,1,0.00040573633479455186,0
3764,JOB_3037,CV_1687,-1,0,1,1,-1,0.05232559089768777,0
3765,JOB_3037,CV_176,-1,1,-1,1,-1,0.006017180859498359,0
3766,JOB_3037,CV_1045,-1,-1,-1,1,1,0.0013155570174856266,0
3767,JOB_3037,CV_1751,-1,0,-1,1,1,0.014283223220999536,0
3768,JOB_3037,CV_1577,-1,0,-1,1,-1,0.002859298785317209,0
3769,JOB_3037,CV_223,-1,0,-1,1,-1,0.002859298785317209,0
3770,JOB_3037,CV_2166,-1,1,-1,0,-1,0.003181698906503991,0
3771,JOB_3037,CV_1898,-1,1,1,1,-1,0.10439562230127407,0
3772,JOB_3037,CV_2436,-1,0,1,1,-1,0.05232559089768777,0
3773,JOB_3037,CV_3791,-1,0,1,1,-1,0.05232559089768777,0
3774,JOB_3037,CV_1636,-1,0,1,0,-1,0.02828921519950765,0
3775,JOB_3037,CV_2341,-1,1,-1,1,1,0.029682404125509716,0
3776,JOB_3037,CV_1963,-1,1,0,1,-1,0.05283609976798728,0
3777,JOB_3037,CV_2365,-1,-1,0,1,1,0.0119931365693721,0
3778,JOB_3037,CV_1807,-1,0,1,1,-1,0.05232559089768777,0
3779,JOB_3037,CV_634,-1,1,-1,1,1,0.029682404125509716,0
3780,JOB_3037,CV_594,-1,-1,1,1,1,0.024737444512838436,0
3781,JOB_3037,CV_2478,-1,-1,1,1,-1,0.004994451571761179,0
3782,JOB_3037,CV_216,-1,1,1,1,-1,0.10439562230127407,0
3783,JOB_3037,CV_665,-1,0,1,0,-1,0.02828921519950765,0
3784,JOB_3037,CV_2033,-1,1,1,0,-1,0.05790168407977278,0
3785,JOB_3037,CV_3792,-1,1,0,1,-1,0.05283609976798728,0
3786,JOB_3037,CV_3970,-1,-1,-1,-1,-1,8.03182586734358e-05,0
3787,JOB_3037,CV_2574,-1,0,-1,1,1,0.014283223220999536,0
3788,JOB_3037,CV_3088,-1,-1,1,1,-1,0.004994451571761179,0
3789,JOB_3037,CV_3757,-1,1,-1,1,-1,0.006017180859498359,0
3790,JOB_3037,CV_3098,-1,0,1,0,-1,0.02828921519950765,0
3791,JOB_3037,CV_1231,-1,0,1,-1,-1,0.016728886119059285,0
3792,JOB_3037,CV_532,-1,-1,1,1,1,0.024737444512838436,0
3793,JOB_3037,CV_1785,-1,0,-1,0,-1,0.0015096485596628858,0
3794,JOB_3037,CV_2869,-1,0,-1,-1,-1,0.0008827918008007309,0
3795,JOB_3037,CV_1015,-1,1,0,1,-1,0.05283609976798728,0
3796,JOB_3037,CV_2749,-1,0,0,1,-1,0.025743514038269317,0
3797,JOB_3037,CV_3670,-1,-1,-1,1,-1,0.00026061368312641647,0
3798,JOB_3037,CV_3543,-1,0,1,1,-1,0.05232559089768777,0
3799,JOB_3037,CV_1241,-1,0,1,0,-1,0.02828921519950765,0
3800,JOB_3701,CV_1019,-1,0,-1,-1,-1,0.0008827918008007309,0
3801,JOB_3701,CV_1796,-1,1,0,-1,-1,0.01689829239252925,0
3802,JOB_3701,CV_233,-1,0,1,-1,-1,0.016728886119059285,0
3803,JOB_3701,CV_3075,-1,1,-1,-1,-1,0.0018618453328126804,0
3804,JOB_3701,CV_2379,-1,0,1,-1,-1,0.016728886119059285,0
3805,JOB_3701,CV_1085,-1,1,-1,-1,-1,0.0018618453328126804,0
3806,JOB_3701,CV_2436,-1,0,1,-1,-1,0.016728886119059285,0
3807,JOB_3701,CV_611,-1,0,-1,-1,-1,0.0008827918008007309,0
3808,JOB_3701,CV_1517,-1,0,0,-1,-1,0.0080762834495878,0
3809,JOB_3701,CV_1577,-1,0,-1,-1,-1,0.0008827918008007309,0
3810,JOB_3701,CV_1480,-1,0,-1,-1,-1,0.0008827918008007309,0
3811,JOB_3701,CV_3949,-1,0,1,-1,-1,0.016728886119059285,0
3812,JOB_3701,CV_3744,-1,-1,1,1,-1,0.004994451571761179,0
3813,JOB_3701,CV_634,-1,0,-1,-1,-1,0.0008827918008007309,0
3814,JOB_3701,CV_2913,-1,0,1,-1,-1,0.016728886119059285,0
3815,JOB_3701,CV_3133,-1,0,-1,-1,-1,0.0008827918008007309,0
3816,JOB_3701,CV_3181,-1,0,1,-1,-1,0.016728886119059285,0
3817,JOB_3701,CV_538,-1,-1,1,-1,-1,0.0015442935692705172,0
3818,JOB_3701,CV_605,-1,-1,-1,-1,-1,8.03182586734358e-05,0
3819,JOB_3701,CV_2658,-1,0,-1,-1,-1,0.0008827918008007309,0
3820,JOB_3701,CV_2392,-1,-1,1,-1,-1,0.0015442935692705172,0
3821,JOB_3701,CV_2239,-1,0,1,-1,-1,0.016728886119059285,0
3822,JOB_3701,CV_2579,-1,1,-1,-1,-1,0.0018618453328126804,0
3823,JOB_3701,CV_1792,-1,0,1,-1,-1,0.016728886119059285,0
3824,JOB_3701,CV_2294,-1,0,0,-1,-1,0.0080762834495878,0
3825,JOB_3701,CV_3090,-1,0,1,1,-1,0.05232559089768777,0
3826,JOB_3701,CV_1810,-1,1,-1,-1,-1,0.0018618453328126804,0
3827,JOB_3701,CV_2039,-1,1,1,-1,-1,0.034672065104421654,0
3828,JOB_3701,CV_246,-1,0,-1,-1,-1,0.0008827918008007309,0
3829,JOB_3701,CV_028,-1,0,1,-1,-1,0.016728886119059285,0
3830,JOB_3701,CV_2415,-1,-1,1,-1,-1,0.0015442935692705172,0
3831,JOB_3701,CV_433,-1,0,0,-1,-1,0.0080762834495878,0
3832,JOB_3701,CV_2979,-1,0,1,1,-1,0.05232559089768777,0
3833,JOB_3701,CV_3093,-1,0,-1,-1,-1,0.0008827918008007309,0
3834,JOB_3701,CV_392,-1,-1,-1,-1,-1,8.03182586734358e-05,0
3835,JOB_3701,CV_388,-1,0,-1,1,-1,0.002859298785317209,0
3836,JOB_3701,CV_3970,-1,0,-1,-1,-1,0.0008827918008007309,0
3837,JOB_3701,CV_1287,-1,1,1,-1,-1,0.034672065104421654,0
3838,JOB_3701,CV_3719,-1,0,-1,-1,-1,0.0008827918008007309,0
3839,JOB_3701,CV_1795,-1,0,-1,-1,-1,0.0008827918008007309,0
3840,JOB_3701,CV_2341,-1,0,-1,-1,-1,0.0008827918008007309,0
3841,JOB_3701,CV_1687,-1,1,1,-1,-1,0.034672065104421654,0
3842,JOB_3701,CV_3791,-1,0,1,-1,-1,0.016728886119059285,0
3843,JOB_3701,CV_1963,-1,0,0,-1,-1,0.0080762834495878,0
3844,JOB_3701,CV_2537,-1,0,1,-1,-1,0.016728886119059285,0
3845,JOB_3701,CV_594,-1,0,1,-1,-1,0.016728886119059285,0
3846,JOB_3701,CV_2965,-1,-1,1,-1,-1,0.0015442935692705172,0
3847,JOB_3701,CV_2385,-1,0,-1,-1,-1,0.0008827918008007309,0
3848,JOB_3701,CV_3546,-1,0,-1,-1,-1,0.0008827918008007309,0
3849,JOB_3701,CV_1881,-1,0,0,-1,-1,0.0080762834495878,0
3850,JOB_3701,CV_1252,-1,0,1,-1,-1,0.016728886119059285,0
3851,JOB_3701,CV_421,-1,0,0,-1,-1,0.0080762834495878,0
3852,JOB_3701,CV_2166,-1,1,-1,1,-1,0.006017180859498359,0
3853,JOB_3701,CV_2869,-1,0,-1,-1,-1,0.0008827918008007309,0
3854,JOB_3701,CV_665,-1,0,1,1,-1,0.05232559089768777,0
3855,JOB_3701,CV_1309,-1,0,-1,-1,-1,0.0008827918008007309,0
3856,JOB_3701,CV_929,-1,-1,1,-1,-1,0.0015442935692705172,0
3857,JOB_3701,CV_2732,-1,0,-1,-1,-1,0.0008827918008007309,0
3858,JOB_3701,CV_3533,-1,0,1,-1,-1,0.016728886119059285,0
3859,JOB_3701,CV_601,-1,0,1,-1,-1,0.016728886119059285,0
3860,JOB_3701,CV_1068,-1,1,-1,-1,-1,0.0018618453328126804,0
3861,JOB_3701,CV_2420,-1,-1,0,-1,-1,0.0007396380664553713,0
3862,JOB_3701,CV_1860,-1,0,0,-1,-1,0.0080762834495878,0
3863,JOB_3701,CV_216,-1,0,1,-1,-1,0.016728886119059285,0
3864,JOB_3701,CV_3757,-1,0,-1,-1,-1,0.0008827918008007309,0
3865,JOB_3701,CV_2478,-1,-1,1,-1,-1,0.0015442935692705172,0
3866,JOB_3701,CV_2977,-1,0,1,-1,-1,0.016728886119059285,0
3867,JOB_3701,CV_3923,-1,0,1,-1,-1,0.016728886119059285,0
3868,JOB_3701,CV_337,-1,1,-1,-1,-1,0.0018618453328126804,0
3869,JOB_3701,CV_2584,-1,0,-1,-1,-1,0.0008827918008007309,0
3870,JOB_3701,CV_1971,-1,0,-1,-1,-1,0.0008827918008007309,0
3871,JOB_3701,CV_1751,-1,0,-1,-1,-1,0.0008827918008007309,0
3872,JOB_3701,CV_2253,-1,0,1,-1,-1,0.016728886119059285,0
3873,JOB_3701,CV_1161,-1,1,1,-1,-1,0.034672065104421654,0
3874,JOB_3701,CV_1031,-1,0,1,-1,-1,0.016728886119059285,0
3875,JOB_3701,CV_080,-1,1,1,-1,-1,0.034672065104421654,0
3876,JOB_3701,CV_1781,-1,1,-1,-1,-1,0.0018618453328126804,0
3877,JOB_3701,CV_1632,-1,0,1,-1,-1,0.016728886119059285,0
3878,JOB_3701,CV_1633,-1,0,1,-1,-1,0.016728886119059285,0
3879,JOB_3701,CV_2024,-1,1,1,1,1,0.3706850697644348,0
3880,JOB_3701,CV_3474,-1,1,1,-1,-1,0.034672065104421654,0
3881,JOB_3701,CV_1138,-1,1,1,-1,-1,0.034672065104421654,0
3882,JOB_3701,CV_3478,-1,0,1,-1,-1,0.016728886119059285,0
3883,JOB_3701,CV_3500,-1,0,1,-1,-1,0.016728886119059285,0
3884,JOB_3701,CV_469,-1,0,1,-1,-1,0.016728886119059285,0
3885,JOB_3701,CV_1639,-1,-1,1,-1,-1,0.0015442935692705172,0
3886,JOB_3701,CV_046,-1,-1,0,-1,-1,0.0007396380664553713,0
3887,JOB_3701,CV_505,-1,0,1,-1,-1,0.016728886119059285,0
3888,JOB_3701,CV_2723,-1,-1,-1,-1,-1,8.03182586734358e-05,0
3889,JOB_3701,CV_477,-1,0,1,-1,-1,0.016728886119059285,0
3890,JOB_3701,CV_1785,-1,0,-1,1,-1,0.002859298785317209,0
3891,JOB_3701,CV_3284,-1,1,-1,-1,-1,0.0018618453328126804,0
3892,JOB_3701,CV_3792,-1,0,0,-1,-1,0.0080762834495878,0
3893,JOB_3701,CV_2553,-1,0,1,1,-1,0.05232559089768777,0
3894,JOB_3701,CV_532,-1,0,1,-1,-1,0.016728886119059285,0
3895,JOB_3701,CV_2402,-1,0,0,-1,-1,0.0080762834495878,0
3896,JOB_3701,CV_1618,-1,1,1,-1,-1,0.034672065104421654,0
3897,JOB_3701,CV_176,-1,0,-1,-1,-1,0.0008827918008007309,0
3898,JOB_3701,CV_2492,-1,1,1,-1,-1,0.034672065104421654,0
3899,JOB_3701,CV_3929,-1,1,0,-1,-1,0.01689829239252925,0
3900,JOB_11897,CV_929,-1,-1,1,-1,-1,0.0015442935692705172,0
3901,JOB_11897,CV_2555,-1,0,-1,-1,-1,0.0008827918008007309,0
3902,JOB_11897,CV_1078,-1,0,-1,-1,-1,0.0008827918008007309,0
3903,JOB_11897,CV_634,-1,1,-1,1,-1,0.006017180859498359,0
3904,JOB_11897,CV_1793,-1,1,-1,1,-1,0.006017180859498359,0
3905,JOB_11897,CV_877,-1,-1,1,-1,-1,0.0015442935692705172,0
3906,JOB_11897,CV_278,-1,0,1,1,-1,0.05232559089768777,0
3907,JOB_11897,CV_1881,-1,1,0,1,-1,0.05283609976798728,0
3908,JOB_11897,CV_2380,1,0,1,1,-1,0.5618280036801903,1
3909,JOB_11897,CV_2537,-1,-1,1,-1,-1,0.0015442935692705172,0
3910,JOB_11897,CV_3733,-1,1,-1,1,-1,0.006017180859498359,0
3911,JOB_11897,CV_1224,-1,0,-1,1,-1,0.002859298785317209,0
3912,JOB_11897,CV_1045,-1,-1,-1,1,-1,0.00026061368312641647,0
3913,JOB_11897,CV_2596,-1,-1,-1,-1,-1,8.03182586734358e-05,0
3914,JOB_11897,CV_160,-1,0,-1,-1,-1,0.0008827918008007309,0
3915,JOB_11897,CV_2015,-1,0,0,1,-1,0.025743514038269317,0
3916,JOB_11897,CV_3200,1,0,1,-1,-1,0.2832010598158251,0
3917,JOB_11897,CV_3197,-1,0,1,-1,-1,0.016728886119059285,0
3918,JOB_11897,CV_640,1,0,1,1,-1,0.5618280036801903,1
3919,JOB_11897,CV_2991,-1,0,1,-1,-1,0.016728886119059285,0
3920,JOB_11897,CV_137,-1,0,0,-1,-1,0.0080762834495878,0
3921,JOB_11897,CV_3093,-1,1,-1,1,-1,0.006017180859498359,0
3922,JOB_11897,CV_3474,1,-1,1,1,-1,0.10439562230127415,0
3923,JOB_11897,CV_2492,-1,-1,1,-1,-1,0.0015442935692705172,0
3924,JOB_11897,CV_3945,-1,-1,0,-1,-1,0.0007396380664553713,0
3925,JOB_11897,CV_1161,-1,1,1,1,-1,0.10439562230127407,0
3926,JOB_11897,CV_1085,-1,1,-1,1,-1,0.006017180859498359,0
3927,JOB_11897,CV_2385,-1,1,-1,1,-1,0.006017180859498359,0
3928,JOB_11897,CV_1961,-1,0,1,1,-1,0.05232559089768777,0
3929,JOB_11897,CV_3399,-1,1,1,1,-1,0.10439562230127407,0
3930,JOB_11897,CV_3789,-1,-1,1,-1,-1,0.0015442935692705172,0
3931,JOB_11897,CV_2038,-1,1,-1,-1,-1,0.0018618453328126804,0
3932,JOB_11897,CV_3546,1,-1,-1,-1,-1,0.0018618453328126787,0
3933,JOB_11897,CV_3533,-1,-1,1,-1,-1,0.0015442935692705172,0
3934,JOB_11897,CV_251,-1,-1,1,-1,-1,0.0015442935692705172,0
3935,JOB_11897,CV_2478,-1,-1,1,-1,-1,0.0015442935692705172,0
3936,JOB_11897,CV_3792,-1,1,0,1,-1,0.05283609976798728,0
3937,JOB_11897,CV_2953,-1,0,1,-1,-1,0.016728886119059285,0
3938,JOB_11897,CV_2436,-1,-1,1,-1,-1,0.0015442935692705172,0
3939,JOB_11897,CV_2752,1,1,1,1,-1,0.7302317401433427,1
3940,JOB_11897,CV_337,-1,1,-1,1,-1,0.006017180859498359,0
3941,JOB_11897,CV_2672,-1,-1,1,-1,-1,0.0015442935692705172,0
3942,JOB_11897,CV_2913,-1,-1,1,-1,-1,0.0015442935692705172,0
3943,JOB_11897,CV_2166,-1,-1,-1,-1,-1,8.03182586734358e-05,0
3944,JOB_11897,CV_176,-1,1,-1,1,-1,0.006017180859498359,0
3945,JOB_11897,CV_813,-1,0,1,-1,-1,0.016728886119059285,0
3946,JOB_11897,CV_3923,-1,0,1,-1,-1,0.016728886119059285,0
3947,JOB_11897,CV_2615,-1,0,-1,1,-1,0.002859298785317209,0
3948,JOB_11897,CV_307,-1,-1,0,-1,-1,0.0007396380664553713,0
3949,JOB_11897,CV_2177,-1,-1,1,-1,-1,0.0015442935692705172,0
3950,JOB_11897,CV_1636,1,0,1,-1,-1,0.2832010598158251,0
3951,JOB_11897,CV_3133,-1,1,-1,1,-1,0.006017180859498359,0
3952,JOB_11897,CV_272,-1,0,-1,1,-1,0.002859298785317209,0
3953,JOB_11897,CV_469,-1,1,1,1,-1,0.10439562230127407,0
3954,JOB_11897,CV_2858,-1,0,1,1,-1,0.05232559089768777,0
3955,JOB_11897,CV_2514,-1,1,-1,1,-1,0.006017180859498359,0
3956,JOB_11897,CV_1785,-1,0,-1,-1,-1,0.0008827918008007309,0
3957,JOB_11897,CV_3727,-1,-1,1,-1,-1,0.0015442935692705172,0
3958,JOB_11897,CV_1122,-1,0,1,-1,-1,0.016728886119059285,0
3959,JOB_11897,CV_2992,-1,1,-1,1,-1,0.006017180859498359,0
3960,JOB_11897,CV_2961,-1,1,0,1,-1,0.05283609976798728,0
3961,JOB_11897,CV_2830,-1,-1,0,-1,-1,0.0007396380664553713,0
3962,JOB_11897,CV_1690,-1,1,0,1,-1,0.05283609976798728,0
3963,JOB_11897,CV_3088,-1,-1,1,-1,-1,0.0015442935692705172,0
3964,JOB_11897,CV_1971,-1,1,-1,1,-1,0.006017180859498359,0
3965,JOB_11897,CV_3181,-1,1,1,1,-1,0.10439562230127407,0
3966,JOB_11897,CV_3685,-1,1,-1,1,-1,0.006017180859498359,0
3967,JOB_11897,CV_611,-1,1,-1,1,-1,0.006017180859498359,0
3968,JOB_11897,CV_3719,-1,1,-1,1,-1,0.006017180859498359,0
3969,JOB_11897,CV_2653,-1,-1,-1,-1,-1,8.03182586734358e-05,0
3970,JOB_11897,CV_481,-1,-1,-1,-1,-1,8.03182586734358e-05,0
3971,JOB_11897,CV_1287,-1,0,1,-1,-1,0.016728886119059285,0
3972,JOB_11897,CV_3949,-1,0,1,-1,-1,0.016728886119059285,0
3973,JOB_11897,CV_869,-1,-1,-1,1,-1,0.00026061368312641647,0
3974,JOB_11897,CV_3090,1,-1,1,-1,-1,0.03467206510442167,0
3975,JOB_11897,CV_1151,1,1,-1,1,-1,0.123251694460039,0
3976,JOB_11897,CV_140,-1,0,-1,1,-1,0.002859298785317209,0
3977,JOB_11897,CV_2366,-1,1,1,1,-1,0.10439562230127407,0
3978,JOB_11897,CV_2584,-1,0,-1,1,-1,0.002859298785317209,0
3979,JOB_11897,CV_223,-1,0,-1,1,-1,0.002859298785317209,0
3980,JOB_11897,CV_1380,-1,-1,1,-1,-1,0.0015442935692705172,0
3981,JOB_11897,CV_1860,-1,0,0,1,-1,0.025743514038269317,0
3982,JOB_11897,CV_605,-1,-1,-1,-1,-1,8.03182586734358e-05,0
3983,JOB_11897,CV_3791,-1,-1,1,-1,-1,0.0015442935692705172,0
3984,JOB_11897,CV_1792,-1,-1,1,-1,-1,0.0015442935692705172,0
3985,JOB_11897,CV_1517,-1,0,0,1,-1,0.025743514038269317,0
3986,JOB_11897,CV_1963,-1,1,0,1,-1,0.05283609976798728,0
3987,JOB_11897,CV_538,-1,0,1,-1,-1,0.016728886119059285,0
3988,JOB_11897,CV_2207,-1,-1,1,-1,-1,0.0015442935692705172,0
3989,JOB_11897,CV_3636,-1,1,-1,1,-1,0.006017180859498359,0
3990,JOB_11897,CV_085,-1,1,1,0,-1,0.05790168407977278,0
3991,JOB_11897,CV_2420,-1,0,0,-1,-1,0.0080762834495878,0
3992,JOB_11897,CV_3970,-1,-1,-1,-1,-1,8.03182586734358e-05,0
3993,JOB_11897,CV_1742,-1,-1,1,-1,-1,0.0015442935692705172,0
3994,JOB_11897,CV_884,-1,0,-1,1,-1,0.002859298785317209,0
3995,JOB_11897,CV_2365,-1,-1,0,1,-1,0.002396402946724275,0
3996,JOB_11897,CV_1618,-1,0,1,-1,-1,0.016728886119059285,0
3997,JOB_11897,CV_1241,-1,-1,1,-1,-1,0.0015442935692705172,0
3998,JOB_11897,CV_3429,-1,-1,-1,-1,-1,8.03182586734358e-05,0
3999,JOB_11897,CV_2541,-1,0,-1,1,-1,0.002859298785317209,0
4000,JOB_8808,CV_532,-1,-1,1,-1,-1,0.0015442935692705172,0
4001,JOB_8808,CV_2415,-1,-1,1,-1,-1,0.0015442935692705172,0
4002,JOB_8808,CV_040,-1,-1,-1,-1,-1,8.03182586734358e-05,0
4003,JOB_8808,CV_1494,-1,-1,1,-1,-1,0.0015442935692705172,0
4004,JOB_8808,CV_2596,-1,-1,-1,-1,-1,8.03182586734358e-05,0
4005,JOB_8808,CV_2514,-1,-1,-1,-1,-1,8.03182586734358e-05,0
4006,JOB_8808,CV_1860,-1,-1,0,-1,-1,0.0007396380664553713,0
4007,JOB_8808,CV_3782,-1,-1,0,-1,-1,0.0007396380664553713,0
4008,JOB_8808,CV_640,-1,-1,1,-1,-1,0.0015442935692705172,0
4009,JOB_8808,CV_3088,-1,-1,1,-1,-1,0.0015442935692705172,0
4010,JOB_8808,CV_2584,-1,-1,-1,-1,-1,8.03182586734358e-05,0
4011,JOB_8808,CV_1803,-1,-1,-1,-1,-1,8.03182586734358e-05,0
4012,JOB_8808,CV_594,-1,0,1,-1,-1,0.016728886119059285,0
4013,JOB_8808,CV_1534,-1,-1,-1,-1,-1,8.03182586734358e-05,0
4014,JOB_8808,CV_1480,-1,-1,-1,-1,-1,8.03182586734358e-05,0
4015,JOB_8808,CV_3563,-1,-1,-1,-1,-1,8.03182586734358e-05,0
4016,JOB_8808,CV_1795,-1,-1,-1,-1,-1,8.03182586734358e-05,0
4017,JOB_8808,CV_3414,-1,-1,-1,-1,-1,8.03182586734358e-05,0
4018,JOB_8808,CV_877,-1,-1,1,-1,-1,0.0015442935692705172,0
4019,JOB_8808,CV_116,-1,-1,-1,-1,-1,8.03182586734358e-05,0
4020,JOB_8808,CV_2239,-1,-1,1,-1,-1,0.0015442935692705172,0
4021,JOB_8808,CV_3670,-1,-1,-1,-1,-1,8.03182586734358e-05,0
4022,JOB_8808,CV_1577,-1,-1,-1,-1,-1,8.03182586734358e-05,0
4023,JOB_8808,CV_1355,-1,-1,-1,-1,-1,8.03182586734358e-05,0
4024,JOB_8808,CV_505,-1,-1,1,-1,-1,0.0015442935692705172,0
4025,JOB_8808,CV_307,-1,0,0,-1,-1,0.0080762834495878,0
4026,JOB_8808,CV_3533,-1,-1,1,-1,-1,0.0015442935692705172,0
4027,JOB_8808,CV_3757,-1,-1,-1,-1,-1,8.03182586734358e-05,0
4028,JOB_8808,CV_631,-1,0,1,-1,-1,0.016728886119059285,0
4029,JOB_8808,CV_3789,-1,0,1,-1,-1,0.016728886119059285,0
4030,JOB_8808,CV_3945,-1,-1,0,-1,-1,0.0007396380664553713,0
4031,JOB_8808,CV_1085,-1,-1,-1,-1,-1,8.03182586734358e-05,0
4032,JOB_8808,CV_2749,-1,-1,0,-1,-1,0.0007396380664553713,0
4033,JOB_8808,CV_1241,-1,0,1,-1,-1,0.016728886119059285,0
4034,JOB_8808,CV_1325,-1,0,1,-1,-1,0.016728886119059285,0
4035,JOB_8808,CV_3399,-1,-1,1,-1,-1,0.0015442935692705172,0
4036,JOB_8808,CV_2991,-1,-1,1,-1,-1,0.0015442935692705172,0
4037,JOB_8808,CV_2445,-1,-1,-1,-1,-1,8.03182586734358e-05,0
4038,JOB_8808,CV_2953,-1,0,1,-1,-1,0.016728886119059285,0
4039,JOB_8808,CV_2869,-1,-1,-1,-1,-1,8.03182586734358e-05,0
4040,JOB_8808,CV_3015,-1,-1,0,-1,-1,0.0007396380664553713,0
4041,JOB_8808,CV_1751,-1,0,-1,-1,-1,0.0008827918008007309,0
4042,JOB_8808,CV_3719,-1,-1,-1,-1,-1,8.03182586734358e-05,0
4043,JOB_8808,CV_2366,-1,-1,1,-1,-1,0.0015442935692705172,0
4044,JOB_8808,CV_3543,-1,-1,1,-1,-1,0.0015442935692705172,0
4045,JOB_8808,CV_869,-1,-1,-1,-1,1,0.00040573633479455186,0
4046,JOB_8808,CV_2436,-1,-1,1,-1,-1,0.0015442935692705172,0
4047,JOB_8808,CV_2157,-1,-1,-1,1,-1,0.00026061368312641647,0
4048,JOB_8808,CV_1252,-1,-1,1,-1,-1,0.0015442935692705172,0
4049,JOB_8808,CV_1172,-1,-1,1,-1,-1,0.0015442935692705172,0
4050,JOB_8808,CV_3098,-1,-1,1,-1,-1,0.0015442935692705172,0
4051,JOB_8808,CV_2039,-1,-1,1,-1,-1,0.0015442935692705172,0
4052,JOB_8808,CV_3962,-1,-1,-1,-1,-1,8.03182586734358e-05,0
4053,JOB_8808,CV_2033,-1,0,1,1,-1,0.05232559089768777,0
4054,JOB_8808,CV_3647,-1,-1,1,-1,-1,0.0015442935692705172,0
4055,JOB_8808,CV_1031,-1,-1,1,-1,-1,0.0015442935692705172,0
4056,JOB_8808,CV_3733,-1,-1,-1,-1,-1,8.03182586734358e-05,0
4057,JOB_8808,CV_296,-1,-1,0,-1,-1,0.0007396380664553713,0
4058,JOB_8808,CV_3039,-1,-1,1,-1,-1,0.0015442935692705172,0
4059,JOB_8808,CV_3753,-1,-1,-1,-1,-1,8.03182586734358e-05,0
4060,JOB_8808,CV_3546,-1,0,-1,1,-1,0.002859298785317209,0
4061,JOB_8808,CV_233,-1,-1,1,-1,-1,0.0015442935692705172,0
4062,JOB_8808,CV_1224,-1,-1,-1,-1,-1,8.03182586734358e-05,0
4063,JOB_8808,CV_3685,-1,-1,-1,-1,-1,8.03182586734358e-05,0
4064,JOB_8808,CV_2392,-1,0,1,-1,-1,0.016728886119059285,0
4065,JOB_8808,CV_1122,-1,-1,1,-1,-1,0.0015442935692705172,0
4066,JOB_8808,CV_2313,-1,-1,-1,-1,-1,8.03182586734358e-05,0
4067,JOB_8808,CV_2015,-1,-1,0,-1,-1,0.0007396380664553713,0
4068,JOB_8808,CV_3181,-1,-1,1,-1,-1,0.0015442935692705172,0
4069,JOB_8808,CV_2420,-1,0,0,-1,-1,0.0080762834495878,0
4070,JOB_8808,CV_1245,-1,-1,1,-1,-1,0.0015442935692705172,0
4071,JOB_8808,CV_2356,-1,-1,-1,-1,-1,8.03182586734358e-05,0
4072,JOB_8808,CV_1618,-1,-1,1,-1,-1,0.0015442935692705172,0
4073,JOB_8808,CV_788,-1,-1,-1,-1,-1,8.03182586734358e-05,0
4074,JOB_8808,CV_1963,-1,-1,0,-1,-1,0.0007396380664553713,0
4075,JOB_8808,CV_1078,-1,-1,-1,-1,-1,8.03182586734358e-05,0
4076,JOB_8808,CV_1913,-1,0,1,-1,-1,0.016728886119059285,0
4077,JOB_8808,CV_2365,-1,-1,0,-1,-1,0.0007396380664553713,0
4078,JOB_8808,CV_1971,-1,-1,-1,-1,-1,8.03182586734358e-05,0
4079,JOB_8808,CV_2769,-1,-1,0,-1,-1,0.0007396380664553713,0
4080,JOB_8808,CV_2913,-1,-1,1,-1,-1,0.0015442935692705172,0
4081,JOB_8808,CV_3133,-1,-1,-1,-1,-1,8.03182586734358e-05,0
4082,JOB_8808,CV_2830,-1,-1,0,-1,-1,0.0007396380664553713,0
4083,JOB_8808,CV_1898,-1,-1,1,-1,-1,0.0015442935692705172,0
4084,JOB_8808,CV_2718,-1,-1,0,-1,-1,0.0007396380664553713,0
4085,JOB_8808,CV_2038,-1,-1,-1,-1,-1,8.03182586734358e-05,0
4086,JOB_8808,CV_2207,-1,-1,1,-1,-1,0.0015442935692705172,0
4087,JOB_8808,CV_2166,-1,0,-1,-1,-1,0.0008827918008007309,0
4088,JOB_8808,CV_3051,-1,0,1,-1,-1,0.016728886119059285,0
4089,JOB_8808,CV_1231,-1,-1,1,-1,-1,0.0015442935692705172,0
4090,JOB_8808,CV_2672,-1,-1,1,1,-1,0.004994451571761179,0
4091,JOB_8808,CV_3929,-1,-1,0,-1,-1,0.0007396380664553713,0
4092,JOB_8808,CV_477,-1,-1,1,-1,-1,0.0015442935692705172,0
4093,JOB_8808,CV_2253,-1,-1,1,-1,-1,0.0015442935692705172,0
4094,JOB_8808,CV_2766,-1,-1,1,-1,-1,0.0015442935692705172,0
4095,JOB_8808,CV_3284,-1,-1,-1,-1,-1,8.03182586734358e-05,0
4096,JOB_8808,CV_2965,-1,-1,1,-1,-1,0.0015442935692705172,0
4097,JOB_8808,CV_1574,-1,-1,1,1,-1,0.004994451571761179,0
4098,JOB_8808,CV_3094,-1,-1,-1,-1,-1,8.03182586734358e-05,0
4099,JOB_8808,CV_2478,-1,-1,1,-1,-1,0.0015442935692705172,0
4100,JOB_3992,CV_3929,-1,1,0,-1,-1,0.01689829239252925,0
4101,JOB_3992,CV_1633,-1,0,1,-1,-1,0.016728886119059285,0
4102,JOB_3992,CV_1993,-1,1,-1,-1,-1,0.0018618453328126804,0
4103,JOB_3992,CV_3563,-1,1,-1,-1,-1,0.0018618453328126804,0
4104,JOB_3992,CV_3753,-1,1,-1,-1,-1,0.0018618453328126804,0
4105,JOB_3992,CV_505,-1,1,1,-1,-1,0.034672065104421654,0
4106,JOB_3992,CV_160,-1,1,-1,-1,-1,0.0018618453328126804,0
4107,JOB_3992,CV_1480,-1,1,-1,-1,-1,0.0018618453328126804,0
4108,JOB_3992,CV_605,-1,0,-1,-1,-1,0.0008827918008007309,0
4109,JOB_3992,CV_2977,-1,1,1,-1,-1,0.034672065104421654,0
4110,JOB_3992,CV_722,-1,1,-1,-1,-1,0.0018618453328126804,0
4111,JOB_3992,CV_3949,-1,1,1,-1,-1,0.034672065104421654,0
4112,JOB_3992,CV_421,-1,1,0,-1,-1,0.01689829239252925,0
4113,JOB_3992,CV_3094,-1,0,-1,-1,-1,0.0008827918008007309,0
4114,JOB_3992,CV_2478,-1,0,1,1,-1,0.05232559089768777,0
4115,JOB_3992,CV_2579,-1,1,-1,-1,-1,0.0018618453328126804,0
4116,JOB_3992,CV_2766,-1,0,1,-1,-1,0.016728886119059285,0
4117,JOB_3992,CV_3789,1,1,1,-1,-1,0.454768028774003,0
4118,JOB_3992,CV_665,-1,0,1,-1,-1,0.016728886119059285,0
4119,JOB_3992,CV_2294,-1,1,0,-1,-1,0.01689829239252925,0
4120,JOB_3992,CV_1036,1,1,1,-1,-1,0.454768028774003,0
4121,JOB_3992,CV_2239,-1,1,1,-1,-1,0.034672065104421654,0
4122,JOB_3992,CV_2596,-1,0,-1,-1,-1,0.0008827918008007309,0
4123,JOB_3992,CV_3299,-1,1,-1,-1,-1,0.0018618453328126804,0
4124,JOB_3992,CV_2492,-1,1,1,-1,-1,0.034672065104421654,0
4125,JOB_3992,CV_2992,-1,1,-1,-1,-1,0.0018618453328126804,0
4126,JOB_3992,CV_3414,-1,1,-1,-1,-1,0.0018618453328126804,0
4127,JOB_3992,CV_3945,-1,1,0,-1,-1,0.01689829239252925,0
4128,JOB_3992,CV_2436,-1,1,1,-1,-1,0.034672065104421654,0
4129,JOB_3992,CV_618,-1,1,1,-1,-1,0.034672065104421654,0
4130,JOB_3992,CV_634,-1,1,-1,-1,-1,0.0018618453328126804,0
4131,JOB_3992,CV_2341,-1,1,-1,-1,-1,0.0018618453328126804,0
4132,JOB_3992,CV_2420,1,1,0,-1,-1,0.2852859884047636,0
4133,JOB_3992,CV_877,-1,1,1,-1,-1,0.034672065104421654,0
4134,JOB_3992,CV_1031,-1,1,1,-1,-1,0.034672065104421654,0
4135,JOB_3992,CV_233,1,1,1,1,-1,0.7302317401433427,1
4136,JOB_3992,CV_337,-1,1,-1,-1,-1,0.0018618453328126804,0
4137,JOB_3992,CV_3015,-1,1,0,-1,-1,0.01689829239252925,0
4138,JOB_3992,CV_3970,-1,0,-1,-1,-1,0.0008827918008007309,0
4139,JOB_3992,CV_661,-1,1,-1,-1,-1,0.0018618453328126804,0
4140,JOB_3992,CV_469,-1,1,1,-1,-1,0.034672065104421654,0
4141,JOB_3992,CV_2913,-1,1,1,-1,-1,0.034672065104421654,0
4142,JOB_3992,CV_2752,-1,1,1,-1,-1,0.034672065104421654,0
4143,JOB_3992,CV_2177,-1,1,1,-1,-1,0.034672065104421654,0
4144,JOB_3992,CV_3181,-1,1,1,-1,-1,0.034672065104421654,0
4145,JOB_3992,CV_2584,-1,1,-1,-1,-1,0.0018618453328126804,0
4146,JOB_3992,CV_3657,-1,1,1,-1,-1,0.034672065104421654,0
4147,JOB_3992,CV_3474,1,1,1,-1,-1,0.454768028774003,0
4148,JOB_3992,CV_3647,-1,0,1,-1,-1,0.016728886119059285,0
4149,JOB_3992,CV_2207,-1,0,1,-1,-1,0.016728886119059285,0
4150,JOB_3992,CV_2039,-1,1,1,-1,-1,0.034672065104421654,0
4151,JOB_3992,CV_1961,-1,1,1,-1,-1,0.034672065104421654,0
4152,JOB_3992,CV_307,1,1,0,-1,-1,0.2852859884047636,0
4153,JOB_3992,CV_2574,-1,0,-1,-1,-1,0.0008827918008007309,0
4154,JOB_3992,CV_1517,-1,1,0,-1,-1,0.01689829239252925,0
4155,JOB_3992,CV_3173,-1,1,1,-1,-1,0.034672065104421654,0
4156,JOB_3992,CV_3923,-1,1,1,-1,-1,0.034672065104421654,0
4157,JOB_3992,CV_1618,-1,1,1,-1,-1,0.034672065104421654,0
4158,JOB_3992,CV_2991,-1,1,1,-1,-1,0.034672065104421654,0
4159,JOB_3992,CV_2732,-1,1,-1,-1,-1,0.0018618453328126804,0
4160,JOB_3992,CV_2415,-1,0,1,-1,-1,0.016728886119059285,0
4161,JOB_3992,CV_2366,-1,1,1,-1,-1,0.034672065104421654,0
4162,JOB_3992,CV_3133,-1,1,-1,-1,-1,0.0018618453328126804,0
4163,JOB_3992,CV_1494,-1,1,1,-1,-1,0.034672065104421654,0
4164,JOB_3992,CV_2555,-1,1,-1,-1,-1,0.0018618453328126804,0
4165,JOB_3992,CV_1534,-1,1,-1,-1,-1,0.0018618453328126804,0
4166,JOB_3992,CV_263,-1,1,1,-1,-1,0.034672065104421654,0
4167,JOB_3992,CV_223,-1,1,-1,-1,-1,0.0018618453328126804,0
4168,JOB_3992,CV_3145,-1,0,1,-1,-1,0.016728886119059285,0
4169,JOB_3992,CV_3284,-1,1,-1,-1,-1,0.0018618453328126804,0
4170,JOB_3992,CV_2495,-1,1,-1,-1,-1,0.0018618453328126804,0
4171,JOB_3992,CV_272,-1,1,-1,-1,-1,0.0018618453328126804,0
4172,JOB_3992,CV_2166,-1,1,-1,-1,-1,0.0018618453328126804,0
4173,JOB_3992,CV_1971,-1,1,-1,-1,-1,0.0018618453328126804,0
4174,JOB_3992,CV_2979,-1,1,1,-1,-1,0.034672065104421654,0
4175,JOB_3992,CV_924,-1,1,1,-1,-1,0.034672065104421654,0
4176,JOB_3992,CV_1070,-1,1,1,-1,-1,0.034672065104421654,0
4177,JOB_3992,CV_2157,1,1,-1,-1,-1,0.04151838996869751,0
4178,JOB_3992,CV_137,-1,1,0,-1,-1,0.01689829239252925,0
4179,JOB_3992,CV_532,-1,1,1,-1,-1,0.034672065104421654,0
4180,JOB_3992,CV_1287,-1,1,1,-1,-1,0.034672065104421654,0
4181,JOB_3992,CV_140,-1,0,-1,-1,-1,0.0008827918008007309,0
4182,JOB_3992,CV_2553,1,1,1,-1,-1,0.454768028774003,0
4183,JOB_3992,CV_1751,-1,1,-1,-1,-1,0.0018618453328126804,0
4184,JOB_3992,CV_2380,-1,1,1,-1,-1,0.034672065104421654,0
4185,JOB_3992,CV_2369,-1,1,1,-1,-1,0.034672065104421654,0
4186,JOB_3992,CV_3738,-1,1,1,-1,-1,0.034672065104421654,0
4187,JOB_3992,CV_3710,-1,0,1,-1,-1,0.016728886119059285,0
4188,JOB_3992,CV_1245,-1,1,1,-1,-1,0.034672065104421654,0
4189,JOB_3992,CV_3722,1,1,-1,-1,-1,0.04151838996869751,0
4190,JOB_3992,CV_1690,-1,1,0,-1,-1,0.01689829239252925,0
4191,JOB_3992,CV_2830,-1,1,0,-1,-1,0.01689829239252925,0
4192,JOB_3992,CV_2869,-1,1,-1,-1,-1,0.0018618453328126804,0
4193,JOB_3992,CV_2961,-1,1,0,-1,-1,0.01689829239252925,0
4194,JOB_3992,CV_3176,-1,1,0,-1,-1,0.01689829239252925,0
4195,JOB_3992,CV_1860,-1,1,0,-1,-1,0.01689829239252925,0
4196,JOB_3992,CV_1078,-1,1,-1,-1,-1,0.0018618453328126804,0
4197,JOB_3992,CV_1090,-1,1,-1,-1,-1,0.0018618453328126804,0
4198,JOB_3992,CV_594,1,1,1,-1,-1,0.454768028774003,0
4199,JOB_3992,CV_3090,-1,1,1,-1,-1,0.034672065104421654,0
4300,JOB_1695,CV_2749,-1,1,0,1,-1,0.05283609976798728,0
4301,JOB_1695,CV_2615,-1,1,1,-1,-1,0.034672065104421654,0
4302,JOB_1695,CV_2166,-1,1,1,-1,-1,0.034672065104421654,0
4303,JOB_1695,CV_2392,-1,0,0,-1,1,0.03951787161985485,0
4304,JOB_1695,CV_1690,-1,1,0,-1,1,0.07991753891832785,0
4305,JOB_1695,CV_2718,-1,0,0,-1,-1,0.0080762834495878,0
4306,JOB_1695,CV_1961,-1,1,0,-1,-1,0.01689829239252925,0
4307,JOB_1695,CV_3474,-1,0,0,-1,-1,0.0080762834495878,0
4308,JOB_1695,CV_2752,-1,1,0,-1,-1,0.01689829239252925,0
4309,JOB_1695,CV_1480,-1,1,0,-1,-1,0.01689829239252925,0
4310,JOB_1695,CV_1151,-1,0,1,-1,-1,0.016728886119059285,0
4311,JOB_1695,CV_1309,-1,0,1,-1,-1,0.016728886119059285,0
4312,JOB_1695,CV_2038,-1,1,1,-1,-1,0.034672065104421654,0
4313,JOB_1695,CV_2574,-1,1,0,-1,1,0.07991753891832785,0
4314,JOB_1695,CV_2992,-1,1,1,-1,1,0.15361803787121434,0
4315,JOB_1695,CV_1742,-1,1,0,-1,1,0.07991753891832785,0
4316,JOB_1695,CV_176,-1,1,0,-1,-1,0.01689829239252925,0
4317,JOB_1695,CV_116,-1,1,0,-1,-1,0.01689829239252925,0
4318,JOB_1695,CV_2584,-1,1,1,-1,-1,0.034672065104421654,0
4319,JOB_1695,CV_421,-1,1,0,-1,1,0.07991753891832785,0
4320,JOB_1695,CV_1793,-1,1,0,-1,-1,0.01689829239252925,0
4321,JOB_1695,CV_3094,-1,1,0,-1,-1,0.01689829239252925,0
4322,JOB_1695,CV_2953,-1,1,0,1,-1,0.05283609976798728,0
4323,JOB_1695,CV_2420,-1,1,0,1,1,0.2199006485775579,0
4324,JOB_1695,CV_481,-1,1,0,-1,-1,0.01689829239252925,0
4325,JOB_1695,CV_2732,-1,1,1,-1,-1,0.034672065104421654,0
4326,JOB_1695,CV_877,-1,1,0,-1,-1,0.01689829239252925,0
4327,JOB_1695,CV_2537,-1,1,0,-1,-1,0.01689829239252925,0
4328,JOB_1695,CV_3429,-1,-1,0,1,1,0.0119931365693721,0
4329,JOB_1695,CV_2207,-1,-1,0,-1,1,0.0037264061914744602,0
4330,JOB_1695,CV_3051,-1,0,0,-1,-1,0.0080762834495878,0
4331,JOB_1695,CV_1682,-1,1,0,-1,-1,0.01689829239252925,0
4332,JOB_1695,CV_3200,-1,1,0,-1,-1,0.01689829239252925,0
4333,JOB_1695,CV_2385,-1,1,1,-1,-1,0.034672065104421654,0
4334,JOB_1695,CV_046,-1,1,0,-1,-1,0.01689829239252925,0
4335,JOB_1695,CV_3685,-1,1,1,-1,-1,0.034672065104421654,0
4336,JOB_1695,CV_2177,-1,1,0,-1,-1,0.01689829239252925,0
4337,JOB_1695,CV_2553,-1,0,0,1,-1,0.025743514038269317,0
4338,JOB_1695,CV_2991,-1,1,0,1,-1,0.05283609976798728,0
4339,JOB_1695,CV_160,-1,1,1,1,1,0.3706850697644348,0
4340,JOB_1695,CV_1252,-1,1,0,1,-1,0.05283609976798728,0
4341,JOB_1695,CV_2658,-1,1,1,-1,1,0.15361803787121434,0
4342,JOB_1695,CV_1618,-1,1,0,-1,-1,0.01689829239252925,0
4343,JOB_1695,CV_3722,-1,0,1,-1,-1,0.016728886119059285,0
4344,JOB_1695,CV_1803,-1,1,1,1,-1,0.10439562230127407,0
4345,JOB_1695,CV_3173,-1,1,0,1,-1,0.05283609976798728,0
4346,JOB_1695,CV_3945,-1,1,0,1,-1,0.05283609976798728,0
4347,JOB_1695,CV_2445,-1,0,1,-1,-1,0.016728886119059285,0
4348,JOB_1695,CV_1045,-1,0,1,-1,1,0.07916723666250709,0
4349,JOB_1695,CV_3500,-1,0,0,1,-1,0.025743514038269317,0
4350,JOB_1695,CV_2365,-1,0,0,1,1,0.11779695264608223,0
4351,JOB_1695,CV_2402,-1,1,0,-1,1,0.07991753891832785,0
4352,JOB_1695,CV_1796,-1,1,0,1,1,0.2199006485775579,0
4353,JOB_1695,CV_3145,-1,0,0,-1,-1,0.0080762834495878,0
4354,JOB_1695,CV_2015,-1,1,0,-1,-1,0.01689829239252925,0
4355,JOB_1695,CV_388,-1,1,0,1,1,0.2199006485775579,0
4356,JOB_1695,CV_1636,-1,1,0,1,-1,0.05283609976798728,0
4357,JOB_1695,CV_1287,-1,1,0,-1,-1,0.01689829239252925,0
4358,JOB_1695,CV_2723,-1,1,1,-1,-1,0.034672065104421654,0
4359,JOB_1695,CV_1138,-1,1,0,-1,-1,0.01689829239252925,0
4360,JOB_1695,CV_2766,-1,1,0,-1,1,0.07991753891832785,0
4361,JOB_1695,CV_3197,-1,0,0,-1,-1,0.0080762834495878,0
4362,JOB_1695,CV_3625,-1,1,1,-1,-1,0.034672065104421654,0
4363,JOB_1695,CV_028,-1,1,0,-1,-1,0.01689829239252925,0
4364,JOB_1695,CV_3789,-1,1,0,-1,-1,0.01689829239252925,0
4365,JOB_1695,CV_469,-1,1,0,-1,1,0.07991753891832785,0
4366,JOB_1695,CV_964,-1,1,0,-1,-1,0.01689829239252925,0
4367,JOB_1695,CV_3563,-1,1,1,-1,-1,0.034672065104421654,0
4368,JOB_1695,CV_929,-1,0,0,-1,1,0.03951787161985485,0
4369,JOB_1695,CV_3133,-1,1,1,-1,-1,0.034672065104421654,0
4370,JOB_1695,CV_040,-1,1,1,-1,-1,0.034672065104421654,0
4371,JOB_1695,CV_1739,-1,0,0,-1,-1,0.0080762834495878,0
4372,JOB_1695,CV_869,-1,1,1,-1,-1,0.034672065104421654,0
4373,JOB_1695,CV_2514,-1,1,1,-1,-1,0.034672065104421654,0
4374,JOB_1695,CV_433,-1,1,0,-1,-1,0.01689829239252925,0
4375,JOB_1695,CV_3399,-1,1,0,-1,-1,0.01689829239252925,0
4376,JOB_1695,CV_999,-1,1,1,-1,-1,0.034672065104421654,0
4377,JOB_1695,CV_3792,-1,1,0,-1,-1,0.01689829239252925,0
4378,JOB_1695,CV_2550,-1,1,1,-1,1,0.15361803787121434,0
4379,JOB_1695,CV_1751,-1,1,1,1,1,0.3706850697644348,0
4380,JOB_1695,CV_140,-1,0,0,-1,-1,0.0080762834495878,0
4381,JOB_1695,CV_2541,-1,1,0,-1,1,0.07991753891832785,0
4382,JOB_1695,CV_3791,-1,1,0,1,-1,0.05283609976798728,0
4383,JOB_1695,CV_3929,-1,1,0,-1,-1,0.01689829239252925,0
4384,JOB_1695,CV_1633,-1,0,0,-1,-1,0.0080762834495878,0
4385,JOB_1695,CV_3657,-1,1,0,-1,-1,0.01689829239252925,0
4386,JOB_1695,CV_137,-1,1,0,-1,1,0.07991753891832785,0
4387,JOB_1695,CV_532,-1,1,0,-1,1,0.07991753891832785,0
4388,JOB_1695,CV_813,-1,1,0,1,-1,0.05283609976798728,0
4389,JOB_1695,CV_2157,-1,0,1,-1,-1,0.016728886119059285,0
4390,JOB_1695,CV_661,-1,1,1,-1,-1,0.034672065104421654,0
4391,JOB_1695,CV_307,-1,0,0,-1,-1,0.0080762834495878,0
4392,JOB_1695,CV_1224,-1,1,0,-1,-1,0.01689829239252925,0
4393,JOB_1695,CV_601,-1,0,0,-1,1,0.03951787161985485,0
4394,JOB_1695,CV_1085,-1,1,0,-1,-1,0.01689829239252925,0
4395,JOB_1695,CV_1068,-1,1,1,-1,-1,0.034672065104421654,0
4396,JOB_1695,CV_1494,-1,1,0,1,-1,0.05283609976798728,0
4397,JOB_1695,CV_1090,-1,1,1,-1,-1,0.034672065104421654,0
4398,JOB_1695,CV_631,-1,1,0,1,-1,0.05283609976798728,0
4399,JOB_1695,CV_1161,-1,1,0,-1,-1,0.01689829239252925,0
4400,JOB_6405,CV_2476,-1,0,1,-1,1,0.07916723666250709,0
4401,JOB_6405,CV_618,-1,0,1,-1,-1,0.016728886119059285,0
4402,JOB_6405,CV_3429,-1,0,-1,-1,1,0.004445064433151091,0
4403,JOB_6405,CV_1636,-1,0,1,-1,-1,0.016728886119059285,0
4404,JOB_6405,CV_176,-1,0,-1,-1,-1,0.0008827918008007309,0
4405,JOB_6405,CV_879,-1,0,1,-1,-1,0.016728886119059285,0
4406,JOB_6405,CV_3093,-1,0,-1,-1,-1,0.0008827918008007309,0
4407,JOB_6405,CV_1881,-1,0,0,-1,1,0.03951787161985485,0
4408,JOB_6405,CV_2961,-1,0,0,-1,-1,0.0080762834495878,0
4409,JOB_6405,CV_2541,-1,0,-1,-1,1,0.004445064433151091,0
4410,JOB_6405,CV_3474,-1,-1,1,-1,-1,0.0015442935692705172,0
4411,JOB_6405,CV_3090,-1,0,1,-1,-1,0.016728886119059285,0
4412,JOB_6405,CV_3399,-1,0,1,-1,-1,0.016728886119059285,0
4413,JOB_6405,CV_2369,-1,-1,1,-1,-1,0.0015442935692705172,0
4414,JOB_6405,CV_1172,-1,0,1,-1,-1,0.016728886119059285,0
4415,JOB_6405,CV_2638,-1,0,-1,-1,-1,0.0008827918008007309,0
4416,JOB_6405,CV_2752,-1,1,1,-1,-1,0.034672065104421654,0
4417,JOB_6405,CV_223,-1,0,-1,-1,-1,0.0008827918008007309,0
4418,JOB_6405,CV_3727,-1,0,1,-1,-1,0.016728886119059285,0
4419,JOB_6405,CV_477,-1,0,1,-1,-1,0.016728886119059285,0
4420,JOB_6405,CV_2658,-1,0,-1,-1,1,0.004445064433151091,0
4421,JOB_6405,CV_3733,-1,0,-1,-1,-1,0.0008827918008007309,0
4422,JOB_6405,CV_3414,-1,0,-1,-1,1,0.004445064433151091,0
4423,JOB_6405,CV_2977,-1,-1,1,-1,-1,0.0015442935692705172,0
4424,JOB_6405,CV_263,-1,0,1,-1,-1,0.016728886119059285,0
4425,JOB_6405,CV_3176,-1,-1,0,-1,-1,0.0007396380664553713,0
4426,JOB_6405,CV_788,-1,-1,-1,-1,-1,8.03182586734358e-05,0
4427,JOB_6405,CV_505,-1,0,1,-1,1,0.07916723666250709,0
4428,JOB_6405,CV_884,-1,0,-1,-1,-1,0.0008827918008007309,0
4429,JOB_6405,CV_2830,-1,0,0,-1,-1,0.0080762834495878,0
4430,JOB_6405,CV_1632,-1,0,1,-1,-1,0.016728886119059285,0
4431,JOB_6405,CV_3173,-1,0,1,-1,-1,0.016728886119059285,0
4432,JOB_6405,CV_1036,-1,0,1,-1,1,0.07916723666250709,0
4433,JOB_6405,CV_1161,-1,-1,1,-1,-1,0.0015442935692705172,0
4434,JOB_6405,CV_1325,-1,0,1,-1,1,0.07916723666250709,0
4435,JOB_6405,CV_1739,-1,-1,0,-1,-1,0.0007396380664553713,0
4436,JOB_6405,CV_2492,-1,-1,1,-1,-1,0.0015442935692705172,0
4437,JOB_6405,CV_421,-1,-1,0,-1,1,0.0037264061914744602,0
4438,JOB_6405,CV_2749,-1,-1,0,-1,-1,0.0007396380664553713,0
4439,JOB_6405,CV_3949,-1,0,1,1,-1,0.05232559089768777,0
4440,JOB_6405,CV_2177,-1,-1,1,-1,-1,0.0015442935692705172,0
4441,JOB_6405,CV_1252,-1,0,1,1,-1,0.05232559089768777,0
4442,JOB_6405,CV_2869,-1,0,-1,-1,-1,0.0008827918008007309,0
4443,JOB_6405,CV_2380,-1,0,1,-1,-1,0.016728886119059285,0
4444,JOB_6405,CV_594,-1,0,1,-1,1,0.07916723666250709,0
4445,JOB_6405,CV_2858,-1,0,1,-1,-1,0.016728886119059285,0
4446,JOB_6405,CV_1860,-1,0,0,-1,-1,0.0080762834495878,0
4447,JOB_6405,CV_3098,-1,-1,1,-1,-1,0.0015442935692705172,0
4448,JOB_6405,CV_1963,-1,0,0,-1,-1,0.0080762834495878,0
4449,JOB_6405,CV_2356,-1,0,-1,-1,1,0.004445064433151091,0
4450,JOB_6405,CV_3547,-1,0,-1,-1,-1,0.0008827918008007309,0
4451,JOB_6405,CV_1138,-1,0,1,-1,-1,0.016728886119059285,0
4452,JOB_6405,CV_1068,-1,0,-1,-1,-1,0.0008827918008007309,0
4453,JOB_6405,CV_601,-1,-1,1,-1,1,0.0077551622213322515,0
4454,JOB_6405,CV_216,-1,0,1,-1,-1,0.016728886119059285,0
4455,JOB_6405,CV_3145,-1,0,1,-1,-1,0.016728886119059285,0
4456,JOB_6405,CV_3753,-1,0,-1,-1,-1,0.0008827918008007309,0
4457,JOB_6405,CV_2913,-1,0,1,-1,-1,0.016728886119059285,0
4458,JOB_6405,CV_3792,-1,-1,0,-1,-1,0.0007396380664553713,0
4459,JOB_6405,CV_3685,-1,0,-1,-1,-1,0.0008827918008007309,0
4460,JOB_6405,CV_1971,-1,0,-1,-1,-1,0.0008827918008007309,0
4461,JOB_6405,CV_1742,-1,0,1,-1,1,0.07916723666250709,0
4462,JOB_6405,CV_3094,-1,-1,-1,-1,-1,8.03182586734358e-05,0
4463,JOB_6405,CV_2718,-1,-1,0,-1,-1,0.0007396380664553713,0
4464,JOB_6405,CV_2436,-1,0,1,-1,-1,0.016728886119059285,0
4465,JOB_6405,CV_2069,-1,0,-1,-1,-1,0.0008827918008007309,0
4466,JOB_6405,CV_3722,-1,0,-1,-1,-1,0.0008827918008007309,0
4467,JOB_6405,CV_1810,-1,0,-1,-1,-1,0.0008827918008007309,0
4468,JOB_6405,CV_1245,-1,0,1,-1,1,0.07916723666250709,0
4469,JOB_6405,CV_2653,-1,0,-1,-1,-1,0.0008827918008007309,0
4470,JOB_6405,CV_2313,-1,0,-1,1,-1,0.002859298785317209,0
4471,JOB_6405,CV_392,-1,-1,-1,-1,-1,8.03182586734358e-05,0
4472,JOB_6405,CV_3284,-1,0,-1,-1,-1,0.0008827918008007309,0
4473,JOB_6405,CV_2953,-1,0,1,1,-1,0.05232559089768777,0
4474,JOB_6405,CV_1898,-1,0,1,-1,-1,0.016728886119059285,0
4475,JOB_6405,CV_2341,-1,0,-1,-1,1,0.004445064433151091,0
4476,JOB_6405,CV_964,-1,0,1,-1,-1,0.016728886119059285,0
4477,JOB_6405,CV_665,-1,0,1,-1,-1,0.016728886119059285,0
4478,JOB_6405,CV_1687,-1,-1,1,-1,-1,0.0015442935692705172,0
4479,JOB_6405,CV_1517,-1,0,0,-1,1,0.03951787161985485,0
4480,JOB_6405,CV_1241,-1,0,1,-1,-1,0.016728886119059285,0
4481,JOB_6405,CV_1792,-1,0,1,-1,-1,0.016728886119059285,0
4482,JOB_6405,CV_3744,-1,0,1,-1,-1,0.016728886119059285,0
4483,JOB_6405,CV_1844,-1,0,1,-1,-1,0.016728886119059285,0
4484,JOB_6405,CV_3962,-1,-1,-1,-1,1,0.00040573633479455186,0
4485,JOB_6405,CV_3791,-1,0,1,-1,-1,0.016728886119059285,0
4486,JOB_6405,CV_3757,-1,0,-1,-1,-1,0.0008827918008007309,0
4487,JOB_6405,CV_3543,-1,0,1,-1,-1,0.016728886119059285,0
4488,JOB_6405,CV_2596,-1,-1,-1,-1,-1,8.03182586734358e-05,0
4489,JOB_6405,CV_3970,-1,-1,-1,-1,-1,8.03182586734358e-05,0
4490,JOB_6405,CV_080,-1,0,1,-1,-1,0.016728886119059285,0
4491,JOB_6405,CV_1682,-1,-1,-1,-1,-1,8.03182586734358e-05,0
4492,JOB_6405,CV_2366,-1,0,1,-1,-1,0.016728886119059285,0
4493,JOB_6405,CV_1015,-1,-1,0,-1,-1,0.0007396380664553713,0
4494,JOB_6405,CV_3075,-1,0,-1,-1,1,0.004445064433151091,0
4495,JOB_6405,CV_2294,-1,0,0,-1,-1,0.0080762834495878,0
4496,JOB_6405,CV_3782,-1,0,0,-1,-1,0.0080762834495878,0
4497,JOB_6405,CV_1993,-1,0,-1,-1,-1,0.0008827918008007309,0
4498,JOB_6405,CV_3923,-1,0,1,-1,-1,0.016728886119059285,0
4499,JOB_6405,CV_307,-1,0,0,-1,-1,0.0080762834495878,0
4500,JOB_3899,CV_532,-1,-1,1,1,-1,0.004994451571761179,0
4501,JOB_3899,CV_3647,-1,-1,1,0,-1,0.002639631480061397,0
4502,JOB_3899,CV_1245,-1,-1,1,1,-1,0.004994451571761179,0
4503,JOB_3899,CV_3090,-1,-1,1,1,-1,0.004994451571761179,0
4504,JOB_3899,CV_3738,-1,0,1,1,-1,0.05232559089768777,0
4505,JOB_3899,CV_2537,-1,-1,1,0,-1,0.002639631480061397,0
4506,JOB_3899,CV_1172,-1,-1,1,-1,1,0.0077551622213322515,0
4507,JOB_3899,CV_3685,-1,0,-1,1,-1,0.002859298785317209,0
4508,JOB_3899,CV_080,-1,0,1,1,1,0.21814771844744296,0
4509,JOB_3899,CV_2749,-1,-1,0,1,-1,0.002396402946724275,0
4510,JOB_3899,CV_3727,-1,-1,1,1,1,0.024737444512838436,0
4511,JOB_3899,CV_1036,-1,-1,1,-1,-1,0.0015442935692705172,0
4512,JOB_3899,CV_116,-1,-1,-1,1,-1,0.00026061368312641647,0
4513,JOB_3899,CV_2420,-1,0,0,1,-1,0.025743514038269317,0
4514,JOB_3899,CV_3744,-1,-1,1,-1,-1,0.0015442935692705172,0
4515,JOB_3899,CV_999,-1,-1,-1,1,-1,0.00026061368312641647,0
4516,JOB_3899,CV_722,-1,0,-1,1,1,0.014283223220999536,0
4517,JOB_3899,CV_1687,-1,-1,1,1,-1,0.004994451571761179,0
4518,JOB_3899,CV_2365,-1,-1,0,1,-1,0.002396402946724275,0
4519,JOB_3899,CV_085,-1,-1,1,1,-1,0.004994451571761179,0
4520,JOB_3899,CV_2489,-1,0,0,1,1,0.11779695264608223,0
4521,JOB_3899,CV_2385,-1,-1,-1,1,1,0.0013155570174856266,0
4522,JOB_3899,CV_2379,-1,-1,1,-1,-1,0.0015442935692705172,0
4523,JOB_3899,CV_2830,-1,-1,0,1,1,0.0119931365693721,0
4524,JOB_3899,CV_1860,-1,0,0,1,-1,0.025743514038269317,0
4525,JOB_3899,CV_2991,-1,-1,1,0,1,0.013197522239432963,0
4526,JOB_3899,CV_2672,-1,0,1,-1,-1,0.016728886119059285,0
4527,JOB_3899,CV_1517,-1,-1,0,1,-1,0.002396402946724275,0
4528,JOB_3899,CV_1494,-1,0,1,1,1,0.21814771844744296,0
4529,JOB_3899,CV_3789,-1,-1,1,1,-1,0.004994451571761179,0
4530,JOB_3899,CV_1015,-1,0,0,1,1,0.11779695264608223,0
4531,JOB_3899,CV_2718,-1,-1,0,1,-1,0.002396402946724275,0
4532,JOB_3899,CV_3197,-1,-1,1,1,1,0.024737444512838436,0
4533,JOB_3899,CV_3399,-1,-1,1,1,-1,0.004994451571761179,0
4534,JOB_3899,CV_1796,-1,-1,0,1,-1,0.002396402946724275,0
4535,JOB_3899,CV_3949,-1,0,1,-1,1,0.07916723666250709,0
4536,JOB_3899,CV_3733,-1,-1,-1,1,-1,0.00026061368312641647,0
4537,JOB_3899,CV_2596,-1,-1,-1,-1,-1,8.03182586734358e-05,0
4538,JOB_3899,CV_296,-1,-1,0,1,-1,0.002396402946724275,0
4539,JOB_3899,CV_631,-1,-1,1,1,-1,0.004994451571761179,0
4540,JOB_3899,CV_1151,-1,-1,-1,1,-1,0.00026061368312641647,0
4541,JOB_3899,CV_3710,-1,-1,1,1,-1,0.004994451571761179,0
4542,JOB_3899,CV_2977,-1,-1,1,1,-1,0.004994451571761179,0
4543,JOB_3899,CV_1574,-1,-1,1,1,-1,0.004994451571761179,0
4544,JOB_3899,CV_3015,-1,-1,0,1,-1,0.002396402946724275,0
4545,JOB_3899,CV_2033,-1,-1,1,1,1,0.024737444512838436,0
4546,JOB_3899,CV_3051,-1,-1,1,1,-1,0.004994451571761179,0
4547,JOB_3899,CV_2177,-1,-1,1,-1,-1,0.0015442935692705172,0
4548,JOB_3899,CV_216,-1,-1,1,0,1,0.013197522239432963,0
4549,JOB_3899,CV_605,-1,-1,-1,1,-1,0.00026061368312641647,0
4550,JOB_3899,CV_3657,-1,0,1,1,-1,0.05232559089768777,0
4551,JOB_3899,CV_2732,-1,0,-1,1,-1,0.002859298785317209,0
4552,JOB_3899,CV_1031,-1,0,1,1,1,0.21814771844744296,0
4553,JOB_3899,CV_640,-1,-1,1,1,1,0.024737444512838436,0
4554,JOB_3899,CV_665,-1,-1,1,1,-1,0.004994451571761179,0
4555,JOB_3899,CV_2653,-1,-1,-1,1,-1,0.00026061368312641647,0
4556,JOB_3899,CV_1480,-1,-1,-1,1,1,0.0013155570174856266,0
4557,JOB_3899,CV_3176,-1,-1,0,-1,-1,0.0007396380664553713,0
4558,JOB_3899,CV_3093,-1,-1,-1,-1,-1,8.03182586734358e-05,0
4559,JOB_3899,CV_1913,-1,0,1,1,1,0.21814771844744296,0
4560,JOB_3899,CV_3945,-1,-1,0,1,-1,0.002396402946724275,0
4561,JOB_3899,CV_2380,-1,-1,1,1,-1,0.004994451571761179,0
4562,JOB_3899,CV_924,-1,0,1,-1,1,0.07916723666250709,0
4563,JOB_3899,CV_2024,-1,-1,1,1,-1,0.004994451571761179,0
4564,JOB_3899,CV_1534,-1,-1,-1,1,1,0.0013155570174856266,0
4565,JOB_3899,CV_2752,-1,-1,1,1,-1,0.004994451571761179,0
4566,JOB_3899,CV_223,-1,-1,-1,1,-1,0.00026061368312641647,0
4567,JOB_3899,CV_661,-1,-1,-1,1,-1,0.00026061368312641647,0
4568,JOB_3899,CV_964,-1,-1,1,1,-1,0.004994451571761179,0
4569,JOB_3899,CV_3923,-1,-1,1,1,1,0.024737444512838436,0
4570,JOB_3899,CV_1795,-1,-1,-1,1,1,0.0013155570174856266,0
4571,JOB_3899,CV_2207,-1,-1,1,1,-1,0.004994451571761179,0
4572,JOB_3899,CV_2495,-1,0,-1,1,1,0.014283223220999536,0
4573,JOB_3899,CV_3173,-1,-1,1,1,-1,0.004994451571761179,0
4574,JOB_3899,CV_813,-1,0,1,-1,1,0.07916723666250709,0
4575,JOB_3899,CV_2769,-1,-1,0,1,1,0.0119931365693721,0
4576,JOB_3899,CV_1971,-1,-1,-1,1,-1,0.00026061368312641647,0
4577,JOB_3899,CV_622,-1,0,0,1,-1,0.025743514038269317,0
4578,JOB_3899,CV_594,-1,-1,1,1,-1,0.004994451571761179,0
4579,JOB_3899,CV_2327,-1,-1,-1,1,-1,0.00026061368312641647,0
4580,JOB_3899,CV_3547,-1,-1,-1,1,-1,0.00026061368312641647,0
4581,JOB_3899,CV_1963,-1,0,0,1,-1,0.025743514038269317,0
4582,JOB_3899,CV_3543,-1,0,1,1,-1,0.05232559089768777,0
4583,JOB_3899,CV_1785,-1,0,-1,1,1,0.014283223220999536,0
4584,JOB_3899,CV_1309,-1,-1,-1,1,-1,0.00026061368312641647,0
4585,JOB_3899,CV_1993,-1,-1,-1,1,-1,0.00026061368312641647,0
4586,JOB_3899,CV_929,-1,-1,1,-1,-1,0.0015442935692705172,0
4587,JOB_3899,CV_2574,-1,-1,-1,1,-1,0.00026061368312641647,0
4588,JOB_3899,CV_421,-1,-1,0,1,-1,0.002396402946724275,0
4589,JOB_3899,CV_3962,-1,-1,-1,1,1,0.0013155570174856266,0
4590,JOB_3899,CV_2015,-1,-1,0,-1,-1,0.0007396380664553713,0
4591,JOB_3899,CV_3455,-1,-1,-1,-1,-1,8.03182586734358e-05,0
4592,JOB_3899,CV_187,-1,-1,1,1,-1,0.004994451571761179,0
4593,JOB_3899,CV_2445,-1,-1,-1,1,1,0.0013155570174856266,0
4594,JOB_3899,CV_3500,-1,-1,1,1,1,0.024737444512838436,0
4595,JOB_3899,CV_1781,-1,0,-1,1,1,0.014283223220999536,0
4596,JOB_3899,CV_2992,-1,0,-1,1,-1,0.002859298785317209,0
4597,JOB_3899,CV_278,-1,0,1,1,-1,0.05232559089768777,0
4598,JOB_3899,CV_1241,-1,-1,1,1,-1,0.004994451571761179,0
4599,JOB_3899,CV_1045,-1,-1,-1,-1,-1,8.03182586734358e-05,0
4700,JOB_10815,CV_1068,-1,0,-1,-1,-1,0.0008827918008007309,0
4701,JOB_10815,CV_3039,-1,-1,1,1,-1,0.004994451571761179,0
4702,JOB_10815,CV_1494,-1,0,1,-1,1,0.07916723666250709,0
4703,JOB_10815,CV_3478,-1,0,1,-1,-1,0.016728886119059285,0
4704,JOB_10815,CV_2615,-1,0,-1,-1,1,0.004445064433151091,0
4705,JOB_10815,CV_3685,-1,-1,-1,-1,-1,8.03182586734358e-05,0
4706,JOB_10815,CV_3197,-1,-1,1,-1,1,0.0077551622213322515,0
4707,JOB_10815,CV_2550,-1,0,-1,-1,-1,0.0008827918008007309,0
4708,JOB_10815,CV_2380,-1,0,1,-1,-1,0.016728886119059285,0
4709,JOB_10815,CV_2177,-1,0,1,-1,-1,0.016728886119059285,0
4710,JOB_10815,CV_3414,-1,0,-1,-1,-1,0.0008827918008007309,0
4711,JOB_10815,CV_964,-1,0,1,-1,-1,0.016728886119059285,0
4712,JOB_10815,CV_477,-1,-1,1,1,1,0.024737444512838436,0
4713,JOB_10815,CV_2723,-1,-1,-1,-1,1,0.00040573633479455186,0
4714,JOB_10815,CV_3429,-1,-1,-1,-1,-1,8.03182586734358e-05,0
4715,JOB_10815,CV_3474,-1,-1,1,-1,1,0.0077551622213322515,0
4716,JOB_10815,CV_1231,-1,1,1,-1,-1,0.034672065104421654,0
4717,JOB_10815,CV_1971,-1,0,-1,-1,-1,0.0008827918008007309,0
4718,JOB_10815,CV_622,-1,0,0,-1,-1,0.0080762834495878,0
4719,JOB_10815,CV_3284,-1,0,-1,-1,-1,0.0008827918008007309,0
4720,JOB_10815,CV_3145,-1,-1,1,-1,1,0.0077551622213322515,0
4721,JOB_10815,CV_2033,-1,-1,1,-1,1,0.0077551622213322515,0
4722,JOB_10815,CV_3792,-1,0,0,-1,-1,0.0080762834495878,0
4723,JOB_10815,CV_2877,-1,-1,1,-1,-1,0.0015442935692705172,0
4724,JOB_10815,CV_3722,-1,-1,-1,-1,-1,8.03182586734358e-05,0
4725,JOB_10815,CV_085,-1,0,1,-1,-1,0.016728886119059285,0
4726,JOB_10815,CV_611,-1,0,-1,-1,1,0.004445064433151091,0
4727,JOB_10815,CV_618,-1,0,1,-1,1,0.07916723666250709,0
4728,JOB_10815,CV_3663,-1,0,1,1,-1,0.05232559089768777,0
4729,JOB_10815,CV_1355,-1,0,-1,-1,-1,0.0008827918008007309,0
4730,JOB_10815,CV_1015,-1,0,0,-1,1,0.03951787161985485,0
4731,JOB_10815,CV_1618,-1,0,1,-1,-1,0.016728886119059285,0
4732,JOB_10815,CV_1751,-1,0,-1,1,-1,0.002859298785317209,0
4733,JOB_10815,CV_140,-1,-1,-1,-1,1,0.00040573633479455186,0
4734,JOB_10815,CV_1682,-1,0,-1,-1,-1,0.0008827918008007309,0
4735,JOB_10815,CV_2341,-1,0,-1,-1,-1,0.0008827918008007309,0
4736,JOB_10815,CV_2207,-1,-1,1,-1,-1,0.0015442935692705172,0
4737,JOB_10815,CV_1633,-1,-1,1,-1,-1,0.0015442935692705172,0
4738,JOB_10815,CV_1534,-1,0,-1,-1,1,0.004445064433151091,0
4739,JOB_10815,CV_2445,-1,-1,-1,-1,1,0.00040573633479455186,0
4740,JOB_10815,CV_233,-1,0,1,-1,-1,0.016728886119059285,0
4741,JOB_10815,CV_1898,-1,0,1,-1,1,0.07916723666250709,0
4742,JOB_10815,CV_813,-1,0,1,1,1,0.21814771844744296,0
4743,JOB_10815,CV_1636,-1,-1,1,1,-1,0.004994451571761179,0
4744,JOB_10815,CV_2749,-1,0,0,1,-1,0.025743514038269317,0
4745,JOB_10815,CV_2732,-1,0,-1,-1,-1,0.0008827918008007309,0
4746,JOB_10815,CV_080,-1,0,1,-1,1,0.07916723666250709,0
4747,JOB_10815,CV_028,-1,-1,1,-1,-1,0.0015442935692705172,0
4748,JOB_10815,CV_176,-1,0,-1,-1,1,0.004445064433151091,0
4749,JOB_10815,CV_640,-1,0,1,-1,1,0.07916723666250709,0
4750,JOB_10815,CV_1380,-1,0,1,-1,1,0.07916723666250709,0
4751,JOB_10815,CV_160,-1,0,-1,-1,-1,0.0008827918008007309,0
4752,JOB_10815,CV_1963,-1,0,0,-1,-1,0.0080762834495878,0
4753,JOB_10815,CV_3970,-1,-1,-1,-1,1,0.00040573633479455186,0
4754,JOB_10815,CV_1577,-1,0,-1,-1,-1,0.0008827918008007309,0
4755,JOB_10815,CV_469,-1,0,1,-1,-1,0.016728886119059285,0
4756,JOB_10815,CV_1881,-1,0,0,-1,-1,0.0080762834495878,0
4757,JOB_10815,CV_2415,-1,-1,1,-1,-1,0.0015442935692705172,0
4758,JOB_10815,CV_3546,-1,-1,-1,1,-1,0.00026061368312641647,0
4759,JOB_10815,CV_605,-1,-1,-1,-1,-1,8.03182586734358e-05,0
4760,JOB_10815,CV_1810,-1,0,-1,-1,1,0.004445064433151091,0
4761,JOB_10815,CV_2489,-1,0,0,-1,1,0.03951787161985485,0
4762,JOB_10815,CV_1224,-1,0,-1,-1,1,0.004445064433151091,0
4763,JOB_10815,CV_877,-1,0,1,-1,-1,0.016728886119059285,0
4764,JOB_10815,CV_2356,-1,0,-1,-1,-1,0.0008827918008007309,0
4765,JOB_10815,CV_3500,-1,-1,1,-1,1,0.0077551622213322515,0
4766,JOB_10815,CV_3299,-1,0,-1,-1,1,0.004445064433151091,0
4767,JOB_10815,CV_722,-1,-1,-1,-1,1,0.00040573633479455186,0
4768,JOB_10815,CV_2830,-1,0,0,-1,1,0.03951787161985485,0
4769,JOB_10815,CV_538,-1,-1,1,1,1,0.024737444512838436,0
4770,JOB_10815,CV_2294,-1,0,0,1,-1,0.025743514038269317,0
4771,JOB_10815,CV_1138,-1,0,1,-1,-1,0.016728886119059285,0
4772,JOB_10815,CV_2913,-1,0,1,-1,1,0.07916723666250709,0
4773,JOB_10815,CV_3625,-1,0,-1,-1,1,0.004445064433151091,0
4774,JOB_10815,CV_1517,-1,0,0,-1,-1,0.0080762834495878,0
4775,JOB_10815,CV_1742,-1,0,1,-1,-1,0.016728886119059285,0
4776,JOB_10815,CV_481,-1,-1,-1,-1,1,0.00040573633479455186,0
4777,JOB_10815,CV_3098,-1,0,1,-1,-1,0.016728886119059285,0
4778,JOB_10815,CV_2596,-1,-1,-1,-1,-1,8.03182586734358e-05,0
4779,JOB_10815,CV_3738,-1,0,1,-1,-1,0.016728886119059285,0
4780,JOB_10815,CV_2858,-1,0,1,-1,-1,0.016728886119059285,0
4781,JOB_10815,CV_1796,-1,1,0,1,-1,0.05283609976798728,0
4782,JOB_10815,CV_187,-1,-1,1,-1,-1,0.0015442935692705172,0
4783,JOB_10815,CV_1122,-1,0,1,-1,-1,0.016728886119059285,0
4784,JOB_10815,CV_046,-1,-1,0,-1,-1,0.0007396380664553713,0
4785,JOB_10815,CV_3533,-1,0,1,-1,-1,0.016728886119059285,0
4786,JOB_10815,CV_1161,-1,0,1,-1,-1,0.016728886119059285,0
4787,JOB_10815,CV_2992,-1,0,-1,-1,-1,0.0008827918008007309,0
4788,JOB_10815,CV_2365,-1,-1,0,1,-1,0.002396402946724275,0
4789,JOB_10815,CV_3200,-1,0,1,-1,1,0.07916723666250709,0
4790,JOB_10815,CV_2039,-1,-1,1,-1,-1,0.0015442935692705172,0
4791,JOB_10815,CV_278,-1,1,1,-1,-1,0.034672065104421654,0
4792,JOB_10815,CV_2769,-1,-1,0,-1,1,0.0037264061914744602,0
4793,JOB_10815,CV_3791,-1,0,1,1,1,0.21814771844744296,0
4794,JOB_10815,CV_1795,-1,0,-1,-1,1,0.004445064433151091,0
4795,JOB_10815,CV_2991,-1,0,1,-1,1,0.07916723666250709,0
4796,JOB_10815,CV_3176,-1,0,0,-1,-1,0.0080762834495878,0
4797,JOB_10815,CV_3636,-1,0,-1,-1,-1,0.0008827918008007309,0
4798,JOB_10815,CV_2327,-1,0,-1,-1,-1,0.0008827918008007309,0
4799,JOB_10815,CV_392,-1,-1,-1,-1,1,0.00040573633479455186,0
5000,JOB_8387,CV_3733,-1,1,-1,-1,-1,0.0018618453328126804,0
5001,JOB_8387,CV_2718,-1,0,0,-1,-1,0.0080762834495878,0
5002,JOB_8387,CV_2436,-1,1,1,1,-1,0.10439562230127407,0
5003,JOB_8387,CV_233,-1,0,1,-1,1,0.07916723666250709,0
5004,JOB_8387,CV_1172,-1,0,1,-1,-1,0.016728886119059285,0
5005,JOB_8387,CV_3429,-1,0,-1,-1,1,0.004445064433151091,0
5006,JOB_8387,CV_3098,1,0,1,-1,-1,0.2832010598158251,0
5007,JOB_8387,CV_421,-1,1,0,-1,1,0.07991753891832785,0
5008,JOB_8387,CV_3455,-1,0,-1,-1,-1,0.0008827918008007309,0
5009,JOB_8387,CV_3478,-1,1,1,-1,1,0.15361803787121434,0
5010,JOB_8387,CV_1742,-1,0,1,-1,1,0.07916723666250709,0
5011,JOB_8387,CV_2039,-1,0,1,-1,-1,0.016728886119059285,0
5012,JOB_8387,CV_1913,-1,1,1,-1,-1,0.034672065104421654,0
5013,JOB_8387,CV_388,-1,0,-1,1,1,0.014283223220999536,0
5014,JOB_8387,CV_1795,-1,1,-1,-1,-1,0.0018618453328126804,0
5015,JOB_8387,CV_140,-1,0,-1,-1,-1,0.0008827918008007309,0
5016,JOB_8387,CV_3533,-1,0,1,-1,-1,0.016728886119059285,0
5017,JOB_8387,CV_2858,-1,1,1,-1,-1,0.034672065104421654,0
5018,JOB_8387,CV_3543,-1,1,1,1,-1,0.10439562230127407,0
5019,JOB_8387,CV_296,-1,1,0,-1,-1,0.01689829239252925,0
5020,JOB_8387,CV_2638,-1,1,-1,-1,-1,0.0018618453328126804,0
5021,JOB_8387,CV_1810,-1,1,-1,-1,-1,0.0018618453328126804,0
5022,JOB_8387,CV_594,-1,0,1,-1,1,0.07916723666250709,0
5023,JOB_8387,CV_1494,-1,1,1,-1,-1,0.034672065104421654,0
5024,JOB_8387,CV_2672,-1,1,1,-1,-1,0.034672065104421654,0
5025,JOB_8387,CV_085,-1,1,1,-1,-1,0.034672065104421654,0
5026,JOB_8387,CV_3094,-1,1,-1,-1,-1,0.0018618453328126804,0
5027,JOB_8387,CV_1031,-1,1,1,-1,-1,0.034672065104421654,0
5028,JOB_8387,CV_2157,-1,0,-1,-1,-1,0.0008827918008007309,0
5029,JOB_8387,CV_3738,-1,1,1,-1,1,0.15361803787121434,0
5030,JOB_8387,CV_3647,-1,0,1,-1,-1,0.016728886119059285,0
5031,JOB_8387,CV_601,-1,0,1,-1,1,0.07916723666250709,0
5032,JOB_8387,CV_1085,-1,0,-1,-1,-1,0.0008827918008007309,0
5033,JOB_8387,CV_1045,-1,0,-1,-1,1,0.004445064433151091,0
5034,JOB_8387,CV_1807,-1,0,1,-1,-1,0.016728886119059285,0
5035,JOB_8387,CV_2356,-1,1,-1,-1,1,0.009337905367753526,0
5036,JOB_8387,CV_2733,-1,1,-1,1,-1,0.006017180859498359,0
5037,JOB_8387,CV_1796,-1,1,0,1,1,0.2199006485775579,0
5038,JOB_8387,CV_869,-1,1,-1,-1,-1,0.0018618453328126804,0
5039,JOB_8387,CV_1325,-1,1,1,-1,1,0.15361803787121434,0
5040,JOB_8387,CV_2380,-1,1,1,-1,-1,0.034672065104421654,0
5041,JOB_8387,CV_1090,-1,1,-1,-1,-1,0.0018618453328126804,0
5042,JOB_8387,CV_2478,-1,0,1,-1,-1,0.016728886119059285,0
5043,JOB_8387,CV_3015,-1,1,0,-1,-1,0.01689829239252925,0
5044,JOB_8387,CV_2965,-1,1,1,1,1,0.3706850697644348,0
5045,JOB_8387,CV_2177,-1,0,1,1,-1,0.05232559089768777,0
5046,JOB_8387,CV_640,-1,1,1,-1,-1,0.034672065104421654,0
5047,JOB_8387,CV_2445,-1,0,-1,-1,-1,0.0008827918008007309,0
5048,JOB_8387,CV_2615,-1,1,-1,-1,-1,0.0018618453328126804,0
5049,JOB_8387,CV_3663,-1,1,1,1,-1,0.10439562230127407,0
5050,JOB_8387,CV_1078,1,1,-1,-1,-1,0.04151838996869751,0
5051,JOB_8387,CV_433,-1,1,0,-1,-1,0.01689829239252925,0
5052,JOB_8387,CV_1577,-1,0,-1,-1,-1,0.0008827918008007309,0
5053,JOB_8387,CV_3039,-1,1,1,1,1,0.3706850697644348,0
5054,JOB_8387,CV_1690,-1,1,0,-1,1,0.07991753891832785,0
5055,JOB_8387,CV_116,-1,1,-1,-1,-1,0.0018618453328126804,0
5056,JOB_8387,CV_1036,-1,1,1,1,1,0.3706850697644348,0
5057,JOB_8387,CV_1231,-1,1,1,-1,-1,0.034672065104421654,0
5058,JOB_8387,CV_1138,-1,1,1,-1,-1,0.034672065104421654,0
5059,JOB_8387,CV_3414,-1,1,-1,-1,1,0.009337905367753526,0
5060,JOB_8387,CV_3625,-1,0,-1,-1,-1,0.0008827918008007309,0
5061,JOB_8387,CV_3474,-1,1,1,-1,-1,0.034672065104421654,0
5062,JOB_8387,CV_2723,-1,1,-1,-1,-1,0.0018618453328126804,0
5063,JOB_8387,CV_813,-1,1,1,1,-1,0.10439562230127407,0
5064,JOB_8387,CV_2977,-1,1,1,-1,-1,0.034672065104421654,0
5065,JOB_8387,CV_2495,-1,1,-1,-1,-1,0.0018618453328126804,0
5066,JOB_8387,CV_3923,1,1,1,1,-1,0.7302317401433427,1
5067,JOB_8387,CV_307,-1,0,0,-1,-1,0.0080762834495878,0
5068,JOB_8387,CV_3685,-1,0,-1,-1,-1,0.0008827918008007309,0
5069,JOB_8387,CV_929,-1,0,1,-1,1,0.07916723666250709,0
5070,JOB_8387,CV_1739,-1,-1,0,-1,-1,0.0007396380664553713,0
5071,JOB_8387,CV_1151,-1,1,-1,-1,-1,0.0018618453328126804,0
5072,JOB_8387,CV_2294,-1,0,0,1,-1,0.025743514038269317,0
5073,JOB_8387,CV_2555,-1,1,-1,1,1,0.029682404125509716,0
5074,JOB_8387,CV_1015,-1,0,0,-1,-1,0.0080762834495878,0
5075,JOB_8387,CV_1636,-1,0,1,1,-1,0.05232559089768777,0
5076,JOB_8387,CV_964,-1,1,1,-1,-1,0.034672065104421654,0
5077,JOB_8387,CV_2166,-1,1,-1,-1,-1,0.0018618453328126804,0
5078,JOB_8387,CV_2420,-1,1,0,1,1,0.2199006485775579,0
5079,JOB_8387,CV_722,-1,0,-1,-1,-1,0.0008827918008007309,0
5080,JOB_8387,CV_392,-1,1,-1,-1,-1,0.0018618453328126804,0
5081,JOB_8387,CV_3753,-1,0,-1,-1,-1,0.0008827918008007309,0
5082,JOB_8387,CV_631,-1,1,1,-1,-1,0.034672065104421654,0
5083,JOB_8387,CV_2069,-1,1,-1,-1,-1,0.0018618453328126804,0
5084,JOB_8387,CV_3791,1,0,1,1,-1,0.5618280036801903,1
5085,JOB_8387,CV_2732,-1,1,-1,-1,-1,0.0018618453328126804,0
5086,JOB_8387,CV_3051,-1,0,1,-1,-1,0.016728886119059285,0
5087,JOB_8387,CV_2769,-1,0,0,-1,-1,0.0080762834495878,0
5088,JOB_8387,CV_2038,-1,1,-1,-1,-1,0.0018618453328126804,0
5089,JOB_8387,CV_505,-1,1,1,-1,1,0.15361803787121434,0
5090,JOB_8387,CV_278,-1,1,1,-1,-1,0.034672065104421654,0
5091,JOB_8387,CV_046,-1,1,0,-1,-1,0.01689829239252925,0
5092,JOB_8387,CV_1993,-1,1,-1,-1,-1,0.0018618453328126804,0
5093,JOB_8387,CV_605,-1,0,-1,1,-1,0.002859298785317209,0
5094,JOB_8387,CV_3722,-1,0,-1,-1,-1,0.0008827918008007309,0
5095,JOB_8387,CV_3970,-1,0,-1,-1,-1,0.0008827918008007309,0
5096,JOB_8387,CV_3173,-1,0,1,-1,-1,0.016728886119059285,0
5097,JOB_8387,CV_2489,-1,1,0,-1,-1,0.01689829239252925,0
5098,JOB_8387,CV_2415,-1,0,1,-1,-1,0.016728886119059285,0
5099,JOB_8387,CV_3090,-1,0,1,-1,-1,0.016728886119059285,0
5200,JOB_7032,CV_223,-1,0,-1,0,0,0.002698177363009384,0
5201,JOB_7032,CV_2953,-1,1,1,-1,0,0.0603899128734313,0
5202,JOB_7032,CV_1803,-1,0,-1,0,0,0.002698177363009384,0
5203,JOB_7032,CV_1494,-1,0,1,0,0,0.04951546140781997,0
5204,JOB_7032,CV_3299,-1,1,-1,0,0,0.005679126332233708,0
5205,JOB_7032,CV_2965,-1,1,1,0,0,0.09908145837399628,0
5206,JOB_7032,CV_1785,-1,1,-1,0,0,0.005679126332233708,0
5207,JOB_7032,CV_392,-1,-1,-1,0,0,0.00024589199728382896,0
5208,JOB_7032,CV_3929,-1,0,0,0,0,0.024324324369693937,0
5209,JOB_7032,CV_1031,-1,1,1,0,0,0.09908145837399628,0
5210,JOB_7032,CV_2584,-1,0,-1,0,0,0.002698177363009384,0
5211,JOB_7032,CV_594,-1,1,1,0,0,0.09908145837399628,0
5212,JOB_7032,CV_964,-1,1,1,0,0,0.09908145837399628,0
5213,JOB_7032,CV_869,-1,1,-1,0,0,0.005679126332233708,0
5214,JOB_7032,CV_2638,-1,1,-1,0,0,0.005679126332233708,0
5215,JOB_7032,CV_3547,-1,1,-1,0,0,0.005679126332233708,0
5216,JOB_7032,CV_3145,-1,0,1,-1,0,0.029544805158767173,0
5217,JOB_7032,CV_1810,-1,1,-1,0,0,0.005679126332233708,0
5218,JOB_7032,CV_160,-1,1,-1,-1,0,0.003326730739160127,0
5219,JOB_7032,CV_2961,-1,1,0,0,0,0.050000000085250004,0
5220,JOB_7032,CV_1881,-1,1,0,-1,0,0.029840054192179503,0
5221,JOB_7032,CV_3733,-1,1,-1,0,0,0.005679126332233708,0
5222,JOB_7032,CV_884,-1,1,-1,0,0,0.005679126332233708,0
5223,JOB_7032,CV_3727,-1,0,1,0,0,0.04951546140781997,0
5224,JOB_7032,CV_2495,-1,1,-1,0,0,0.005679126332233708,0
5225,JOB_7032,CV_137,-1,1,0,0,0,0.050000000085250004,0
5226,JOB_7032,CV_2749,-1,1,0,0,0,0.050000000085250004,0
5227,JOB_7032,CV_631,-1,1,1,0,0,0.09908145837399628,0
5228,JOB_7032,CV_278,-1,1,1,0,0,0.09908145837399628,0
5229,JOB_7032,CV_3098,-1,1,1,0,0,0.09908145837399628,0
5230,JOB_7032,CV_2327,-1,1,-1,0,0,0.005679126332233708,0
5231,JOB_7032,CV_2769,-1,0,0,0,0,0.024324324369693937,0
5232,JOB_7032,CV_3949,-1,1,1,-1,0,0.0603899128734313,0
5233,JOB_7032,CV_3636,-1,0,-1,-1,0,0.0015785837835741556,0
5234,JOB_7032,CV_2402,-1,0,0,0,0,0.024324324369693937,0
5235,JOB_7032,CV_1068,-1,1,-1,0,0,0.005679126332233708,0
5236,JOB_7032,CV_1993,-1,1,-1,0,0,0.005679126332233708,0
5237,JOB_7032,CV_879,-1,0,1,0,0,0.04951546140781997,0
5238,JOB_7032,CV_1287,-1,1,1,-1,0,0.0603899128734313,0
5239,JOB_7032,CV_3197,-1,1,1,0,0,0.09908145837399628,0
5240,JOB_7032,CV_3625,-1,1,-1,0,0,0.005679126332233708,0
5241,JOB_7032,CV_2672,-1,1,1,-1,0,0.0603899128734313,0
5242,JOB_7032,CV_2869,-1,1,-1,1,0,0.010716350657345323,0
5243,JOB_7032,CV_140,-1,0,-1,0,0,0.002698177363009384,0
5244,JOB_7032,CV_1355,-1,0,-1,0,0,0.002698177363009384,0
5245,JOB_7032,CV_2415,-1,0,1,-1,0,0.029544805158767173,0
5246,JOB_7032,CV_3647,-1,0,1,0,0,0.04951546140781997,0
5247,JOB_7032,CV_3200,-1,1,1,0,0,0.09908145837399628,0
5248,JOB_7032,CV_601,-1,1,1,0,0,0.09908145837399628,0
5249,JOB_7032,CV_246,-1,0,-1,0,0,0.002698177363009384,0
5250,JOB_7032,CV_1045,-1,0,-1,-1,0,0.0015785837835741556,0
5251,JOB_7032,CV_2752,-1,0,1,0,0,0.04951546140781997,0
5252,JOB_7032,CV_388,-1,1,-1,1,0,0.010716350657345323,0
5253,JOB_7032,CV_1618,-1,1,1,1,0,0.1725844475652302,0
5254,JOB_7032,CV_1517,-1,0,0,0,0,0.024324324369693937,0
5255,JOB_7032,CV_3414,-1,1,-1,0,0,0.005679126332233708,0
5256,JOB_7032,CV_1241,-1,1,1,0,0,0.09908145837399628,0
5257,JOB_7032,CV_661,-1,0,-1,0,0,0.002698177363009384,0
5258,JOB_7032,CV_1632,-1,1,1,-1,0,0.0603899128734313,0
5259,JOB_7032,CV_251,-1,1,1,0,0,0.09908145837399628,0
5260,JOB_7032,CV_2341,-1,0,-1,0,0,0.002698177363009384,0
5261,JOB_7032,CV_085,-1,0,1,0,0,0.04951546140781997,0
5262,JOB_7032,CV_2024,-1,1,1,0,0,0.09908145837399628,0
5263,JOB_7032,CV_1682,-1,1,-1,0,0,0.005679126332233708,0
5264,JOB_7032,CV_1860,-1,1,0,0,0,0.050000000085250004,0
5265,JOB_7032,CV_1742,-1,1,1,0,0,0.09908145837399628,0
5266,JOB_7032,CV_433,-1,1,0,0,0,0.050000000085250004,0
5267,JOB_7032,CV_999,-1,1,-1,0,0,0.005679126332233708,0
5268,JOB_7032,CV_2992,-1,0,-1,0,0,0.002698177363009384,0
5269,JOB_7032,CV_622,-1,1,0,0,0,0.050000000085250004,0
5270,JOB_7032,CV_187,-1,-1,1,1,0,0.008902065229873513,0
5271,JOB_7032,CV_3685,-1,1,-1,0,0,0.005679126332233708,0
5272,JOB_7032,CV_3546,-1,0,-1,1,0,0.005104959012421871,0
5273,JOB_7032,CV_3543,-1,0,1,0,0,0.04951546140781997,0
5274,JOB_7032,CV_3782,-1,1,0,0,0,0.050000000085250004,0
5275,JOB_7032,CV_2239,-1,1,1,-1,0,0.0603899128734313,0
5276,JOB_7032,CV_2069,-1,1,-1,0,0,0.005679126332233708,0
5277,JOB_7032,CV_605,-1,0,-1,0,0,0.002698177363009384,0
5278,JOB_7032,CV_1793,-1,0,-1,0,0,0.002698177363009384,0
5279,JOB_7032,CV_2177,-1,1,1,-1,0,0.0603899128734313,0
5280,JOB_7032,CV_505,-1,0,1,0,0,0.04951546140781997,0
5281,JOB_7032,CV_1792,-1,1,1,0,0,0.09908145837399628,0
5282,JOB_7032,CV_1574,-1,0,1,0,0,0.04951546140781997,0
5283,JOB_7032,CV_2294,-1,1,0,1,0,0.09076029597836892,0
5284,JOB_7032,CV_1971,-1,0,-1,0,0,0.002698177363009384,0
5285,JOB_7032,CV_2579,-1,1,-1,0,0,0.005679126332233708,0
5286,JOB_7032,CV_233,-1,1,1,0,0,0.09908145837399628,0
5287,JOB_7032,CV_618,-1,1,1,0,0,0.09908145837399628,0
5288,JOB_7032,CV_877,-1,1,1,0,0,0.09908145837399628,0
5289,JOB_7032,CV_3094,-1,-1,-1,0,0,0.00024589199728382896,0
5290,JOB_7032,CV_1172,-1,0,1,-1,0,0.029544805158767173,0
5291,JOB_7032,CV_3563,-1,1,-1,0,0,0.005679126332233708,0
5292,JOB_7032,CV_469,-1,0,1,0,0,0.04951546140781997,0
5293,JOB_7032,CV_1739,-1,0,0,0,0,0.024324324369693937,0
5294,JOB_7032,CV_1796,-1,0,0,0,0,0.024324324369693937,0
5295,JOB_7032,CV_3923,-1,1,1,0,0,0.09908145837399628,0
5296,JOB_7032,CV_1070,-1,0,1,0,0,0.04951546140781997,0
5297,JOB_7032,CV_2541,-1,1,-1,0,0,0.005679126332233708,0
5298,JOB_7032,CV_2492,-1,1,1,0,0,0.09908145837399628,0
5299,JOB_7032,CV_1078,-1,1,-1,-1,0,0.003326730739160127,0
5300,JOB_7553,CV_1045,-1,-1,-1,-1,1,0.00040573633479455186,0
5301,JOB_7553,CV_2313,-1,0,-1,-1,-1,0.0008827918008007309,0
5302,JOB_7553,CV_2658,-1,0,-1,1,-1,0.002859298785317209,0
5303,JOB_7553,CV_1742,-1,0,1,0,-1,0.02828921519950765,0
5304,JOB_7553,CV_3949,-1,0,1,-1,-1,0.016728886119059285,0
5305,JOB_7553,CV_601,-1,0,1,1,-1,0.05232559089768777,0
5306,JOB_7553,CV_263,-1,0,1,1,-1,0.05232559089768777,0
5307,JOB_7553,CV_176,-1,0,-1,1,-1,0.002859298785317209,0
5308,JOB_7553,CV_3719,-1,1,-1,1,-1,0.006017180859498359,0
5309,JOB_7553,CV_3474,1,0,1,1,-1,0.5618280036801903,1
5310,JOB_7553,CV_3197,-1,-1,1,1,-1,0.004994451571761179,0
5311,JOB_7553,CV_392,-1,-1,-1,1,-1,0.00026061368312641647,0
5312,JOB_7553,CV_1355,-1,-1,-1,1,-1,0.00026061368312641647,0
5313,JOB_7553,CV_1309,-1,0,-1,1,-1,0.002859298785317209,0
5314,JOB_7553,CV_2514,-1,0,-1,1,-1,0.002859298785317209,0
5315,JOB_7553,CV_3636,-1,1,-1,-1,-1,0.0018618453328126804,0
5316,JOB_7553,CV_140,-1,-1,-1,1,-1,0.00026061368312641647,0
5317,JOB_7553,CV_1803,-1,0,-1,1,-1,0.002859298785317209,0
5318,JOB_7553,CV_611,-1,0,-1,1,-1,0.002859298785317209,0
5319,JOB_7553,CV_469,-1,0,1,1,-1,0.05232559089768777,0
5320,JOB_7553,CV_2033,-1,1,1,1,-1,0.10439562230127407,0
5321,JOB_7553,CV_1807,-1,-1,1,1,-1,0.004994451571761179,0
5322,JOB_7553,CV_964,-1,0,1,1,-1,0.05232559089768777,0
5323,JOB_7553,CV_1810,-1,0,-1,1,-1,0.002859298785317209,0
5324,JOB_7553,CV_421,-1,1,0,1,-1,0.05283609976798728,0
5325,JOB_7553,CV_2489,-1,-1,0,1,-1,0.002396402946724275,0
5326,JOB_7553,CV_2858,-1,-1,1,1,-1,0.004994451571761179,0
5327,JOB_7553,CV_3738,-1,0,1,1,-1,0.05232559089768777,0
5328,JOB_7553,CV_2239,-1,0,1,-1,-1,0.016728886119059285,0
5329,JOB_7553,CV_2977,-1,1,1,1,-1,0.10439562230127407,0
5330,JOB_7553,CV_3015,-1,0,0,1,-1,0.025743514038269317,0
5331,JOB_7553,CV_3039,-1,-1,1,1,-1,0.004994451571761179,0
5332,JOB_7553,CV_223,-1,0,-1,1,-1,0.002859298785317209,0
5333,JOB_7553,CV_040,-1,-1,-1,1,-1,0.00026061368312641647,0
5334,JOB_7553,CV_1687,-1,1,1,1,-1,0.10439562230127407,0
5335,JOB_7553,CV_1019,-1,-1,-1,1,-1,0.00026061368312641647,0
5336,JOB_7553,CV_1325,-1,1,1,1,-1,0.10439562230127407,0
5337,JOB_7553,CV_2069,-1,0,-1,1,-1,0.002859298785317209,0
5338,JOB_7553,CV_160,-1,0,-1,-1,-1,0.0008827918008007309,0
5339,JOB_7553,CV_1015,-1,-1,0,1,-1,0.002396402946724275,0
5340,JOB_7553,CV_2157,1,0,-1,1,-1,0.06243232352062822,0
5341,JOB_7553,CV_2574,-1,-1,-1,1,-1,0.00026061368312641647,0
5342,JOB_7553,CV_3753,-1,0,-1,1,-1,0.002859298785317209,0
5343,JOB_7553,CV_2366,-1,0,1,1,-1,0.05232559089768777,0
5344,JOB_7553,CV_1639,-1,0,1,0,-1,0.02828921519950765,0
5345,JOB_7553,CV_3782,-1,0,0,1,-1,0.025743514038269317,0
5346,JOB_7553,CV_3546,-1,0,-1,-1,1,0.004445064433151091,0
5347,JOB_7553,CV_046,-1,-1,0,1,-1,0.002396402946724275,0
5348,JOB_7553,CV_622,-1,0,0,1,-1,0.025743514038269317,0
5349,JOB_7553,CV_1961,-1,0,1,1,-1,0.05232559089768777,0
5350,JOB_7553,CV_2294,-1,0,0,1,-1,0.025743514038269317,0
5351,JOB_7553,CV_1796,-1,0,0,1,-1,0.025743514038269317,0
5352,JOB_7553,CV_1795,-1,0,-1,1,-1,0.002859298785317209,0
5353,JOB_7553,CV_2441,-1,0,-1,0,-1,0.0015096485596628858,0
5354,JOB_7553,CV_3093,-1,0,-1,-1,-1,0.0008827918008007309,0
5355,JOB_7553,CV_879,-1,0,1,1,-1,0.05232559089768777,0
5356,JOB_7553,CV_433,-1,0,0,1,-1,0.025743514038269317,0
5357,JOB_7553,CV_2553,-1,0,1,1,-1,0.05232559089768777,0
5358,JOB_7553,CV_1036,-1,0,1,-1,-1,0.016728886119059285,0
5359,JOB_7553,CV_085,-1,0,1,1,-1,0.05232559089768777,0
5360,JOB_7553,CV_3727,-1,-1,1,1,-1,0.004994451571761179,0
5361,JOB_7553,CV_634,-1,0,-1,1,-1,0.002859298785317209,0
5362,JOB_7553,CV_307,-1,0,0,1,-1,0.025743514038269317,0
5363,JOB_7553,CV_337,-1,0,-1,1,-1,0.002859298785317209,0
5364,JOB_7553,CV_2385,-1,0,-1,1,-1,0.002859298785317209,0
5365,JOB_7553,CV_1078,-1,0,-1,-1,-1,0.0008827918008007309,0
5366,JOB_7553,CV_2732,-1,-1,-1,1,-1,0.00026061368312641647,0
5367,JOB_7553,CV_1517,-1,-1,0,1,-1,0.002396402946724275,0
5368,JOB_7553,CV_1231,-1,0,1,-1,-1,0.016728886119059285,0
5369,JOB_7553,CV_2379,-1,0,1,-1,-1,0.016728886119059285,0
5370,JOB_7553,CV_2733,-1,0,-1,-1,-1,0.0008827918008007309,0
5371,JOB_7553,CV_1618,-1,0,1,-1,-1,0.016728886119059285,0
5372,JOB_7553,CV_1138,-1,0,1,1,-1,0.05232559089768777,0
5373,JOB_7553,CV_2596,-1,-1,-1,-1,-1,8.03182586734358e-05,0
5374,JOB_7553,CV_2392,-1,0,1,1,-1,0.05232559089768777,0
5375,JOB_7553,CV_187,-1,-1,1,1,-1,0.004994451571761179,0
5376,JOB_7553,CV_3657,-1,1,1,1,-1,0.10439562230127407,0
5377,JOB_7553,CV_477,-1,0,1,-1,-1,0.016728886119059285,0
5378,JOB_7553,CV_2749,-1,0,0,1,-1,0.025743514038269317,0
5379,JOB_7553,CV_1636,1,0,1,1,-1,0.5618280036801903,1
5380,JOB_7553,CV_3051,-1,1,1,1,-1,0.10439562230127407,0
5381,JOB_7553,CV_2038,-1,0,-1,-1,-1,0.0008827918008007309,0
5382,JOB_7553,CV_2341,-1,0,-1,1,-1,0.002859298785317209,0
5383,JOB_7553,CV_3399,-1,0,1,1,-1,0.05232559089768777,0
5384,JOB_7553,CV_618,-1,0,1,0,-1,0.02828921519950765,0
5385,JOB_7553,CV_137,-1,-1,0,0,-1,0.0012649722795961807,0
5386,JOB_7553,CV_631,1,0,1,1,-1,0.5618280036801903,1
5387,JOB_7553,CV_2207,1,-1,1,1,1,0.3706850697644348,0
5388,JOB_7553,CV_2024,-1,1,1,1,-1,0.10439562230127407,0
5389,JOB_7553,CV_2723,-1,-1,-1,1,-1,0.00026061368312641647,0
5390,JOB_7553,CV_3094,-1,-1,-1,1,-1,0.00026061368312641647,0
5391,JOB_7553,CV_2380,-1,0,1,1,-1,0.05232559089768777,0
5392,JOB_7553,CV_3500,-1,-1,1,1,-1,0.004994451571761179,0
5393,JOB_7553,CV_1380,-1,0,1,0,-1,0.02828921519950765,0
5394,JOB_7553,CV_296,-1,0,0,1,-1,0.025743514038269317,0
5395,JOB_7553,CV_3090,1,0,1,1,1,0.8662980893274425,1
5396,JOB_7553,CV_1632,-1,0,1,-1,-1,0.016728886119059285,0
5397,JOB_7553,CV_1785,-1,0,-1,1,-1,0.002859298785317209,0
5398,JOB_7553,CV_3543,-1,-1,1,1,-1,0.004994451571761179,0
5399,JOB_7553,CV_1070,-1,0,1,1,-1,0.05232559089768777,0
5500,JOB_6758,CV_3757,-1,-1,-1,-1,-1,8.03182586734358e-05,0
5501,JOB_6758,CV_392,-1,-1,-1,-1,1,0.00040573633479455186,0
5502,JOB_6758,CV_1574,-1,-1,1,-1,-1,0.0015442935692705172,0
5503,JOB_6758,CV_1810,-1,-1,-1,-1,1,0.00040573633479455186,0
5504,JOB_6758,CV_3547,-1,-1,-1,-1,-1,8.03182586734358e-05,0
5505,JOB_6758,CV_3533,-1,-1,1,-1,-1,0.0015442935692705172,0
5506,JOB_6758,CV_263,-1,-1,1,-1,-1,0.0015442935692705172,0
5507,JOB_6758,CV_216,-1,-1,1,-1,1,0.0077551622213322515,0
5508,JOB_6758,CV_3929,-1,-1,0,-1,-1,0.0007396380664553713,0
5509,JOB_6758,CV_140,-1,-1,-1,-1,1,0.00040573633479455186,0
5510,JOB_6758,CV_2366,-1,-1,1,-1,-1,0.0015442935692705172,0
5511,JOB_6758,CV_1742,-1,-1,1,-1,-1,0.0015442935692705172,0
5512,JOB_6758,CV_2038,-1,-1,-1,-1,1,0.00040573633479455186,0
5513,JOB_6758,CV_2858,-1,-1,1,-1,-1,0.0015442935692705172,0
5514,JOB_6758,CV_3670,-1,-1,-1,-1,1,0.00040573633479455186,0
5515,JOB_6758,CV_137,-1,-1,0,-1,-1,0.0007396380664553713,0
5516,JOB_6758,CV_1803,-1,-1,-1,-1,1,0.00040573633479455186,0
5517,JOB_6758,CV_1380,-1,-1,1,-1,1,0.0077551622213322515,0
5518,JOB_6758,CV_2489,-1,-1,0,-1,1,0.0037264061914744602,0
5519,JOB_6758,CV_2766,-1,-1,1,-1,-1,0.0015442935692705172,0
5520,JOB_6758,CV_2830,-1,-1,0,-1,1,0.0037264061914744602,0
5521,JOB_6758,CV_3145,-1,-1,1,-1,1,0.0077551622213322515,0
5522,JOB_6758,CV_1881,-1,-1,0,-1,-1,0.0007396380664553713,0
5523,JOB_6758,CV_1252,-1,-1,1,-1,1,0.0077551622213322515,0
5524,JOB_6758,CV_2445,-1,-1,-1,-1,1,0.00040573633479455186,0
5525,JOB_6758,CV_2341,-1,-1,-1,-1,-1,8.03182586734358e-05,0
5526,JOB_6758,CV_3949,-1,-1,1,-1,1,0.0077551622213322515,0
5527,JOB_6758,CV_3727,-1,-1,1,-1,1,0.0077551622213322515,0
5528,JOB_6758,CV_505,-1,-1,1,-1,-1,0.0015442935692705172,0
5529,JOB_6758,CV_3710,-1,-1,1,-1,-1,0.0015442935692705172,0
5530,JOB_6758,CV_2537,-1,-1,1,-1,-1,0.0015442935692705172,0
5531,JOB_6758,CV_2177,-1,-1,1,-1,-1,0.0015442935692705172,0
5532,JOB_6758,CV_2313,-1,-1,-1,-1,1,0.00040573633479455186,0
5533,JOB_6758,CV_3792,-1,-1,0,-1,-1,0.0007396380664553713,0
5534,JOB_6758,CV_3647,-1,-1,1,-1,-1,0.0015442935692705172,0
5535,JOB_6758,CV_1971,-1,-1,-1,-1,-1,8.03182586734358e-05,0
5536,JOB_6758,CV_640,-1,-1,1,-1,1,0.0077551622213322515,0
5537,JOB_6758,CV_601,-1,-1,1,-1,-1,0.0015442935692705172,0
5538,JOB_6758,CV_1151,-1,-1,-1,-1,-1,8.03182586734358e-05,0
5539,JOB_6758,CV_3753,-1,-1,-1,-1,-1,8.03182586734358e-05,0
5540,JOB_6758,CV_433,-1,-1,0,-1,-1,0.0007396380664553713,0
5541,JOB_6758,CV_3098,-1,-1,1,-1,-1,0.0015442935692705172,0
5542,JOB_6758,CV_3173,-1,-1,1,-1,-1,0.0015442935692705172,0
5543,JOB_6758,CV_1785,-1,-1,-1,-1,1,0.00040573633479455186,0
5544,JOB_6758,CV_2979,-1,-1,1,-1,-1,0.0015442935692705172,0
5545,JOB_6758,CV_2913,-1,-1,1,-1,1,0.0077551622213322515,0
5546,JOB_6758,CV_2039,-1,-1,1,-1,-1,0.0015442935692705172,0
5547,JOB_6758,CV_3636,-1,-1,-1,-1,-1,8.03182586734358e-05,0
5548,JOB_6758,CV_2723,-1,-1,-1,-1,1,0.00040573633479455186,0
5549,JOB_6758,CV_1224,-1,-1,-1,-1,1,0.00040573633479455186,0
5550,JOB_6758,CV_1355,-1,-1,-1,-1,-1,8.03182586734358e-05,0
5551,JOB_6758,CV_3685,-1,-1,-1,-1,-1,8.03182586734358e-05,0
5552,JOB_6758,CV_1793,-1,-1,-1,-1,1,0.00040573633479455186,0
5553,JOB_6758,CV_2369,-1,-1,1,-1,-1,0.0015442935692705172,0
5554,JOB_6758,CV_388,-1,-1,-1,-1,-1,8.03182586734358e-05,0
5555,JOB_6758,CV_3738,-1,-1,1,-1,-1,0.0015442935692705172,0
5556,JOB_6758,CV_3500,-1,-1,1,-1,1,0.0077551622213322515,0
5557,JOB_6758,CV_2392,-1,-1,1,-1,-1,0.0015442935692705172,0
5558,JOB_6758,CV_2574,-1,-1,-1,-1,-1,8.03182586734358e-05,0
5559,JOB_6758,CV_1138,-1,-1,1,-1,-1,0.0015442935692705172,0
5560,JOB_6758,CV_1068,-1,-1,-1,-1,-1,8.03182586734358e-05,0
5561,JOB_6758,CV_337,-1,-1,-1,-1,1,0.00040573633479455186,0
5562,JOB_6758,CV_2579,-1,-1,-1,-1,1,0.00040573633479455186,0
5563,JOB_6758,CV_1781,-1,-1,-1,-1,1,0.00040573633479455186,0
5564,JOB_6758,CV_1690,-1,-1,0,-1,-1,0.0007396380664553713,0
5565,JOB_6758,CV_1036,-1,-1,1,1,-1,0.004994451571761179,0
5566,JOB_6758,CV_3200,-1,-1,1,-1,1,0.0077551622213322515,0
5567,JOB_6758,CV_3543,-1,-1,1,-1,-1,0.0015442935692705172,0
5568,JOB_6758,CV_1682,-1,-1,-1,-1,-1,8.03182586734358e-05,0
5569,JOB_6758,CV_3789,-1,-1,1,-1,-1,0.0015442935692705172,0
5570,JOB_6758,CV_1796,-1,-1,0,-1,-1,0.0007396380664553713,0
5571,JOB_6758,CV_1019,-1,-1,-1,-1,1,0.00040573633479455186,0
5572,JOB_6758,CV_1172,-1,-1,1,-1,1,0.0077551622213322515,0
5573,JOB_6758,CV_631,-1,-1,1,-1,-1,0.0015442935692705172,0
5574,JOB_6758,CV_532,-1,-1,1,-1,-1,0.0015442935692705172,0
5575,JOB_6758,CV_2877,-1,-1,1,-1,-1,0.0015442935692705172,0
5576,JOB_6758,CV_2733,-1,-1,-1,-1,-1,8.03182586734358e-05,0
5577,JOB_6758,CV_2658,-1,-1,-1,-1,-1,8.03182586734358e-05,0
5578,JOB_6758,CV_2732,-1,-1,-1,-1,-1,8.03182586734358e-05,0
5579,JOB_6758,CV_3414,-1,-1,-1,-1,-1,8.03182586734358e-05,0
5580,JOB_6758,CV_3429,-1,-1,-1,-1,-1,8.03182586734358e-05,0
5581,JOB_6758,CV_1687,-1,-1,1,-1,-1,0.0015442935692705172,0
5582,JOB_6758,CV_2207,-1,-1,1,-1,-1,0.0015442935692705172,0
5583,JOB_6758,CV_2024,-1,-1,1,-1,-1,0.0015442935692705172,0
5584,JOB_6758,CV_877,-1,-1,1,-1,-1,0.0015442935692705172,0
5585,JOB_6758,CV_2415,-1,-1,1,-1,-1,0.0015442935692705172,0
5586,JOB_6758,CV_924,-1,-1,1,-1,1,0.0077551622213322515,0
5587,JOB_6758,CV_3945,-1,-1,0,-1,-1,0.0007396380664553713,0
5588,JOB_6758,CV_538,-1,-1,1,-1,1,0.0077551622213322515,0
5589,JOB_6758,CV_1494,-1,-1,1,-1,1,0.0077551622213322515,0
5590,JOB_6758,CV_469,-1,-1,1,-1,-1,0.0015442935692705172,0
5591,JOB_6758,CV_1534,-1,-1,-1,-1,1,0.00040573633479455186,0
5592,JOB_6758,CV_2420,-1,-1,0,-1,-1,0.0007396380664553713,0
5593,JOB_6758,CV_884,-1,-1,-1,-1,-1,8.03182586734358e-05,0
5594,JOB_6758,CV_1961,-1,-1,1,-1,1,0.0077551622213322515,0
5595,JOB_6758,CV_2991,-1,-1,1,-1,1,0.0077551622213322515,0
5596,JOB_6758,CV_2553,-1,-1,1,-1,-1,0.0015442935692705172,0
5597,JOB_6758,CV_1070,-1,-1,1,-1,-1,0.0015442935692705172,0
5598,JOB_6758,CV_929,-1,-1,1,-1,-1,0.0015442935692705172,0
5599,JOB_6758,CV_2402,-1,-1,0,-1,-1,0.0007396380664553713,0
5600,JOB_14384,CV_160,-1,0,-1,-1,1,0.004445064433151091,0
5601,JOB_14384,CV_1961,-1,0,1,1,-1,0.05232559089768777,0
5602,JOB_14384,CV_3533,-1,0,1,1,-1,0.05232559089768777,0
5603,JOB_14384,CV_2672,-1,0,1,-1,-1,0.016728886119059285,0
5604,JOB_14384,CV_1795,-1,1,-1,1,-1,0.006017180859498359,0
5605,JOB_14384,CV_2239,-1,0,1,-1,-1,0.016728886119059285,0
5606,JOB_14384,CV_594,-1,0,1,1,1,0.21814771844744296,0
5607,JOB_14384,CV_2436,-1,0,1,1,-1,0.05232559089768777,0
5608,JOB_14384,CV_1517,-1,0,0,1,1,0.11779695264608223,0
5609,JOB_14384,CV_3657,-1,1,1,1,-1,0.10439562230127407,0
5610,JOB_14384,CV_028,-1,0,1,1,-1,0.05232559089768777,0
5611,JOB_14384,CV_3200,-1,0,1,1,-1,0.05232559089768777,0
5612,JOB_14384,CV_272,-1,0,-1,1,-1,0.002859298785317209,0
5613,JOB_14384,CV_722,-1,1,-1,1,-1,0.006017180859498359,0
5614,JOB_14384,CV_040,-1,-1,-1,1,-1,0.00026061368312641647,0
5615,JOB_14384,CV_1993,-1,0,-1,1,-1,0.002859298785317209,0
5616,JOB_14384,CV_246,-1,0,-1,1,-1,0.002859298785317209,0
5617,JOB_14384,CV_046,-1,-1,0,1,-1,0.002396402946724275,0
5618,JOB_14384,CV_2584,-1,0,-1,1,-1,0.002859298785317209,0
5619,JOB_14384,CV_1618,-1,1,1,-1,-1,0.034672065104421654,0
5620,JOB_14384,CV_2541,-1,0,-1,1,1,0.014283223220999536,0
5621,JOB_14384,CV_3945,-1,0,0,1,-1,0.025743514038269317,0
5622,JOB_14384,CV_879,-1,0,1,1,-1,0.05232559089768777,0
5623,JOB_14384,CV_1574,-1,0,1,1,-1,0.05232559089768777,0
5624,JOB_14384,CV_337,-1,1,-1,1,-1,0.006017180859498359,0
5625,JOB_14384,CV_2476,-1,1,1,-1,1,0.15361803787121434,0
5626,JOB_14384,CV_2638,-1,1,-1,1,-1,0.006017180859498359,0
5627,JOB_14384,CV_877,-1,0,1,0,-1,0.02828921519950765,0
5628,JOB_14384,CV_3090,-1,0,1,1,-1,0.05232559089768777,0
5629,JOB_14384,CV_1792,-1,0,1,0,-1,0.02828921519950765,0
5630,JOB_14384,CV_1245,-1,-1,1,1,1,0.024737444512838436,0
5631,JOB_14384,CV_176,-1,0,-1,1,-1,0.002859298785317209,0
5632,JOB_14384,CV_233,-1,0,1,1,1,0.21814771844744296,0
5633,JOB_14384,CV_1751,-1,0,-1,1,1,0.014283223220999536,0
5634,JOB_14384,CV_2555,-1,1,-1,1,1,0.029682404125509716,0
5635,JOB_14384,CV_2420,-1,0,0,1,1,0.11779695264608223,0
5636,JOB_14384,CV_3647,-1,-1,1,0,-1,0.002639631480061397,0
5637,JOB_14384,CV_1036,-1,0,1,-1,1,0.07916723666250709,0
5638,JOB_14384,CV_3173,-1,0,1,1,-1,0.05232559089768777,0
5639,JOB_14384,CV_631,-1,0,1,1,-1,0.05232559089768777,0
5640,JOB_14384,CV_1070,-1,1,1,1,-1,0.10439562230127407,0
5641,JOB_14384,CV_1781,-1,1,-1,1,-1,0.006017180859498359,0
5642,JOB_14384,CV_640,-1,0,1,1,-1,0.05232559089768777,0
5643,JOB_14384,CV_3181,-1,1,1,1,-1,0.10439562230127407,0
5644,JOB_14384,CV_1480,-1,1,-1,1,-1,0.006017180859498359,0
5645,JOB_14384,CV_3625,-1,0,-1,1,-1,0.002859298785317209,0
5646,JOB_14384,CV_3685,-1,1,-1,1,-1,0.006017180859498359,0
5647,JOB_14384,CV_3719,-1,1,-1,1,-1,0.006017180859498359,0
5648,JOB_14384,CV_1534,-1,1,-1,1,-1,0.006017180859498359,0
5649,JOB_14384,CV_1078,-1,0,-1,-1,-1,0.0008827918008007309,0
5650,JOB_14384,CV_2766,-1,0,1,-1,1,0.07916723666250709,0
5651,JOB_14384,CV_3429,-1,-1,-1,-1,1,0.00040573633479455186,0
5652,JOB_14384,CV_2385,-1,1,-1,1,-1,0.006017180859498359,0
5653,JOB_14384,CV_1380,-1,0,1,0,-1,0.02828921519950765,0
5654,JOB_14384,CV_1231,-1,1,1,-1,-1,0.034672065104421654,0
5655,JOB_14384,CV_1085,-1,1,-1,1,-1,0.006017180859498359,0
5656,JOB_14384,CV_1019,-1,0,-1,1,-1,0.002859298785317209,0
5657,JOB_14384,CV_2537,-1,0,1,0,-1,0.02828921519950765,0
5658,JOB_14384,CV_1031,-1,0,1,1,-1,0.05232559089768777,0
5659,JOB_14384,CV_477,-1,0,1,-1,-1,0.016728886119059285,0
5660,JOB_14384,CV_2749,-1,0,0,1,-1,0.025743514038269317,0
5661,JOB_14384,CV_2253,-1,1,1,1,-1,0.10439562230127407,0
5662,JOB_14384,CV_924,-1,0,1,-1,-1,0.016728886119059285,0
5663,JOB_14384,CV_1355,-1,1,-1,1,-1,0.006017180859498359,0
5664,JOB_14384,CV_2033,-1,0,1,1,-1,0.05232559089768777,0
5665,JOB_14384,CV_3757,-1,0,-1,1,-1,0.002859298785317209,0
5666,JOB_14384,CV_2979,-1,0,1,1,-1,0.05232559089768777,0
5667,JOB_14384,CV_2024,-1,1,1,1,-1,0.10439562230127407,0
5668,JOB_14384,CV_2913,-1,0,1,1,-1,0.05232559089768777,0
5669,JOB_14384,CV_2441,-1,0,-1,0,-1,0.0015096485596628858,0
5670,JOB_14384,CV_2961,-1,0,0,1,-1,0.025743514038269317,0
5671,JOB_14384,CV_2392,-1,0,1,1,1,0.21814771844744296,0
5672,JOB_14384,CV_1633,-1,0,1,1,-1,0.05232559089768777,0
5673,JOB_14384,CV_1898,-1,1,1,1,-1,0.10439562230127407,0
5674,JOB_14384,CV_1971,-1,0,-1,1,-1,0.002859298785317209,0
5675,JOB_14384,CV_3733,-1,0,-1,1,-1,0.002859298785317209,0
5676,JOB_14384,CV_634,-1,0,-1,1,1,0.014283223220999536,0
5677,JOB_14384,CV_469,-1,0,1,1,1,0.21814771844744296,0
5678,JOB_14384,CV_2653,-1,0,-1,1,-1,0.002859298785317209,0
5679,JOB_14384,CV_3176,-1,1,0,-1,-1,0.01689829239252925,0
5680,JOB_14384,CV_1881,-1,1,0,-1,1,0.07991753891832785,0
5681,JOB_14384,CV_2379,-1,1,1,-1,-1,0.034672065104421654,0
5682,JOB_14384,CV_388,-1,0,-1,0,1,0.007582239379063284,0
5683,JOB_14384,CV_223,-1,0,-1,1,-1,0.002859298785317209,0
5684,JOB_14384,CV_622,-1,0,0,1,-1,0.025743514038269317,0
5685,JOB_14384,CV_392,-1,-1,-1,1,-1,0.00026061368312641647,0
5686,JOB_14384,CV_1252,-1,0,1,-1,-1,0.016728886119059285,0
5687,JOB_14384,CV_2313,-1,1,-1,-1,-1,0.0018618453328126804,0
5688,JOB_14384,CV_1090,-1,0,-1,1,-1,0.002859298785317209,0
5689,JOB_14384,CV_611,-1,0,-1,1,-1,0.002859298785317209,0
5690,JOB_14384,CV_2478,-1,-1,1,1,-1,0.004994451571761179,0
5691,JOB_14384,CV_2733,-1,0,-1,-1,-1,0.0008827918008007309,0
5692,JOB_14384,CV_3670,-1,1,-1,1,-1,0.006017180859498359,0
5693,JOB_14384,CV_1807,-1,0,1,1,-1,0.05232559089768777,0
5694,JOB_14384,CV_2579,-1,0,-1,1,-1,0.002859298785317209,0
5695,JOB_14384,CV_3478,-1,0,1,1,1,0.21814771844744296,0
5696,JOB_14384,CV_307,-1,0,0,1,-1,0.025743514038269317,0
5697,JOB_14384,CV_433,-1,0,0,1,-1,0.025743514038269317,0
5698,JOB_14384,CV_1682,-1,0,-1,1,-1,0.002859298785317209,0
5699,JOB_14384,CV_3949,-1,0,1,-1,-1,0.016728886119059285,0
6200,JOB_874,CV_2579,-1,-1,-1,-1,1,0.00040573633479455186,0
6201,JOB_874,CV_594,-1,-1,1,-1,-1,0.0015442935692705172,0
6202,JOB_874,CV_2733,-1,-1,-1,-1,-1,8.03182586734358e-05,0
6203,JOB_874,CV_2380,-1,0,1,-1,-1,0.016728886119059285,0
6204,JOB_874,CV_3719,1,0,-1,-1,-1,0.02010595680604062,0
6205,JOB_874,CV_2341,-1,0,-1,-1,-1,0.0008827918008007309,0
6206,JOB_874,CV_2492,-1,-1,1,-1,-1,0.0015442935692705172,0
6207,JOB_874,CV_605,-1,-1,-1,-1,-1,8.03182586734358e-05,0
6208,JOB_874,CV_1690,-1,-1,0,-1,-1,0.0007396380664553713,0
6209,JOB_874,CV_2207,-1,-1,1,-1,-1,0.0015442935692705172,0
6210,JOB_874,CV_337,-1,0,-1,-1,1,0.004445064433151091,0
6211,JOB_874,CV_2658,-1,0,-1,-1,-1,0.0008827918008007309,0
6212,JOB_874,CV_1231,-1,1,1,-1,-1,0.034672065104421654,0
6213,JOB_874,CV_137,-1,-1,0,-1,-1,0.0007396380664553713,0
6214,JOB_874,CV_3093,-1,-1,-1,-1,-1,8.03182586734358e-05,0
6215,JOB_874,CV_3546,1,-1,-1,-1,-1,0.0018618453328126787,0
6216,JOB_874,CV_392,-1,-1,-1,-1,1,0.00040573633479455186,0
6217,JOB_874,CV_3782,-1,0,0,-1,-1,0.0080762834495878,0
6218,JOB_874,CV_2392,-1,-1,1,-1,-1,0.0015442935692705172,0
6219,JOB_874,CV_2024,-1,0,1,-1,-1,0.016728886119059285,0
6220,JOB_874,CV_3015,-1,0,0,-1,-1,0.0080762834495878,0
6221,JOB_874,CV_469,-1,0,1,-1,-1,0.016728886119059285,0
6222,JOB_874,CV_2574,-1,-1,-1,-1,-1,8.03182586734358e-05,0
6223,JOB_874,CV_2769,-1,-1,0,-1,1,0.0037264061914744602,0
6224,JOB_874,CV_3098,-1,-1,1,-1,-1,0.0015442935692705172,0
6225,JOB_874,CV_3710,-1,-1,1,-1,-1,0.0015442935692705172,0
6226,JOB_874,CV_2732,-1,0,-1,-1,-1,0.0008827918008007309,0
6227,JOB_874,CV_3533,-1,-1,1,-1,-1,0.0015442935692705172,0
6228,JOB_874,CV_1682,-1,-1,-1,-1,-1,8.03182586734358e-05,0
6229,JOB_874,CV_3543,-1,0,1,-1,-1,0.016728886119059285,0
6230,JOB_874,CV_1517,-1,0,0,-1,-1,0.0080762834495878,0
6231,JOB_874,CV_1810,-1,0,-1,-1,1,0.004445064433151091,0
6232,JOB_874,CV_3923,-1,-1,1,-1,1,0.0077551622213322515,0
6233,JOB_874,CV_2869,-1,-1,-1,-1,1,0.00040573633479455186,0
6234,JOB_874,CV_3429,-1,-1,-1,-1,-1,8.03182586734358e-05,0
6235,JOB_874,CV_3474,-1,-1,1,-1,1,0.0077551622213322515,0
6236,JOB_874,CV_2596,-1,-1,-1,-1,-1,8.03182586734358e-05,0
6237,JOB_874,CV_813,-1,0,1,-1,1,0.07916723666250709,0
6238,JOB_874,CV_2489,-1,0,0,-1,1,0.03951787161985485,0
6239,JOB_874,CV_1963,-1,0,0,-1,-1,0.0080762834495878,0
6240,JOB_874,CV_1993,-1,-1,-1,-1,-1,8.03182586734358e-05,0
6241,JOB_874,CV_884,-1,-1,-1,-1,-1,8.03182586734358e-05,0
6242,JOB_874,CV_999,-1,-1,-1,-1,-1,8.03182586734358e-05,0
6243,JOB_874,CV_3636,-1,0,-1,-1,-1,0.0008827918008007309,0
6244,JOB_874,CV_3176,1,0,0,-1,-1,0.15901106186344566,0
6245,JOB_874,CV_2441,-1,0,-1,-1,-1,0.0008827918008007309,0
6246,JOB_874,CV_272,-1,0,-1,-1,1,0.004445064433151091,0
6247,JOB_874,CV_1739,-1,-1,0,-1,1,0.0037264061914744602,0
6248,JOB_874,CV_2752,1,0,1,-1,-1,0.2832010598158251,0
6249,JOB_874,CV_879,1,0,1,-1,-1,0.2832010598158251,0
6250,JOB_874,CV_2555,-1,0,-1,-1,-1,0.0008827918008007309,0
6251,JOB_874,CV_080,-1,0,1,-1,1,0.07916723666250709,0
6252,JOB_874,CV_421,1,0,0,-1,-1,0.15901106186344566,0
6253,JOB_874,CV_2961,-1,0,0,-1,1,0.03951787161985485,0
6254,JOB_874,CV_788,-1,-1,-1,-1,-1,8.03182586734358e-05,0
6255,JOB_874,CV_665,-1,-1,1,-1,-1,0.0015442935692705172,0
6256,JOB_874,CV_1078,-1,-1,-1,-1,1,0.00040573633479455186,0
6257,JOB_874,CV_3197,-1,-1,1,-1,1,0.0077551622213322515,0
6258,JOB_874,CV_1632,-1,-1,1,-1,-1,0.0015442935692705172,0
6259,JOB_874,CV_3949,-1,0,1,1,1,0.21814771844744296,0
6260,JOB_874,CV_2436,-1,0,1,-1,1,0.07916723666250709,0
6261,JOB_874,CV_3647,-1,-1,1,-1,-1,0.0015442935692705172,0
6262,JOB_874,CV_2415,-1,-1,1,-1,-1,0.0015442935692705172,0
6263,JOB_874,CV_481,-1,-1,-1,-1,1,0.00040573633479455186,0
6264,JOB_874,CV_3792,-1,0,0,-1,-1,0.0080762834495878,0
6265,JOB_874,CV_1031,-1,0,1,-1,1,0.07916723666250709,0
6266,JOB_874,CV_233,-1,-1,1,-1,-1,0.0015442935692705172,0
6267,JOB_874,CV_3625,-1,0,-1,-1,1,0.004445064433151091,0
6268,JOB_874,CV_040,-1,-1,-1,-1,-1,8.03182586734358e-05,0
6269,JOB_874,CV_1090,-1,-1,-1,-1,-1,8.03182586734358e-05,0
6270,JOB_874,CV_3970,-1,-1,-1,-1,1,0.00040573633479455186,0
6271,JOB_874,CV_869,-1,0,-1,-1,-1,0.0008827918008007309,0
6272,JOB_874,CV_3039,-1,0,1,-1,-1,0.016728886119059285,0
6273,JOB_874,CV_1151,1,0,-1,-1,-1,0.02010595680604062,0
6274,JOB_874,CV_2033,1,0,1,-1,1,0.6662769058878664,1
6275,JOB_874,CV_3145,-1,-1,1,-1,1,0.0077551622213322515,0
6276,JOB_874,CV_1380,-1,-1,1,-1,1,0.0077551622213322515,0
6277,JOB_874,CV_1045,-1,-1,-1,-1,-1,8.03182586734358e-05,0
6278,JOB_874,CV_3299,-1,0,-1,-1,1,0.004445064433151091,0
6279,JOB_874,CV_3727,-1,-1,1,-1,1,0.0077551622213322515,0
6280,JOB_874,CV_2445,-1,-1,-1,-1,1,0.00040573633479455186,0
6281,JOB_874,CV_1881,-1,0,0,-1,-1,0.0080762834495878,0
6282,JOB_874,CV_3657,-1,0,1,-1,-1,0.016728886119059285,0
6283,JOB_874,CV_2541,-1,-1,-1,-1,-1,8.03182586734358e-05,0
6284,JOB_874,CV_2038,-1,1,-1,1,1,0.029682404125509716,0
6285,JOB_874,CV_216,-1,-1,1,-1,1,0.0077551622213322515,0
6286,JOB_874,CV_2476,-1,0,1,-1,-1,0.016728886119059285,0
6287,JOB_874,CV_187,-1,-1,1,-1,-1,0.0015442935692705172,0
6288,JOB_874,CV_3133,-1,-1,-1,-1,1,0.00040573633479455186,0
6289,JOB_874,CV_1161,-1,0,1,-1,-1,0.016728886119059285,0
6290,JOB_874,CV_1019,-1,1,-1,-1,1,0.009337905367753526,0
6291,JOB_874,CV_3929,-1,0,0,-1,-1,0.0080762834495878,0
6292,JOB_874,CV_1751,-1,-1,-1,-1,-1,8.03182586734358e-05,0
6293,JOB_874,CV_1355,-1,0,-1,-1,-1,0.0008827918008007309,0
6294,JOB_874,CV_3478,-1,-1,1,-1,-1,0.0015442935692705172,0
6295,JOB_874,CV_028,-1,-1,1,-1,-1,0.0015442935692705172,0
6296,JOB_874,CV_924,-1,-1,1,-1,1,0.0077551622213322515,0
6297,JOB_874,CV_1792,-1,-1,1,-1,-1,0.0015442935692705172,0
6298,JOB_874,CV_1534,-1,0,-1,-1,1,0.004445064433151091,0
6299,JOB_874,CV_2877,-1,-1,1,-1,-1,0.0015442935692705172,0
6300,JOB_14098,CV_3200,-1,1,1,1,1,0.3706850697644348,0
6301,JOB_14098,CV_1172,-1,0,1,-1,1,0.07916723666250709,0
6302,JOB_14098,CV_2979,1,1,1,0,-1,0.5880103941462257,1
6303,JOB_14098,CV_1245,-1,0,1,0,-1,0.02828921519950765,0
6304,JOB_14098,CV_879,1,0,1,1,-1,0.5618280036801903,1
6305,JOB_14098,CV_3636,-1,1,-1,-1,-1,0.0018618453328126804,0
6306,JOB_14098,CV_3015,-1,0,0,1,-1,0.025743514038269317,0
6307,JOB_14098,CV_2858,-1,1,1,0,-1,0.05790168407977278,0
6308,JOB_14098,CV_2766,-1,1,1,-1,-1,0.034672065104421654,0
6309,JOB_14098,CV_1636,1,0,1,0,-1,0.40336398430354964,0
6310,JOB_14098,CV_3500,-1,0,1,0,1,0.12824728097545876,0
6311,JOB_14098,CV_3533,-1,0,1,0,-1,0.02828921519950765,0
6312,JOB_14098,CV_2965,-1,1,1,1,-1,0.10439562230127407,0
6313,JOB_14098,CV_477,-1,0,1,-1,1,0.07916723666250709,0
6314,JOB_14098,CV_2441,-1,0,-1,0,-1,0.0015096485596628858,0
6315,JOB_14098,CV_1795,-1,0,-1,0,1,0.007582239379063284,0
6316,JOB_14098,CV_469,-1,0,1,0,-1,0.02828921519950765,0
6317,JOB_14098,CV_1618,-1,0,1,-1,-1,0.016728886119059285,0
6318,JOB_14098,CV_3543,-1,1,1,1,-1,0.10439562230127407,0
6319,JOB_14098,CV_601,-1,0,1,0,-1,0.02828921519950765,0
6320,JOB_14098,CV_137,-1,0,0,0,-1,0.01374087676851104,0
6321,JOB_14098,CV_3098,-1,0,1,0,-1,0.02828921519950765,0
6322,JOB_14098,CV_788,-1,0,-1,0,-1,0.0015096485596628858,0
6323,JOB_14098,CV_046,-1,-1,0,1,-1,0.002396402946724275,0
6324,JOB_14098,CV_3546,1,0,-1,-1,-1,0.02010595680604062,0
6325,JOB_14098,CV_085,-1,0,1,0,-1,0.02828921519950765,0
6326,JOB_14098,CV_3657,-1,1,1,0,-1,0.05790168407977278,0
6327,JOB_14098,CV_999,-1,1,-1,1,-1,0.006017180859498359,0
6328,JOB_14098,CV_3563,-1,1,-1,1,1,0.029682404125509716,0
6329,JOB_14098,CV_532,-1,1,1,1,-1,0.10439562230127407,0
6330,JOB_14098,CV_3094,-1,-1,-1,1,-1,0.00026061368312641647,0
6331,JOB_14098,CV_2749,-1,0,0,1,-1,0.025743514038269317,0
6332,JOB_14098,CV_1380,-1,1,1,0,1,0.23697590875267444,0
6333,JOB_14098,CV_1785,-1,1,-1,0,1,0.01587322249542733,0
6334,JOB_14098,CV_3685,-1,0,-1,0,-1,0.0015096485596628858,0
6335,JOB_14098,CV_2553,-1,0,1,1,-1,0.05232559089768777,0
6336,JOB_14098,CV_2024,-1,0,1,0,-1,0.02828921519950765,0
6337,JOB_14098,CV_3093,-1,0,-1,-1,-1,0.0008827918008007309,0
6338,JOB_14098,CV_2615,-1,1,-1,1,1,0.029682404125509716,0
6339,JOB_14098,CV_2732,-1,1,-1,1,-1,0.006017180859498359,0
6340,JOB_14098,CV_964,-1,1,1,0,-1,0.05790168407977278,0
6341,JOB_14098,CV_1860,-1,0,0,1,-1,0.025743514038269317,0
6342,JOB_14098,CV_884,-1,0,-1,1,-1,0.002859298785317209,0
6343,JOB_14098,CV_176,-1,0,-1,1,1,0.014283223220999536,0
6344,JOB_14098,CV_1687,-1,1,1,1,-1,0.10439562230127407,0
6345,JOB_14098,CV_3663,-1,0,1,-1,-1,0.016728886119059285,0
6346,JOB_14098,CV_3429,-1,-1,-1,-1,-1,8.03182586734358e-05,0
6347,JOB_14098,CV_1807,-1,0,1,1,1,0.21814771844744296,0
6348,JOB_14098,CV_1993,-1,1,-1,1,-1,0.006017180859498359,0
6349,JOB_14098,CV_1325,-1,0,1,0,-1,0.02828921519950765,0
6350,JOB_14098,CV_2913,-1,0,1,0,1,0.12824728097545876,0
6351,JOB_14098,CV_1796,-1,1,0,1,-1,0.05283609976798728,0
6352,JOB_14098,CV_1068,-1,1,-1,1,-1,0.006017180859498359,0
6353,JOB_14098,CV_278,-1,0,1,1,-1,0.05232559089768777,0
6354,JOB_14098,CV_3710,-1,1,1,1,-1,0.10439562230127407,0
6355,JOB_14098,CV_433,-1,0,0,1,-1,0.025743514038269317,0
6356,JOB_14098,CV_1224,-1,0,-1,1,1,0.014283223220999536,0
6357,JOB_14098,CV_1138,-1,1,1,1,-1,0.10439562230127407,0
6358,JOB_14098,CV_2392,-1,0,1,1,-1,0.05232559089768777,0
6359,JOB_14098,CV_1252,-1,0,1,-1,1,0.07916723666250709,0
6360,JOB_14098,CV_3474,1,0,1,1,1,0.8662980893274425,1
6361,JOB_14098,CV_1045,-1,0,-1,-1,-1,0.0008827918008007309,0
6362,JOB_14098,CV_1122,-1,0,1,0,-1,0.02828921519950765,0
6363,JOB_14098,CV_296,-1,0,0,1,-1,0.025743514038269317,0
6364,JOB_14098,CV_337,-1,1,-1,1,1,0.029682404125509716,0
6365,JOB_14098,CV_1231,-1,1,1,-1,-1,0.034672065104421654,0
6366,JOB_14098,CV_877,-1,0,1,0,-1,0.02828921519950765,0
6367,JOB_14098,CV_2953,-1,1,1,-1,1,0.15361803787121434,0
6368,JOB_14098,CV_2033,-1,1,1,0,1,0.23697590875267444,0
6369,JOB_14098,CV_2596,-1,-1,-1,-1,-1,8.03182586734358e-05,0
6370,JOB_14098,CV_611,-1,0,-1,0,1,0.007582239379063284,0
6371,JOB_14098,CV_2380,-1,1,1,0,-1,0.05790168407977278,0
6372,JOB_14098,CV_187,-1,-1,1,1,-1,0.004994451571761179,0
6373,JOB_14098,CV_2541,-1,1,-1,0,-1,0.003181698906503991,0
6374,JOB_14098,CV_116,-1,0,-1,1,-1,0.002859298785317209,0
6375,JOB_14098,CV_634,-1,0,-1,0,-1,0.0015096485596628858,0
6376,JOB_14098,CV_1031,-1,1,1,1,1,0.3706850697644348,0
6377,JOB_14098,CV_3945,-1,1,0,0,-1,0.028572286214813686,0
6378,JOB_14098,CV_2402,-1,0,0,0,-1,0.01374087676851104,0
6379,JOB_14098,CV_2379,-1,0,1,-1,-1,0.016728886119059285,0
6380,JOB_14098,CV_1639,1,0,1,0,-1,0.40336398430354964,0
6381,JOB_14098,CV_2366,-1,0,1,1,-1,0.05232559089768777,0
6382,JOB_14098,CV_1078,-1,0,-1,-1,1,0.004445064433151091,0
6383,JOB_14098,CV_2992,-1,0,-1,1,-1,0.002859298785317209,0
6384,JOB_14098,CV_3090,1,1,1,1,-1,0.7302317401433427,1
6385,JOB_14098,CV_538,-1,0,1,-1,1,0.07916723666250709,0
6386,JOB_14098,CV_1287,-1,1,1,-1,1,0.15361803787121434,0
6387,JOB_14098,CV_1574,-1,0,1,1,-1,0.05232559089768777,0
6388,JOB_14098,CV_1742,-1,0,1,0,-1,0.02828921519950765,0
6389,JOB_14098,CV_2550,-1,0,-1,1,-1,0.002859298785317209,0
6390,JOB_14098,CV_3670,-1,1,-1,1,1,0.029682404125509716,0
6391,JOB_14098,CV_2385,-1,0,-1,1,1,0.014283223220999536,0
6392,JOB_14098,CV_2877,-1,0,1,1,-1,0.05232559089768777,0
6393,JOB_14098,CV_1355,-1,0,-1,0,-1,0.0015096485596628858,0
6394,JOB_14098,CV_140,-1,0,-1,1,1,0.014283223220999536,0
6395,JOB_14098,CV_3782,-1,0,0,1,-1,0.025743514038269317,0
6396,JOB_14098,CV_3284,-1,1,-1,0,-1,0.003181698906503991,0
6397,JOB_14098,CV_2658,-1,0,-1,0,-1,0.0015096485596628858,0
6398,JOB_14098,CV_2415,-1,0,1,-1,-1,0.016728886119059285,0
6399,JOB_14098,CV_2638,-1,0,-1,1,1,0.014283223220999536,0
6400,JOB_8210,CV_3543,-1,1,1,-1,-1,0.034672065104421654,0
6401,JOB_8210,CV_924,-1,0,1,-1,1,0.07916723666250709,0
6402,JOB_8210,CV_3929,-1,1,0,-1,-1,0.01689829239252925,0
6403,JOB_8210,CV_3727,-1,-1,1,-1,1,0.0077551622213322515,0
6404,JOB_8210,CV_1860,-1,1,0,-1,-1,0.01689829239252925,0
6405,JOB_8210,CV_3670,-1,1,-1,-1,1,0.009337905367753526,0
6406,JOB_8210,CV_532,-1,0,1,-1,-1,0.016728886119059285,0
6407,JOB_8210,CV_2537,-1,0,1,-1,-1,0.016728886119059285,0
6408,JOB_8210,CV_2015,-1,1,0,-1,-1,0.01689829239252925,0
6409,JOB_8210,CV_1796,-1,1,0,-1,-1,0.01689829239252925,0
6410,JOB_8210,CV_1070,-1,1,1,-1,-1,0.034672065104421654,0
6411,JOB_8210,CV_661,-1,1,-1,-1,-1,0.0018618453328126804,0
6412,JOB_8210,CV_2392,-1,0,1,-1,-1,0.016728886119059285,0
6413,JOB_8210,CV_2658,-1,1,-1,-1,-1,0.0018618453328126804,0
6414,JOB_8210,CV_3088,1,0,1,-1,1,0.6662769058878664,1
6415,JOB_8210,CV_233,1,0,1,1,-1,0.5618280036801903,1
6416,JOB_8210,CV_2239,-1,1,1,1,1,0.3706850697644348,0
6417,JOB_8210,CV_1961,1,1,1,-1,1,0.808239026155528,1
6418,JOB_8210,CV_1913,-1,1,1,-1,1,0.15361803787121434,0
6419,JOB_8210,CV_2992,-1,0,-1,-1,-1,0.0008827918008007309,0
6420,JOB_8210,CV_1031,-1,1,1,-1,1,0.15361803787121434,0
6421,JOB_8210,CV_388,1,1,-1,-1,-1,0.04151838996869751,0
6422,JOB_8210,CV_3533,-1,0,1,-1,-1,0.016728886119059285,0
6423,JOB_8210,CV_1287,-1,1,1,-1,1,0.15361803787121434,0
6424,JOB_8210,CV_3474,1,0,1,-1,1,0.6662769058878664,1
6425,JOB_8210,CV_2436,-1,1,1,-1,1,0.15361803787121434,0
6426,JOB_8210,CV_2979,1,1,1,-1,-1,0.454768028774003,0
6427,JOB_8210,CV_611,-1,0,-1,-1,1,0.004445064433151091,0
6428,JOB_8210,CV_2365,-1,-1,0,-1,-1,0.0007396380664553713,0
6429,JOB_8210,CV_2550,-1,0,-1,-1,-1,0.0008827918008007309,0
6430,JOB_8210,CV_2313,-1,1,-1,-1,1,0.009337905367753526,0
6431,JOB_8210,CV_137,-1,0,0,-1,-1,0.0080762834495878,0
6432,JOB_8210,CV_1494,-1,1,1,-1,1,0.15361803787121434,0
6433,JOB_8210,CV_1161,-1,0,1,-1,-1,0.016728886119059285,0
6434,JOB_8210,CV_1792,-1,0,1,-1,-1,0.016728886119059285,0
6435,JOB_8210,CV_1993,-1,1,-1,-1,-1,0.0018618453328126804,0
6436,JOB_8210,CV_477,1,0,1,-1,1,0.6662769058878664,1
6437,JOB_8210,CV_3757,-1,1,-1,-1,-1,0.0018618453328126804,0
6438,JOB_8210,CV_1687,-1,0,1,-1,-1,0.016728886119059285,0
6439,JOB_8210,CV_1122,-1,0,1,-1,-1,0.016728886119059285,0
6440,JOB_8210,CV_1309,1,0,-1,-1,-1,0.02010595680604062,0
6441,JOB_8210,CV_1355,-1,0,-1,-1,-1,0.0008827918008007309,0
6442,JOB_8210,CV_2749,1,1,0,-1,-1,0.2852859884047636,0
6443,JOB_8210,CV_2207,1,0,1,-1,-1,0.2832010598158251,0
6444,JOB_8210,CV_3547,-1,1,-1,-1,-1,0.0018618453328126804,0
6445,JOB_8210,CV_278,-1,1,1,-1,-1,0.034672065104421654,0
6446,JOB_8210,CV_116,-1,0,-1,-1,-1,0.0008827918008007309,0
6447,JOB_8210,CV_1793,-1,1,-1,-1,1,0.009337905367753526,0
6448,JOB_8210,CV_3015,-1,1,0,-1,-1,0.01689829239252925,0
6449,JOB_8210,CV_2069,-1,1,-1,-1,1,0.009337905367753526,0
6450,JOB_8210,CV_964,1,1,1,-1,-1,0.454768028774003,0
6451,JOB_8210,CV_3093,-1,0,-1,-1,-1,0.0008827918008007309,0
6452,JOB_8210,CV_176,-1,0,-1,-1,1,0.004445064433151091,0
6453,JOB_8210,CV_2830,-1,1,0,-1,1,0.07991753891832785,0
6454,JOB_8210,CV_3782,-1,1,0,-1,-1,0.01689829239252925,0
6455,JOB_8210,CV_2415,-1,-1,1,-1,-1,0.0015442935692705172,0
6456,JOB_8210,CV_2385,-1,1,-1,-1,1,0.009337905367753526,0
6457,JOB_8210,CV_722,-1,1,-1,-1,1,0.009337905367753526,0
6458,JOB_8210,CV_2489,-1,1,0,-1,1,0.07991753891832785,0
6459,JOB_8210,CV_1633,-1,-1,1,-1,-1,0.0015442935692705172,0
6460,JOB_8210,CV_392,-1,-1,-1,-1,1,0.00040573633479455186,0
6461,JOB_8210,CV_246,-1,1,-1,-1,-1,0.0018618453328126804,0
6462,JOB_8210,CV_1085,-1,1,-1,-1,1,0.009337905367753526,0
6463,JOB_8210,CV_1577,-1,0,-1,-1,-1,0.0008827918008007309,0
6464,JOB_8210,CV_1241,-1,1,1,-1,-1,0.034672065104421654,0
6465,JOB_8210,CV_2157,1,0,-1,-1,1,0.09394450948240785,0
6466,JOB_8210,CV_1045,-1,-1,-1,-1,-1,8.03182586734358e-05,0
6467,JOB_8210,CV_1742,-1,0,1,-1,-1,0.016728886119059285,0
6468,JOB_8210,CV_187,-1,0,1,-1,-1,0.016728886119059285,0
6469,JOB_8210,CV_1618,-1,1,1,-1,-1,0.034672065104421654,0
6470,JOB_8210,CV_1151,-1,0,-1,-1,-1,0.0008827918008007309,0
6471,JOB_8210,CV_1325,-1,0,1,-1,-1,0.016728886119059285,0
6472,JOB_8210,CV_3563,-1,1,-1,-1,1,0.009337905367753526,0
6473,JOB_8210,CV_2033,-1,0,1,-1,1,0.07916723666250709,0
6474,JOB_8210,CV_1785,1,0,-1,-1,1,0.09394450948240785,0
6475,JOB_8210,CV_1480,-1,1,-1,-1,1,0.009337905367753526,0
6476,JOB_8210,CV_3647,-1,0,1,-1,-1,0.016728886119059285,0
6477,JOB_8210,CV_2038,-1,1,-1,1,1,0.029682404125509716,0
6478,JOB_8210,CV_2638,-1,1,-1,-1,1,0.009337905367753526,0
6479,JOB_8210,CV_2341,-1,1,-1,-1,-1,0.0018618453328126804,0
6480,JOB_8210,CV_2869,-1,1,-1,-1,1,0.009337905367753526,0
6481,JOB_8210,CV_2495,-1,1,-1,-1,1,0.009337905367753526,0
6482,JOB_8210,CV_251,-1,0,1,1,-1,0.05232559089768777,0
6483,JOB_8210,CV_2732,-1,1,-1,-1,-1,0.0018618453328126804,0
6484,JOB_8210,CV_307,1,0,0,-1,-1,0.15901106186344566,0
6485,JOB_8210,CV_3145,-1,-1,1,-1,1,0.0077551622213322515,0
6486,JOB_8210,CV_3657,-1,1,1,-1,-1,0.034672065104421654,0
6487,JOB_8210,CV_2445,-1,0,-1,-1,1,0.004445064433151091,0
6488,JOB_8210,CV_640,1,1,1,-1,1,0.808239026155528,1
6489,JOB_8210,CV_1682,-1,0,-1,-1,-1,0.0008827918008007309,0
6490,JOB_8210,CV_594,1,0,1,-1,-1,0.2832010598158251,0
6491,JOB_8210,CV_2478,-1,0,1,1,1,0.21814771844744296,0
6492,JOB_8210,CV_3949,-1,0,1,1,1,0.21814771844744296,0
6493,JOB_8210,CV_2379,-1,1,1,-1,-1,0.034672065104421654,0
6494,JOB_8210,CV_1380,-1,1,1,-1,1,0.15361803787121434,0
6495,JOB_8210,CV_3945,-1,1,0,-1,-1,0.01689829239252925,0
6496,JOB_8210,CV_1245,1,0,1,-1,-1,0.2832010598158251,0
6497,JOB_8210,CV_2615,-1,1,-1,-1,1,0.009337905367753526,0
6498,JOB_8210,CV_3625,-1,0,-1,-1,1,0.004445064433151091,0
6499,JOB_8210,CV_421,-1,1,0,-1,-1,0.01689829239252925,0
6600,JOB_8228,CV_2385,-1,-1,-1,1,-1,0.00026061368312641647,0
6601,JOB_8228,CV_1015,-1,-1,0,0,-1,0.0012649722795961807,0
6602,JOB_8228,CV_788,-1,-1,-1,1,-1,0.00026061368312641647,0
6603,JOB_8228,CV_3546,-1,-1,-1,-1,-1,8.03182586734358e-05,0
6604,JOB_8228,CV_3757,-1,-1,-1,1,-1,0.00026061368312641647,0
6605,JOB_8228,CV_272,-1,-1,-1,1,-1,0.00026061368312641647,0
6606,JOB_8228,CV_1574,-1,-1,1,1,-1,0.004994451571761179,0
6607,JOB_8228,CV_2723,-1,-1,-1,1,-1,0.00026061368312641647,0
6608,JOB_8228,CV_2537,-1,0,1,0,1,0.12824728097545876,0
6609,JOB_8228,CV_2732,-1,-1,-1,1,-1,0.00026061368312641647,0
6610,JOB_8228,CV_2365,-1,0,0,1,-1,0.025743514038269317,0
6611,JOB_8228,CV_2718,-1,-1,0,1,-1,0.002396402946724275,0
6612,JOB_8228,CV_3727,-1,-1,1,1,-1,0.004994451571761179,0
6613,JOB_8228,CV_1796,-1,-1,0,1,-1,0.002396402946724275,0
6614,JOB_8228,CV_2038,-1,-1,-1,-1,-1,8.03182586734358e-05,0
6615,JOB_8228,CV_3145,-1,-1,1,-1,-1,0.0015442935692705172,0
6616,JOB_8228,CV_3543,-1,0,1,1,-1,0.05232559089768777,0
6617,JOB_8228,CV_3414,-1,-1,-1,1,-1,0.00026061368312641647,0
6618,JOB_8228,CV_3474,-1,-1,1,1,-1,0.004994451571761179,0
6619,JOB_8228,CV_3094,-1,-1,-1,1,-1,0.00026061368312641647,0
6620,JOB_8228,CV_2555,-1,-1,-1,0,-1,0.00013742938756156384,0
6621,JOB_8228,CV_2749,-1,-1,0,1,-1,0.002396402946724275,0
6622,JOB_8228,CV_469,-1,-1,1,0,-1,0.002639631480061397,0
6623,JOB_8228,CV_1068,-1,-1,-1,1,-1,0.00026061368312641647,0
6624,JOB_8228,CV_2239,-1,0,1,-1,-1,0.016728886119059285,0
6625,JOB_8228,CV_1971,-1,-1,-1,1,-1,0.00026061368312641647,0
6626,JOB_8228,CV_085,-1,-1,1,0,-1,0.002639631480061397,0
6627,JOB_8228,CV_246,-1,-1,-1,1,1,0.0013155570174856266,0
6628,JOB_8228,CV_964,-1,-1,1,1,-1,0.004994451571761179,0
6629,JOB_8228,CV_223,-1,-1,-1,1,-1,0.00026061368312641647,0
6630,JOB_8228,CV_2550,-1,-1,-1,1,-1,0.00026061368312641647,0
6631,JOB_8228,CV_337,-1,0,-1,1,-1,0.002859298785317209,0
6632,JOB_8228,CV_3455,-1,-1,-1,-1,-1,8.03182586734358e-05,0
6633,JOB_8228,CV_3923,-1,0,1,1,-1,0.05232559089768777,0
6634,JOB_8228,CV_2596,-1,-1,-1,-1,-1,8.03182586734358e-05,0
6635,JOB_8228,CV_1078,-1,0,-1,-1,-1,0.0008827918008007309,0
6636,JOB_8228,CV_2953,-1,0,1,-1,-1,0.016728886119059285,0
6637,JOB_8228,CV_1690,-1,-1,0,1,-1,0.002396402946724275,0
6638,JOB_8228,CV_1241,-1,-1,1,0,-1,0.002639631480061397,0
6639,JOB_8228,CV_505,-1,-1,1,1,-1,0.004994451571761179,0
6640,JOB_8228,CV_3547,-1,-1,-1,1,-1,0.00026061368312641647,0
6641,JOB_8228,CV_1138,-1,-1,1,1,-1,0.004994451571761179,0
6642,JOB_8228,CV_3929,-1,-1,0,0,-1,0.0012649722795961807,0
6643,JOB_8228,CV_2766,-1,-1,1,-1,-1,0.0015442935692705172,0
6644,JOB_8228,CV_1085,-1,-1,-1,1,-1,0.00026061368312641647,0
6645,JOB_8228,CV_2658,-1,0,-1,1,-1,0.002859298785317209,0
6646,JOB_8228,CV_2402,-1,-1,0,0,-1,0.0012649722795961807,0
6647,JOB_8228,CV_2965,-1,0,1,1,-1,0.05232559089768777,0
6648,JOB_8228,CV_1793,-1,-1,-1,1,-1,0.00026061368312641647,0
6649,JOB_8228,CV_1224,-1,0,-1,1,-1,0.002859298785317209,0
6650,JOB_8228,CV_929,-1,-1,1,-1,-1,0.0015442935692705172,0
6651,JOB_8228,CV_1633,-1,-1,1,1,-1,0.004994451571761179,0
6652,JOB_8228,CV_1618,-1,-1,1,-1,-1,0.0015442935692705172,0
6653,JOB_8228,CV_594,-1,0,1,1,-1,0.05232559089768777,0
6654,JOB_8228,CV_1803,-1,0,-1,1,-1,0.002859298785317209,0
6655,JOB_8228,CV_3533,-1,-1,1,1,-1,0.004994451571761179,0
6656,JOB_8228,CV_2366,-1,-1,1,1,-1,0.004994451571761179,0
6657,JOB_8228,CV_3789,-1,0,1,0,-1,0.02828921519950765,0
6658,JOB_8228,CV_233,-1,0,1,1,-1,0.05232559089768777,0
6659,JOB_8228,CV_3088,-1,0,1,1,-1,0.05232559089768777,0
6660,JOB_8228,CV_2672,-1,0,1,-1,-1,0.016728886119059285,0
6661,JOB_8228,CV_3738,-1,0,1,0,-1,0.02828921519950765,0
6662,JOB_8228,CV_3710,-1,0,1,1,-1,0.05232559089768777,0
6663,JOB_8228,CV_3093,-1,-1,-1,-1,-1,8.03182586734358e-05,0
6664,JOB_8228,CV_1781,-1,-1,-1,1,-1,0.00026061368312641647,0
6665,JOB_8228,CV_2992,-1,-1,-1,1,-1,0.00026061368312641647,0
6666,JOB_8228,CV_3098,-1,0,1,0,-1,0.02828921519950765,0
6667,JOB_8228,CV_605,-1,-1,-1,1,-1,0.00026061368312641647,0
6668,JOB_8228,CV_3949,-1,0,1,-1,-1,0.016728886119059285,0
6669,JOB_8228,CV_2033,-1,0,1,1,-1,0.05232559089768777,0
6670,JOB_8228,CV_137,-1,0,0,0,-1,0.01374087676851104,0
6671,JOB_8228,CV_2584,-1,-1,-1,1,1,0.0013155570174856266,0
6672,JOB_8228,CV_3299,-1,0,-1,0,-1,0.0015096485596628858,0
6673,JOB_8228,CV_2207,-1,-1,1,0,-1,0.002639631480061397,0
6674,JOB_8228,CV_2579,-1,-1,-1,1,-1,0.00026061368312641647,0
6675,JOB_8228,CV_879,-1,-1,1,1,-1,0.004994451571761179,0
6676,JOB_8228,CV_2294,-1,0,0,1,-1,0.025743514038269317,0
6677,JOB_8228,CV_2877,-1,-1,1,1,-1,0.004994451571761179,0
6678,JOB_8228,CV_2039,-1,-1,1,1,-1,0.004994451571761179,0
6679,JOB_8228,CV_3657,-1,0,1,1,-1,0.05232559089768777,0
6680,JOB_8228,CV_1636,-1,0,1,1,-1,0.05232559089768777,0
6681,JOB_8228,CV_2858,-1,-1,1,1,-1,0.004994451571761179,0
6682,JOB_8228,CV_1739,-1,-1,0,1,-1,0.002396402946724275,0
6683,JOB_8228,CV_1993,-1,-1,-1,1,1,0.0013155570174856266,0
6684,JOB_8228,CV_2961,-1,-1,0,1,-1,0.002396402946724275,0
6685,JOB_8228,CV_884,-1,-1,-1,1,-1,0.00026061368312641647,0
6686,JOB_8228,CV_538,-1,-1,1,-1,-1,0.0015442935692705172,0
6687,JOB_8228,CV_3685,-1,-1,-1,0,-1,0.00013742938756156384,0
6688,JOB_8228,CV_2327,-1,0,-1,1,-1,0.002859298785317209,0
6689,JOB_8228,CV_622,-1,-1,0,1,-1,0.002396402946724275,0
6690,JOB_8228,CV_176,-1,-1,-1,1,-1,0.00026061368312641647,0
6691,JOB_8228,CV_028,-1,0,1,1,-1,0.05232559089768777,0
6692,JOB_8228,CV_1898,-1,0,1,1,-1,0.05232559089768777,0
6693,JOB_8228,CV_2356,-1,-1,-1,0,-1,0.00013742938756156384,0
6694,JOB_8228,CV_2489,-1,-1,0,1,1,0.0119931365693721,0
6695,JOB_8228,CV_1031,-1,-1,1,1,-1,0.004994451571761179,0
6696,JOB_8228,CV_1122,-1,-1,1,1,-1,0.004994451571761179,0
6697,JOB_8228,CV_1380,-1,0,1,0,1,0.12824728097545876,0
6698,JOB_8228,CV_3200,-1,0,1,1,-1,0.05232559089768777,0
6699,JOB_8228,CV_1172,-1,-1,1,-1,-1,0.0015442935692705172,0
6800,JOB_13526,CV_2369,1,0,1,-1,-1,0.2832010598158251,0
6801,JOB_13526,CV_2752,-1,0,1,-1,-1,0.016728886119059285,0
6802,JOB_13526,CV_2550,-1,0,-1,-1,-1,0.0008827918008007309,0
6803,JOB_13526,CV_3722,1,0,-1,-1,-1,0.02010595680604062,0
6804,JOB_13526,CV_2038,-1,1,-1,-1,-1,0.0018618453328126804,0
6805,JOB_13526,CV_278,-1,1,1,-1,-1,0.034672065104421654,0
6806,JOB_13526,CV_2615,-1,0,-1,-1,-1,0.0008827918008007309,0
6807,JOB_13526,CV_307,-1,0,0,-1,-1,0.0080762834495878,0
6808,JOB_13526,CV_421,-1,1,0,-1,-1,0.01689829239252925,0
6809,JOB_13526,CV_1517,-1,0,0,-1,-1,0.0080762834495878,0
6810,JOB_13526,CV_3478,-1,0,1,-1,-1,0.016728886119059285,0
6811,JOB_13526,CV_634,-1,0,-1,-1,-1,0.0008827918008007309,0
6812,JOB_13526,CV_3284,1,1,-1,-1,-1,0.04151838996869751,0
6813,JOB_13526,CV_040,-1,0,-1,-1,-1,0.0008827918008007309,0
6814,JOB_13526,CV_538,-1,0,1,-1,-1,0.016728886119059285,0
6815,JOB_13526,CV_594,-1,0,1,-1,-1,0.016728886119059285,0
6816,JOB_13526,CV_3970,-1,0,-1,-1,-1,0.0008827918008007309,0
6817,JOB_13526,CV_2415,-1,0,1,-1,-1,0.016728886119059285,0
6818,JOB_13526,CV_2069,-1,0,-1,-1,-1,0.0008827918008007309,0
6819,JOB_13526,CV_3547,-1,0,-1,-1,1,0.004445064433151091,0
6820,JOB_13526,CV_3173,-1,0,1,-1,-1,0.016728886119059285,0
6821,JOB_13526,CV_813,-1,1,1,-1,-1,0.034672065104421654,0
6822,JOB_13526,CV_1287,-1,0,1,-1,-1,0.016728886119059285,0
6823,JOB_13526,CV_1068,-1,1,-1,-1,1,0.009337905367753526,0
6824,JOB_13526,CV_3685,-1,0,-1,-1,-1,0.0008827918008007309,0
6825,JOB_13526,CV_3625,-1,0,-1,-1,-1,0.0008827918008007309,0
6826,JOB_13526,CV_1844,1,1,1,-1,-1,0.454768028774003,0
6827,JOB_13526,CV_481,-1,0,-1,-1,-1,0.0008827918008007309,0
6828,JOB_13526,CV_3133,-1,0,-1,-1,-1,0.0008827918008007309,0
6829,JOB_13526,CV_1633,-1,0,1,-1,-1,0.016728886119059285,0
6830,JOB_13526,CV_2869,-1,0,-1,-1,-1,0.0008827918008007309,0
6831,JOB_13526,CV_3429,-1,-1,-1,-1,-1,8.03182586734358e-05,0
6832,JOB_13526,CV_1494,-1,0,1,-1,-1,0.016728886119059285,0
6833,JOB_13526,CV_1690,-1,1,0,-1,-1,0.01689829239252925,0
6834,JOB_13526,CV_2024,-1,0,1,1,-1,0.05232559089768777,0
6835,JOB_13526,CV_1803,-1,0,-1,-1,-1,0.0008827918008007309,0
6836,JOB_13526,CV_3197,-1,0,1,-1,-1,0.016728886119059285,0
6837,JOB_13526,CV_2366,-1,0,1,-1,1,0.07916723666250709,0
6838,JOB_13526,CV_661,-1,0,-1,-1,-1,0.0008827918008007309,0
6839,JOB_13526,CV_2596,-1,-1,-1,-1,1,0.00040573633479455186,0
6840,JOB_13526,CV_879,-1,0,1,-1,-1,0.016728886119059285,0
6841,JOB_13526,CV_2979,1,0,1,1,-1,0.5618280036801903,1
6842,JOB_13526,CV_3738,-1,0,1,1,-1,0.05232559089768777,0
6843,JOB_13526,CV_2478,-1,-1,1,-1,-1,0.0015442935692705172,0
6844,JOB_13526,CV_187,-1,0,1,-1,-1,0.016728886119059285,0
6845,JOB_13526,CV_3088,-1,0,1,-1,-1,0.016728886119059285,0
6846,JOB_13526,CV_3399,-1,0,1,-1,1,0.07916723666250709,0
6847,JOB_13526,CV_1577,-1,0,-1,-1,-1,0.0008827918008007309,0
6848,JOB_13526,CV_1793,-1,0,-1,-1,-1,0.0008827918008007309,0
6849,JOB_13526,CV_3176,-1,1,0,-1,-1,0.01689829239252925,0
6850,JOB_13526,CV_788,1,-1,-1,-1,-1,0.0018618453328126787,0
6851,JOB_13526,CV_2239,-1,1,1,-1,-1,0.034672065104421654,0
6852,JOB_13526,CV_3962,-1,1,-1,-1,-1,0.0018618453328126804,0
6853,JOB_13526,CV_1632,-1,0,1,-1,-1,0.016728886119059285,0
6854,JOB_13526,CV_2385,-1,1,-1,-1,-1,0.0018618453328126804,0
6855,JOB_13526,CV_2965,-1,0,1,-1,-1,0.016728886119059285,0
6856,JOB_13526,CV_1151,-1,0,-1,-1,-1,0.0008827918008007309,0
6857,JOB_13526,CV_2327,1,0,-1,-1,1,0.09394450948240785,0
6858,JOB_13526,CV_1618,-1,0,1,-1,-1,0.016728886119059285,0
6859,JOB_13526,CV_3789,-1,0,1,-1,-1,0.016728886119059285,0
6860,JOB_13526,CV_3563,-1,1,-1,-1,-1,0.0018618453328126804,0
6861,JOB_13526,CV_877,-1,0,1,-1,-1,0.016728886119059285,0
6862,JOB_13526,CV_1687,-1,1,1,-1,-1,0.034672065104421654,0
6863,JOB_13526,CV_2977,-1,1,1,-1,1,0.15361803787121434,0
6864,JOB_13526,CV_3090,1,0,1,-1,-1,0.2832010598158251,0
6865,JOB_13526,CV_1963,-1,1,0,-1,-1,0.01689829239252925,0
6866,JOB_13526,CV_2392,-1,0,1,-1,-1,0.016728886119059285,0
6867,JOB_13526,CV_3533,-1,0,1,-1,-1,0.016728886119059285,0
6868,JOB_13526,CV_477,1,0,1,-1,-1,0.2832010598158251,0
6869,JOB_13526,CV_3949,-1,0,1,-1,-1,0.016728886119059285,0
6870,JOB_13526,CV_2495,-1,0,-1,-1,-1,0.0008827918008007309,0
6871,JOB_13526,CV_2579,-1,1,-1,-1,-1,0.0018618453328126804,0
6872,JOB_13526,CV_622,-1,0,0,-1,-1,0.0080762834495878,0
6873,JOB_13526,CV_3145,-1,0,1,-1,-1,0.016728886119059285,0
6874,JOB_13526,CV_2584,-1,-1,-1,-1,-1,8.03182586734358e-05,0
6875,JOB_13526,CV_3782,-1,0,0,-1,-1,0.0080762834495878,0
6876,JOB_13526,CV_2380,1,1,1,-1,-1,0.454768028774003,0
6877,JOB_13526,CV_1639,1,0,1,-1,-1,0.2832010598158251,0
6878,JOB_13526,CV_1138,1,1,1,-1,-1,0.454768028774003,0
6879,JOB_13526,CV_999,-1,1,-1,-1,-1,0.0018618453328126804,0
6880,JOB_13526,CV_2514,-1,0,-1,-1,-1,0.0008827918008007309,0
6881,JOB_13526,CV_2313,-1,1,-1,-1,-1,0.0018618453328126804,0
6882,JOB_13526,CV_216,-1,0,1,-1,-1,0.016728886119059285,0
6883,JOB_13526,CV_3543,-1,0,1,-1,-1,0.016728886119059285,0
6884,JOB_13526,CV_2033,-1,0,1,1,-1,0.05232559089768777,0
6885,JOB_13526,CV_2537,-1,0,1,-1,-1,0.016728886119059285,0
6886,JOB_13526,CV_085,-1,0,1,-1,-1,0.016728886119059285,0
6887,JOB_13526,CV_3733,-1,0,-1,-1,-1,0.0008827918008007309,0
6888,JOB_13526,CV_3098,-1,0,1,1,-1,0.05232559089768777,0
6889,JOB_13526,CV_3075,-1,0,-1,-1,-1,0.0008827918008007309,0
6890,JOB_13526,CV_1881,-1,1,0,-1,-1,0.01689829239252925,0
6891,JOB_13526,CV_601,-1,0,1,-1,-1,0.016728886119059285,0
6892,JOB_13526,CV_028,1,0,1,-1,-1,0.2832010598158251,0
6893,JOB_13526,CV_2492,-1,1,1,-1,-1,0.034672065104421654,0
6894,JOB_13526,CV_1795,-1,1,-1,-1,-1,0.0018618453328126804,0
6895,JOB_13526,CV_3636,-1,0,-1,-1,-1,0.0008827918008007309,0
6896,JOB_13526,CV_176,-1,0,-1,-1,-1,0.0008827918008007309,0
6897,JOB_13526,CV_1993,-1,0,-1,-1,-1,0.0008827918008007309,0
6898,JOB_13526,CV_611,-1,0,-1,-1,-1,0.0008827918008007309,0
6899,JOB_13526,CV_3945,-1,1,0,-1,-1,0.01689829239252925,0
6900,JOB_12302,CV_2992,-1,0,-1,0,-1,0.0015096485596628858,0
6901,JOB_12302,CV_2365,-1,-1,0,0,-1,0.0012649722795961807,0
6902,JOB_12302,CV_1618,-1,1,1,-1,-1,0.034672065104421654,0
6903,JOB_12302,CV_2732,-1,1,-1,0,-1,0.003181698906503991,0
6904,JOB_12302,CV_3563,-1,0,-1,0,1,0.007582239379063284,0
6905,JOB_12302,CV_1682,-1,0,-1,0,-1,0.0015096485596628858,0
6906,JOB_12302,CV_1913,-1,0,1,1,1,0.21814771844744296,0
6907,JOB_12302,CV_2913,-1,0,1,0,1,0.12824728097545876,0
6908,JOB_12302,CV_3962,-1,0,-1,1,1,0.014283223220999536,0
6909,JOB_12302,CV_3792,-1,0,0,-1,-1,0.0080762834495878,0
6910,JOB_12302,CV_1252,-1,0,1,-1,1,0.07916723666250709,0
6911,JOB_12302,CV_1639,-1,-1,1,0,-1,0.002639631480061397,0
6912,JOB_12302,CV_3015,-1,0,0,0,-1,0.01374087676851104,0
6913,JOB_12302,CV_2672,-1,0,1,-1,-1,0.016728886119059285,0
6914,JOB_12302,CV_2294,-1,0,0,0,-1,0.01374087676851104,0
6915,JOB_12302,CV_1796,-1,1,0,0,-1,0.028572286214813686,0
6916,JOB_12302,CV_3455,-1,-1,-1,-1,-1,8.03182586734358e-05,0
6917,JOB_12302,CV_2038,-1,1,-1,-1,1,0.009337905367753526,0
6918,JOB_12302,CV_665,-1,0,1,0,-1,0.02828921519950765,0
6919,JOB_12302,CV_2596,-1,-1,-1,-1,-1,8.03182586734358e-05,0
6920,JOB_12302,CV_080,-1,0,1,0,1,0.12824728097545876,0
6921,JOB_12302,CV_3429,-1,-1,-1,-1,-1,8.03182586734358e-05,0
6922,JOB_12302,CV_2553,-1,0,1,0,-1,0.02828921519950765,0
6923,JOB_12302,CV_924,-1,0,1,-1,1,0.07916723666250709,0
6924,JOB_12302,CV_388,-1,0,-1,-1,-1,0.0008827918008007309,0
6925,JOB_12302,CV_3757,-1,0,-1,0,-1,0.0015096485596628858,0
6926,JOB_12302,CV_1231,-1,1,1,-1,-1,0.034672065104421654,0
6927,JOB_12302,CV_631,-1,0,1,0,-1,0.02828921519950765,0
6928,JOB_12302,CV_2392,-1,0,1,0,-1,0.02828921519950765,0
6929,JOB_12302,CV_481,-1,0,-1,0,1,0.007582239379063284,0
6930,JOB_12302,CV_3789,-1,0,1,0,-1,0.02828921519950765,0
6931,JOB_12302,CV_2653,-1,0,-1,0,-1,0.0015096485596628858,0
6932,JOB_12302,CV_2341,-1,0,-1,0,-1,0.0015096485596628858,0
6933,JOB_12302,CV_3782,-1,0,0,0,-1,0.01374087676851104,0
6934,JOB_12302,CV_028,-1,0,1,0,-1,0.02828921519950765,0
6935,JOB_12302,CV_1792,-1,0,1,0,-1,0.02828921519950765,0
6936,JOB_12302,CV_223,-1,0,-1,0,-1,0.0015096485596628858,0
6937,JOB_12302,CV_1070,-1,1,1,0,-1,0.05790168407977278,0
6938,JOB_12302,CV_2979,-1,0,1,0,-1,0.02828921519950765,0
6939,JOB_12302,CV_1078,-1,0,-1,1,1,0.014283223220999536,0
6940,JOB_12302,CV_1138,-1,0,1,0,-1,0.02828921519950765,0
6941,JOB_12302,CV_2991,-1,0,1,1,1,0.21814771844744296,0
6942,JOB_12302,CV_661,-1,0,-1,1,-1,0.002859298785317209,0
6943,JOB_12302,CV_929,-1,-1,1,-1,-1,0.0015442935692705172,0
6944,JOB_12302,CV_2039,-1,0,1,0,-1,0.02828921519950765,0
6945,JOB_12302,CV_3478,-1,0,1,0,-1,0.02828921519950765,0
6946,JOB_12302,CV_2858,-1,1,1,0,-1,0.05790168407977278,0
6947,JOB_12302,CV_1795,-1,0,-1,1,1,0.014283223220999536,0
6948,JOB_12302,CV_2766,-1,-1,1,-1,-1,0.0015442935692705172,0
6949,JOB_12302,CV_040,-1,-1,-1,0,-1,0.00013742938756156384,0
6950,JOB_12302,CV_2638,-1,0,-1,0,1,0.007582239379063284,0
6951,JOB_12302,CV_2615,-1,1,-1,0,1,0.01587322249542733,0
6952,JOB_12302,CV_1574,-1,-1,1,0,-1,0.002639631480061397,0
6953,JOB_12302,CV_1287,-1,0,1,-1,1,0.07916723666250709,0
6954,JOB_12302,CV_1224,-1,0,-1,0,1,0.007582239379063284,0
6955,JOB_12302,CV_2415,-1,-1,1,-1,-1,0.0015442935692705172,0
6956,JOB_12302,CV_1810,-1,0,-1,0,1,0.007582239379063284,0
6957,JOB_12302,CV_246,-1,0,-1,0,-1,0.0015096485596628858,0
6958,JOB_12302,CV_469,-1,0,1,1,-1,0.05232559089768777,0
6959,JOB_12302,CV_2015,-1,0,0,-1,-1,0.0080762834495878,0
6960,JOB_12302,CV_176,-1,1,-1,0,1,0.01587322249542733,0
6961,JOB_12302,CV_1494,-1,1,1,0,1,0.23697590875267444,0
6962,JOB_12302,CV_2380,-1,0,1,1,-1,0.05232559089768777,0
6963,JOB_12302,CV_2327,-1,0,-1,0,-1,0.0015096485596628858,0
6964,JOB_12302,CV_3173,-1,0,1,1,-1,0.05232559089768777,0
6965,JOB_12302,CV_1122,-1,0,1,1,-1,0.05232559089768777,0
6966,JOB_12302,CV_3710,-1,-1,1,0,-1,0.002639631480061397,0
6967,JOB_12302,CV_2402,-1,0,0,1,-1,0.025743514038269317,0
6968,JOB_12302,CV_3970,-1,-1,-1,-1,1,0.00040573633479455186,0
6969,JOB_12302,CV_2441,-1,0,-1,-1,-1,0.0008827918008007309,0
6970,JOB_12302,CV_1241,-1,0,1,0,-1,0.02828921519950765,0
6971,JOB_12302,CV_2752,-1,0,1,0,-1,0.02828921519950765,0
6972,JOB_12302,CV_337,-1,0,-1,0,1,0.007582239379063284,0
6973,JOB_12302,CV_3791,-1,0,1,0,1,0.12824728097545876,0
6974,JOB_12302,CV_2579,-1,0,-1,0,1,0.007582239379063284,0
6975,JOB_12302,CV_1355,-1,0,-1,1,-1,0.002859298785317209,0
6976,JOB_12302,CV_2356,-1,0,-1,1,-1,0.002859298785317209,0
6977,JOB_12302,CV_2953,-1,0,1,-1,1,0.07916723666250709,0
6978,JOB_12302,CV_2537,-1,0,1,0,-1,0.02828921519950765,0
6979,JOB_12302,CV_307,-1,0,0,0,-1,0.01374087676851104,0
6980,JOB_12302,CV_1687,-1,0,1,0,-1,0.02828921519950765,0
6981,JOB_12302,CV_3414,-1,0,-1,0,-1,0.0015096485596628858,0
6982,JOB_12302,CV_216,-1,0,1,1,1,0.21814771844744296,0
6983,JOB_12302,CV_1534,-1,0,-1,0,1,0.007582239379063284,0
6984,JOB_12302,CV_1971,-1,0,-1,0,-1,0.0015096485596628858,0
6985,JOB_12302,CV_3727,-1,-1,1,0,1,0.013197522239432963,0
6986,JOB_12302,CV_1781,-1,0,-1,0,1,0.007582239379063284,0
6987,JOB_12302,CV_2436,-1,0,1,0,1,0.12824728097545876,0
6988,JOB_12302,CV_1844,-1,0,1,0,-1,0.02828921519950765,0
6989,JOB_12302,CV_605,-1,-1,-1,0,-1,0.00013742938756156384,0
6990,JOB_12302,CV_1090,-1,0,-1,0,-1,0.0015096485596628858,0
6991,JOB_12302,CV_505,-1,0,1,0,-1,0.02828921519950765,0
6992,JOB_12302,CV_3929,-1,0,0,1,-1,0.025743514038269317,0
6993,JOB_12302,CV_3733,-1,0,-1,1,-1,0.002859298785317209,0
6994,JOB_12302,CV_1803,-1,0,-1,0,1,0.007582239379063284,0
6995,JOB_12302,CV_392,-1,-1,-1,1,1,0.0013155570174856266,0
6996,JOB_12302,CV_2555,-1,1,-1,0,-1,0.003181698906503991,0
6997,JOB_12302,CV_2379,-1,-1,1,-1,-1,0.0015442935692705172,0
6998,JOB_12302,CV_2658,-1,1,-1,0,-1,0.003181698906503991,0
6999,JOB_12302,CV_433,-1,0,0,0,-1,0.01374087676851104,0
7000,JOB_6093,CV_2033,-1,0,1,1,-1,0.05232559089768777,0
7001,JOB_6093,CV_813,-1,0,1,-1,-1,0.016728886119059285,0
7002,JOB_6093,CV_2541,-1,0,-1,1,1,0.014283223220999536,0
7003,JOB_6093,CV_1751,-1,0,-1,1,1,0.014283223220999536,0
7004,JOB_6093,CV_999,-1,0,-1,1,-1,0.002859298785317209,0
7005,JOB_6093,CV_2877,-1,-1,1,1,1,0.024737444512838436,0
7006,JOB_6093,CV_1785,-1,0,-1,1,-1,0.002859298785317209,0
7007,JOB_6093,CV_2732,-1,0,-1,1,-1,0.002859298785317209,0
7008,JOB_6093,CV_1480,-1,0,-1,0,-1,0.0015096485596628858,0
7009,JOB_6093,CV_2658,-1,0,-1,1,1,0.014283223220999536,0
7010,JOB_6093,CV_469,-1,0,1,0,1,0.12824728097545876,0
7011,JOB_6093,CV_2537,-1,0,1,0,-1,0.02828921519950765,0
7012,JOB_6093,CV_2356,-1,0,-1,0,1,0.007582239379063284,0
7013,JOB_6093,CV_278,-1,1,1,1,-1,0.10439562230127407,0
7014,JOB_6093,CV_246,-1,0,-1,1,-1,0.002859298785317209,0
7015,JOB_6093,CV_1803,-1,0,-1,1,-1,0.002859298785317209,0
7016,JOB_6093,CV_869,-1,0,-1,1,-1,0.002859298785317209,0
7017,JOB_6093,CV_3500,-1,0,1,0,-1,0.02828921519950765,0
7018,JOB_6093,CV_2718,-1,0,0,1,-1,0.025743514038269317,0
7019,JOB_6093,CV_477,-1,0,1,-1,-1,0.016728886119059285,0
7020,JOB_6093,CV_640,-1,0,1,1,-1,0.05232559089768777,0
7021,JOB_6093,CV_028,-1,0,1,1,-1,0.05232559089768777,0
7022,JOB_6093,CV_605,-1,-1,-1,1,-1,0.00026061368312641647,0
7023,JOB_6093,CV_2550,-1,0,-1,1,1,0.014283223220999536,0
7024,JOB_6093,CV_2489,-1,0,0,1,-1,0.025743514038269317,0
7025,JOB_6093,CV_618,-1,0,1,0,-1,0.02828921519950765,0
7026,JOB_6093,CV_3791,-1,0,1,1,-1,0.05232559089768777,0
7027,JOB_6093,CV_1019,-1,1,-1,1,-1,0.006017180859498359,0
7028,JOB_6093,CV_532,-1,0,1,1,1,0.21814771844744296,0
7029,JOB_6093,CV_3738,-1,0,1,0,1,0.12824728097545876,0
7030,JOB_6093,CV_3399,-1,0,1,1,-1,0.05232559089768777,0
7031,JOB_6093,CV_3727,-1,-1,1,1,-1,0.004994451571761179,0
7032,JOB_6093,CV_1070,-1,1,1,1,-1,0.10439562230127407,0
7033,JOB_6093,CV_3051,-1,-1,1,1,-1,0.004994451571761179,0
7034,JOB_6093,CV_1844,-1,0,1,1,-1,0.05232559089768777,0
7035,JOB_6093,CV_140,-1,-1,-1,1,-1,0.00026061368312641647,0
7036,JOB_6093,CV_1792,-1,0,1,1,-1,0.05232559089768777,0
7037,JOB_6093,CV_722,-1,0,-1,1,-1,0.002859298785317209,0
7038,JOB_6093,CV_2366,-1,-1,1,1,-1,0.004994451571761179,0
7039,JOB_6093,CV_3098,-1,0,1,0,-1,0.02828921519950765,0
7040,JOB_6093,CV_1898,-1,0,1,1,-1,0.05232559089768777,0
7041,JOB_6093,CV_622,-1,0,0,1,-1,0.025743514038269317,0
7042,JOB_6093,CV_2869,-1,0,-1,-1,-1,0.0008827918008007309,0
7043,JOB_6093,CV_1682,-1,0,-1,1,-1,0.002859298785317209,0
7044,JOB_6093,CV_1742,-1,0,1,0,1,0.12824728097545876,0
7045,JOB_6093,CV_1122,-1,-1,1,0,-1,0.002639631480061397,0
7046,JOB_6093,CV_2992,-1,0,-1,1,1,0.014283223220999536,0
7047,JOB_6093,CV_3733,-1,0,-1,0,-1,0.0015096485596628858,0
7048,JOB_6093,CV_296,-1,0,0,1,-1,0.025743514038269317,0
7049,JOB_6093,CV_3088,-1,0,1,1,-1,0.05232559089768777,0
7050,JOB_6093,CV_1494,-1,0,1,0,-1,0.02828921519950765,0
7051,JOB_6093,CV_2441,-1,0,-1,0,-1,0.0015096485596628858,0
7052,JOB_6093,CV_2015,-1,0,0,-1,-1,0.0080762834495878,0
7053,JOB_6093,CV_1517,-1,1,0,1,1,0.2199006485775579,0
7054,JOB_6093,CV_1687,-1,0,1,1,-1,0.05232559089768777,0
7055,JOB_6093,CV_046,-1,-1,0,1,-1,0.002396402946724275,0
7056,JOB_6093,CV_3546,-1,1,-1,-1,1,0.009337905367753526,0
7057,JOB_6093,CV_3173,-1,0,1,1,-1,0.05232559089768777,0
7058,JOB_6093,CV_3782,-1,0,0,1,-1,0.025743514038269317,0
7059,JOB_6093,CV_3474,-1,0,1,1,-1,0.05232559089768777,0
7060,JOB_6093,CV_2766,-1,0,1,-1,1,0.07916723666250709,0
7061,JOB_6093,CV_2977,-1,0,1,1,-1,0.05232559089768777,0
7062,JOB_6093,CV_3133,-1,0,-1,1,-1,0.002859298785317209,0
7063,JOB_6093,CV_3792,-1,0,0,-1,-1,0.0080762834495878,0
7064,JOB_6093,CV_3923,-1,0,1,1,-1,0.05232559089768777,0
7065,JOB_6093,CV_187,-1,-1,1,1,-1,0.004994451571761179,0
7066,JOB_6093,CV_1161,-1,0,1,1,-1,0.05232559089768777,0
7067,JOB_6093,CV_1151,-1,-1,-1,1,-1,0.00026061368312641647,0
7068,JOB_6093,CV_1045,-1,-1,-1,-1,1,0.00040573633479455186,0
7069,JOB_6093,CV_2574,-1,-1,-1,1,1,0.0013155570174856266,0
7070,JOB_6093,CV_2596,-1,-1,-1,-1,-1,8.03182586734358e-05,0
7071,JOB_6093,CV_1015,-1,0,0,0,-1,0.01374087676851104,0
7072,JOB_6093,CV_877,-1,0,1,0,-1,0.02828921519950765,0
7073,JOB_6093,CV_1781,-1,0,-1,1,-1,0.002859298785317209,0
7074,JOB_6093,CV_879,-1,-1,1,1,-1,0.004994451571761179,0
7075,JOB_6093,CV_2385,-1,0,-1,1,-1,0.002859298785317209,0
7076,JOB_6093,CV_924,-1,0,1,-1,-1,0.016728886119059285,0
7077,JOB_6093,CV_2166,-1,0,-1,0,-1,0.0015096485596628858,0
7078,JOB_6093,CV_1639,-1,0,1,0,1,0.12824728097545876,0
7079,JOB_6093,CV_2445,-1,0,-1,0,-1,0.0015096485596628858,0
7080,JOB_6093,CV_1241,-1,0,1,0,-1,0.02828921519950765,0
7081,JOB_6093,CV_3670,-1,1,-1,1,-1,0.006017180859498359,0
7082,JOB_6093,CV_1534,-1,0,-1,1,-1,0.002859298785317209,0
7083,JOB_6093,CV_505,-1,0,1,1,1,0.21814771844744296,0
7084,JOB_6093,CV_2752,-1,0,1,1,-1,0.05232559089768777,0
7085,JOB_6093,CV_3181,-1,0,1,0,-1,0.02828921519950765,0
7086,JOB_6093,CV_388,-1,0,-1,0,1,0.007582239379063284,0
7087,JOB_6093,CV_2039,-1,0,1,1,-1,0.05232559089768777,0
7088,JOB_6093,CV_307,-1,0,0,0,-1,0.01374087676851104,0
7089,JOB_6093,CV_1577,-1,0,-1,1,-1,0.002859298785317209,0
7090,JOB_6093,CV_2157,-1,0,-1,-1,-1,0.0008827918008007309,0
7091,JOB_6093,CV_594,-1,0,1,1,1,0.21814771844744296,0
7092,JOB_6093,CV_1224,-1,0,-1,1,-1,0.002859298785317209,0
7093,JOB_6093,CV_263,-1,-1,1,1,-1,0.004994451571761179,0
7094,JOB_6093,CV_3197,-1,0,1,0,-1,0.02828921519950765,0
7095,JOB_6093,CV_2024,-1,0,1,0,-1,0.02828921519950765,0
7096,JOB_6093,CV_1078,-1,0,-1,1,-1,0.002859298785317209,0
7097,JOB_6093,CV_1380,-1,1,1,0,-1,0.05790168407977278,0
7098,JOB_6093,CV_3176,-1,0,0,-1,-1,0.0080762834495878,0
7099,JOB_6093,CV_2555,-1,1,-1,0,1,0.01587322249542733,0
7200,JOB_2031,CV_263,-1,0,1,-1,-1,0.016728886119059285,0
7201,JOB_2031,CV_080,-1,1,1,-1,1,0.15361803787121434,0
7202,JOB_2031,CV_1618,-1,1,1,1,-1,0.10439562230127407,0
7203,JOB_2031,CV_2033,-1,0,1,-1,1,0.07916723666250709,0
7204,JOB_2031,CV_433,-1,1,0,-1,-1,0.01689829239252925,0
7205,JOB_2031,CV_3733,-1,1,-1,-1,-1,0.0018618453328126804,0
7206,JOB_2031,CV_1792,-1,1,1,-1,-1,0.034672065104421654,0
7207,JOB_2031,CV_1517,-1,1,0,-1,-1,0.01689829239252925,0
7208,JOB_2031,CV_1636,-1,1,1,1,-1,0.10439562230127407,0
7209,JOB_2031,CV_1036,-1,0,1,-1,-1,0.016728886119059285,0
7210,JOB_2031,CV_877,-1,1,1,-1,-1,0.034672065104421654,0
7211,JOB_2031,CV_1161,-1,0,1,-1,-1,0.016728886119059285,0
7212,JOB_2031,CV_3200,-1,1,1,-1,1,0.15361803787121434,0
7213,JOB_2031,CV_2574,-1,0,-1,-1,-1,0.0008827918008007309,0
7214,JOB_2031,CV_2869,-1,1,-1,1,1,0.029682404125509716,0
7215,JOB_2031,CV_2991,-1,0,1,-1,1,0.07916723666250709,0
7216,JOB_2031,CV_251,-1,0,1,-1,-1,0.016728886119059285,0
7217,JOB_2031,CV_2541,-1,1,-1,-1,-1,0.0018618453328126804,0
7218,JOB_2031,CV_3929,-1,1,0,-1,-1,0.01689829239252925,0
7219,JOB_2031,CV_1045,-1,-1,-1,-1,-1,8.03182586734358e-05,0
7220,JOB_2031,CV_2166,-1,0,-1,1,-1,0.002859298785317209,0
7221,JOB_2031,CV_2733,-1,1,-1,1,-1,0.006017180859498359,0
7222,JOB_2031,CV_3657,-1,1,1,1,-1,0.10439562230127407,0
7223,JOB_2031,CV_2766,-1,0,1,-1,-1,0.016728886119059285,0
7224,JOB_2031,CV_2965,-1,0,1,-1,-1,0.016728886119059285,0
7225,JOB_2031,CV_1138,-1,1,1,-1,-1,0.034672065104421654,0
7226,JOB_2031,CV_2294,-1,1,0,1,-1,0.05283609976798728,0
7227,JOB_2031,CV_929,-1,-1,1,1,-1,0.004994451571761179,0
7228,JOB_2031,CV_1913,-1,1,1,-1,1,0.15361803787121434,0
7229,JOB_2031,CV_538,-1,-1,1,1,1,0.024737444512838436,0
7230,JOB_2031,CV_421,-1,1,0,-1,-1,0.01689829239252925,0
7231,JOB_2031,CV_481,-1,0,-1,-1,1,0.004445064433151091,0
7232,JOB_2031,CV_2877,-1,-1,1,-1,-1,0.0015442935692705172,0
7233,JOB_2031,CV_392,-1,0,-1,-1,1,0.004445064433151091,0
7234,JOB_2031,CV_2365,-1,0,0,-1,-1,0.0080762834495878,0
7235,JOB_2031,CV_1325,-1,1,1,-1,-1,0.034672065104421654,0
7236,JOB_2031,CV_1122,-1,0,1,1,-1,0.05232559089768777,0
7237,JOB_2031,CV_3722,-1,0,-1,-1,-1,0.0008827918008007309,0
7238,JOB_2031,CV_1963,-1,1,0,-1,-1,0.01689829239252925,0
7239,JOB_2031,CV_3791,-1,0,1,-1,1,0.07916723666250709,0
7240,JOB_2031,CV_3945,-1,0,0,1,-1,0.025743514038269317,0
7241,JOB_2031,CV_879,-1,0,1,-1,-1,0.016728886119059285,0
7242,JOB_2031,CV_116,-1,1,-1,-1,-1,0.0018618453328126804,0
7243,JOB_2031,CV_1090,-1,1,-1,-1,-1,0.0018618453328126804,0
7244,JOB_2031,CV_3429,-1,-1,-1,-1,-1,8.03182586734358e-05,0
7245,JOB_2031,CV_1632,-1,1,1,-1,-1,0.034672065104421654,0
7246,JOB_2031,CV_605,-1,0,-1,1,-1,0.002859298785317209,0
7247,JOB_2031,CV_2514,-1,1,-1,-1,-1,0.0018618453328126804,0
7248,JOB_2031,CV_1224,-1,0,-1,-1,1,0.004445064433151091,0
7249,JOB_2031,CV_2069,-1,1,-1,-1,1,0.009337905367753526,0
7250,JOB_2031,CV_1844,-1,1,1,-1,-1,0.034672065104421654,0
7251,JOB_2031,CV_1687,-1,0,1,-1,-1,0.016728886119059285,0
7252,JOB_2031,CV_2356,-1,1,-1,-1,-1,0.0018618453328126804,0
7253,JOB_2031,CV_3782,-1,1,0,-1,-1,0.01689829239252925,0
7254,JOB_2031,CV_477,-1,1,1,-1,1,0.15361803787121434,0
7255,JOB_2031,CV_1231,-1,1,1,-1,-1,0.034672065104421654,0
7256,JOB_2031,CV_296,-1,1,0,-1,-1,0.01689829239252925,0
7257,JOB_2031,CV_2596,-1,-1,-1,-1,-1,8.03182586734358e-05,0
7258,JOB_2031,CV_665,-1,0,1,-1,-1,0.016728886119059285,0
7259,JOB_2031,CV_1019,-1,0,-1,-1,1,0.004445064433151091,0
7260,JOB_2031,CV_2732,-1,1,-1,-1,-1,0.0018618453328126804,0
7261,JOB_2031,CV_3636,-1,0,-1,-1,-1,0.0008827918008007309,0
7262,JOB_2031,CV_3533,-1,0,1,-1,-1,0.016728886119059285,0
7263,JOB_2031,CV_999,-1,1,-1,-1,-1,0.0018618453328126804,0
7264,JOB_2031,CV_2579,-1,1,-1,-1,1,0.009337905367753526,0
7265,JOB_2031,CV_3478,-1,1,1,-1,-1,0.034672065104421654,0
7266,JOB_2031,CV_137,-1,1,0,-1,-1,0.01689829239252925,0
7267,JOB_2031,CV_2555,-1,0,-1,-1,-1,0.0008827918008007309,0
7268,JOB_2031,CV_634,-1,0,-1,-1,-1,0.0008827918008007309,0
7269,JOB_2031,CV_3923,-1,1,1,-1,1,0.15361803787121434,0
7270,JOB_2031,CV_1287,-1,1,1,-1,1,0.15361803787121434,0
7271,JOB_2031,CV_964,-1,1,1,-1,-1,0.034672065104421654,0
7272,JOB_2031,CV_2420,-1,1,0,-1,-1,0.01689829239252925,0
7273,JOB_2031,CV_2489,-1,1,0,-1,1,0.07991753891832785,0
7274,JOB_2031,CV_2441,-1,0,-1,-1,-1,0.0008827918008007309,0
7275,JOB_2031,CV_1898,-1,1,1,-1,1,0.15361803787121434,0
7276,JOB_2031,CV_2913,-1,1,1,-1,1,0.15361803787121434,0
7277,JOB_2031,CV_2830,-1,0,0,1,1,0.11779695264608223,0
7278,JOB_2031,CV_3543,-1,0,1,-1,-1,0.016728886119059285,0
7279,JOB_2031,CV_2341,-1,1,-1,-1,-1,0.0018618453328126804,0
7280,JOB_2031,CV_187,-1,0,1,-1,-1,0.016728886119059285,0
7281,JOB_2031,CV_2436,-1,0,1,-1,1,0.07916723666250709,0
7282,JOB_2031,CV_2537,-1,1,1,-1,-1,0.034672065104421654,0
7283,JOB_2031,CV_1993,-1,1,-1,-1,-1,0.0018618453328126804,0
7284,JOB_2031,CV_1241,-1,1,1,1,-1,0.10439562230127407,0
7285,JOB_2031,CV_2369,-1,0,1,-1,-1,0.016728886119059285,0
7286,JOB_2031,CV_1796,-1,1,0,-1,-1,0.01689829239252925,0
7287,JOB_2031,CV_1245,-1,0,1,-1,-1,0.016728886119059285,0
7288,JOB_2031,CV_2415,-1,0,1,-1,-1,0.016728886119059285,0
7289,JOB_2031,CV_388,-1,1,-1,1,-1,0.006017180859498359,0
7290,JOB_2031,CV_3970,-1,-1,-1,-1,1,0.00040573633479455186,0
7291,JOB_2031,CV_2476,-1,1,1,-1,-1,0.034672065104421654,0
7292,JOB_2031,CV_1971,-1,1,-1,-1,-1,0.0018618453328126804,0
7293,JOB_2031,CV_2327,-1,1,-1,-1,-1,0.0018618453328126804,0
7294,JOB_2031,CV_2402,-1,1,0,-1,-1,0.01689829239252925,0
7295,JOB_2031,CV_3670,-1,1,-1,-1,1,0.009337905367753526,0
7296,JOB_2031,CV_3719,-1,1,-1,-1,-1,0.0018618453328126804,0
7297,JOB_2031,CV_2392,-1,0,1,1,-1,0.05232559089768777,0
7298,JOB_2031,CV_3563,-1,1,-1,-1,1,0.009337905367753526,0
7299,JOB_2031,CV_1480,-1,1,-1,-1,1,0.009337905367753526,0
7400,JOB_7546,CV_1078,-1,0,0,-1,1,0.03951787161985485,0
7401,JOB_7546,CV_2369,-1,0,0,1,-1,0.025743514038269317,0
7402,JOB_7546,CV_2672,-1,0,0,-1,-1,0.0080762834495878,0
7403,JOB_7546,CV_2365,-1,-1,1,1,-1,0.004994451571761179,0
7404,JOB_7546,CV_296,-1,1,1,1,-1,0.10439562230127407,0
7405,JOB_7546,CV_532,-1,0,0,1,-1,0.025743514038269317,0
7406,JOB_7546,CV_028,-1,0,0,1,-1,0.025743514038269317,0
7407,JOB_7546,CV_3500,-1,0,0,0,1,0.06577288027095901,0
7408,JOB_7546,CV_3636,-1,0,0,-1,-1,0.0080762834495878,0
7409,JOB_7546,CV_481,-1,0,0,0,1,0.06577288027095901,0
7410,JOB_7546,CV_1881,-1,1,1,-1,-1,0.034672065104421654,0
7411,JOB_7546,CV_1172,-1,0,0,-1,1,0.03951787161985485,0
7412,JOB_7546,CV_665,-1,0,0,0,-1,0.01374087676851104,0
7413,JOB_7546,CV_3299,-1,1,0,0,1,0.1293973718407125,0
7414,JOB_7546,CV_2166,-1,0,0,0,-1,0.01374087676851104,0
7415,JOB_7546,CV_2239,-1,1,0,1,1,0.2199006485775579,0
7416,JOB_7546,CV_1793,-1,1,0,1,1,0.2199006485775579,0
7417,JOB_7546,CV_3962,-1,1,0,0,1,0.1293973718407125,0
7418,JOB_7546,CV_1325,-1,0,0,0,-1,0.01374087676851104,0
7419,JOB_7546,CV_307,-1,0,1,0,-1,0.02828921519950765,0
7420,JOB_7546,CV_085,-1,1,0,0,-1,0.028572286214813686,0
7421,JOB_7546,CV_2877,-1,-1,0,1,-1,0.002396402946724275,0
7422,JOB_7546,CV_3133,-1,1,0,1,1,0.2199006485775579,0
7423,JOB_7546,CV_1494,-1,0,0,0,1,0.06577288027095901,0
7424,JOB_7546,CV_3791,-1,0,0,1,1,0.11779695264608223,0
7425,JOB_7546,CV_2550,-1,1,0,1,-1,0.05283609976798728,0
7426,JOB_7546,CV_2392,-1,0,0,1,-1,0.025743514038269317,0
7427,JOB_7546,CV_1090,-1,1,0,1,-1,0.05283609976798728,0
7428,JOB_7546,CV_2492,-1,0,0,0,-1,0.01374087676851104,0
7429,JOB_7546,CV_1380,-1,0,0,0,1,0.06577288027095901,0
7430,JOB_7546,CV_505,-1,1,0,1,-1,0.05283609976798728,0
7431,JOB_7546,CV_3563,-1,1,0,1,1,0.2199006485775579,0
7432,JOB_7546,CV_1785,-1,0,0,0,1,0.06577288027095901,0
7433,JOB_7546,CV_3547,-1,1,0,1,-1,0.05283609976798728,0
7434,JOB_7546,CV_631,-1,1,0,0,-1,0.028572286214813686,0
7435,JOB_7546,CV_187,-1,-1,0,1,-1,0.002396402946724275,0
7436,JOB_7546,CV_1803,-1,0,0,0,1,0.06577288027095901,0
7437,JOB_7546,CV_722,-1,1,0,1,1,0.2199006485775579,0
7438,JOB_7546,CV_388,-1,0,0,0,-1,0.01374087676851104,0
7439,JOB_7546,CV_2752,-1,1,0,1,-1,0.05283609976798728,0
7440,JOB_7546,CV_1480,-1,1,0,0,1,0.1293973718407125,0
7441,JOB_7546,CV_538,-1,-1,0,-1,1,0.0037264061914744602,0
7442,JOB_7546,CV_2718,-1,0,1,0,-1,0.02828921519950765,0
7443,JOB_7546,CV_3197,-1,0,0,0,1,0.06577288027095901,0
7444,JOB_7546,CV_1534,-1,1,0,1,1,0.2199006485775579,0
7445,JOB_7546,CV_1810,-1,1,0,1,1,0.2199006485775579,0
7446,JOB_7546,CV_2991,-1,0,0,0,1,0.06577288027095901,0
7447,JOB_7546,CV_3088,-1,0,0,1,1,0.11779695264608223,0
7448,JOB_7546,CV_788,-1,0,0,0,-1,0.01374087676851104,0
7449,JOB_7546,CV_2574,-1,0,0,1,-1,0.025743514038269317,0
7450,JOB_7546,CV_877,-1,0,0,0,-1,0.01374087676851104,0
7451,JOB_7546,CV_2033,-1,0,0,0,1,0.06577288027095901,0
7452,JOB_7546,CV_3685,-1,1,0,0,-1,0.028572286214813686,0
7453,JOB_7546,CV_2489,-1,1,1,1,1,0.3706850697644348,0
7454,JOB_7546,CV_2869,-1,0,0,-1,1,0.03951787161985485,0
7455,JOB_7546,CV_2356,-1,1,0,0,-1,0.028572286214813686,0
7456,JOB_7546,CV_3727,-1,-1,0,1,1,0.0119931365693721,0
7457,JOB_7546,CV_1898,-1,1,0,1,1,0.2199006485775579,0
7458,JOB_7546,CV_392,-1,0,0,1,1,0.11779695264608223,0
7459,JOB_7546,CV_246,-1,1,0,1,-1,0.05283609976798728,0
7460,JOB_7546,CV_216,-1,1,0,0,1,0.1293973718407125,0
7461,JOB_7546,CV_1844,-1,1,0,1,-1,0.05283609976798728,0
7462,JOB_7546,CV_2366,-1,0,0,1,-1,0.025743514038269317,0
7463,JOB_7546,CV_2402,-1,1,1,0,-1,0.05790168407977278,0
7464,JOB_7546,CV_1971,-1,1,0,1,-1,0.05283609976798728,0
7465,JOB_7546,CV_2584,-1,1,0,1,1,0.2199006485775579,0
7466,JOB_7546,CV_3176,-1,1,1,-1,-1,0.034672065104421654,0
7467,JOB_7546,CV_3015,-1,0,1,1,-1,0.05232559089768777,0
7468,JOB_7546,CV_3098,-1,0,0,0,-1,0.01374087676851104,0
7469,JOB_7546,CV_3414,-1,1,0,1,-1,0.05283609976798728,0
7470,JOB_7546,CV_1138,-1,1,0,1,-1,0.05283609976798728,0
7471,JOB_7546,CV_2039,-1,1,0,1,-1,0.05283609976798728,0
7472,JOB_7546,CV_1687,-1,0,0,1,-1,0.025743514038269317,0
7473,JOB_7546,CV_3789,-1,0,0,0,-1,0.01374087676851104,0
7474,JOB_7546,CV_1031,-1,1,0,1,1,0.2199006485775579,0
7475,JOB_7546,CV_3533,-1,0,0,0,-1,0.01374087676851104,0
7476,JOB_7546,CV_622,-1,0,1,1,-1,0.05232559089768777,0
7477,JOB_7546,CV_2555,-1,1,0,1,-1,0.05283609976798728,0
7478,JOB_7546,CV_2038,-1,1,0,-1,1,0.07991753891832785,0
7479,JOB_7546,CV_1632,-1,1,0,1,-1,0.05283609976798728,0
7480,JOB_7546,CV_3284,-1,1,0,0,-1,0.028572286214813686,0
7481,JOB_7546,CV_3923,-1,0,0,1,1,0.11779695264608223,0
7482,JOB_7546,CV_2965,-1,0,0,1,-1,0.025743514038269317,0
7483,JOB_7546,CV_040,-1,0,0,1,-1,0.025743514038269317,0
7484,JOB_7546,CV_640,-1,1,0,1,1,0.2199006485775579,0
7485,JOB_7546,CV_1355,-1,0,0,0,-1,0.01374087676851104,0
7486,JOB_7546,CV_929,-1,0,0,1,-1,0.025743514038269317,0
7487,JOB_7546,CV_1961,-1,1,0,0,1,0.1293973718407125,0
7488,JOB_7546,CV_1161,-1,0,0,1,-1,0.025743514038269317,0
7489,JOB_7546,CV_1068,-1,1,0,1,-1,0.05283609976798728,0
7490,JOB_7546,CV_3929,-1,1,1,0,-1,0.05790168407977278,0
7491,JOB_7546,CV_1739,-1,-1,1,1,1,0.024737444512838436,0
7492,JOB_7546,CV_2579,-1,1,0,1,1,0.2199006485775579,0
7493,JOB_7546,CV_2514,-1,1,0,0,-1,0.028572286214813686,0
7494,JOB_7546,CV_2992,-1,1,0,1,-1,0.05283609976798728,0
7495,JOB_7546,CV_3145,-1,-1,0,-1,1,0.0037264061914744602,0
7496,JOB_7546,CV_618,-1,1,0,1,1,0.2199006485775579,0
7497,JOB_7546,CV_3744,-1,0,0,-1,-1,0.0080762834495878,0
7498,JOB_7546,CV_879,-1,0,0,1,-1,0.025743514038269317,0
7499,JOB_7546,CV_263,-1,0,0,1,-1,0.025743514038269317,0
7500,JOB_10046,CV_2913,-1,0,1,1,1,0.21814771844744296,0
7501,JOB_10046,CV_2638,-1,1,-1,1,1,0.029682404125509716,0
7502,JOB_10046,CV_1632,-1,0,1,-1,-1,0.016728886119059285,0
7503,JOB_10046,CV_3051,-1,-1,1,1,-1,0.004994451571761179,0
7504,JOB_10046,CV_661,-1,0,-1,1,-1,0.002859298785317209,0
7505,JOB_10046,CV_433,-1,0,0,1,-1,0.025743514038269317,0
7506,JOB_10046,CV_1687,-1,0,1,1,-1,0.05232559089768777,0
7507,JOB_10046,CV_137,-1,0,0,0,-1,0.01374087676851104,0
7508,JOB_10046,CV_2489,-1,0,0,1,1,0.11779695264608223,0
7509,JOB_10046,CV_877,-1,0,1,0,-1,0.02828921519950765,0
7510,JOB_10046,CV_160,-1,0,-1,-1,-1,0.0008827918008007309,0
7511,JOB_10046,CV_3727,-1,-1,1,1,1,0.024737444512838436,0
7512,JOB_10046,CV_3923,-1,0,1,1,1,0.21814771844744296,0
7513,JOB_10046,CV_1781,-1,0,-1,1,1,0.014283223220999536,0
7514,JOB_10046,CV_3670,-1,1,-1,1,1,0.029682404125509716,0
7515,JOB_10046,CV_999,-1,0,-1,1,-1,0.002859298785317209,0
7516,JOB_10046,CV_1574,-1,-1,1,1,-1,0.004994451571761179,0
7517,JOB_10046,CV_2537,-1,-1,1,0,-1,0.002639631480061397,0
7518,JOB_10046,CV_3015,-1,0,0,1,-1,0.025743514038269317,0
7519,JOB_10046,CV_3474,-1,0,1,1,1,0.21814771844744296,0
7520,JOB_10046,CV_1913,-1,0,1,1,1,0.21814771844744296,0
7521,JOB_10046,CV_2380,-1,0,1,1,-1,0.05232559089768777,0
7522,JOB_10046,CV_3090,-1,0,1,1,-1,0.05232559089768777,0
7523,JOB_10046,CV_3722,-1,0,-1,1,-1,0.002859298785317209,0
7524,JOB_10046,CV_2069,-1,1,-1,1,1,0.029682404125509716,0
7525,JOB_10046,CV_1231,-1,1,1,-1,-1,0.034672065104421654,0
7526,JOB_10046,CV_263,-1,0,1,1,-1,0.05232559089768777,0
7527,JOB_10046,CV_3949,-1,0,1,-1,1,0.07916723666250709,0
7528,JOB_10046,CV_2356,-1,1,-1,0,-1,0.003181698906503991,0
7529,JOB_10046,CV_477,-1,0,1,-1,1,0.07916723666250709,0
7530,JOB_10046,CV_1844,-1,0,1,1,-1,0.05232559089768777,0
7531,JOB_10046,CV_3429,-1,-1,-1,-1,-1,8.03182586734358e-05,0
7532,JOB_10046,CV_2991,-1,1,1,0,1,0.23697590875267444,0
7533,JOB_10046,CV_2445,-1,-1,-1,0,1,0.0006940787367398552,0
7534,JOB_10046,CV_1971,-1,0,-1,1,-1,0.002859298785317209,0
7535,JOB_10046,CV_2858,-1,0,1,1,-1,0.05232559089768777,0
7536,JOB_10046,CV_2313,-1,0,-1,-1,1,0.004445064433151091,0
7537,JOB_10046,CV_251,-1,0,1,0,-1,0.02828921519950765,0
7538,JOB_10046,CV_2584,-1,0,-1,1,1,0.014283223220999536,0
7539,JOB_10046,CV_1224,-1,0,-1,1,1,0.014283223220999536,0
7540,JOB_10046,CV_1078,-1,0,-1,-1,1,0.004445064433151091,0
7541,JOB_10046,CV_421,-1,0,0,1,-1,0.025743514038269317,0
7542,JOB_10046,CV_1036,-1,1,1,-1,-1,0.034672065104421654,0
7543,JOB_10046,CV_1085,-1,0,-1,1,1,0.014283223220999536,0
7544,JOB_10046,CV_1245,-1,0,1,0,-1,0.02828921519950765,0
7545,JOB_10046,CV_2732,-1,0,-1,1,-1,0.002859298785317209,0
7546,JOB_10046,CV_1045,-1,-1,-1,-1,-1,8.03182586734358e-05,0
7547,JOB_10046,CV_2579,-1,0,-1,1,1,0.014283223220999536,0
7548,JOB_10046,CV_879,-1,0,1,1,-1,0.05232559089768777,0
7549,JOB_10046,CV_3710,-1,0,1,1,-1,0.05232559089768777,0
7550,JOB_10046,CV_1742,-1,0,1,0,-1,0.02828921519950765,0
7551,JOB_10046,CV_1534,-1,0,-1,1,1,0.014283223220999536,0
7552,JOB_10046,CV_176,-1,0,-1,1,1,0.014283223220999536,0
7553,JOB_10046,CV_2961,-1,1,0,1,1,0.2199006485775579,0
7554,JOB_10046,CV_2752,-1,0,1,1,-1,0.05232559089768777,0
7555,JOB_10046,CV_1796,-1,1,0,1,-1,0.05283609976798728,0
7556,JOB_10046,CV_3088,-1,0,1,1,1,0.21814771844744296,0
7557,JOB_10046,CV_3543,-1,0,1,1,-1,0.05232559089768777,0
7558,JOB_10046,CV_2733,-1,0,-1,-1,-1,0.0008827918008007309,0
7559,JOB_10046,CV_1015,-1,0,0,0,1,0.06577288027095901,0
7560,JOB_10046,CV_2033,-1,-1,1,1,1,0.024737444512838436,0
7561,JOB_10046,CV_1785,-1,0,-1,1,1,0.014283223220999536,0
7562,JOB_10046,CV_1751,-1,0,-1,1,-1,0.002859298785317209,0
7563,JOB_10046,CV_2385,-1,0,-1,1,1,0.014283223220999536,0
7564,JOB_10046,CV_1355,-1,0,-1,1,-1,0.002859298785317209,0
7565,JOB_10046,CV_3533,-1,-1,1,1,-1,0.004994451571761179,0
7566,JOB_10046,CV_1803,-1,0,-1,1,1,0.014283223220999536,0
7567,JOB_10046,CV_3145,-1,-1,1,-1,1,0.0077551622213322515,0
7568,JOB_10046,CV_2379,-1,-1,1,-1,-1,0.0015442935692705172,0
7569,JOB_10046,CV_2596,-1,-1,-1,-1,-1,8.03182586734358e-05,0
7570,JOB_10046,CV_3093,-1,0,-1,-1,-1,0.0008827918008007309,0
7571,JOB_10046,CV_1517,-1,1,0,1,-1,0.05283609976798728,0
7572,JOB_10046,CV_2555,-1,1,-1,0,-1,0.003181698906503991,0
7573,JOB_10046,CV_2253,-1,0,1,1,1,0.21814771844744296,0
7574,JOB_10046,CV_233,-1,0,1,1,-1,0.05232559089768777,0
7575,JOB_10046,CV_1031,-1,0,1,1,1,0.21814771844744296,0
7576,JOB_10046,CV_278,-1,0,1,1,-1,0.05232559089768777,0
7577,JOB_10046,CV_216,-1,0,1,0,1,0.12824728097545876,0
7578,JOB_10046,CV_246,-1,0,-1,1,-1,0.002859298785317209,0
7579,JOB_10046,CV_2766,-1,0,1,-1,-1,0.016728886119059285,0
7580,JOB_10046,CV_046,-1,-1,0,1,-1,0.002396402946724275,0
7581,JOB_10046,CV_388,-1,0,-1,0,-1,0.0015096485596628858,0
7582,JOB_10046,CV_2039,-1,0,1,1,-1,0.05232559089768777,0
7583,JOB_10046,CV_964,-1,0,1,1,-1,0.05232559089768777,0
7584,JOB_10046,CV_3789,-1,0,1,1,-1,0.05232559089768777,0
7585,JOB_10046,CV_085,-1,0,1,1,-1,0.05232559089768777,0
7586,JOB_10046,CV_307,-1,-1,0,1,-1,0.002396402946724275,0
7587,JOB_10046,CV_1961,-1,0,1,0,1,0.12824728097545876,0
7588,JOB_10046,CV_2658,-1,0,-1,1,-1,0.002859298785317209,0
7589,JOB_10046,CV_2157,-1,0,-1,-1,1,0.004445064433151091,0
7590,JOB_10046,CV_1795,-1,0,-1,1,1,0.014283223220999536,0
7591,JOB_10046,CV_3657,-1,0,1,1,-1,0.05232559089768777,0
7592,JOB_10046,CV_3791,-1,0,1,1,1,0.21814771844744296,0
7593,JOB_10046,CV_3757,-1,0,-1,1,-1,0.002859298785317209,0
7594,JOB_10046,CV_605,-1,-1,-1,1,-1,0.00026061368312641647,0
7595,JOB_10046,CV_2953,-1,0,1,-1,1,0.07916723666250709,0
7596,JOB_10046,CV_3625,-1,0,-1,1,1,0.014283223220999536,0
7597,JOB_10046,CV_3782,-1,0,0,1,-1,0.025743514038269317,0
7598,JOB_10046,CV_1639,-1,-1,1,0,-1,0.002639631480061397,0
7599,JOB_10046,CV_2615,-1,1,-1,1,1,0.029682404125509716,0
7600,JOB_9659,CV_3744,-1,0,1,-1,-1,0.016728886119059285,0
7601,JOB_9659,CV_1380,-1,0,1,0,-1,0.02828921519950765,0
7602,JOB_9659,CV_2385,-1,0,-1,0,-1,0.0015096485596628858,0
7603,JOB_9659,CV_2015,-1,0,0,-1,-1,0.0080762834495878,0
7604,JOB_9659,CV_1742,-1,0,1,0,1,0.12824728097545876,0
7605,JOB_9659,CV_3647,-1,0,1,0,-1,0.02828921519950765,0
7606,JOB_9659,CV_3670,-1,1,-1,0,-1,0.003181698906503991,0
7607,JOB_9659,CV_2615,-1,1,-1,0,-1,0.003181698906503991,0
7608,JOB_9659,CV_3197,-1,0,1,0,-1,0.02828921519950765,0
7609,JOB_9659,CV_2039,-1,1,1,0,-1,0.05790168407977278,0
7610,JOB_9659,CV_2392,-1,0,1,0,1,0.12824728097545876,0
7611,JOB_9659,CV_2024,-1,0,1,0,-1,0.02828921519950765,0
7612,JOB_9659,CV_1019,-1,1,-1,0,-1,0.003181698906503991,0
7613,JOB_9659,CV_1031,-1,1,1,0,-1,0.05790168407977278,0
7614,JOB_9659,CV_2415,-1,0,1,-1,-1,0.016728886119059285,0
7615,JOB_9659,CV_2584,-1,0,-1,0,-1,0.0015096485596628858,0
7616,JOB_9659,CV_505,-1,0,1,0,1,0.12824728097545876,0
7617,JOB_9659,CV_2672,-1,0,1,-1,-1,0.016728886119059285,0
7618,JOB_9659,CV_1618,-1,1,1,-1,-1,0.034672065104421654,0
7619,JOB_9659,CV_1480,-1,0,-1,0,-1,0.0015096485596628858,0
7620,JOB_9659,CV_2492,-1,1,1,0,-1,0.05790168407977278,0
7621,JOB_9659,CV_469,-1,0,1,0,1,0.12824728097545876,0
7622,JOB_9659,CV_187,-1,0,1,1,-1,0.05232559089768777,0
7623,JOB_9659,CV_2718,-1,0,0,0,-1,0.01374087676851104,0
7624,JOB_9659,CV_477,-1,1,1,-1,-1,0.034672065104421654,0
7625,JOB_9659,CV_3563,-1,0,-1,0,-1,0.0015096485596628858,0
7626,JOB_9659,CV_3429,-1,-1,-1,-1,1,0.00040573633479455186,0
7627,JOB_9659,CV_1231,-1,1,1,-1,-1,0.034672065104421654,0
7628,JOB_9659,CV_2495,-1,1,-1,0,-1,0.003181698906503991,0
7629,JOB_9659,CV_3399,-1,1,1,0,-1,0.05790168407977278,0
7630,JOB_9659,CV_3636,-1,0,-1,-1,-1,0.0008827918008007309,0
7631,JOB_9659,CV_2341,-1,0,-1,0,1,0.007582239379063284,0
7632,JOB_9659,CV_2369,-1,1,1,0,-1,0.05790168407977278,0
7633,JOB_9659,CV_1241,-1,0,1,0,-1,0.02828921519950765,0
7634,JOB_9659,CV_307,-1,0,0,0,-1,0.01374087676851104,0
7635,JOB_9659,CV_1881,-1,1,0,-1,1,0.07991753891832785,0
7636,JOB_9659,CV_421,-1,1,0,0,1,0.1293973718407125,0
7637,JOB_9659,CV_3546,-1,0,-1,-1,1,0.004445064433151091,0
7638,JOB_9659,CV_2553,-1,0,1,0,-1,0.02828921519950765,0
7639,JOB_9659,CV_1287,-1,1,1,-1,-1,0.034672065104421654,0
7640,JOB_9659,CV_1085,-1,1,-1,0,-1,0.003181698906503991,0
7641,JOB_9659,CV_1245,-1,0,1,1,1,0.21814771844744296,0
7642,JOB_9659,CV_080,-1,0,1,0,-1,0.02828921519950765,0
7643,JOB_9659,CV_2579,-1,0,-1,0,-1,0.0015096485596628858,0
7644,JOB_9659,CV_1015,-1,0,0,0,-1,0.01374087676851104,0
7645,JOB_9659,CV_788,-1,0,-1,0,-1,0.0015096485596628858,0
7646,JOB_9659,CV_3663,-1,1,1,-1,-1,0.034672065104421654,0
7647,JOB_9659,CV_1739,-1,-1,0,0,-1,0.0012649722795961807,0
7648,JOB_9659,CV_2830,-1,1,0,0,-1,0.028572286214813686,0
7649,JOB_9659,CV_2420,-1,0,0,0,1,0.06577288027095901,0
7650,JOB_9659,CV_3945,-1,1,0,0,-1,0.028572286214813686,0
7651,JOB_9659,CV_223,-1,0,-1,0,-1,0.0015096485596628858,0
7652,JOB_9659,CV_622,-1,0,0,0,-1,0.01374087676851104,0
7653,JOB_9659,CV_3792,-1,0,0,-1,-1,0.0080762834495878,0
7654,JOB_9659,CV_3173,-1,0,1,0,-1,0.02828921519950765,0
7655,JOB_9659,CV_2366,-1,0,1,0,-1,0.02828921519950765,0
7656,JOB_9659,CV_3200,-1,1,1,0,-1,0.05790168407977278,0
7657,JOB_9659,CV_2207,-1,-1,1,0,1,0.013197522239432963,0
7658,JOB_9659,CV_2961,-1,1,0,0,-1,0.028572286214813686,0
7659,JOB_9659,CV_2732,-1,1,-1,0,-1,0.003181698906503991,0
7660,JOB_9659,CV_3478,-1,0,1,0,1,0.12824728097545876,0
7661,JOB_9659,CV_2991,-1,0,1,0,-1,0.02828921519950765,0
7662,JOB_9659,CV_278,-1,0,1,0,-1,0.02828921519950765,0
7663,JOB_9659,CV_2313,-1,1,-1,-1,-1,0.0018618453328126804,0
7664,JOB_9659,CV_085,-1,0,1,0,-1,0.02828921519950765,0
7665,JOB_9659,CV_538,-1,-1,1,-1,-1,0.0015442935692705172,0
7666,JOB_9659,CV_1807,-1,0,1,0,-1,0.02828921519950765,0
7667,JOB_9659,CV_1687,-1,0,1,0,-1,0.02828921519950765,0
7668,JOB_9659,CV_1172,-1,0,1,-1,-1,0.016728886119059285,0
7669,JOB_9659,CV_2365,-1,0,0,0,1,0.06577288027095901,0
7670,JOB_9659,CV_176,-1,0,-1,0,-1,0.0015096485596628858,0
7671,JOB_9659,CV_2913,-1,1,1,0,-1,0.05790168407977278,0
7672,JOB_9659,CV_1971,-1,0,-1,0,-1,0.0015096485596628858,0
7673,JOB_9659,CV_3015,-1,0,0,0,-1,0.01374087676851104,0
7674,JOB_9659,CV_3299,-1,1,-1,0,-1,0.003181698906503991,0
7675,JOB_9659,CV_2766,-1,0,1,-1,1,0.07916723666250709,0
7676,JOB_9659,CV_2977,-1,1,1,0,-1,0.05790168407977278,0
7677,JOB_9659,CV_1574,-1,0,1,0,-1,0.02828921519950765,0
7678,JOB_9659,CV_3929,-1,0,0,0,-1,0.01374087676851104,0
7679,JOB_9659,CV_1993,-1,1,-1,0,-1,0.003181698906503991,0
7680,JOB_9659,CV_3791,-1,0,1,0,-1,0.02828921519950765,0
7681,JOB_9659,CV_3455,-1,0,-1,-1,-1,0.0008827918008007309,0
7682,JOB_9659,CV_046,-1,-1,0,0,-1,0.0012649722795961807,0
7683,JOB_9659,CV_2327,-1,1,-1,0,-1,0.003181698906503991,0
7684,JOB_9659,CV_877,-1,0,1,0,-1,0.02828921519950765,0
7685,JOB_9659,CV_2356,-1,1,-1,0,1,0.01587322249542733,0
7686,JOB_9659,CV_964,-1,1,1,0,-1,0.05790168407977278,0
7687,JOB_9659,CV_2514,-1,0,-1,0,-1,0.0015096485596628858,0
7688,JOB_9659,CV_2877,-1,-1,1,0,1,0.013197522239432963,0
7689,JOB_9659,CV_1309,-1,0,-1,0,-1,0.0015096485596628858,0
7690,JOB_9659,CV_661,-1,0,-1,0,-1,0.0015096485596628858,0
7691,JOB_9659,CV_433,-1,0,0,0,-1,0.01374087676851104,0
7692,JOB_9659,CV_2239,-1,1,1,-1,-1,0.034672065104421654,0
7693,JOB_9659,CV_3414,-1,1,-1,0,1,0.01587322249542733,0
7694,JOB_9659,CV_1963,-1,1,0,0,-1,0.028572286214813686,0
7695,JOB_9659,CV_3733,-1,0,-1,0,-1,0.0015096485596628858,0
7696,JOB_9659,CV_594,-1,0,1,0,1,0.12824728097545876,0
7697,JOB_9659,CV_216,-1,0,1,0,-1,0.02828921519950765,0
7698,JOB_9659,CV_1517,-1,0,0,0,1,0.06577288027095901,0
7699,JOB_9659,CV_2253,-1,1,1,0,-1,0.05790168407977278,0
7700,JOB_8998,CV_2069,-1,0,-1,-1,-1,0.0008827918008007309,0
7701,JOB_8998,CV_1309,-1,0,-1,-1,-1,0.0008827918008007309,0
7702,JOB_8998,CV_1085,-1,1,-1,-1,-1,0.0018618453328126804,0
7703,JOB_8998,CV_388,-1,1,-1,1,1,0.029682404125509716,0
7704,JOB_8998,CV_3414,-1,1,-1,-1,1,0.009337905367753526,0
7705,JOB_8998,CV_080,-1,1,1,-1,-1,0.034672065104421654,0
7706,JOB_8998,CV_1785,-1,1,-1,1,-1,0.006017180859498359,0
7707,JOB_8998,CV_3744,-1,0,1,-1,-1,0.016728886119059285,0
7708,JOB_8998,CV_2553,-1,0,1,1,-1,0.05232559089768777,0
7709,JOB_8998,CV_2672,-1,1,1,1,-1,0.10439562230127407,0
7710,JOB_8998,CV_3719,-1,0,-1,-1,-1,0.0008827918008007309,0
7711,JOB_8998,CV_085,-1,0,1,-1,-1,0.016728886119059285,0
7712,JOB_8998,CV_1138,-1,0,1,-1,-1,0.016728886119059285,0
7713,JOB_8998,CV_929,-1,0,1,-1,1,0.07916723666250709,0
7714,JOB_8998,CV_3547,-1,1,-1,-1,-1,0.0018618453328126804,0
7715,JOB_8998,CV_1019,-1,0,-1,-1,-1,0.0008827918008007309,0
7716,JOB_8998,CV_1517,-1,0,0,-1,1,0.03951787161985485,0
7717,JOB_8998,CV_505,-1,0,1,-1,1,0.07916723666250709,0
7718,JOB_8998,CV_2913,-1,1,1,-1,-1,0.034672065104421654,0
7719,JOB_8998,CV_1792,-1,1,1,-1,-1,0.034672065104421654,0
7720,JOB_8998,CV_2476,-1,1,1,-1,1,0.15361803787121434,0
7721,JOB_8998,CV_3093,-1,0,-1,-1,-1,0.0008827918008007309,0
7722,JOB_8998,CV_2157,-1,1,-1,-1,-1,0.0018618453328126804,0
7723,JOB_8998,CV_2718,-1,-1,0,-1,-1,0.0007396380664553713,0
7724,JOB_8998,CV_421,-1,0,0,-1,1,0.03951787161985485,0
7725,JOB_8998,CV_3962,-1,0,-1,-1,1,0.004445064433151091,0
7726,JOB_8998,CV_1751,-1,1,-1,-1,1,0.009337905367753526,0
7727,JOB_8998,CV_3200,-1,1,1,-1,-1,0.034672065104421654,0
7728,JOB_8998,CV_3563,-1,1,-1,-1,-1,0.0018618453328126804,0
7729,JOB_8998,CV_263,-1,1,1,-1,-1,0.034672065104421654,0
7730,JOB_8998,CV_2024,-1,1,1,1,-1,0.10439562230127407,0
7731,JOB_8998,CV_2366,-1,1,1,-1,-1,0.034672065104421654,0
7732,JOB_8998,CV_2869,-1,1,-1,-1,-1,0.0018618453328126804,0
7733,JOB_8998,CV_2653,-1,1,-1,-1,-1,0.0018618453328126804,0
7734,JOB_8998,CV_3546,-1,0,-1,-1,1,0.004445064433151091,0
7735,JOB_8998,CV_140,-1,-1,-1,-1,-1,8.03182586734358e-05,0
7736,JOB_8998,CV_1618,-1,0,1,-1,-1,0.016728886119059285,0
7737,JOB_8998,CV_233,-1,1,1,-1,1,0.15361803787121434,0
7738,JOB_8998,CV_1993,-1,0,-1,1,-1,0.002859298785317209,0
7739,JOB_8998,CV_2380,-1,0,1,-1,-1,0.016728886119059285,0
7740,JOB_8998,CV_3685,-1,1,-1,-1,-1,0.0018618453328126804,0
7741,JOB_8998,CV_1172,-1,-1,1,-1,-1,0.0015442935692705172,0
7742,JOB_8998,CV_296,-1,0,0,-1,-1,0.0080762834495878,0
7743,JOB_8998,CV_3474,-1,1,1,-1,-1,0.034672065104421654,0
7744,JOB_8998,CV_2638,-1,0,-1,-1,-1,0.0008827918008007309,0
7745,JOB_8998,CV_2492,-1,1,1,-1,-1,0.034672065104421654,0
7746,JOB_8998,CV_1963,-1,1,0,-1,-1,0.01689829239252925,0
7747,JOB_8998,CV_2977,-1,0,1,-1,-1,0.016728886119059285,0
7748,JOB_8998,CV_1781,-1,0,-1,-1,-1,0.0008827918008007309,0
7749,JOB_8998,CV_481,-1,1,-1,-1,-1,0.0018618453328126804,0
7750,JOB_8998,CV_1161,-1,0,1,-1,-1,0.016728886119059285,0
7751,JOB_8998,CV_251,-1,0,1,-1,-1,0.016728886119059285,0
7752,JOB_8998,CV_3145,-1,-1,1,-1,-1,0.0015442935692705172,0
7753,JOB_8998,CV_3782,-1,1,0,-1,-1,0.01689829239252925,0
7754,JOB_8998,CV_469,-1,0,1,-1,1,0.07916723666250709,0
7755,JOB_8998,CV_1090,-1,0,-1,-1,-1,0.0008827918008007309,0
7756,JOB_8998,CV_2313,-1,1,-1,-1,-1,0.0018618453328126804,0
7757,JOB_8998,CV_2766,-1,0,1,-1,1,0.07916723666250709,0
7758,JOB_8998,CV_1795,-1,0,-1,-1,-1,0.0008827918008007309,0
7759,JOB_8998,CV_3051,-1,0,1,-1,-1,0.016728886119059285,0
7760,JOB_8998,CV_2015,-1,0,0,-1,-1,0.0080762834495878,0
7761,JOB_8998,CV_1480,-1,0,-1,-1,-1,0.0008827918008007309,0
7762,JOB_8998,CV_2385,-1,0,-1,-1,-1,0.0008827918008007309,0
7763,JOB_8998,CV_3949,-1,1,1,-1,-1,0.034672065104421654,0
7764,JOB_8998,CV_634,-1,1,-1,-1,1,0.009337905367753526,0
7765,JOB_8998,CV_3015,-1,0,0,-1,-1,0.0080762834495878,0
7766,JOB_8998,CV_2415,-1,-1,1,-1,-1,0.0015442935692705172,0
7767,JOB_8998,CV_1796,-1,0,0,-1,1,0.03951787161985485,0
7768,JOB_8998,CV_813,-1,1,1,1,-1,0.10439562230127407,0
7769,JOB_8998,CV_278,-1,1,1,-1,-1,0.034672065104421654,0
7770,JOB_8998,CV_2379,-1,0,1,-1,-1,0.016728886119059285,0
7771,JOB_8998,CV_028,-1,1,1,-1,-1,0.034672065104421654,0
7772,JOB_8998,CV_307,-1,0,0,-1,-1,0.0080762834495878,0
7773,JOB_8998,CV_2038,-1,0,-1,-1,-1,0.0008827918008007309,0
7774,JOB_8998,CV_1898,-1,1,1,-1,-1,0.034672065104421654,0
7775,JOB_8998,CV_3625,-1,1,-1,-1,-1,0.0018618453328126804,0
7776,JOB_8998,CV_1122,-1,0,1,-1,-1,0.016728886119059285,0
7777,JOB_8998,CV_3176,-1,0,0,-1,-1,0.0080762834495878,0
7778,JOB_8998,CV_1803,-1,0,-1,1,-1,0.002859298785317209,0
7779,JOB_8998,CV_176,-1,1,-1,-1,-1,0.0018618453328126804,0
7780,JOB_8998,CV_3733,-1,0,-1,-1,-1,0.0008827918008007309,0
7781,JOB_8998,CV_1151,-1,0,-1,-1,-1,0.0008827918008007309,0
7782,JOB_8998,CV_3753,-1,1,-1,-1,-1,0.0018618453328126804,0
7783,JOB_8998,CV_1793,-1,0,-1,-1,-1,0.0008827918008007309,0
7784,JOB_8998,CV_2723,-1,0,-1,-1,-1,0.0008827918008007309,0
7785,JOB_8998,CV_3075,-1,0,-1,-1,1,0.004445064433151091,0
7786,JOB_8998,CV_1682,-1,0,-1,-1,-1,0.0008827918008007309,0
7787,JOB_8998,CV_337,-1,1,-1,-1,-1,0.0018618453328126804,0
7788,JOB_8998,CV_3727,-1,-1,1,-1,-1,0.0015442935692705172,0
7789,JOB_8998,CV_2166,-1,1,-1,1,-1,0.006017180859498359,0
7790,JOB_8998,CV_532,-1,1,1,-1,1,0.15361803787121434,0
7791,JOB_8998,CV_2445,-1,-1,-1,-1,-1,8.03182586734358e-05,0
7792,JOB_8998,CV_3647,-1,0,1,-1,-1,0.016728886119059285,0
7793,JOB_8998,CV_2039,-1,1,1,-1,-1,0.034672065104421654,0
7794,JOB_8998,CV_1810,-1,0,-1,-1,-1,0.0008827918008007309,0
7795,JOB_8998,CV_1636,-1,1,1,1,-1,0.10439562230127407,0
7796,JOB_8998,CV_1355,-1,0,-1,-1,-1,0.0008827918008007309,0
7797,JOB_8998,CV_187,-1,-1,1,-1,-1,0.0015442935692705172,0
7798,JOB_8998,CV_2550,-1,0,-1,-1,1,0.004445064433151091,0
7799,JOB_8998,CV_3722,-1,0,-1,-1,-1,0.0008827918008007309,0
7800,JOB_9284,CV_3722,1,-1,-1,-1,-1,0.0018618453328126787,0
7801,JOB_9284,CV_3533,-1,-1,1,-1,-1,0.0015442935692705172,0
7802,JOB_9284,CV_2489,-1,-1,0,-1,-1,0.0007396380664553713,0
7803,JOB_9284,CV_2596,-1,-1,-1,-1,-1,8.03182586734358e-05,0
7804,JOB_9284,CV_1287,-1,0,1,-1,-1,0.016728886119059285,0
7805,JOB_9284,CV_3284,-1,0,-1,-1,-1,0.0008827918008007309,0
7806,JOB_9284,CV_2961,-1,0,0,-1,-1,0.0080762834495878,0
7807,JOB_9284,CV_2553,-1,-1,1,-1,-1,0.0015442935692705172,0
7808,JOB_9284,CV_1068,-1,-1,-1,-1,-1,8.03182586734358e-05,0
7809,JOB_9284,CV_337,-1,0,-1,-1,-1,0.0008827918008007309,0
7810,JOB_9284,CV_2953,-1,-1,1,-1,-1,0.0015442935692705172,0
7811,JOB_9284,CV_3625,-1,-1,-1,-1,-1,8.03182586734358e-05,0
7812,JOB_9284,CV_3782,-1,0,0,-1,-1,0.0080762834495878,0
7813,JOB_9284,CV_1480,-1,0,-1,-1,-1,0.0008827918008007309,0
7814,JOB_9284,CV_1534,-1,0,-1,-1,-1,0.0008827918008007309,0
7815,JOB_9284,CV_2752,-1,-1,1,-1,-1,0.0015442935692705172,0
7816,JOB_9284,CV_3657,-1,0,1,-1,-1,0.016728886119059285,0
7817,JOB_9284,CV_3051,-1,-1,1,-1,-1,0.0015442935692705172,0
7818,JOB_9284,CV_3546,-1,0,-1,-1,1,0.004445064433151091,0
7819,JOB_9284,CV_622,-1,-1,0,-1,-1,0.0007396380664553713,0
7820,JOB_9284,CV_2392,-1,-1,1,-1,1,0.0077551622213322515,0
7821,JOB_9284,CV_160,-1,0,-1,-1,1,0.004445064433151091,0
7822,JOB_9284,CV_1224,-1,0,-1,-1,-1,0.0008827918008007309,0
7823,JOB_9284,CV_3647,-1,-1,1,-1,-1,0.0015442935692705172,0
7824,JOB_9284,CV_3299,-1,0,-1,-1,-1,0.0008827918008007309,0
7825,JOB_9284,CV_3923,-1,0,1,-1,-1,0.016728886119059285,0
7826,JOB_9284,CV_2369,-1,-1,1,-1,-1,0.0015442935692705172,0
7827,JOB_9284,CV_469,-1,-1,1,-1,1,0.0077551622213322515,0
7828,JOB_9284,CV_116,-1,-1,-1,-1,-1,8.03182586734358e-05,0
7829,JOB_9284,CV_1682,-1,-1,-1,-1,-1,8.03182586734358e-05,0
7830,JOB_9284,CV_3738,-1,0,1,-1,1,0.07916723666250709,0
7831,JOB_9284,CV_085,-1,-1,1,-1,-1,0.0015442935692705172,0
7832,JOB_9284,CV_3962,-1,0,-1,-1,1,0.004445064433151091,0
7833,JOB_9284,CV_2723,-1,-1,-1,-1,-1,8.03182586734358e-05,0
7834,JOB_9284,CV_1792,-1,-1,1,-1,-1,0.0015442935692705172,0
7835,JOB_9284,CV_813,-1,0,1,1,-1,0.05232559089768777,0
7836,JOB_9284,CV_3200,-1,0,1,-1,-1,0.016728886119059285,0
7837,JOB_9284,CV_2913,-1,0,1,-1,-1,0.016728886119059285,0
7838,JOB_9284,CV_929,-1,-1,1,-1,1,0.0077551622213322515,0
7839,JOB_9284,CV_1574,-1,-1,1,-1,-1,0.0015442935692705172,0
7840,JOB_9284,CV_3173,-1,-1,1,-1,-1,0.0015442935692705172,0
7841,JOB_9284,CV_1618,-1,-1,1,-1,-1,0.0015442935692705172,0
7842,JOB_9284,CV_1639,1,-1,1,-1,1,0.15361803787121436,0
7843,JOB_9284,CV_964,-1,0,1,-1,-1,0.016728886119059285,0
7844,JOB_9284,CV_3399,-1,0,1,-1,-1,0.016728886119059285,0
7845,JOB_9284,CV_1803,-1,0,-1,-1,-1,0.0008827918008007309,0
7846,JOB_9284,CV_1085,-1,0,-1,-1,-1,0.0008827918008007309,0
7847,JOB_9284,CV_3663,-1,-1,1,-1,-1,0.0015442935692705172,0
7848,JOB_9284,CV_2858,-1,-1,1,-1,-1,0.0015442935692705172,0
7849,JOB_9284,CV_2157,1,0,-1,1,-1,0.06243232352062822,0
7850,JOB_9284,CV_1151,-1,0,-1,-1,-1,0.0008827918008007309,0
7851,JOB_9284,CV_3791,-1,0,1,-1,-1,0.016728886119059285,0
7852,JOB_9284,CV_3500,-1,-1,1,-1,-1,0.0015442935692705172,0
7853,JOB_9284,CV_3636,-1,-1,-1,-1,-1,8.03182586734358e-05,0
7854,JOB_9284,CV_2379,-1,0,1,-1,-1,0.016728886119059285,0
7855,JOB_9284,CV_2992,-1,-1,-1,-1,1,0.00040573633479455186,0
7856,JOB_9284,CV_1122,-1,-1,1,-1,-1,0.0015442935692705172,0
7857,JOB_9284,CV_532,-1,0,1,-1,1,0.07916723666250709,0
7858,JOB_9284,CV_2638,-1,0,-1,-1,-1,0.0008827918008007309,0
7859,JOB_9284,CV_421,-1,0,0,-1,1,0.03951787161985485,0
7860,JOB_9284,CV_2415,-1,-1,1,-1,-1,0.0015442935692705172,0
7861,JOB_9284,CV_1036,-1,-1,1,-1,1,0.0077551622213322515,0
7862,JOB_9284,CV_3789,-1,0,1,-1,-1,0.016728886119059285,0
7863,JOB_9284,CV_1795,-1,0,-1,-1,-1,0.0008827918008007309,0
7864,JOB_9284,CV_1172,-1,-1,1,-1,-1,0.0015442935692705172,0
7865,JOB_9284,CV_2069,-1,0,-1,-1,-1,0.0008827918008007309,0
7866,JOB_9284,CV_2402,-1,-1,0,-1,1,0.0037264061914744602,0
7867,JOB_9284,CV_2420,-1,-1,0,-1,1,0.0037264061914744602,0
7868,JOB_9284,CV_1241,-1,0,1,-1,-1,0.016728886119059285,0
7869,JOB_9284,CV_1078,-1,0,-1,-1,-1,0.0008827918008007309,0
7870,JOB_9284,CV_2991,-1,0,1,-1,-1,0.016728886119059285,0
7871,JOB_9284,CV_3543,-1,-1,1,-1,-1,0.0015442935692705172,0
7872,JOB_9284,CV_1070,-1,0,1,-1,-1,0.016728886119059285,0
7873,JOB_9284,CV_1971,-1,-1,-1,-1,-1,8.03182586734358e-05,0
7874,JOB_9284,CV_2239,-1,0,1,-1,-1,0.016728886119059285,0
7875,JOB_9284,CV_1781,-1,-1,-1,-1,-1,8.03182586734358e-05,0
7876,JOB_9284,CV_3753,-1,0,-1,-1,-1,0.0008827918008007309,0
7877,JOB_9284,CV_3474,1,0,1,-1,-1,0.2832010598158251,0
7878,JOB_9284,CV_1961,-1,-1,1,-1,-1,0.0015442935692705172,0
7879,JOB_9284,CV_605,-1,-1,-1,-1,-1,8.03182586734358e-05,0
7880,JOB_9284,CV_040,-1,-1,-1,-1,-1,8.03182586734358e-05,0
7881,JOB_9284,CV_879,-1,0,1,-1,-1,0.016728886119059285,0
7882,JOB_9284,CV_2365,-1,-1,0,-1,1,0.0037264061914744602,0
7883,JOB_9284,CV_2869,-1,0,-1,1,-1,0.002859298785317209,0
7884,JOB_9284,CV_634,-1,-1,-1,-1,1,0.00040573633479455186,0
7885,JOB_9284,CV_2615,-1,0,-1,-1,-1,0.0008827918008007309,0
7886,JOB_9284,CV_2253,-1,0,1,-1,-1,0.016728886119059285,0
7887,JOB_9284,CV_1309,-1,-1,-1,-1,-1,8.03182586734358e-05,0
7888,JOB_9284,CV_3414,-1,-1,-1,-1,1,0.00040573633479455186,0
7889,JOB_9284,CV_2024,-1,0,1,-1,-1,0.016728886119059285,0
7890,JOB_9284,CV_1810,-1,0,-1,-1,-1,0.0008827918008007309,0
7891,JOB_9284,CV_1751,-1,-1,-1,-1,1,0.00040573633479455186,0
7892,JOB_9284,CV_3094,-1,-1,-1,-1,-1,8.03182586734358e-05,0
7893,JOB_9284,CV_1231,-1,0,1,-1,-1,0.016728886119059285,0
7894,JOB_9284,CV_1252,-1,-1,1,-1,-1,0.0015442935692705172,0
7895,JOB_9284,CV_2579,-1,-1,-1,-1,-1,8.03182586734358e-05,0
7896,JOB_9284,CV_1355,-1,-1,-1,-1,-1,8.03182586734358e-05,0
7897,JOB_9284,CV_3145,-1,-1,1,-1,-1,0.0015442935692705172,0
7898,JOB_9284,CV_3710,-1,-1,1,-1,1,0.0077551622213322515,0
7899,JOB_9284,CV_3039,-1,-1,1,-1,1,0.0077551622213322515,0
7900,JOB_8838,CV_2953,-1,0,1,-1,-1,0.016728886119059285,0
7901,JOB_8838,CV_3200,-1,1,1,1,-1,0.10439562230127407,0
7902,JOB_8838,CV_137,-1,0,0,0,-1,0.01374087676851104,0
7903,JOB_8838,CV_601,-1,0,1,0,-1,0.02828921519950765,0
7904,JOB_8838,CV_2313,-1,0,-1,-1,-1,0.0008827918008007309,0
7905,JOB_8838,CV_2537,-1,0,1,0,-1,0.02828921519950765,0
7906,JOB_8838,CV_2749,-1,0,0,1,-1,0.025743514038269317,0
7907,JOB_8838,CV_3299,-1,1,-1,0,-1,0.003181698906503991,0
7908,JOB_8838,CV_3757,-1,1,-1,0,-1,0.003181698906503991,0
7909,JOB_8838,CV_2752,-1,1,1,1,-1,0.10439562230127407,0
7910,JOB_8838,CV_160,-1,0,-1,1,-1,0.002859298785317209,0
7911,JOB_8838,CV_1090,-1,1,-1,1,-1,0.006017180859498359,0
7912,JOB_8838,CV_246,-1,1,-1,1,-1,0.006017180859498359,0
7913,JOB_8838,CV_1070,-1,1,1,1,-1,0.10439562230127407,0
7914,JOB_8838,CV_3744,-1,0,1,-1,-1,0.016728886119059285,0
7915,JOB_8838,CV_1810,-1,1,-1,1,-1,0.006017180859498359,0
7916,JOB_8838,CV_1742,-1,0,1,0,-1,0.02828921519950765,0
7917,JOB_8838,CV_2157,1,0,-1,-1,-1,0.02010595680604062,0
7918,JOB_8838,CV_2991,-1,0,1,0,-1,0.02828921519950765,0
7919,JOB_8838,CV_2672,-1,0,1,-1,-1,0.016728886119059285,0
7920,JOB_8838,CV_1325,-1,1,1,0,-1,0.05790168407977278,0
7921,JOB_8838,CV_3923,1,1,1,1,-1,0.7302317401433427,1
7922,JOB_8838,CV_1045,-1,0,-1,-1,-1,0.0008827918008007309,0
7923,JOB_8838,CV_2166,-1,0,-1,0,-1,0.0015096485596628858,0
7924,JOB_8838,CV_140,-1,0,-1,1,-1,0.002859298785317209,0
7925,JOB_8838,CV_1151,-1,0,-1,1,-1,0.002859298785317209,0
7926,JOB_8838,CV_3733,-1,1,-1,0,-1,0.003181698906503991,0
7927,JOB_8838,CV_1161,-1,0,1,1,-1,0.05232559089768777,0
7928,JOB_8838,CV_2550,-1,0,-1,0,-1,0.0015096485596628858,0
7929,JOB_8838,CV_1480,-1,1,-1,0,-1,0.003181698906503991,0
7930,JOB_8838,CV_665,-1,0,1,1,-1,0.05232559089768777,0
7931,JOB_8838,CV_2069,-1,1,-1,1,-1,0.006017180859498359,0
7932,JOB_8838,CV_392,-1,0,-1,0,-1,0.0015096485596628858,0
7933,JOB_8838,CV_2718,-1,0,0,0,-1,0.01374087676851104,0
7934,JOB_8838,CV_2555,-1,1,-1,0,-1,0.003181698906503991,0
7935,JOB_8838,CV_3949,-1,0,1,-1,-1,0.016728886119059285,0
7936,JOB_8838,CV_421,-1,1,0,1,-1,0.05283609976798728,0
7937,JOB_8838,CV_3685,-1,0,-1,0,-1,0.0015096485596628858,0
7938,JOB_8838,CV_1618,-1,1,1,-1,-1,0.034672065104421654,0
7939,JOB_8838,CV_481,-1,0,-1,0,-1,0.0015096485596628858,0
7940,JOB_8838,CV_3647,-1,0,1,0,-1,0.02828921519950765,0
7941,JOB_8838,CV_3636,-1,0,-1,-1,-1,0.0008827918008007309,0
7942,JOB_8838,CV_999,-1,0,-1,0,-1,0.0015096485596628858,0
7943,JOB_8838,CV_1231,-1,1,1,-1,-1,0.034672065104421654,0
7944,JOB_8838,CV_3929,-1,1,0,0,-1,0.028572286214813686,0
7945,JOB_8838,CV_2596,-1,-1,-1,-1,-1,8.03182586734358e-05,0
7946,JOB_8838,CV_2253,-1,1,1,1,-1,0.10439562230127407,0
7947,JOB_8838,CV_532,-1,0,1,1,-1,0.05232559089768777,0
7948,JOB_8838,CV_1036,-1,1,1,-1,-1,0.034672065104421654,0
7949,JOB_8838,CV_611,-1,0,-1,0,-1,0.0015096485596628858,0
7950,JOB_8838,CV_3015,-1,1,0,1,-1,0.05283609976798728,0
7951,JOB_8838,CV_618,-1,1,1,1,-1,0.10439562230127407,0
7952,JOB_8838,CV_251,-1,0,1,0,-1,0.02828921519950765,0
7953,JOB_8838,CV_2992,-1,0,-1,1,-1,0.002859298785317209,0
7954,JOB_8838,CV_1380,-1,0,1,0,-1,0.02828921519950765,0
7955,JOB_8838,CV_622,-1,0,0,1,-1,0.025743514038269317,0
7956,JOB_8838,CV_2615,-1,1,-1,1,-1,0.006017180859498359,0
7957,JOB_8838,CV_1682,-1,0,-1,0,-1,0.0015096485596628858,0
7958,JOB_8838,CV_505,-1,1,1,0,-1,0.05790168407977278,0
7959,JOB_8838,CV_028,1,0,1,1,-1,0.5618280036801903,1
7960,JOB_8838,CV_3782,-1,0,0,1,-1,0.025743514038269317,0
7961,JOB_8838,CV_634,-1,0,-1,0,-1,0.0015096485596628858,0
7962,JOB_8838,CV_1224,-1,0,-1,1,-1,0.002859298785317209,0
7963,JOB_8838,CV_1031,-1,1,1,1,-1,0.10439562230127407,0
7964,JOB_8838,CV_1803,-1,0,-1,1,-1,0.002859298785317209,0
7965,JOB_8838,CV_2385,-1,1,-1,0,-1,0.003181698906503991,0
7966,JOB_8838,CV_879,-1,0,1,1,-1,0.05232559089768777,0
7967,JOB_8838,CV_2495,-1,1,-1,0,-1,0.003181698906503991,0
7968,JOB_8838,CV_1517,-1,1,0,1,-1,0.05283609976798728,0
7969,JOB_8838,CV_2553,-1,0,1,1,-1,0.05232559089768777,0
7970,JOB_8838,CV_1019,1,1,-1,0,-1,0.06900701774253425,0
7971,JOB_8838,CV_1355,-1,0,-1,0,-1,0.0015096485596628858,0
7972,JOB_8838,CV_1793,-1,1,-1,0,-1,0.003181698906503991,0
7973,JOB_8838,CV_1993,-1,1,-1,1,-1,0.006017180859498359,0
7974,JOB_8838,CV_433,-1,0,0,1,-1,0.025743514038269317,0
7975,JOB_8838,CV_2039,-1,0,1,0,-1,0.02828921519950765,0
7976,JOB_8838,CV_1252,-1,0,1,-1,-1,0.016728886119059285,0
7977,JOB_8838,CV_3945,-1,0,0,1,-1,0.025743514038269317,0
7978,JOB_8838,CV_3563,-1,1,-1,0,-1,0.003181698906503991,0
7979,JOB_8838,CV_2961,-1,1,0,1,-1,0.05283609976798728,0
7980,JOB_8838,CV_3792,-1,1,0,-1,-1,0.01689829239252925,0
7981,JOB_8838,CV_187,-1,0,1,1,-1,0.05232559089768777,0
7982,JOB_8838,CV_2965,-1,0,1,1,-1,0.05232559089768777,0
7983,JOB_8838,CV_2024,-1,0,1,0,1,0.12824728097545876,0
7984,JOB_8838,CV_477,-1,0,1,-1,-1,0.016728886119059285,0
7985,JOB_8838,CV_2402,-1,1,0,0,-1,0.028572286214813686,0
7986,JOB_8838,CV_3098,1,0,1,0,-1,0.40336398430354964,0
7987,JOB_8838,CV_2766,-1,0,1,-1,-1,0.016728886119059285,0
7988,JOB_8838,CV_1085,-1,0,-1,0,-1,0.0015096485596628858,0
7989,JOB_8838,CV_3145,-1,0,1,1,-1,0.05232559089768777,0
7990,JOB_8838,CV_2327,-1,0,-1,1,-1,0.002859298785317209,0
7991,JOB_8838,CV_1068,-1,0,-1,1,-1,0.002859298785317209,0
7992,JOB_8838,CV_2415,-1,-1,1,-1,-1,0.0015442935692705172,0
7993,JOB_8838,CV_3478,-1,1,1,0,-1,0.05790168407977278,0
7994,JOB_8838,CV_2478,-1,0,1,0,-1,0.02828921519950765,0
7995,JOB_8838,CV_3789,-1,0,1,0,-1,0.02828921519950765,0
7996,JOB_8838,CV_1287,1,0,1,-1,-1,0.2832010598158251,0
7997,JOB_8838,CV_116,-1,1,-1,1,-1,0.006017180859498359,0
7998,JOB_8838,CV_3727,-1,0,1,1,-1,0.05232559089768777,0
7999,JOB_8838,CV_2489,-1,1,0,1,-1,0.05283609976798728,0
8000,JOB_14044,CV_3945,-1,-1,0,-1,-1,0.0007396380664553713,0
8001,JOB_14044,CV_272,-1,-1,-1,0,-1,0.00013742938756156384,0
8002,JOB_14044,CV_1682,-1,-1,-1,0,-1,0.00013742938756156384,0
8003,JOB_14044,CV_611,-1,-1,-1,0,-1,0.00013742938756156384,0
8004,JOB_14044,CV_2913,-1,-1,1,-1,-1,0.0015442935692705172,0
8005,JOB_14044,CV_1090,-1,-1,-1,1,-1,0.00026061368312641647,0
8006,JOB_14044,CV_3075,-1,-1,-1,0,-1,0.00013742938756156384,0
8007,JOB_14044,CV_3625,-1,-1,-1,0,-1,0.00013742938756156384,0
8008,JOB_14044,CV_116,-1,-1,-1,0,-1,0.00013742938756156384,0
8009,JOB_14044,CV_3962,-1,-1,-1,0,-1,0.00013742938756156384,0
8010,JOB_14044,CV_2402,-1,-1,0,0,-1,0.0012649722795961807,0
8011,JOB_14044,CV_3547,-1,-1,-1,0,-1,0.00013742938756156384,0
8012,JOB_14044,CV_2015,-1,-1,0,0,-1,0.0012649722795961807,0
8013,JOB_14044,CV_3738,-1,-1,1,-1,-1,0.0015442935692705172,0
8014,JOB_14044,CV_2489,-1,-1,0,0,-1,0.0012649722795961807,0
8015,JOB_14044,CV_2979,1,-1,1,-1,-1,0.03467206510442167,0
8016,JOB_14044,CV_2379,-1,-1,1,-1,-1,0.0015442935692705172,0
8017,JOB_14044,CV_2033,-1,-1,1,-1,-1,0.0015442935692705172,0
8018,JOB_14044,CV_2420,-1,-1,0,-1,-1,0.0007396380664553713,0
8019,JOB_14044,CV_2038,-1,-1,-1,-1,-1,8.03182586734358e-05,0
8020,JOB_14044,CV_3923,-1,-1,1,-1,-1,0.0015442935692705172,0
8021,JOB_14044,CV_2658,-1,-1,-1,-1,-1,8.03182586734358e-05,0
8022,JOB_14044,CV_3414,-1,-1,-1,0,-1,0.00013742938756156384,0
8023,JOB_14044,CV_028,1,-1,1,0,-1,0.057901684079772725,0
8024,JOB_14044,CV_1231,-1,-1,1,-1,-1,0.0015442935692705172,0
8025,JOB_14044,CV_1517,-1,-1,0,0,-1,0.0012649722795961807,0
8026,JOB_14044,CV_3533,-1,-1,1,-1,-1,0.0015442935692705172,0
8027,JOB_14044,CV_1287,-1,-1,1,-1,-1,0.0015442935692705172,0
8028,JOB_14044,CV_1309,-1,-1,-1,-1,-1,8.03182586734358e-05,0
8029,JOB_14044,CV_3455,-1,-1,-1,-1,-1,8.03182586734358e-05,0
8030,JOB_14044,CV_3546,1,-1,-1,-1,-1,0.0018618453328126787,0
8031,JOB_14044,CV_3039,-1,-1,1,-1,-1,0.0015442935692705172,0
8032,JOB_14044,CV_3399,-1,-1,1,0,-1,0.002639631480061397,0
8033,JOB_14044,CV_2436,-1,-1,1,-1,-1,0.0015442935692705172,0
8034,JOB_14044,CV_3176,-1,-1,0,0,-1,0.0012649722795961807,0
8035,JOB_14044,CV_3647,-1,-1,1,-1,-1,0.0015442935692705172,0
8036,JOB_14044,CV_665,-1,-1,1,-1,-1,0.0015442935692705172,0
8037,JOB_14044,CV_722,-1,-1,-1,0,-1,0.00013742938756156384,0
8038,JOB_14044,CV_1803,-1,-1,-1,-1,-1,8.03182586734358e-05,0
8039,JOB_14044,CV_1138,-1,-1,1,0,-1,0.002639631480061397,0
8040,JOB_14044,CV_2392,-1,-1,1,-1,-1,0.0015442935692705172,0
8041,JOB_14044,CV_2961,-1,-1,0,0,-1,0.0012649722795961807,0
8042,JOB_14044,CV_3474,1,-1,1,0,-1,0.057901684079772725,0
8043,JOB_14044,CV_3757,-1,-1,-1,0,-1,0.00013742938756156384,0
8044,JOB_14044,CV_2024,-1,-1,1,-1,-1,0.0015442935692705172,0
8045,JOB_14044,CV_421,-1,-1,0,0,-1,0.0012649722795961807,0
8046,JOB_14044,CV_1739,-1,-1,0,-1,-1,0.0007396380664553713,0
8047,JOB_14044,CV_929,-1,-1,1,-1,-1,0.0015442935692705172,0
8048,JOB_14044,CV_2207,-1,-1,1,-1,-1,0.0015442935692705172,0
8049,JOB_14044,CV_2415,-1,-1,1,-1,-1,0.0015442935692705172,0
8050,JOB_14044,CV_1045,-1,-1,-1,1,-1,0.00026061368312641647,0
8051,JOB_14044,CV_3663,-1,-1,1,-1,-1,0.0015442935692705172,0
8052,JOB_14044,CV_2766,-1,-1,1,-1,-1,0.0015442935692705172,0
8053,JOB_14044,CV_1161,-1,-1,1,0,-1,0.002639631480061397,0
8054,JOB_14044,CV_2584,-1,-1,-1,0,-1,0.00013742938756156384,0
8055,JOB_14044,CV_2327,-1,-1,-1,0,-1,0.00013742938756156384,0
8056,JOB_14044,CV_1639,1,-1,1,-1,-1,0.03467206510442167,0
8057,JOB_14044,CV_869,-1,-1,-1,0,-1,0.00013742938756156384,0
8058,JOB_14044,CV_538,-1,-1,1,-1,-1,0.0015442935692705172,0
8059,JOB_14044,CV_2653,-1,-1,-1,-1,-1,8.03182586734358e-05,0
8060,JOB_14044,CV_296,-1,-1,0,0,-1,0.0012649722795961807,0
8061,JOB_14044,CV_3657,-1,-1,1,-1,-1,0.0015442935692705172,0
8062,JOB_14044,CV_2718,-1,-1,0,-1,-1,0.0007396380664553713,0
8063,JOB_14044,CV_1844,-1,-1,1,0,-1,0.002639631480061397,0
8064,JOB_14044,CV_2476,-1,-1,1,1,-1,0.004994451571761179,0
8065,JOB_14044,CV_278,-1,-1,1,0,-1,0.002639631480061397,0
8066,JOB_14044,CV_1881,-1,-1,0,1,-1,0.002396402946724275,0
8067,JOB_14044,CV_2992,-1,-1,-1,0,-1,0.00013742938756156384,0
8068,JOB_14044,CV_1792,-1,-1,1,-1,-1,0.0015442935692705172,0
8069,JOB_14044,CV_622,-1,-1,0,0,-1,0.0012649722795961807,0
8070,JOB_14044,CV_1122,-1,-1,1,-1,-1,0.0015442935692705172,0
8071,JOB_14044,CV_263,-1,-1,1,-1,-1,0.0015442935692705172,0
8072,JOB_14044,CV_3133,-1,-1,-1,0,-1,0.00013742938756156384,0
8073,JOB_14044,CV_251,-1,-1,1,-1,-1,0.0015442935692705172,0
8074,JOB_14044,CV_2769,-1,-1,0,0,-1,0.0012649722795961807,0
8075,JOB_14044,CV_2445,-1,-1,-1,1,-1,0.00026061368312641647,0
8076,JOB_14044,CV_788,-1,-1,-1,-1,-1,8.03182586734358e-05,0
8077,JOB_14044,CV_2495,-1,-1,-1,-1,-1,8.03182586734358e-05,0
8078,JOB_14044,CV_3719,-1,-1,-1,0,-1,0.00013742938756156384,0
8079,JOB_14044,CV_661,-1,-1,-1,0,-1,0.00013742938756156384,0
8080,JOB_14044,CV_2514,-1,-1,-1,0,-1,0.00013742938756156384,0
8081,JOB_14044,CV_2541,-1,-1,-1,0,-1,0.00013742938756156384,0
8082,JOB_14044,CV_080,-1,-1,1,0,-1,0.002639631480061397,0
8083,JOB_14044,CV_1633,-1,-1,1,0,-1,0.002639631480061397,0
8084,JOB_14044,CV_3015,-1,-1,0,0,-1,0.0012649722795961807,0
8085,JOB_14044,CV_1810,-1,-1,-1,0,-1,0.00013742938756156384,0
8086,JOB_14044,CV_3145,-1,-1,1,1,-1,0.004994451571761179,0
8087,JOB_14044,CV_469,-1,-1,1,0,-1,0.002639631480061397,0
8088,JOB_14044,CV_594,-1,-1,1,-1,-1,0.0015442935692705172,0
8089,JOB_14044,CV_2069,-1,-1,-1,0,-1,0.00013742938756156384,0
8090,JOB_14044,CV_085,-1,-1,1,0,-1,0.002639631480061397,0
8091,JOB_14044,CV_2830,-1,-1,0,-1,-1,0.0007396380664553713,0
8092,JOB_14044,CV_1245,-1,-1,1,-1,-1,0.0015442935692705172,0
8093,JOB_14044,CV_2638,-1,-1,-1,0,-1,0.00013742938756156384,0
8094,JOB_14044,CV_1068,-1,-1,-1,0,-1,0.00013742938756156384,0
8095,JOB_14044,CV_2733,-1,-1,-1,-1,-1,8.03182586734358e-05,0
8096,JOB_14044,CV_3949,-1,-1,1,-1,-1,0.0015442935692705172,0
8097,JOB_14044,CV_3685,-1,-1,-1,0,-1,0.00013742938756156384,0
8098,JOB_14044,CV_2380,-1,-1,1,0,-1,0.002639631480061397,0
8099,JOB_14044,CV_2313,-1,-1,-1,-1,-1,8.03182586734358e-05,0
8100,JOB_9586,CV_1068,-1,1,-1,1,-1,0.006017180859498359,0
8101,JOB_9586,CV_611,-1,1,-1,0,-1,0.003181698906503991,0
8102,JOB_9586,CV_2441,-1,1,-1,0,-1,0.003181698906503991,0
8103,JOB_9586,CV_2718,-1,0,0,0,-1,0.01374087676851104,0
8104,JOB_9586,CV_2415,-1,0,1,-1,-1,0.016728886119059285,0
8105,JOB_9586,CV_2420,-1,1,0,1,-1,0.05283609976798728,0
8106,JOB_9586,CV_3647,-1,0,1,0,-1,0.02828921519950765,0
8107,JOB_9586,CV_2476,-1,1,1,-1,-1,0.034672065104421654,0
8108,JOB_9586,CV_634,-1,1,-1,0,-1,0.003181698906503991,0
8109,JOB_9586,CV_3133,-1,1,-1,1,-1,0.006017180859498359,0
8110,JOB_9586,CV_1015,-1,0,0,0,-1,0.01374087676851104,0
8111,JOB_9586,CV_2596,-1,-1,-1,-1,-1,8.03182586734358e-05,0
8112,JOB_9586,CV_3500,-1,0,1,0,-1,0.02828921519950765,0
8113,JOB_9586,CV_2436,-1,1,1,1,-1,0.10439562230127407,0
8114,JOB_9586,CV_2977,-1,1,1,1,-1,0.10439562230127407,0
8115,JOB_9586,CV_3098,-1,1,1,0,-1,0.05790168407977278,0
8116,JOB_9586,CV_046,-1,0,0,1,-1,0.025743514038269317,0
8117,JOB_9586,CV_1085,-1,1,-1,1,-1,0.006017180859498359,0
8118,JOB_9586,CV_1971,-1,1,-1,1,-1,0.006017180859498359,0
8119,JOB_9586,CV_2749,-1,0,0,1,-1,0.025743514038269317,0
8120,JOB_9586,CV_116,-1,1,-1,1,-1,0.006017180859498359,0
8121,JOB_9586,CV_2392,-1,0,1,1,-1,0.05232559089768777,0
8122,JOB_9586,CV_1161,-1,0,1,1,-1,0.05232559089768777,0
8123,JOB_9586,CV_1138,-1,1,1,1,-1,0.10439562230127407,0
8124,JOB_9586,CV_1963,-1,1,0,1,-1,0.05283609976798728,0
8125,JOB_9586,CV_1355,-1,0,-1,0,-1,0.0015096485596628858,0
8126,JOB_9586,CV_251,-1,0,1,0,-1,0.02828921519950765,0
8127,JOB_9586,CV_216,-1,1,1,0,-1,0.05790168407977278,0
8128,JOB_9586,CV_2492,-1,1,1,0,-1,0.05790168407977278,0
8129,JOB_9586,CV_477,-1,1,1,-1,-1,0.034672065104421654,0
8130,JOB_9586,CV_622,-1,1,0,1,-1,0.05283609976798728,0
8131,JOB_9586,CV_2752,-1,1,1,1,-1,0.10439562230127407,0
8132,JOB_9586,CV_1252,-1,0,1,-1,-1,0.016728886119059285,0
8133,JOB_9586,CV_1785,-1,1,-1,0,-1,0.003181698906503991,0
8134,JOB_9586,CV_2380,-1,1,1,0,-1,0.05790168407977278,0
8135,JOB_9586,CV_1577,-1,1,-1,1,-1,0.006017180859498359,0
8136,JOB_9586,CV_3051,-1,0,1,0,-1,0.02828921519950765,0
8137,JOB_9586,CV_1682,-1,1,-1,0,-1,0.003181698906503991,0
8138,JOB_9586,CV_1078,-1,1,-1,-1,-1,0.0018618453328126804,0
8139,JOB_9586,CV_3547,-1,1,-1,1,-1,0.006017180859498359,0
8140,JOB_9586,CV_272,-1,1,-1,1,-1,0.006017180859498359,0
8141,JOB_9586,CV_1796,-1,1,0,1,-1,0.05283609976798728,0
8142,JOB_9586,CV_605,-1,0,-1,0,-1,0.0015096485596628858,0
8143,JOB_9586,CV_2766,-1,0,1,-1,-1,0.016728886119059285,0
8144,JOB_9586,CV_1325,-1,1,1,0,-1,0.05790168407977278,0
8145,JOB_9586,CV_1172,-1,0,1,-1,-1,0.016728886119059285,0
8146,JOB_9586,CV_1380,-1,1,1,0,-1,0.05790168407977278,0
8147,JOB_9586,CV_421,-1,1,0,1,-1,0.05283609976798728,0
8148,JOB_9586,CV_2953,-1,0,1,-1,-1,0.016728886119059285,0
8149,JOB_9586,CV_3733,-1,1,-1,0,-1,0.003181698906503991,0
8150,JOB_9586,CV_3962,-1,1,-1,0,-1,0.003181698906503991,0
8151,JOB_9586,CV_2991,-1,1,1,0,-1,0.05790168407977278,0
8152,JOB_9586,CV_964,-1,1,1,0,-1,0.05790168407977278,0
8153,JOB_9586,CV_085,-1,1,1,0,-1,0.05790168407977278,0
8154,JOB_9586,CV_884,-1,0,-1,1,-1,0.002859298785317209,0
8155,JOB_9586,CV_3075,-1,1,-1,1,-1,0.006017180859498359,0
8156,JOB_9586,CV_2965,-1,0,1,1,-1,0.05232559089768777,0
8157,JOB_9586,CV_3670,-1,1,-1,1,-1,0.006017180859498359,0
8158,JOB_9586,CV_1898,-1,1,1,1,-1,0.10439562230127407,0
8159,JOB_9586,CV_2615,-1,1,-1,1,-1,0.006017180859498359,0
8160,JOB_9586,CV_2514,-1,1,-1,0,-1,0.003181698906503991,0
8161,JOB_9586,CV_3738,-1,1,1,0,-1,0.05790168407977278,0
8162,JOB_9586,CV_1690,-1,1,0,0,-1,0.028572286214813686,0
8163,JOB_9586,CV_2579,-1,1,-1,0,-1,0.003181698906503991,0
8164,JOB_9586,CV_3727,-1,0,1,0,-1,0.02828921519950765,0
8165,JOB_9586,CV_2769,-1,0,0,1,-1,0.025743514038269317,0
8166,JOB_9586,CV_594,-1,0,1,1,-1,0.05232559089768777,0
8167,JOB_9586,CV_1517,-1,1,0,1,-1,0.05283609976798728,0
8168,JOB_9586,CV_1287,-1,1,1,-1,-1,0.034672065104421654,0
8169,JOB_9586,CV_2553,-1,0,1,1,-1,0.05232559089768777,0
8170,JOB_9586,CV_2877,-1,-1,1,1,-1,0.004994451571761179,0
8171,JOB_9586,CV_3782,-1,1,0,1,-1,0.05283609976798728,0
8172,JOB_9586,CV_3299,-1,1,-1,0,-1,0.003181698906503991,0
8173,JOB_9586,CV_2858,-1,1,1,0,-1,0.05790168407977278,0
8174,JOB_9586,CV_2537,-1,0,1,0,-1,0.02828921519950765,0
8175,JOB_9586,CV_3625,-1,1,-1,1,-1,0.006017180859498359,0
8176,JOB_9586,CV_3173,-1,1,1,0,-1,0.05790168407977278,0
8177,JOB_9586,CV_1480,-1,1,-1,0,-1,0.003181698906503991,0
8178,JOB_9586,CV_3145,-1,0,1,-1,-1,0.016728886119059285,0
8179,JOB_9586,CV_2294,-1,1,0,0,-1,0.028572286214813686,0
8180,JOB_9586,CV_246,-1,1,-1,1,-1,0.006017180859498359,0
8181,JOB_9586,CV_3090,-1,1,1,1,-1,0.10439562230127407,0
8182,JOB_9586,CV_3399,-1,1,1,1,-1,0.10439562230127407,0
8183,JOB_9586,CV_879,-1,1,1,1,-1,0.10439562230127407,0
8184,JOB_9586,CV_140,-1,0,-1,1,-1,0.002859298785317209,0
8185,JOB_9586,CV_929,-1,0,1,-1,-1,0.016728886119059285,0
8186,JOB_9586,CV_1618,-1,1,1,1,-1,0.10439562230127407,0
8187,JOB_9586,CV_2913,-1,0,1,0,-1,0.02828921519950765,0
8188,JOB_9586,CV_1795,-1,1,-1,0,-1,0.003181698906503991,0
8189,JOB_9586,CV_187,-1,0,1,1,-1,0.05232559089768777,0
8190,JOB_9586,CV_2445,-1,0,-1,0,-1,0.0015096485596628858,0
8191,JOB_9586,CV_028,-1,1,1,1,-1,0.10439562230127407,0
8192,JOB_9586,CV_388,-1,0,-1,0,-1,0.0015096485596628858,0
8193,JOB_9586,CV_3792,-1,1,0,-1,-1,0.01689829239252925,0
8194,JOB_9586,CV_601,-1,0,1,0,-1,0.02828921519950765,0
8195,JOB_9586,CV_2157,-1,0,-1,-1,-1,0.0008827918008007309,0
8196,JOB_9586,CV_2166,-1,0,-1,0,-1,0.0015096485596628858,0
8197,JOB_9586,CV_2541,-1,1,-1,0,-1,0.003181698906503991,0
8198,JOB_9586,CV_3094,-1,0,-1,0,-1,0.0015096485596628858,0
8199,JOB_9586,CV_869,-1,1,-1,1,-1,0.006017180859498359,0
8200,JOB_302,CV_3145,-1,-1,1,-1,-1,0.0015442935692705172,0
8201,JOB_302,CV_2749,-1,-1,0,1,-1,0.002396402946724275,0
8202,JOB_302,CV_3744,-1,-1,1,-1,-1,0.0015442935692705172,0
8203,JOB_302,CV_3173,-1,0,1,1,-1,0.05232559089768777,0
8204,JOB_302,CV_3670,-1,0,-1,1,-1,0.002859298785317209,0
8205,JOB_302,CV_3429,-1,-1,-1,-1,1,0.00040573633479455186,0
8206,JOB_302,CV_1287,1,0,1,-1,-1,0.2832010598158251,0
8207,JOB_302,CV_2024,-1,0,1,0,-1,0.02828921519950765,0
8208,JOB_302,CV_879,-1,0,1,1,-1,0.05232559089768777,0
8209,JOB_302,CV_3093,-1,0,-1,-1,-1,0.0008827918008007309,0
8210,JOB_302,CV_2327,-1,0,-1,1,-1,0.002859298785317209,0
8211,JOB_302,CV_3685,-1,0,-1,0,-1,0.0015096485596628858,0
8212,JOB_302,CV_3970,-1,-1,-1,1,-1,0.00026061368312641647,0
8213,JOB_302,CV_469,-1,0,1,0,1,0.12824728097545876,0
8214,JOB_302,CV_1517,-1,0,0,1,1,0.11779695264608223,0
8215,JOB_302,CV_2961,-1,0,0,1,-1,0.025743514038269317,0
8216,JOB_302,CV_1682,-1,0,-1,1,-1,0.002859298785317209,0
8217,JOB_302,CV_3098,1,0,1,0,-1,0.40336398430354964,0
8218,JOB_302,CV_046,-1,-1,0,1,-1,0.002396402946724275,0
8219,JOB_302,CV_2392,-1,0,1,1,1,0.21814771844744296,0
8220,JOB_302,CV_2550,-1,0,-1,1,1,0.014283223220999536,0
8221,JOB_302,CV_388,-1,-1,-1,0,1,0.0006940787367398552,0
8222,JOB_302,CV_216,-1,0,1,0,-1,0.02828921519950765,0
8223,JOB_302,CV_1632,-1,-1,1,-1,-1,0.0015442935692705172,0
8224,JOB_302,CV_1742,-1,0,1,0,1,0.12824728097545876,0
8225,JOB_302,CV_3789,-1,-1,1,0,-1,0.002639631480061397,0
8226,JOB_302,CV_722,-1,0,-1,1,-1,0.002859298785317209,0
8227,JOB_302,CV_3663,-1,0,1,1,-1,0.05232559089768777,0
8228,JOB_302,CV_2039,-1,0,1,1,-1,0.05232559089768777,0
8229,JOB_302,CV_2574,-1,-1,-1,1,1,0.0013155570174856266,0
8230,JOB_302,CV_2369,-1,-1,1,1,-1,0.004994451571761179,0
8231,JOB_302,CV_477,-1,0,1,-1,-1,0.016728886119059285,0
8232,JOB_302,CV_1636,-1,0,1,0,-1,0.02828921519950765,0
8233,JOB_302,CV_1138,-1,0,1,1,-1,0.05232559089768777,0
8234,JOB_302,CV_1161,-1,0,1,1,-1,0.05232559089768777,0
8235,JOB_302,CV_028,-1,0,1,1,-1,0.05232559089768777,0
8236,JOB_302,CV_1618,-1,1,1,-1,-1,0.034672065104421654,0
8237,JOB_302,CV_263,-1,-1,1,1,-1,0.004994451571761179,0
8238,JOB_302,CV_3299,-1,0,-1,0,-1,0.0015096485596628858,0
8239,JOB_302,CV_2991,-1,0,1,1,-1,0.05232559089768777,0
8240,JOB_302,CV_1795,-1,0,-1,0,-1,0.0015096485596628858,0
8241,JOB_302,CV_1577,-1,0,-1,1,-1,0.002859298785317209,0
8242,JOB_302,CV_2913,-1,0,1,0,-1,0.02828921519950765,0
8243,JOB_302,CV_1036,-1,1,1,-1,1,0.15361803787121434,0
8244,JOB_302,CV_2436,-1,1,1,1,-1,0.10439562230127407,0
8245,JOB_302,CV_251,-1,-1,1,0,-1,0.002639631480061397,0
8246,JOB_302,CV_160,-1,0,-1,-1,1,0.004445064433151091,0
8247,JOB_302,CV_140,-1,-1,-1,1,-1,0.00026061368312641647,0
8248,JOB_302,CV_1961,-1,0,1,0,-1,0.02828921519950765,0
8249,JOB_302,CV_661,-1,0,-1,0,-1,0.0015096485596628858,0
8250,JOB_302,CV_999,-1,0,-1,1,-1,0.002859298785317209,0
8251,JOB_302,CV_3478,-1,0,1,0,1,0.12824728097545876,0
8252,JOB_302,CV_1860,1,0,0,1,-1,0.38027475032094427,0
8253,JOB_302,CV_040,-1,-1,-1,1,-1,0.00026061368312641647,0
8254,JOB_302,CV_392,-1,-1,-1,1,-1,0.00026061368312641647,0
8255,JOB_302,CV_1781,-1,0,-1,1,-1,0.002859298785317209,0
8256,JOB_302,CV_1325,-1,0,1,0,1,0.12824728097545876,0
8257,JOB_302,CV_2294,-1,0,0,0,-1,0.01374087676851104,0
8258,JOB_302,CV_3923,1,0,1,1,-1,0.5618280036801903,1
8259,JOB_302,CV_1252,-1,0,1,-1,-1,0.016728886119059285,0
8260,JOB_302,CV_3474,-1,0,1,1,-1,0.05232559089768777,0
8261,JOB_302,CV_137,-1,0,0,0,1,0.06577288027095901,0
8262,JOB_302,CV_3625,-1,0,-1,1,-1,0.002859298785317209,0
8263,JOB_302,CV_3051,-1,-1,1,1,-1,0.004994451571761179,0
8264,JOB_302,CV_1792,-1,0,1,1,-1,0.05232559089768777,0
8265,JOB_302,CV_665,-1,-1,1,0,-1,0.002639631480061397,0
8266,JOB_302,CV_618,-1,0,1,0,-1,0.02828921519950765,0
8267,JOB_302,CV_3757,-1,0,-1,1,-1,0.002859298785317209,0
8268,JOB_302,CV_2584,-1,0,-1,1,-1,0.002859298785317209,0
8269,JOB_302,CV_3455,-1,-1,-1,1,-1,0.00026061368312641647,0
8270,JOB_302,CV_601,-1,-1,1,0,1,0.013197522239432963,0
8271,JOB_302,CV_2752,-1,0,1,1,-1,0.05232559089768777,0
8272,JOB_302,CV_2555,-1,1,-1,0,1,0.01587322249542733,0
8273,JOB_302,CV_2478,-1,-1,1,1,-1,0.004994451571761179,0
8274,JOB_302,CV_2033,-1,-1,1,0,-1,0.002639631480061397,0
8275,JOB_302,CV_929,-1,-1,1,-1,1,0.0077551622213322515,0
8276,JOB_302,CV_2830,-1,0,0,0,-1,0.01374087676851104,0
8277,JOB_302,CV_2553,-1,-1,1,1,-1,0.004994451571761179,0
8278,JOB_302,CV_2977,-1,0,1,1,-1,0.05232559089768777,0
8279,JOB_302,CV_3176,-1,0,0,-1,-1,0.0080762834495878,0
8280,JOB_302,CV_1690,-1,0,0,1,1,0.11779695264608223,0
8281,JOB_302,CV_594,-1,-1,1,1,1,0.024737444512838436,0
8282,JOB_302,CV_1355,-1,0,-1,0,-1,0.0015096485596628858,0
8283,JOB_302,CV_1810,-1,0,-1,1,-1,0.002859298785317209,0
8284,JOB_302,CV_3547,-1,0,-1,1,-1,0.002859298785317209,0
8285,JOB_302,CV_2402,-1,0,0,0,1,0.06577288027095901,0
8286,JOB_302,CV_2476,-1,0,1,-1,1,0.07916723666250709,0
8287,JOB_302,CV_2672,-1,0,1,-1,-1,0.016728886119059285,0
8288,JOB_302,CV_3200,-1,0,1,1,-1,0.05232559089768777,0
8289,JOB_302,CV_2313,-1,0,-1,-1,-1,0.0008827918008007309,0
8290,JOB_302,CV_3719,-1,0,-1,0,-1,0.0015096485596628858,0
8291,JOB_302,CV_3636,-1,0,-1,-1,-1,0.0008827918008007309,0
8292,JOB_302,CV_788,-1,-1,-1,0,-1,0.00013742938756156384,0
8293,JOB_302,CV_3015,-1,0,0,1,-1,0.025743514038269317,0
8294,JOB_302,CV_2732,-1,0,-1,1,-1,0.002859298785317209,0
8295,JOB_302,CV_1633,-1,-1,1,1,-1,0.004994451571761179,0
8296,JOB_302,CV_1151,-1,0,-1,1,-1,0.002859298785317209,0
8297,JOB_302,CV_1241,-1,0,1,0,-1,0.02828921519950765,0
8298,JOB_302,CV_1480,-1,0,-1,0,-1,0.0015096485596628858,0
8299,JOB_302,CV_3094,-1,-1,-1,1,-1,0.00026061368312641647,0
8400,JOB_2808,CV_3015,-1,-1,0,-1,-1,0.0007396380664553713,0
8401,JOB_2808,CV_3429,-1,-1,-1,-1,-1,8.03182586734358e-05,0
8402,JOB_2808,CV_3543,-1,0,1,-1,-1,0.016728886119059285,0
8403,JOB_2808,CV_722,-1,0,-1,-1,-1,0.0008827918008007309,0
8404,JOB_2808,CV_046,-1,-1,0,-1,-1,0.0007396380664553713,0
8405,JOB_2808,CV_2392,-1,0,1,-1,-1,0.016728886119059285,0
8406,JOB_2808,CV_477,-1,0,1,-1,-1,0.016728886119059285,0
8407,JOB_2808,CV_3727,-1,-1,1,-1,-1,0.0015442935692705172,0
8408,JOB_2808,CV_538,-1,-1,1,-1,-1,0.0015442935692705172,0
8409,JOB_2808,CV_2550,-1,-1,-1,-1,-1,8.03182586734358e-05,0
8410,JOB_2808,CV_2239,-1,0,1,-1,-1,0.016728886119059285,0
8411,JOB_2808,CV_2402,-1,0,0,-1,-1,0.0080762834495878,0
8412,JOB_2808,CV_884,-1,0,-1,-1,-1,0.0008827918008007309,0
8413,JOB_2808,CV_433,-1,0,0,-1,-1,0.0080762834495878,0
8414,JOB_2808,CV_3657,-1,0,1,-1,-1,0.016728886119059285,0
8415,JOB_2808,CV_605,-1,-1,-1,-1,-1,8.03182586734358e-05,0
8416,JOB_2808,CV_2420,-1,0,0,-1,-1,0.0080762834495878,0
8417,JOB_2808,CV_3923,1,0,1,-1,-1,0.2832010598158251,0
8418,JOB_2808,CV_3094,-1,-1,-1,-1,-1,8.03182586734358e-05,0
8419,JOB_2808,CV_2574,-1,-1,-1,-1,-1,8.03182586734358e-05,0
8420,JOB_2808,CV_2379,-1,-1,1,-1,-1,0.0015442935692705172,0
8421,JOB_2808,CV_1161,-1,-1,1,-1,-1,0.0015442935692705172,0
8422,JOB_2808,CV_2732,-1,-1,-1,-1,-1,8.03182586734358e-05,0
8423,JOB_2808,CV_3970,-1,0,-1,-1,-1,0.0008827918008007309,0
8424,JOB_2808,CV_1224,-1,0,-1,-1,-1,0.0008827918008007309,0
8425,JOB_2808,CV_2553,-1,0,1,-1,-1,0.016728886119059285,0
8426,JOB_2808,CV_3145,-1,-1,1,-1,-1,0.0015442935692705172,0
8427,JOB_2808,CV_2492,-1,0,1,-1,-1,0.016728886119059285,0
8428,JOB_2808,CV_3949,-1,0,1,-1,-1,0.016728886119059285,0
8429,JOB_2808,CV_2752,-1,-1,1,-1,-1,0.0015442935692705172,0
8430,JOB_2808,CV_869,-1,0,-1,-1,-1,0.0008827918008007309,0
8431,JOB_2808,CV_2253,-1,0,1,-1,-1,0.016728886119059285,0
8432,JOB_2808,CV_3757,-1,0,-1,-1,-1,0.0008827918008007309,0
8433,JOB_2808,CV_137,-1,0,0,-1,-1,0.0080762834495878,0
8434,JOB_2808,CV_2038,-1,1,-1,-1,-1,0.0018618453328126804,0
8435,JOB_2808,CV_1742,-1,0,1,-1,-1,0.016728886119059285,0
8436,JOB_2808,CV_1687,-1,-1,1,-1,-1,0.0015442935692705172,0
8437,JOB_2808,CV_2992,-1,-1,-1,-1,-1,8.03182586734358e-05,0
8438,JOB_2808,CV_3474,-1,0,1,-1,-1,0.016728886119059285,0
8439,JOB_2808,CV_1068,-1,0,-1,-1,-1,0.0008827918008007309,0
8440,JOB_2808,CV_1963,-1,0,0,-1,-1,0.0080762834495878,0
8441,JOB_2808,CV_3722,-1,0,-1,-1,-1,0.0008827918008007309,0
8442,JOB_2808,CV_634,-1,-1,-1,-1,-1,8.03182586734358e-05,0
8443,JOB_2808,CV_2953,-1,0,1,-1,-1,0.016728886119059285,0
8444,JOB_2808,CV_251,-1,0,1,-1,-1,0.016728886119059285,0
8445,JOB_2808,CV_1844,-1,-1,1,-1,1,0.0077551622213322515,0
8446,JOB_2808,CV_2723,-1,-1,-1,-1,-1,8.03182586734358e-05,0
8447,JOB_2808,CV_2615,-1,0,-1,-1,-1,0.0008827918008007309,0
8448,JOB_2808,CV_1070,-1,0,1,-1,-1,0.016728886119059285,0
8449,JOB_2808,CV_611,-1,-1,-1,-1,-1,8.03182586734358e-05,0
8450,JOB_2808,CV_1803,-1,0,-1,-1,-1,0.0008827918008007309,0
8451,JOB_2808,CV_080,-1,0,1,-1,-1,0.016728886119059285,0
8452,JOB_2808,CV_2869,-1,0,-1,-1,-1,0.0008827918008007309,0
8453,JOB_2808,CV_263,-1,1,1,-1,-1,0.034672065104421654,0
8454,JOB_2808,CV_1231,-1,0,1,-1,-1,0.016728886119059285,0
8455,JOB_2808,CV_337,-1,0,-1,-1,-1,0.0008827918008007309,0
8456,JOB_2808,CV_2961,-1,0,0,-1,-1,0.0080762834495878,0
8457,JOB_2808,CV_3789,-1,0,1,-1,-1,0.016728886119059285,0
8458,JOB_2808,CV_3200,-1,0,1,-1,-1,0.016728886119059285,0
8459,JOB_2808,CV_1355,-1,-1,-1,-1,-1,8.03182586734358e-05,0
8460,JOB_2808,CV_1961,-1,0,1,-1,-1,0.016728886119059285,0
8461,JOB_2808,CV_3636,-1,-1,-1,-1,-1,8.03182586734358e-05,0
8462,JOB_2808,CV_2177,-1,0,1,-1,-1,0.016728886119059285,0
8463,JOB_2808,CV_1325,-1,1,1,-1,-1,0.034672065104421654,0
8464,JOB_2808,CV_813,-1,1,1,-1,-1,0.034672065104421654,0
8465,JOB_2808,CV_1015,-1,-1,0,-1,-1,0.0007396380664553713,0
8466,JOB_2808,CV_040,-1,-1,-1,-1,-1,8.03182586734358e-05,0
8467,JOB_2808,CV_879,-1,-1,1,-1,-1,0.0015442935692705172,0
8468,JOB_2808,CV_2596,-1,-1,-1,-1,-1,8.03182586734358e-05,0
8469,JOB_2808,CV_2445,-1,-1,-1,-1,-1,8.03182586734358e-05,0
8470,JOB_2808,CV_1807,-1,-1,1,-1,-1,0.0015442935692705172,0
8471,JOB_2808,CV_1632,-1,0,1,-1,-1,0.016728886119059285,0
8472,JOB_2808,CV_2489,-1,-1,0,-1,-1,0.0007396380664553713,0
8473,JOB_2808,CV_1993,-1,0,-1,-1,-1,0.0008827918008007309,0
8474,JOB_2808,CV_2979,-1,0,1,-1,-1,0.016728886119059285,0
8475,JOB_2808,CV_2415,-1,-1,1,-1,-1,0.0015442935692705172,0
8476,JOB_2808,CV_601,-1,0,1,-1,-1,0.016728886119059285,0
8477,JOB_2808,CV_924,-1,0,1,-1,-1,0.016728886119059285,0
8478,JOB_2808,CV_2672,-1,0,1,-1,1,0.07916723666250709,0
8479,JOB_2808,CV_1085,-1,0,-1,-1,-1,0.0008827918008007309,0
8480,JOB_2808,CV_3500,-1,0,1,-1,-1,0.016728886119059285,0
8481,JOB_2808,CV_028,-1,0,1,-1,1,0.07916723666250709,0
8482,JOB_2808,CV_3478,-1,0,1,-1,-1,0.016728886119059285,0
8483,JOB_2808,CV_2166,-1,0,-1,-1,-1,0.0008827918008007309,0
8484,JOB_2808,CV_1639,-1,-1,1,-1,-1,0.0015442935692705172,0
8485,JOB_2808,CV_3685,-1,0,-1,-1,-1,0.0008827918008007309,0
8486,JOB_2808,CV_1792,-1,0,1,-1,-1,0.016728886119059285,0
8487,JOB_2808,CV_3744,-1,-1,1,-1,1,0.0077551622213322515,0
8488,JOB_2808,CV_1480,-1,-1,-1,-1,-1,8.03182586734358e-05,0
8489,JOB_2808,CV_469,-1,0,1,-1,-1,0.016728886119059285,0
8490,JOB_2808,CV_3670,-1,0,-1,-1,-1,0.0008827918008007309,0
8491,JOB_2808,CV_3753,-1,0,-1,-1,-1,0.0008827918008007309,0
8492,JOB_2808,CV_1151,-1,-1,-1,-1,-1,8.03182586734358e-05,0
8493,JOB_2808,CV_3051,-1,0,1,-1,-1,0.016728886119059285,0
8494,JOB_2808,CV_2015,-1,0,0,-1,-1,0.0080762834495878,0
8495,JOB_2808,CV_1494,-1,0,1,-1,-1,0.016728886119059285,0
8496,JOB_2808,CV_1287,1,0,1,-1,-1,0.2832010598158251,0
8497,JOB_2808,CV_3663,-1,-1,1,-1,-1,0.0015442935692705172,0
8498,JOB_2808,CV_1138,-1,-1,1,-1,-1,0.0015442935692705172,0
8499,JOB_2808,CV_1122,-1,0,1,-1,-1,0.016728886119059285,0
8500,JOB_10337,CV_3176,-1,0,0,-1,-1,0.0080762834495878,0
8501,JOB_10337,CV_2979,-1,0,1,0,-1,0.02828921519950765,0
8502,JOB_10337,CV_2207,-1,-1,1,0,-1,0.002639631480061397,0
8503,JOB_10337,CV_2877,-1,0,1,0,-1,0.02828921519950765,0
8504,JOB_10337,CV_2313,-1,0,-1,-1,1,0.004445064433151091,0
8505,JOB_10337,CV_046,-1,-1,0,0,-1,0.0012649722795961807,0
8506,JOB_10337,CV_2166,-1,-1,-1,0,-1,0.00013742938756156384,0
8507,JOB_10337,CV_1494,-1,0,1,0,1,0.12824728097545876,0
8508,JOB_10337,CV_3945,-1,-1,0,0,-1,0.0012649722795961807,0
8509,JOB_10337,CV_618,-1,1,1,0,1,0.23697590875267444,0
8510,JOB_10337,CV_272,-1,0,-1,0,1,0.007582239379063284,0
8511,JOB_10337,CV_028,-1,0,1,0,-1,0.02828921519950765,0
8512,JOB_10337,CV_813,-1,0,1,-1,1,0.07916723666250709,0
8513,JOB_10337,CV_1844,-1,0,1,0,-1,0.02828921519950765,0
8514,JOB_10337,CV_2537,-1,-1,1,0,-1,0.002639631480061397,0
8515,JOB_10337,CV_2380,-1,0,1,0,-1,0.02828921519950765,0
8516,JOB_10337,CV_2015,-1,0,0,-1,-1,0.0080762834495878,0
8517,JOB_10337,CV_3710,-1,0,1,0,-1,0.02828921519950765,0
8518,JOB_10337,CV_085,-1,0,1,0,-1,0.02828921519950765,0
8519,JOB_10337,CV_2991,-1,-1,1,1,1,0.024737444512838436,0
8520,JOB_10337,CV_388,-1,0,-1,-1,-1,0.0008827918008007309,0
8521,JOB_10337,CV_1639,-1,-1,1,0,-1,0.002639631480061397,0
8522,JOB_10337,CV_116,-1,0,-1,0,-1,0.0015096485596628858,0
8523,JOB_10337,CV_421,-1,0,0,0,-1,0.01374087676851104,0
8524,JOB_10337,CV_140,-1,-1,-1,0,1,0.0006940787367398552,0
8525,JOB_10337,CV_2445,-1,-1,-1,0,1,0.0006940787367398552,0
8526,JOB_10337,CV_1085,-1,0,-1,0,1,0.007582239379063284,0
8527,JOB_10337,CV_665,-1,-1,1,0,-1,0.002639631480061397,0
8528,JOB_10337,CV_532,-1,0,1,0,-1,0.02828921519950765,0
8529,JOB_10337,CV_3133,-1,0,-1,0,1,0.007582239379063284,0
8530,JOB_10337,CV_1138,-1,0,1,0,-1,0.02828921519950765,0
8531,JOB_10337,CV_3200,-1,0,1,0,1,0.12824728097545876,0
8532,JOB_10337,CV_1993,-1,0,-1,0,-1,0.0015096485596628858,0
8533,JOB_10337,CV_884,-1,-1,-1,0,-1,0.00013742938756156384,0
8534,JOB_10337,CV_2478,-1,-1,1,0,1,0.013197522239432963,0
8535,JOB_10337,CV_3299,-1,0,-1,0,1,0.007582239379063284,0
8536,JOB_10337,CV_3051,-1,-1,1,0,-1,0.002639631480061397,0
8537,JOB_10337,CV_2913,-1,0,1,0,1,0.12824728097545876,0
8538,JOB_10337,CV_2385,-1,0,-1,0,1,0.007582239379063284,0
8539,JOB_10337,CV_3098,1,0,1,0,-1,0.40336398430354964,0
8540,JOB_10337,CV_3625,-1,0,-1,0,1,0.007582239379063284,0
8541,JOB_10337,CV_176,-1,0,-1,0,1,0.007582239379063284,0
8542,JOB_10337,CV_3949,-1,-1,1,1,1,0.024737444512838436,0
8543,JOB_10337,CV_2492,-1,1,1,0,-1,0.05790168407977278,0
8544,JOB_10337,CV_1682,-1,-1,-1,0,-1,0.00013742938756156384,0
8545,JOB_10337,CV_2402,-1,0,0,0,-1,0.01374087676851104,0
8546,JOB_10337,CV_2033,-1,-1,1,0,1,0.013197522239432963,0
8547,JOB_10337,CV_3090,-1,0,1,0,-1,0.02828921519950765,0
8548,JOB_10337,CV_999,-1,0,-1,0,-1,0.0015096485596628858,0
8549,JOB_10337,CV_2718,-1,-1,0,0,-1,0.0012649722795961807,0
8550,JOB_10337,CV_278,-1,0,1,0,-1,0.02828921519950765,0
8551,JOB_10337,CV_3414,-1,0,-1,0,-1,0.0015096485596628858,0
8552,JOB_10337,CV_2672,-1,0,1,-1,-1,0.016728886119059285,0
8553,JOB_10337,CV_296,-1,0,0,0,-1,0.01374087676851104,0
8554,JOB_10337,CV_2574,-1,-1,-1,0,-1,0.00013742938756156384,0
8555,JOB_10337,CV_3792,-1,0,0,-1,-1,0.0080762834495878,0
8556,JOB_10337,CV_2553,-1,0,1,0,-1,0.02828921519950765,0
8557,JOB_10337,CV_2356,-1,0,-1,0,-1,0.0015096485596628858,0
8558,JOB_10337,CV_2420,-1,0,0,0,-1,0.01374087676851104,0
8559,JOB_10337,CV_2327,-1,0,-1,0,-1,0.0015096485596628858,0
8560,JOB_10337,CV_2723,-1,-1,-1,0,1,0.0006940787367398552,0
8561,JOB_10337,CV_1224,-1,0,-1,0,1,0.007582239379063284,0
8562,JOB_10337,CV_2579,-1,0,-1,0,1,0.007582239379063284,0
8563,JOB_10337,CV_1803,-1,0,-1,0,1,0.007582239379063284,0
8564,JOB_10337,CV_1636,-1,0,1,0,-1,0.02828921519950765,0
8565,JOB_10337,CV_2369,-1,0,1,1,-1,0.05232559089768777,0
8566,JOB_10337,CV_1090,-1,0,-1,0,-1,0.0015096485596628858,0
8567,JOB_10337,CV_1241,-1,0,1,0,-1,0.02828921519950765,0
8568,JOB_10337,CV_3173,-1,0,1,1,-1,0.05232559089768777,0
8569,JOB_10337,CV_594,-1,-1,1,0,-1,0.002639631480061397,0
8570,JOB_10337,CV_3733,-1,0,-1,0,-1,0.0015096485596628858,0
8571,JOB_10337,CV_3727,-1,-1,1,0,1,0.013197522239432963,0
8572,JOB_10337,CV_1252,-1,0,1,1,1,0.21814771844744296,0
8573,JOB_10337,CV_2157,-1,0,-1,-1,1,0.004445064433151091,0
8574,JOB_10337,CV_1245,-1,-1,1,0,-1,0.002639631480061397,0
8575,JOB_10337,CV_1078,1,0,-1,1,1,0.2517738988092962,0
8576,JOB_10337,CV_3791,1,0,1,0,1,0.7735671682621211,1
8577,JOB_10337,CV_2977,-1,0,1,0,-1,0.02828921519950765,0
8578,JOB_10337,CV_929,-1,0,1,-1,-1,0.016728886119059285,0
8579,JOB_10337,CV_1632,-1,0,1,-1,-1,0.016728886119059285,0
8580,JOB_10337,CV_1534,-1,0,-1,0,1,0.007582239379063284,0
8581,JOB_10337,CV_1172,-1,0,1,-1,1,0.07916723666250709,0
8582,JOB_10337,CV_1860,1,1,0,0,-1,0.4058326932096575,0
8583,JOB_10337,CV_2830,-1,-1,0,0,1,0.006359616677526063,0
8584,JOB_10337,CV_3923,1,-1,1,0,1,0.23697590875267452,0
8585,JOB_10337,CV_1739,-1,-1,0,0,1,0.006359616677526063,0
8586,JOB_10337,CV_2596,-1,-1,-1,-1,-1,8.03182586734358e-05,0
8587,JOB_10337,CV_1618,-1,1,1,-1,-1,0.034672065104421654,0
8588,JOB_10337,CV_2732,-1,0,-1,0,-1,0.0015096485596628858,0
8589,JOB_10337,CV_481,-1,0,-1,0,1,0.007582239379063284,0
8590,JOB_10337,CV_3547,-1,0,-1,0,-1,0.0015096485596628858,0
8591,JOB_10337,CV_622,-1,-1,0,0,-1,0.0012649722795961807,0
8592,JOB_10337,CV_1881,-1,0,0,-1,-1,0.0080762834495878,0
8593,JOB_10337,CV_1151,-1,-1,-1,0,-1,0.00013742938756156384,0
8594,JOB_10337,CV_2392,-1,-1,1,0,-1,0.002639631480061397,0
8595,JOB_10337,CV_1961,-1,0,1,0,1,0.12824728097545876,0
8596,JOB_10337,CV_3039,-1,1,1,0,-1,0.05790168407977278,0
8597,JOB_10337,CV_2495,-1,0,-1,0,1,0.007582239379063284,0
8598,JOB_10337,CV_2365,-1,0,0,0,-1,0.01374087676851104,0
8599,JOB_10337,CV_1633,-1,-1,1,0,-1,0.002639631480061397,0
8600,JOB_8997,CV_1807,-1,0,1,1,1,0.21814771844744296,0
8601,JOB_8997,CV_631,-1,0,1,1,-1,0.05232559089768777,0
8602,JOB_8997,CV_640,-1,1,1,1,1,0.3706850697644348,0
8603,JOB_8997,CV_1636,-1,1,1,0,-1,0.05790168407977278,0
8604,JOB_8997,CV_3970,-1,0,-1,-1,1,0.004445064433151091,0
8605,JOB_8997,CV_2380,-1,1,1,0,-1,0.05790168407977278,0
8606,JOB_8997,CV_3181,-1,1,1,0,1,0.23697590875267444,0
8607,JOB_8997,CV_1961,-1,0,1,0,1,0.12824728097545876,0
8608,JOB_8997,CV_3500,-1,0,1,0,1,0.12824728097545876,0
8609,JOB_8997,CV_2294,-1,1,0,0,-1,0.028572286214813686,0
8610,JOB_8997,CV_1517,-1,1,0,1,-1,0.05283609976798728,0
8611,JOB_8997,CV_1860,-1,1,0,1,-1,0.05283609976798728,0
8612,JOB_8997,CV_3753,-1,1,-1,1,-1,0.006017180859498359,0
8613,JOB_8997,CV_3962,-1,1,-1,0,1,0.01587322249542733,0
8614,JOB_8997,CV_187,-1,0,1,1,-1,0.05232559089768777,0
8615,JOB_8997,CV_3625,-1,1,-1,1,1,0.029682404125509716,0
8616,JOB_8997,CV_601,-1,1,1,0,-1,0.05790168407977278,0
8617,JOB_8997,CV_2584,-1,1,-1,1,1,0.029682404125509716,0
8618,JOB_8997,CV_2166,-1,0,-1,0,-1,0.0015096485596628858,0
8619,JOB_8997,CV_3547,-1,1,-1,1,-1,0.006017180859498359,0
8620,JOB_8997,CV_605,-1,-1,-1,1,-1,0.00026061368312641647,0
8621,JOB_8997,CV_1739,-1,0,0,1,1,0.11779695264608223,0
8622,JOB_8997,CV_3039,-1,1,1,1,-1,0.10439562230127407,0
8623,JOB_8997,CV_2038,-1,1,-1,-1,1,0.009337905367753526,0
8624,JOB_8997,CV_3738,-1,1,1,0,-1,0.05790168407977278,0
8625,JOB_8997,CV_2953,-1,1,1,-1,1,0.15361803787121434,0
8626,JOB_8997,CV_1231,-1,1,1,-1,-1,0.034672065104421654,0
8627,JOB_8997,CV_1795,-1,0,-1,0,1,0.007582239379063284,0
8628,JOB_8997,CV_3075,-1,1,-1,1,-1,0.006017180859498359,0
8629,JOB_8997,CV_2402,-1,0,0,0,-1,0.01374087676851104,0
8630,JOB_8997,CV_3727,-1,0,1,1,1,0.21814771844744296,0
8631,JOB_8997,CV_3094,-1,0,-1,1,-1,0.002859298785317209,0
8632,JOB_8997,CV_2769,-1,0,0,1,1,0.11779695264608223,0
8633,JOB_8997,CV_1019,-1,1,-1,1,1,0.029682404125509716,0
8634,JOB_8997,CV_2977,-1,1,1,1,-1,0.10439562230127407,0
8635,JOB_8997,CV_3636,-1,1,-1,-1,-1,0.0018618453328126804,0
8636,JOB_8997,CV_3670,-1,1,-1,1,1,0.029682404125509716,0
8637,JOB_8997,CV_3663,-1,1,1,-1,-1,0.034672065104421654,0
8638,JOB_8997,CV_1687,-1,1,1,1,-1,0.10439562230127407,0
8639,JOB_8997,CV_1031,-1,1,1,1,1,0.3706850697644348,0
8640,JOB_8997,CV_2991,-1,1,1,0,1,0.23697590875267444,0
8641,JOB_8997,CV_3546,-1,1,-1,-1,-1,0.0018618453328126804,0
8642,JOB_8997,CV_1993,-1,1,-1,1,-1,0.006017180859498359,0
8643,JOB_8997,CV_618,-1,1,1,0,1,0.23697590875267444,0
8644,JOB_8997,CV_3133,-1,0,-1,1,1,0.014283223220999536,0
8645,JOB_8997,CV_1015,-1,1,0,0,1,0.1293973718407125,0
8646,JOB_8997,CV_2313,-1,1,-1,-1,1,0.009337905367753526,0
8647,JOB_8997,CV_2718,-1,0,0,1,-1,0.025743514038269317,0
8648,JOB_8997,CV_1224,-1,0,-1,1,1,0.014283223220999536,0
8649,JOB_8997,CV_1090,-1,1,-1,1,-1,0.006017180859498359,0
8650,JOB_8997,CV_251,-1,0,1,0,-1,0.02828921519950765,0
8651,JOB_8997,CV_1309,-1,0,-1,0,-1,0.0015096485596628858,0
8652,JOB_8997,CV_2965,-1,0,1,1,-1,0.05232559089768777,0
8653,JOB_8997,CV_046,-1,0,0,1,-1,0.025743514038269317,0
8654,JOB_8997,CV_1898,-1,1,1,1,1,0.3706850697644348,0
8655,JOB_8997,CV_3093,-1,0,-1,-1,-1,0.0008827918008007309,0
8656,JOB_8997,CV_3197,-1,1,1,0,1,0.23697590875267444,0
8657,JOB_8997,CV_1241,-1,1,1,0,-1,0.05790168407977278,0
8658,JOB_8997,CV_3563,-1,1,-1,1,1,0.029682404125509716,0
8659,JOB_8997,CV_137,-1,1,0,0,-1,0.028572286214813686,0
8660,JOB_8997,CV_2495,-1,1,-1,1,1,0.029682404125509716,0
8661,JOB_8997,CV_3949,-1,1,1,-1,1,0.15361803787121434,0
8662,JOB_8997,CV_1036,-1,1,1,-1,-1,0.034672065104421654,0
8663,JOB_8997,CV_1078,-1,1,-1,-1,1,0.009337905367753526,0
8664,JOB_8997,CV_3543,-1,1,1,1,-1,0.10439562230127407,0
8665,JOB_8997,CV_924,-1,1,1,-1,1,0.15361803787121434,0
8666,JOB_8997,CV_2366,-1,1,1,1,-1,0.10439562230127407,0
8667,JOB_8997,CV_2992,-1,1,-1,1,-1,0.006017180859498359,0
8668,JOB_8997,CV_1781,-1,1,-1,1,1,0.029682404125509716,0
8669,JOB_8997,CV_2752,-1,1,1,1,-1,0.10439562230127407,0
8670,JOB_8997,CV_2369,-1,0,1,1,-1,0.05232559089768777,0
8671,JOB_8997,CV_1138,-1,1,1,1,-1,0.10439562230127407,0
8672,JOB_8997,CV_3733,-1,1,-1,0,-1,0.003181698906503991,0
8673,JOB_8997,CV_337,-1,1,-1,1,1,0.029682404125509716,0
8674,JOB_8997,CV_1810,-1,1,-1,1,1,0.029682404125509716,0
8675,JOB_8997,CV_2478,-1,0,1,1,1,0.21814771844744296,0
8676,JOB_8997,CV_2327,-1,1,-1,1,-1,0.006017180859498359,0
8677,JOB_8997,CV_1355,-1,1,-1,0,-1,0.003181698906503991,0
8678,JOB_8997,CV_1161,-1,1,1,1,-1,0.10439562230127407,0
8679,JOB_8997,CV_3791,-1,1,1,1,1,0.3706850697644348,0
8680,JOB_8997,CV_1639,-1,0,1,0,-1,0.02828921519950765,0
8681,JOB_8997,CV_3200,-1,0,1,1,1,0.21814771844744296,0
8682,JOB_8997,CV_722,-1,1,-1,1,1,0.029682404125509716,0
8683,JOB_8997,CV_3744,-1,0,1,-1,-1,0.016728886119059285,0
8684,JOB_8997,CV_2913,-1,0,1,1,1,0.21814771844744296,0
8685,JOB_8997,CV_634,-1,1,-1,0,-1,0.003181698906503991,0
8686,JOB_8997,CV_1881,-1,1,0,-1,-1,0.01689829239252925,0
8687,JOB_8997,CV_2749,-1,1,0,1,-1,0.05283609976798728,0
8688,JOB_8997,CV_1070,-1,1,1,1,-1,0.10439562230127407,0
8689,JOB_8997,CV_1534,-1,0,-1,1,1,0.014283223220999536,0
8690,JOB_8997,CV_813,-1,1,1,-1,1,0.15361803787121434,0
8691,JOB_8997,CV_2579,-1,0,-1,1,1,0.014283223220999536,0
8692,JOB_8997,CV_1252,-1,1,1,-1,1,0.15361803787121434,0
8693,JOB_8997,CV_1068,-1,0,-1,1,-1,0.002859298785317209,0
8694,JOB_8997,CV_877,-1,1,1,0,-1,0.05790168407977278,0
8695,JOB_8997,CV_1494,-1,1,1,0,1,0.23697590875267444,0
8696,JOB_8997,CV_1122,-1,0,1,0,-1,0.02828921519950765,0
8697,JOB_8997,CV_2672,-1,1,1,-1,-1,0.034672065104421654,0
8698,JOB_8997,CV_116,-1,0,-1,1,-1,0.002859298785317209,0
8699,JOB_8997,CV_246,-1,1,-1,1,-1,0.006017180859498359,0
8900,JOB_8858,CV_3744,-1,-1,0,-1,-1,0.0007396380664553713,0
8901,JOB_8858,CV_640,-1,0,0,-1,1,0.03951787161985485,0
8902,JOB_8858,CV_3075,-1,0,0,-1,-1,0.0080762834495878,0
8903,JOB_8858,CV_2579,-1,0,0,-1,1,0.03951787161985485,0
8904,JOB_8858,CV_481,-1,0,0,-1,1,0.03951787161985485,0
8905,JOB_8858,CV_2991,-1,0,0,-1,1,0.03951787161985485,0
8906,JOB_8858,CV_3039,-1,0,0,1,-1,0.025743514038269317,0
8907,JOB_8858,CV_2830,-1,0,1,-1,1,0.07916723666250709,0
8908,JOB_8858,CV_1751,-1,0,0,-1,-1,0.0080762834495878,0
8909,JOB_8858,CV_505,-1,0,0,-1,-1,0.0080762834495878,0
8910,JOB_8858,CV_2489,-1,0,1,-1,1,0.07916723666250709,0
8911,JOB_8858,CV_2858,-1,0,0,-1,-1,0.0080762834495878,0
8912,JOB_8858,CV_2752,-1,0,0,-1,-1,0.0080762834495878,0
8913,JOB_8858,CV_2039,-1,0,0,-1,-1,0.0080762834495878,0
8914,JOB_8858,CV_2402,-1,0,1,-1,-1,0.016728886119059285,0
8915,JOB_8858,CV_187,-1,-1,0,-1,-1,0.0007396380664553713,0
8916,JOB_8858,CV_433,-1,0,1,-1,-1,0.016728886119059285,0
8917,JOB_8858,CV_233,-1,0,0,-1,-1,0.0080762834495878,0
8918,JOB_8858,CV_216,-1,0,0,-1,1,0.03951787161985485,0
8919,JOB_8858,CV_1070,-1,1,0,-1,-1,0.01689829239252925,0
8920,JOB_8858,CV_1961,-1,0,0,-1,1,0.03951787161985485,0
8921,JOB_8858,CV_1742,-1,0,0,-1,-1,0.0080762834495878,0
8922,JOB_8858,CV_469,-1,0,0,-1,-1,0.0080762834495878,0
8923,JOB_8858,CV_1015,-1,0,1,-1,1,0.07916723666250709,0
8924,JOB_8858,CV_884,-1,0,0,-1,-1,0.0080762834495878,0
8925,JOB_8858,CV_1151,-1,0,0,-1,-1,0.0080762834495878,0
8926,JOB_8858,CV_1480,-1,0,0,-1,1,0.03951787161985485,0
8927,JOB_8858,CV_532,-1,0,0,-1,-1,0.0080762834495878,0
8928,JOB_8858,CV_1325,-1,0,0,-1,-1,0.0080762834495878,0
8929,JOB_8858,CV_1793,-1,0,0,-1,1,0.03951787161985485,0
8930,JOB_8858,CV_080,-1,0,0,-1,1,0.03951787161985485,0
8931,JOB_8858,CV_3757,-1,0,0,-1,-1,0.0080762834495878,0
8932,JOB_8858,CV_2913,-1,0,0,-1,1,0.03951787161985485,0
8933,JOB_8858,CV_1807,-1,0,0,-1,1,0.03951787161985485,0
8934,JOB_8858,CV_160,-1,0,0,-1,-1,0.0080762834495878,0
8935,JOB_8858,CV_964,-1,0,0,-1,-1,0.0080762834495878,0
8936,JOB_8858,CV_2615,-1,1,0,-1,1,0.07991753891832785,0
8937,JOB_8858,CV_879,-1,0,0,-1,-1,0.0080762834495878,0
8938,JOB_8858,CV_1224,-1,0,0,-1,1,0.03951787161985485,0
8939,JOB_8858,CV_3088,-1,0,0,-1,1,0.03951787161985485,0
8940,JOB_8858,CV_2157,-1,0,0,-1,1,0.03951787161985485,0
8941,JOB_8858,CV_085,-1,0,0,-1,-1,0.0080762834495878,0
8942,JOB_8858,CV_618,-1,1,0,-1,1,0.07991753891832785,0
8943,JOB_8858,CV_2733,-1,0,0,-1,-1,0.0080762834495878,0
8944,JOB_8858,CV_2638,-1,1,0,-1,1,0.07991753891832785,0
8945,JOB_8858,CV_877,-1,0,0,-1,-1,0.0080762834495878,0
8946,JOB_8858,CV_1792,-1,0,0,-1,-1,0.0080762834495878,0
8947,JOB_8858,CV_3727,-1,-1,0,-1,1,0.0037264061914744602,0
8948,JOB_8858,CV_813,-1,0,0,-1,1,0.03951787161985485,0
8949,JOB_8858,CV_2574,-1,-1,0,-1,-1,0.0007396380664553713,0
8950,JOB_8858,CV_1618,-1,1,0,-1,-1,0.01689829239252925,0
8951,JOB_8858,CV_3197,-1,0,0,-1,1,0.03951787161985485,0
8952,JOB_8858,CV_2239,-1,0,0,-1,1,0.03951787161985485,0
8953,JOB_8858,CV_2392,-1,0,0,-1,-1,0.0080762834495878,0
8954,JOB_8858,CV_272,-1,0,0,-1,1,0.03951787161985485,0
8955,JOB_8858,CV_2327,-1,0,0,-1,-1,0.0080762834495878,0
8956,JOB_8858,CV_3051,-1,-1,0,-1,-1,0.0007396380664553713,0
8957,JOB_8858,CV_3200,-1,0,0,-1,1,0.03951787161985485,0
8958,JOB_8858,CV_3791,-1,0,0,-1,1,0.03951787161985485,0
8959,JOB_8858,CV_2015,-1,0,1,-1,-1,0.016728886119059285,0
8960,JOB_8858,CV_2977,-1,0,0,-1,-1,0.0080762834495878,0
8961,JOB_8858,CV_040,-1,-1,0,-1,-1,0.0007396380664553713,0
8962,JOB_8858,CV_2979,-1,0,0,-1,-1,0.0080762834495878,0
8963,JOB_8858,CV_1844,-1,0,0,-1,-1,0.0080762834495878,0
8964,JOB_8858,CV_137,-1,0,1,-1,-1,0.016728886119059285,0
8965,JOB_8858,CV_2541,-1,0,0,-1,-1,0.0080762834495878,0
8966,JOB_8858,CV_2415,-1,-1,0,-1,-1,0.0007396380664553713,0
8967,JOB_8858,CV_3949,-1,0,0,-1,1,0.03951787161985485,0
8968,JOB_8858,CV_3181,-1,0,0,-1,1,0.03951787161985485,0
8969,JOB_8858,CV_3647,-1,-1,0,-1,-1,0.0007396380664553713,0
8970,JOB_8858,CV_999,-1,0,0,-1,-1,0.0080762834495878,0
8971,JOB_8858,CV_3478,-1,0,0,-1,-1,0.0080762834495878,0
8972,JOB_8858,CV_3722,-1,0,0,-1,-1,0.0080762834495878,0
8973,JOB_8858,CV_1682,-1,0,0,-1,-1,0.0080762834495878,0
8974,JOB_8858,CV_1231,-1,1,0,-1,-1,0.01689829239252925,0
8975,JOB_8858,CV_2313,-1,0,0,-1,1,0.03951787161985485,0
8976,JOB_8858,CV_1245,-1,0,0,-1,-1,0.0080762834495878,0
8977,JOB_8858,CV_1287,-1,0,0,-1,1,0.03951787161985485,0
8978,JOB_8858,CV_1085,-1,0,0,-1,1,0.03951787161985485,0
8979,JOB_8858,CV_1795,-1,0,0,-1,1,0.03951787161985485,0
8980,JOB_8858,CV_2385,-1,0,0,-1,1,0.03951787161985485,0
8981,JOB_8858,CV_3657,-1,0,0,-1,-1,0.0080762834495878,0
8982,JOB_8858,CV_2658,-1,0,0,-1,-1,0.0080762834495878,0
8983,JOB_8858,CV_1534,-1,0,0,-1,1,0.03951787161985485,0
8984,JOB_8858,CV_1577,-1,0,0,-1,-1,0.0080762834495878,0
8985,JOB_8858,CV_046,-1,-1,1,-1,-1,0.0015442935692705172,0
8986,JOB_8858,CV_869,-1,0,0,-1,-1,0.0080762834495878,0
8987,JOB_8858,CV_1517,-1,1,1,-1,-1,0.034672065104421654,0
8988,JOB_8858,CV_2877,-1,-1,0,-1,-1,0.0007396380664553713,0
8989,JOB_8858,CV_1633,-1,0,0,-1,-1,0.0080762834495878,0
8990,JOB_8858,CV_2992,-1,0,0,-1,-1,0.0080762834495878,0
8991,JOB_8858,CV_3533,-1,0,0,-1,-1,0.0080762834495878,0
8992,JOB_8858,CV_2769,-1,0,1,-1,1,0.07916723666250709,0
8993,JOB_8858,CV_1036,-1,1,0,-1,-1,0.01689829239252925,0
8994,JOB_8858,CV_1380,-1,0,0,-1,1,0.03951787161985485,0
8995,JOB_8858,CV_3284,-1,0,0,-1,-1,0.0080762834495878,0
8996,JOB_8858,CV_3133,-1,0,0,-1,1,0.03951787161985485,0
8997,JOB_8858,CV_605,-1,-1,0,-1,-1,0.0007396380664553713,0
8998,JOB_8858,CV_3176,-1,0,1,-1,-1,0.016728886119059285,0
8999,JOB_8858,CV_2441,-1,0,0,-1,-1,0.0080762834495878,0
9000,JOB_5695,CV_1781,-1,0,-1,-1,-1,0.0008827918008007309,0
9001,JOB_5695,CV_433,-1,0,0,-1,-1,0.0080762834495878,0
9002,JOB_5695,CV_140,-1,0,-1,-1,-1,0.0008827918008007309,0
9003,JOB_5695,CV_2445,-1,-1,-1,-1,-1,8.03182586734358e-05,0
9004,JOB_5695,CV_3753,-1,0,-1,-1,-1,0.0008827918008007309,0
9005,JOB_5695,CV_116,-1,-1,-1,-1,-1,8.03182586734358e-05,0
9006,JOB_5695,CV_2436,-1,0,1,-1,-1,0.016728886119059285,0
9007,JOB_5695,CV_2392,-1,-1,1,-1,1,0.0077551622213322515,0
9008,JOB_5695,CV_2830,-1,0,0,1,-1,0.025743514038269317,0
9009,JOB_5695,CV_137,-1,0,0,-1,1,0.03951787161985485,0
9010,JOB_5695,CV_2638,-1,0,-1,-1,-1,0.0008827918008007309,0
9011,JOB_5695,CV_1031,-1,0,1,-1,-1,0.016728886119059285,0
9012,JOB_5695,CV_1636,-1,0,1,-1,-1,0.016728886119059285,0
9013,JOB_5695,CV_3719,-1,0,-1,-1,-1,0.0008827918008007309,0
9014,JOB_5695,CV_1480,-1,0,-1,-1,-1,0.0008827918008007309,0
9015,JOB_5695,CV_3546,-1,0,-1,-1,1,0.004445064433151091,0
9016,JOB_5695,CV_2366,-1,0,1,-1,-1,0.016728886119059285,0
9017,JOB_5695,CV_999,-1,0,-1,-1,-1,0.0008827918008007309,0
9018,JOB_5695,CV_877,-1,-1,1,-1,-1,0.0015442935692705172,0
9019,JOB_5695,CV_2239,-1,0,1,-1,-1,0.016728886119059285,0
9020,JOB_5695,CV_085,-1,0,1,-1,-1,0.016728886119059285,0
9021,JOB_5695,CV_2033,-1,1,1,-1,-1,0.034672065104421654,0
9022,JOB_5695,CV_631,-1,0,1,-1,-1,0.016728886119059285,0
9023,JOB_5695,CV_3738,-1,0,1,1,1,0.21814771844744296,0
9024,JOB_5695,CV_1161,-1,0,1,-1,-1,0.016728886119059285,0
9025,JOB_5695,CV_3051,-1,0,1,-1,-1,0.016728886119059285,0
9026,JOB_5695,CV_1682,-1,0,-1,-1,-1,0.0008827918008007309,0
9027,JOB_5695,CV_1618,-1,0,1,-1,-1,0.016728886119059285,0
9028,JOB_5695,CV_505,-1,0,1,-1,1,0.07916723666250709,0
9029,JOB_5695,CV_813,-1,0,1,-1,-1,0.016728886119059285,0
9030,JOB_5695,CV_869,-1,0,-1,-1,-1,0.0008827918008007309,0
9031,JOB_5695,CV_2294,-1,0,0,-1,-1,0.0080762834495878,0
9032,JOB_5695,CV_1795,-1,0,-1,-1,-1,0.0008827918008007309,0
9033,JOB_5695,CV_964,-1,0,1,-1,-1,0.016728886119059285,0
9034,JOB_5695,CV_601,-1,-1,1,-1,1,0.0077551622213322515,0
9035,JOB_5695,CV_1898,-1,-1,1,-1,-1,0.0015442935692705172,0
9036,JOB_5695,CV_2732,-1,0,-1,-1,-1,0.0008827918008007309,0
9037,JOB_5695,CV_1690,-1,0,0,-1,1,0.03951787161985485,0
9038,JOB_5695,CV_2415,-1,-1,1,-1,-1,0.0015442935692705172,0
9039,JOB_5695,CV_1122,-1,0,1,-1,-1,0.016728886119059285,0
9040,JOB_5695,CV_2749,-1,-1,0,-1,-1,0.0007396380664553713,0
9041,JOB_5695,CV_1860,-1,0,0,-1,-1,0.0080762834495878,0
9042,JOB_5695,CV_272,-1,-1,-1,-1,-1,8.03182586734358e-05,0
9043,JOB_5695,CV_1085,-1,0,-1,-1,-1,0.0008827918008007309,0
9044,JOB_5695,CV_538,-1,-1,1,-1,-1,0.0015442935692705172,0
9045,JOB_5695,CV_2913,-1,0,1,-1,-1,0.016728886119059285,0
9046,JOB_5695,CV_392,-1,0,-1,-1,-1,0.0008827918008007309,0
9047,JOB_5695,CV_2992,-1,0,-1,-1,1,0.004445064433151091,0
9048,JOB_5695,CV_1742,-1,0,1,-1,1,0.07916723666250709,0
9049,JOB_5695,CV_3949,-1,0,1,-1,-1,0.016728886119059285,0
9050,JOB_5695,CV_1494,-1,0,1,-1,-1,0.016728886119059285,0
9051,JOB_5695,CV_469,-1,0,1,-1,1,0.07916723666250709,0
9052,JOB_5695,CV_1224,-1,0,-1,-1,-1,0.0008827918008007309,0
9053,JOB_5695,CV_3197,-1,-1,1,-1,-1,0.0015442935692705172,0
9054,JOB_5695,CV_788,-1,-1,-1,-1,-1,8.03182586734358e-05,0
9055,JOB_5695,CV_233,-1,0,1,-1,1,0.07916723666250709,0
9056,JOB_5695,CV_3733,-1,0,-1,-1,-1,0.0008827918008007309,0
9057,JOB_5695,CV_2965,-1,0,1,-1,1,0.07916723666250709,0
9058,JOB_5695,CV_477,-1,0,1,-1,-1,0.016728886119059285,0
9059,JOB_5695,CV_1963,-1,-1,0,-1,-1,0.0007396380664553713,0
9060,JOB_5695,CV_040,-1,0,-1,-1,-1,0.0008827918008007309,0
9061,JOB_5695,CV_2341,-1,0,-1,-1,1,0.004445064433151091,0
9062,JOB_5695,CV_1231,-1,0,1,-1,-1,0.016728886119059285,0
9063,JOB_5695,CV_2723,-1,0,-1,-1,-1,0.0008827918008007309,0
9064,JOB_5695,CV_3455,-1,-1,-1,-1,-1,8.03182586734358e-05,0
9065,JOB_5695,CV_1796,-1,1,0,-1,1,0.07991753891832785,0
9066,JOB_5695,CV_3176,-1,0,0,-1,-1,0.0080762834495878,0
9067,JOB_5695,CV_1325,-1,0,1,-1,1,0.07916723666250709,0
9068,JOB_5695,CV_2961,-1,0,0,-1,-1,0.0080762834495878,0
9069,JOB_5695,CV_2733,-1,0,-1,-1,-1,0.0008827918008007309,0
9070,JOB_5695,CV_3782,-1,0,0,-1,-1,0.0080762834495878,0
9071,JOB_5695,CV_3173,-1,0,1,-1,-1,0.016728886119059285,0
9072,JOB_5695,CV_223,-1,-1,-1,-1,-1,8.03182586734358e-05,0
9073,JOB_5695,CV_176,-1,0,-1,-1,-1,0.0008827918008007309,0
9074,JOB_5695,CV_421,-1,0,0,-1,1,0.03951787161985485,0
9075,JOB_5695,CV_3088,-1,0,1,-1,-1,0.016728886119059285,0
9076,JOB_5695,CV_3710,-1,0,1,-1,1,0.07916723666250709,0
9077,JOB_5695,CV_3429,-1,-1,-1,-1,1,0.00040573633479455186,0
9078,JOB_5695,CV_884,-1,-1,-1,-1,-1,8.03182586734358e-05,0
9079,JOB_5695,CV_924,-1,0,1,-1,-1,0.016728886119059285,0
9080,JOB_5695,CV_3789,-1,-1,1,-1,-1,0.0015442935692705172,0
9081,JOB_5695,CV_879,-1,0,1,-1,-1,0.016728886119059285,0
9082,JOB_5695,CV_3299,-1,-1,-1,-1,-1,8.03182586734358e-05,0
9083,JOB_5695,CV_2069,-1,0,-1,-1,-1,0.0008827918008007309,0
9084,JOB_5695,CV_2253,-1,0,1,-1,-1,0.016728886119059285,0
9085,JOB_5695,CV_1241,-1,0,1,1,-1,0.05232559089768777,0
9086,JOB_5695,CV_1751,-1,0,-1,-1,1,0.004445064433151091,0
9087,JOB_5695,CV_640,-1,0,1,-1,-1,0.016728886119059285,0
9088,JOB_5695,CV_2615,-1,0,-1,-1,-1,0.0008827918008007309,0
9089,JOB_5695,CV_3284,-1,0,-1,-1,-1,0.0008827918008007309,0
9090,JOB_5695,CV_1245,-1,-1,1,-1,1,0.0077551622213322515,0
9091,JOB_5695,CV_2420,-1,0,0,-1,1,0.03951787161985485,0
9092,JOB_5695,CV_080,-1,0,1,-1,-1,0.016728886119059285,0
9093,JOB_5695,CV_2877,-1,-1,1,-1,1,0.0077551622213322515,0
9094,JOB_5695,CV_2356,-1,0,-1,-1,1,0.004445064433151091,0
9095,JOB_5695,CV_1078,-1,0,-1,-1,-1,0.0008827918008007309,0
9096,JOB_5695,CV_2157,-1,0,-1,1,-1,0.002859298785317209,0
9097,JOB_5695,CV_028,-1,0,1,-1,-1,0.016728886119059285,0
9098,JOB_5695,CV_2579,-1,0,-1,-1,-1,0.0008827918008007309,0
9099,JOB_5695,CV_3791,-1,-1,1,-1,-1,0.0015442935692705172,0
9100,JOB_3898,CV_1618,-1,-1,1,-1,-1,0.0015442935692705172,0
9101,JOB_3898,CV_477,-1,0,1,-1,-1,0.016728886119059285,0
9102,JOB_3898,CV_3299,-1,-1,-1,-1,-1,8.03182586734358e-05,0
9103,JOB_3898,CV_2732,-1,-1,-1,-1,-1,8.03182586734358e-05,0
9104,JOB_3898,CV_2415,-1,-1,1,-1,-1,0.0015442935692705172,0
9105,JOB_3898,CV_2752,-1,-1,1,-1,-1,0.0015442935692705172,0
9106,JOB_3898,CV_813,-1,0,1,-1,-1,0.016728886119059285,0
9107,JOB_3898,CV_1632,-1,-1,1,-1,-1,0.0015442935692705172,0
9108,JOB_3898,CV_246,-1,-1,-1,-1,-1,8.03182586734358e-05,0
9109,JOB_3898,CV_3133,-1,-1,-1,-1,-1,8.03182586734358e-05,0
9110,JOB_3898,CV_3429,-1,-1,-1,-1,-1,8.03182586734358e-05,0
9111,JOB_3898,CV_2239,-1,-1,1,-1,-1,0.0015442935692705172,0
9112,JOB_3898,CV_2207,-1,-1,1,1,-1,0.004994451571761179,0
9113,JOB_3898,CV_3791,-1,-1,1,-1,-1,0.0015442935692705172,0
9114,JOB_3898,CV_618,-1,-1,1,-1,-1,0.0015442935692705172,0
9115,JOB_3898,CV_1480,-1,-1,-1,-1,-1,8.03182586734358e-05,0
9116,JOB_3898,CV_1172,-1,-1,1,-1,-1,0.0015442935692705172,0
9117,JOB_3898,CV_3197,-1,-1,1,-1,-1,0.0015442935692705172,0
9118,JOB_3898,CV_3923,-1,0,1,-1,-1,0.016728886119059285,0
9119,JOB_3898,CV_631,-1,-1,1,-1,-1,0.0015442935692705172,0
9120,JOB_3898,CV_605,-1,-1,-1,-1,-1,8.03182586734358e-05,0
9121,JOB_3898,CV_1844,-1,-1,1,-1,-1,0.0015442935692705172,0
9122,JOB_3898,CV_1793,-1,-1,-1,-1,-1,8.03182586734358e-05,0
9123,JOB_3898,CV_1633,-1,-1,1,-1,-1,0.0015442935692705172,0
9124,JOB_3898,CV_661,-1,-1,-1,-1,-1,8.03182586734358e-05,0
9125,JOB_3898,CV_2327,-1,0,-1,-1,-1,0.0008827918008007309,0
9126,JOB_3898,CV_2177,-1,-1,1,-1,-1,0.0015442935692705172,0
9127,JOB_3898,CV_2830,-1,0,0,1,-1,0.025743514038269317,0
9128,JOB_3898,CV_2294,-1,0,0,-1,-1,0.0080762834495878,0
9129,JOB_3898,CV_137,-1,0,0,-1,-1,0.0080762834495878,0
9130,JOB_3898,CV_1796,-1,-1,0,-1,-1,0.0007396380664553713,0
9131,JOB_3898,CV_2723,-1,-1,-1,-1,-1,8.03182586734358e-05,0
9132,JOB_3898,CV_3533,-1,-1,1,-1,-1,0.0015442935692705172,0
9133,JOB_3898,CV_2658,-1,0,-1,-1,-1,0.0008827918008007309,0
9134,JOB_3898,CV_3015,-1,-1,0,-1,-1,0.0007396380664553713,0
9135,JOB_3898,CV_3176,-1,0,0,-1,-1,0.0080762834495878,0
9136,JOB_3898,CV_2492,-1,0,1,-1,-1,0.016728886119059285,0
9137,JOB_3898,CV_2766,-1,-1,1,-1,-1,0.0015442935692705172,0
9138,JOB_3898,CV_1963,-1,-1,0,-1,-1,0.0007396380664553713,0
9139,JOB_3898,CV_2038,-1,-1,-1,-1,-1,8.03182586734358e-05,0
9140,JOB_3898,CV_3200,-1,0,1,-1,-1,0.016728886119059285,0
9141,JOB_3898,CV_2638,-1,0,-1,-1,-1,0.0008827918008007309,0
9142,JOB_3898,CV_538,-1,-1,1,-1,-1,0.0015442935692705172,0
9143,JOB_3898,CV_1803,-1,-1,-1,-1,-1,8.03182586734358e-05,0
9144,JOB_3898,CV_1031,-1,-1,1,-1,-1,0.0015442935692705172,0
9145,JOB_3898,CV_278,-1,0,1,-1,-1,0.016728886119059285,0
9146,JOB_3898,CV_1742,-1,0,1,-1,-1,0.016728886119059285,0
9147,JOB_3898,CV_3173,-1,-1,1,-1,-1,0.0015442935692705172,0
9148,JOB_3898,CV_3284,-1,-1,-1,-1,-1,8.03182586734358e-05,0
9149,JOB_3898,CV_3478,-1,-1,1,-1,-1,0.0015442935692705172,0
9150,JOB_3898,CV_1245,-1,-1,1,1,-1,0.004994451571761179,0
9151,JOB_3898,CV_1913,-1,0,1,-1,-1,0.016728886119059285,0
9152,JOB_3898,CV_2313,-1,0,-1,-1,-1,0.0008827918008007309,0
9153,JOB_3898,CV_1241,-1,1,1,1,-1,0.10439562230127407,0
9154,JOB_3898,CV_1309,-1,-1,-1,-1,-1,8.03182586734358e-05,0
9155,JOB_3898,CV_505,-1,-1,1,-1,-1,0.0015442935692705172,0
9156,JOB_3898,CV_2584,-1,-1,-1,-1,-1,8.03182586734358e-05,0
9157,JOB_3898,CV_3455,-1,-1,-1,-1,-1,8.03182586734358e-05,0
9158,JOB_3898,CV_1138,-1,-1,1,-1,-1,0.0015442935692705172,0
9159,JOB_3898,CV_3543,-1,-1,1,-1,-1,0.0015442935692705172,0
9160,JOB_3898,CV_2420,-1,-1,0,-1,-1,0.0007396380664553713,0
9161,JOB_3898,CV_622,-1,-1,0,-1,-1,0.0007396380664553713,0
9162,JOB_3898,CV_421,-1,0,0,-1,-1,0.0080762834495878,0
9163,JOB_3898,CV_3789,-1,0,1,-1,-1,0.016728886119059285,0
9164,JOB_3898,CV_2579,-1,-1,-1,-1,-1,8.03182586734358e-05,0
9165,JOB_3898,CV_3733,-1,-1,-1,-1,-1,8.03182586734358e-05,0
9166,JOB_3898,CV_3719,-1,-1,-1,-1,-1,8.03182586734358e-05,0
9167,JOB_3898,CV_3094,-1,-1,-1,-1,-1,8.03182586734358e-05,0
9168,JOB_3898,CV_3474,-1,0,1,-1,-1,0.016728886119059285,0
9169,JOB_3898,CV_1252,-1,-1,1,-1,-1,0.0015442935692705172,0
9170,JOB_3898,CV_1085,-1,1,-1,-1,-1,0.0018618453328126804,0
9171,JOB_3898,CV_3945,-1,-1,0,-1,-1,0.0007396380664553713,0
9172,JOB_3898,CV_1751,-1,-1,-1,-1,-1,8.03182586734358e-05,0
9173,JOB_3898,CV_3563,-1,-1,-1,-1,-1,8.03182586734358e-05,0
9174,JOB_3898,CV_3625,-1,-1,-1,-1,-1,8.03182586734358e-05,0
9175,JOB_3898,CV_1355,-1,-1,-1,-1,-1,8.03182586734358e-05,0
9176,JOB_3898,CV_1577,-1,-1,-1,-1,-1,8.03182586734358e-05,0
9177,JOB_3898,CV_611,-1,-1,-1,-1,-1,8.03182586734358e-05,0
9178,JOB_3898,CV_2380,-1,-1,1,-1,-1,0.0015442935692705172,0
9179,JOB_3898,CV_2992,-1,-1,-1,-1,-1,8.03182586734358e-05,0
9180,JOB_3898,CV_2537,-1,-1,1,-1,-1,0.0015442935692705172,0
9181,JOB_3898,CV_2769,-1,-1,0,-1,-1,0.0007396380664553713,0
9182,JOB_3898,CV_3685,-1,1,-1,-1,-1,0.0018618453328126804,0
9183,JOB_3898,CV_176,-1,-1,-1,-1,-1,8.03182586734358e-05,0
9184,JOB_3898,CV_1781,-1,-1,-1,-1,-1,8.03182586734358e-05,0
9185,JOB_3898,CV_1517,-1,0,0,-1,-1,0.0080762834495878,0
9186,JOB_3898,CV_601,-1,0,1,-1,-1,0.016728886119059285,0
9187,JOB_3898,CV_388,-1,-1,-1,-1,-1,8.03182586734358e-05,0
9188,JOB_3898,CV_640,-1,-1,1,-1,-1,0.0015442935692705172,0
9189,JOB_3898,CV_3710,-1,-1,1,-1,-1,0.0015442935692705172,0
9190,JOB_3898,CV_1785,-1,0,-1,-1,-1,0.0008827918008007309,0
9191,JOB_3898,CV_1036,-1,-1,1,-1,-1,0.0015442935692705172,0
9192,JOB_3898,CV_2441,-1,-1,-1,-1,-1,8.03182586734358e-05,0
9193,JOB_3898,CV_1961,-1,-1,1,-1,-1,0.0015442935692705172,0
9194,JOB_3898,CV_2514,-1,-1,-1,-1,-1,8.03182586734358e-05,0
9195,JOB_3898,CV_2039,-1,1,1,-1,-1,0.034672065104421654,0
9196,JOB_3898,CV_469,-1,-1,1,-1,-1,0.0015442935692705172,0
9197,JOB_3898,CV_080,-1,-1,1,-1,-1,0.0015442935692705172,0
9198,JOB_3898,CV_3970,-1,-1,-1,-1,-1,8.03182586734358e-05,0
9199,JOB_3898,CV_3181,-1,0,1,-1,-1,0.016728886119059285,0
9300,JOB_10452,CV_3090,1,0,1,1,-1,0.5618280036801903,1
9301,JOB_10452,CV_3744,-1,0,1,1,-1,0.05232559089768777,0
9302,JOB_10452,CV_433,-1,1,0,0,-1,0.028572286214813686,0
9303,JOB_10452,CV_1739,-1,0,0,0,-1,0.01374087676851104,0
9304,JOB_10452,CV_2723,-1,0,-1,0,-1,0.0015096485596628858,0
9305,JOB_10452,CV_2366,-1,1,1,0,-1,0.05790168407977278,0
9306,JOB_10452,CV_3945,-1,0,0,1,-1,0.025743514038269317,0
9307,JOB_10452,CV_272,-1,1,-1,0,-1,0.003181698906503991,0
9308,JOB_10452,CV_263,-1,0,1,0,-1,0.02828921519950765,0
9309,JOB_10452,CV_1231,-1,1,1,-1,-1,0.034672065104421654,0
9310,JOB_10452,CV_3657,-1,1,1,1,-1,0.10439562230127407,0
9311,JOB_10452,CV_2584,-1,1,-1,0,-1,0.003181698906503991,0
9312,JOB_10452,CV_722,-1,1,-1,0,-1,0.003181698906503991,0
9313,JOB_10452,CV_622,-1,1,0,0,-1,0.028572286214813686,0
9314,JOB_10452,CV_1636,1,0,1,1,-1,0.5618280036801903,1
9315,JOB_10452,CV_2553,-1,0,1,1,-1,0.05232559089768777,0
9316,JOB_10452,CV_1632,-1,0,1,-1,-1,0.016728886119059285,0
9317,JOB_10452,CV_3197,-1,0,1,0,-1,0.02828921519950765,0
9318,JOB_10452,CV_3399,-1,1,1,0,-1,0.05790168407977278,0
9319,JOB_10452,CV_233,-1,0,1,0,1,0.12824728097545876,0
9320,JOB_10452,CV_2478,-1,-1,1,0,-1,0.002639631480061397,0
9321,JOB_10452,CV_813,-1,1,1,1,-1,0.10439562230127407,0
9322,JOB_10452,CV_1690,-1,1,0,0,1,0.1293973718407125,0
9323,JOB_10452,CV_223,-1,1,-1,0,-1,0.003181698906503991,0
9324,JOB_10452,CV_3685,-1,1,-1,0,-1,0.003181698906503991,0
9325,JOB_10452,CV_1090,-1,1,-1,0,-1,0.003181698906503991,0
9326,JOB_10452,CV_1781,-1,0,-1,0,-1,0.0015096485596628858,0
9327,JOB_10452,CV_3094,-1,0,-1,0,-1,0.0015096485596628858,0
9328,JOB_10452,CV_1172,-1,-1,1,-1,-1,0.0015442935692705172,0
9329,JOB_10452,CV_3727,-1,-1,1,0,-1,0.002639631480061397,0
9330,JOB_10452,CV_2574,-1,0,-1,0,1,0.007582239379063284,0
9331,JOB_10452,CV_2869,-1,0,-1,-1,-1,0.0008827918008007309,0
9332,JOB_10452,CV_3015,-1,1,0,0,-1,0.028572286214813686,0
9333,JOB_10452,CV_1751,1,0,-1,0,1,0.150686624070513,0
9334,JOB_10452,CV_2177,-1,1,1,-1,-1,0.034672065104421654,0
9335,JOB_10452,CV_505,-1,1,1,0,1,0.23697590875267444,0
9336,JOB_10452,CV_999,-1,1,-1,0,-1,0.003181698906503991,0
9337,JOB_10452,CV_1241,-1,1,1,0,-1,0.05790168407977278,0
9338,JOB_10452,CV_3970,-1,0,-1,-1,-1,0.0008827918008007309,0
9339,JOB_10452,CV_924,-1,0,1,-1,-1,0.016728886119059285,0
9340,JOB_10452,CV_640,1,1,1,0,-1,0.5880103941462257,1
9341,JOB_10452,CV_2489,-1,1,0,0,-1,0.028572286214813686,0
9342,JOB_10452,CV_2492,-1,1,1,0,-1,0.05790168407977278,0
9343,JOB_10452,CV_3710,-1,0,1,0,1,0.12824728097545876,0
9344,JOB_10452,CV_3670,-1,1,-1,0,-1,0.003181698906503991,0
9345,JOB_10452,CV_601,-1,0,1,0,1,0.12824728097545876,0
9346,JOB_10452,CV_3039,-1,1,1,0,1,0.23697590875267444,0
9347,JOB_10452,CV_538,-1,-1,1,-1,-1,0.0015442935692705172,0
9348,JOB_10452,CV_3722,1,0,-1,0,-1,0.03391947242677372,0
9349,JOB_10452,CV_3663,-1,1,1,-1,-1,0.034672065104421654,0
9350,JOB_10452,CV_028,1,0,1,0,-1,0.40336398430354964,0
9351,JOB_10452,CV_634,-1,1,-1,0,1,0.01587322249542733,0
9352,JOB_10452,CV_2402,-1,1,0,0,1,0.1293973718407125,0
9353,JOB_10452,CV_2392,-1,0,1,0,1,0.12824728097545876,0
9354,JOB_10452,CV_1795,-1,1,-1,0,-1,0.003181698906503991,0
9355,JOB_10452,CV_2033,-1,0,1,0,-1,0.02828921519950765,0
9356,JOB_10452,CV_1618,-1,1,1,1,-1,0.10439562230127407,0
9357,JOB_10452,CV_296,-1,1,0,0,-1,0.028572286214813686,0
9358,JOB_10452,CV_1860,1,1,0,0,-1,0.4058326932096575,0
9359,JOB_10452,CV_877,1,0,1,0,-1,0.40336398430354964,0
9360,JOB_10452,CV_3051,-1,0,1,0,-1,0.02828921519950765,0
9361,JOB_10452,CV_140,-1,0,-1,0,-1,0.0015096485596628858,0
9362,JOB_10452,CV_2749,1,0,0,0,-1,0.2444501511049451,0
9363,JOB_10452,CV_2961,-1,1,0,0,-1,0.028572286214813686,0
9364,JOB_10452,CV_278,-1,1,1,0,-1,0.05790168407977278,0
9365,JOB_10452,CV_187,-1,0,1,1,-1,0.05232559089768777,0
9366,JOB_10452,CV_2979,1,1,1,0,-1,0.5880103941462257,1
9367,JOB_10452,CV_1224,-1,1,-1,0,-1,0.003181698906503991,0
9368,JOB_10452,CV_1019,1,1,-1,0,-1,0.06900701774253425,0
9369,JOB_10452,CV_1796,-1,1,0,0,1,0.1293973718407125,0
9370,JOB_10452,CV_3176,-1,1,0,-1,-1,0.01689829239252925,0
9371,JOB_10452,CV_2733,-1,0,-1,1,-1,0.002859298785317209,0
9372,JOB_10452,CV_080,-1,1,1,0,-1,0.05790168407977278,0
9373,JOB_10452,CV_1138,1,1,1,0,-1,0.5880103941462257,1
9374,JOB_10452,CV_481,-1,0,-1,0,-1,0.0015096485596628858,0
9375,JOB_10452,CV_2615,-1,1,-1,0,-1,0.003181698906503991,0
9376,JOB_10452,CV_1633,-1,0,1,0,-1,0.02828921519950765,0
9377,JOB_10452,CV_1031,-1,1,1,0,-1,0.05790168407977278,0
9378,JOB_10452,CV_2441,-1,1,-1,-1,-1,0.0018618453328126804,0
9379,JOB_10452,CV_392,-1,0,-1,0,-1,0.0015096485596628858,0
9380,JOB_10452,CV_2830,-1,0,0,0,-1,0.01374087676851104,0
9381,JOB_10452,CV_618,-1,1,1,0,-1,0.05790168407977278,0
9382,JOB_10452,CV_2769,-1,0,0,0,-1,0.01374087676851104,0
9383,JOB_10452,CV_2638,-1,0,-1,0,-1,0.0015096485596628858,0
9384,JOB_10452,CV_1070,-1,1,1,0,-1,0.05790168407977278,0
9385,JOB_10452,CV_1380,-1,1,1,0,-1,0.05790168407977278,0
9386,JOB_10452,CV_1898,-1,1,1,0,-1,0.05790168407977278,0
9387,JOB_10452,CV_3173,1,0,1,0,-1,0.40336398430354964,0
9388,JOB_10452,CV_421,-1,1,0,0,1,0.1293973718407125,0
9389,JOB_10452,CV_788,1,0,-1,0,-1,0.03391947242677372,0
9390,JOB_10452,CV_1993,-1,0,-1,1,-1,0.002859298785317209,0
9391,JOB_10452,CV_3792,-1,1,0,-1,-1,0.01689829239252925,0
9392,JOB_10452,CV_2157,1,1,-1,-1,-1,0.04151838996869751,0
9393,JOB_10452,CV_1068,-1,1,-1,0,-1,0.003181698906503991,0
9394,JOB_10452,CV_2718,-1,0,0,0,-1,0.01374087676851104,0
9395,JOB_10452,CV_3500,-1,0,1,0,-1,0.02828921519950765,0
9396,JOB_10452,CV_2550,-1,0,-1,0,1,0.007582239379063284,0
9397,JOB_10452,CV_3753,-1,1,-1,0,-1,0.003181698906503991,0
9398,JOB_10452,CV_1803,-1,1,-1,1,-1,0.006017180859498359,0
9399,JOB_10452,CV_2379,-1,0,1,-1,-1,0.016728886119059285,0
9400,JOB_10451,CV_2658,-1,1,-1,1,-1,0.006017180859498359,0
9401,JOB_10451,CV_2830,-1,1,0,0,1,0.1293973718407125,0
9402,JOB_10451,CV_2615,-1,1,-1,1,1,0.029682404125509716,0
9403,JOB_10451,CV_2991,-1,1,1,0,1,0.23697590875267444,0
9404,JOB_10451,CV_611,-1,0,-1,1,1,0.014283223220999536,0
9405,JOB_10451,CV_2380,-1,1,1,1,-1,0.10439562230127407,0
9406,JOB_10451,CV_3474,1,1,1,1,1,0.9318734926872032,1
9407,JOB_10451,CV_1380,-1,1,1,0,1,0.23697590875267444,0
9408,JOB_10451,CV_2492,-1,1,1,1,-1,0.10439562230127407,0
9409,JOB_10451,CV_246,-1,0,-1,1,-1,0.002859298785317209,0
9410,JOB_10451,CV_3792,-1,1,0,-1,-1,0.01689829239252925,0
9411,JOB_10451,CV_085,-1,1,1,1,-1,0.10439562230127407,0
9412,JOB_10451,CV_1070,-1,1,1,1,-1,0.10439562230127407,0
9413,JOB_10451,CV_1241,-1,1,1,0,-1,0.05790168407977278,0
9414,JOB_10451,CV_2749,-1,1,0,1,-1,0.05283609976798728,0
9415,JOB_10451,CV_2313,-1,1,-1,-1,1,0.009337905367753526,0
9416,JOB_10451,CV_2024,-1,1,1,0,-1,0.05790168407977278,0
9417,JOB_10451,CV_2327,-1,1,-1,1,-1,0.006017180859498359,0
9418,JOB_10451,CV_3145,-1,0,1,-1,1,0.07916723666250709,0
9419,JOB_10451,CV_3962,-1,1,-1,1,1,0.029682404125509716,0
9420,JOB_10451,CV_477,-1,1,1,-1,1,0.15361803787121434,0
9421,JOB_10451,CV_469,-1,1,1,1,-1,0.10439562230127407,0
9422,JOB_10451,CV_3500,-1,0,1,0,1,0.12824728097545876,0
9423,JOB_10451,CV_3791,1,1,1,1,1,0.9318734926872032,1
9424,JOB_10451,CV_634,-1,0,-1,1,-1,0.002859298785317209,0
9425,JOB_10451,CV_1309,-1,0,-1,1,-1,0.002859298785317209,0
9426,JOB_10451,CV_2015,-1,1,0,-1,-1,0.01689829239252925,0
9427,JOB_10451,CV_2385,-1,1,-1,1,1,0.029682404125509716,0
9428,JOB_10451,CV_2294,-1,1,0,1,-1,0.05283609976798728,0
9429,JOB_10451,CV_884,-1,0,-1,1,-1,0.002859298785317209,0
9430,JOB_10451,CV_2541,-1,1,-1,1,-1,0.006017180859498359,0
9431,JOB_10451,CV_2752,-1,1,1,1,-1,0.10439562230127407,0
9432,JOB_10451,CV_1633,-1,0,1,1,-1,0.05232559089768777,0
9433,JOB_10451,CV_1019,1,1,-1,1,1,0.4153336068819501,0
9434,JOB_10451,CV_2356,-1,1,-1,1,-1,0.006017180859498359,0
9435,JOB_10451,CV_3181,-1,1,1,1,1,0.3706850697644348,0
9436,JOB_10451,CV_116,-1,0,-1,1,-1,0.002859298785317209,0
9437,JOB_10451,CV_2769,-1,0,0,1,1,0.11779695264608223,0
9438,JOB_10451,CV_481,-1,0,-1,1,1,0.014283223220999536,0
9439,JOB_10451,CV_594,-1,1,1,1,-1,0.10439562230127407,0
9440,JOB_10451,CV_1792,-1,1,1,0,-1,0.05790168407977278,0
9441,JOB_10451,CV_1122,-1,0,1,1,-1,0.05232559089768777,0
9442,JOB_10451,CV_3647,-1,0,1,0,-1,0.02828921519950765,0
9443,JOB_10451,CV_1785,-1,1,-1,1,1,0.029682404125509716,0
9444,JOB_10451,CV_2653,-1,1,-1,1,-1,0.006017180859498359,0
9445,JOB_10451,CV_1963,-1,1,0,1,-1,0.05283609976798728,0
9446,JOB_10451,CV_1913,-1,1,1,1,1,0.3706850697644348,0
9447,JOB_10451,CV_1971,-1,0,-1,1,-1,0.002859298785317209,0
9448,JOB_10451,CV_3563,-1,1,-1,1,1,0.029682404125509716,0
9449,JOB_10451,CV_1245,-1,1,1,1,-1,0.10439562230127407,0
9450,JOB_10451,CV_3088,-1,1,1,1,1,0.3706850697644348,0
9451,JOB_10451,CV_3945,-1,1,0,1,-1,0.05283609976798728,0
9452,JOB_10451,CV_3299,-1,1,-1,1,1,0.029682404125509716,0
9453,JOB_10451,CV_2341,-1,1,-1,1,-1,0.006017180859498359,0
9454,JOB_10451,CV_505,-1,1,1,1,-1,0.10439562230127407,0
9455,JOB_10451,CV_2478,-1,0,1,1,1,0.21814771844744296,0
9456,JOB_10451,CV_337,-1,1,-1,1,1,0.029682404125509716,0
9457,JOB_10451,CV_2514,-1,1,-1,0,-1,0.003181698906503991,0
9458,JOB_10451,CV_3414,-1,1,-1,1,-1,0.006017180859498359,0
9459,JOB_10451,CV_2965,-1,0,1,1,-1,0.05232559089768777,0
9460,JOB_10451,CV_216,-1,1,1,0,1,0.23697590875267444,0
9461,JOB_10451,CV_1796,-1,1,0,1,-1,0.05283609976798728,0
9462,JOB_10451,CV_3719,-1,1,-1,1,-1,0.006017180859498359,0
9463,JOB_10451,CV_187,-1,0,1,1,-1,0.05232559089768777,0
9464,JOB_10451,CV_1742,-1,1,1,0,-1,0.05790168407977278,0
9465,JOB_10451,CV_296,-1,1,0,1,-1,0.05283609976798728,0
9466,JOB_10451,CV_879,-1,0,1,1,-1,0.05232559089768777,0
9467,JOB_10451,CV_2977,-1,1,1,1,-1,0.10439562230127407,0
9468,JOB_10451,CV_2913,-1,1,1,1,1,0.3706850697644348,0
9469,JOB_10451,CV_3670,-1,1,-1,1,1,0.029682404125509716,0
9470,JOB_10451,CV_665,-1,0,1,1,-1,0.05232559089768777,0
9471,JOB_10451,CV_3051,-1,0,1,1,-1,0.05232559089768777,0
9472,JOB_10451,CV_1961,-1,1,1,1,1,0.3706850697644348,0
9473,JOB_10451,CV_3949,-1,1,1,-1,1,0.15361803787121434,0
9474,JOB_10451,CV_3455,-1,0,-1,-1,-1,0.0008827918008007309,0
9475,JOB_10451,CV_2402,-1,1,0,1,-1,0.05283609976798728,0
9476,JOB_10451,CV_2877,-1,-1,1,1,-1,0.004994451571761179,0
9477,JOB_10451,CV_1090,-1,1,-1,1,-1,0.006017180859498359,0
9478,JOB_10451,CV_1687,-1,0,1,1,-1,0.05232559089768777,0
9479,JOB_10451,CV_538,-1,0,1,-1,1,0.07916723666250709,0
9480,JOB_10451,CV_388,-1,1,-1,0,-1,0.003181698906503991,0
9481,JOB_10451,CV_1231,-1,1,1,-1,-1,0.034672065104421654,0
9482,JOB_10451,CV_1574,-1,0,1,1,-1,0.05232559089768777,0
9483,JOB_10451,CV_1355,-1,0,-1,1,-1,0.002859298785317209,0
9484,JOB_10451,CV_3429,-1,-1,-1,-1,-1,8.03182586734358e-05,0
9485,JOB_10451,CV_1577,-1,1,-1,1,-1,0.006017180859498359,0
9486,JOB_10451,CV_1068,-1,1,-1,1,-1,0.006017180859498359,0
9487,JOB_10451,CV_3722,1,1,-1,1,-1,0.123251694460039,0
9488,JOB_10451,CV_2445,-1,0,-1,0,1,0.007582239379063284,0
9489,JOB_10451,CV_2392,-1,1,1,1,-1,0.10439562230127407,0
9490,JOB_10451,CV_433,-1,1,0,1,-1,0.05283609976798728,0
9491,JOB_10451,CV_1639,-1,1,1,0,-1,0.05790168407977278,0
9492,JOB_10451,CV_2733,-1,1,-1,-1,-1,0.0018618453328126804,0
9493,JOB_10451,CV_1172,-1,0,1,-1,1,0.07916723666250709,0
9494,JOB_10451,CV_3753,-1,1,-1,1,-1,0.006017180859498359,0
9495,JOB_10451,CV_1682,-1,1,-1,1,-1,0.006017180859498359,0
9496,JOB_10451,CV_3478,-1,1,1,1,-1,0.10439562230127407,0
9497,JOB_10451,CV_2476,-1,1,1,-1,-1,0.034672065104421654,0
9498,JOB_10451,CV_1690,-1,1,0,1,-1,0.05283609976798728,0
9499,JOB_10451,CV_307,-1,1,0,1,-1,0.05283609976798728,0
9500,JOB_12087,CV_2769,-1,1,0,1,0,0.09076029597836892,0
9501,JOB_12087,CV_1534,-1,0,-1,1,0,0.005104959012421871,0
9502,JOB_12087,CV_924,-1,1,1,-1,0,0.0603899128734313,0
9503,JOB_12087,CV_2615,-1,1,-1,1,0,0.010716350657345323,0
9504,JOB_12087,CV_1792,-1,0,1,0,0,0.04951546140781997,0
9505,JOB_12087,CV_2723,-1,0,-1,1,0,0.005104959012421871,0
9506,JOB_12087,CV_2327,-1,1,-1,1,0,0.010716350657345323,0
9507,JOB_12087,CV_2441,-1,1,-1,0,0,0.005679126332233708,0
9508,JOB_12087,CV_2369,-1,1,1,1,0,0.1725844475652302,0
9509,JOB_12087,CV_1068,-1,0,-1,1,0,0.005104959012421871,0
9510,JOB_12087,CV_2402,-1,0,0,0,0,0.024324324369693937,0
9511,JOB_12087,CV_392,-1,0,-1,1,0,0.005104959012421871,0
9512,JOB_12087,CV_3789,-1,1,1,0,0,0.09908145837399628,0
9513,JOB_12087,CV_296,-1,1,0,1,0,0.09076029597836892,0
9514,JOB_12087,CV_2555,-1,1,-1,0,0,0.005679126332233708,0
9515,JOB_12087,CV_788,-1,0,-1,0,0,0.002698177363009384,0
9516,JOB_12087,CV_3051,-1,0,1,1,0,0.0899181454087932,0
9517,JOB_12087,CV_2436,-1,0,1,1,0,0.0899181454087932,0
9518,JOB_12087,CV_251,-1,0,1,0,0,0.04951546140781997,0
9519,JOB_12087,CV_813,-1,1,1,-1,0,0.0603899128734313,0
9520,JOB_12087,CV_3093,-1,0,-1,-1,0,0.0015785837835741556,0
9521,JOB_12087,CV_040,-1,0,-1,1,0,0.005104959012421871,0
9522,JOB_12087,CV_3738,-1,1,1,0,0,0.09908145837399628,0
9523,JOB_12087,CV_1122,-1,1,1,1,0,0.1725844475652302,0
9524,JOB_12087,CV_433,-1,1,0,1,0,0.09076029597836892,0
9525,JOB_12087,CV_1019,-1,1,-1,1,0,0.010716350657345323,0
9526,JOB_12087,CV_1618,-1,1,1,1,0,0.1725844475652302,0
9527,JOB_12087,CV_3090,-1,0,1,1,0,0.0899181454087932,0
9528,JOB_12087,CV_622,-1,1,0,1,0,0.09076029597836892,0
9529,JOB_12087,CV_2574,-1,0,-1,1,0,0.005104959012421871,0
9530,JOB_12087,CV_1577,-1,1,-1,1,0,0.010716350657345323,0
9531,JOB_12087,CV_2913,-1,1,1,0,0,0.09908145837399628,0
9532,JOB_12087,CV_2415,-1,0,1,-1,0,0.029544805158767173,0
9533,JOB_12087,CV_1898,-1,1,1,1,0,0.1725844475652302,0
9534,JOB_12087,CV_2733,-1,0,-1,-1,0,0.0015785837835741556,0
9535,JOB_12087,CV_1031,-1,1,1,1,0,0.1725844475652302,0
9536,JOB_12087,CV_1742,-1,0,1,0,0,0.04951546140781997,0
9537,JOB_12087,CV_2977,-1,0,1,1,0,0.0899181454087932,0
9538,JOB_12087,CV_2514,-1,1,-1,0,0,0.005679126332233708,0
9539,JOB_12087,CV_964,-1,1,1,0,0,0.09908145837399628,0
9540,JOB_12087,CV_3719,-1,0,-1,0,0,0.002698177363009384,0
9541,JOB_12087,CV_2069,-1,0,-1,1,0,0.005104959012421871,0
9542,JOB_12087,CV_337,-1,1,-1,1,0,0.010716350657345323,0
9543,JOB_12087,CV_160,-1,1,-1,-1,0,0.003326730739160127,0
9544,JOB_12087,CV_634,-1,0,-1,0,0,0.002698177363009384,0
9545,JOB_12087,CV_3094,-1,0,-1,1,0,0.005104959012421871,0
9546,JOB_12087,CV_080,-1,0,1,1,0,0.0899181454087932,0
9547,JOB_12087,CV_3710,-1,0,1,1,0,0.0899181454087932,0
9548,JOB_12087,CV_2979,-1,1,1,0,0,0.09908145837399628,0
9549,JOB_12087,CV_3176,-1,0,0,-1,0,0.014360295137460542,0
9550,JOB_12087,CV_2596,-1,-1,-1,-1,0,0.0001437138572808803,0
9551,JOB_12087,CV_3173,-1,1,1,0,0,0.09908145837399628,0
9552,JOB_12087,CV_3478,-1,0,1,0,0,0.04951546140781997,0
9553,JOB_12087,CV_1881,-1,1,0,-1,0,0.029840054192179503,0
9554,JOB_12087,CV_538,-1,0,1,-1,0,0.029544805158767173,0
9555,JOB_12087,CV_1690,-1,0,0,0,0,0.024324324369693937,0
9556,JOB_12087,CV_2749,-1,0,0,1,0,0.045148393663970686,0
9557,JOB_12087,CV_3685,-1,1,-1,0,0,0.005679126332233708,0
9558,JOB_12087,CV_594,-1,0,1,1,0,0.0899181454087932,0
9559,JOB_12087,CV_3284,-1,1,-1,0,0,0.005679126332233708,0
9560,JOB_12087,CV_2992,-1,0,-1,1,0,0.005104959012421871,0
9561,JOB_12087,CV_3429,-1,-1,-1,-1,0,0.0001437138572808803,0
9562,JOB_12087,CV_477,-1,0,1,-1,0,0.029544805158767173,0
9563,JOB_12087,CV_1781,-1,0,-1,1,0,0.005104959012421871,0
9564,JOB_12087,CV_3563,-1,0,-1,1,0,0.005104959012421871,0
9565,JOB_12087,CV_2207,-1,0,1,0,0,0.04951546140781997,0
9566,JOB_12087,CV_2253,-1,0,1,1,0,0.0899181454087932,0
9567,JOB_12087,CV_187,-1,0,1,1,0,0.0899181454087932,0
9568,JOB_12087,CV_3945,-1,0,0,0,0,0.024324324369693937,0
9569,JOB_12087,CV_2015,-1,1,0,-1,0,0.029840054192179503,0
9570,JOB_12087,CV_2157,-1,0,-1,-1,0,0.0015785837835741556,0
9571,JOB_12087,CV_1045,-1,0,-1,-1,0,0.0015785837835741556,0
9572,JOB_12087,CV_3533,-1,1,1,0,0,0.09908145837399628,0
9573,JOB_12087,CV_028,-1,0,1,1,0,0.0899181454087932,0
9574,JOB_12087,CV_2356,-1,1,-1,0,0,0.005679126332233708,0
9575,JOB_12087,CV_1682,-1,1,-1,1,0,0.010716350657345323,0
9576,JOB_12087,CV_1287,-1,1,1,-1,0,0.0603899128734313,0
9577,JOB_12087,CV_1309,-1,0,-1,0,0,0.002698177363009384,0
9578,JOB_12087,CV_1633,-1,1,1,1,0,0.1725844475652302,0
9579,JOB_12087,CV_3727,-1,0,1,1,0,0.0899181454087932,0
9580,JOB_12087,CV_1639,-1,0,1,0,0,0.04951546140781997,0
9581,JOB_12087,CV_3145,-1,0,1,-1,0,0.029544805158767173,0
9582,JOB_12087,CV_3543,-1,1,1,1,0,0.1725844475652302,0
9583,JOB_12087,CV_1015,-1,0,0,0,0,0.024324324369693937,0
9584,JOB_12087,CV_3657,-1,1,1,0,0,0.09908145837399628,0
9585,JOB_12087,CV_1636,-1,0,1,0,0,0.04951546140781997,0
9586,JOB_12087,CV_2718,-1,0,0,0,0,0.024324324369693937,0
9587,JOB_12087,CV_3663,-1,1,1,-1,0,0.0603899128734313,0
9588,JOB_12087,CV_1224,-1,1,-1,1,0,0.010716350657345323,0
9589,JOB_12087,CV_1252,-1,1,1,-1,0,0.0603899128734313,0
9590,JOB_12087,CV_3929,-1,1,0,0,0,0.050000000085250004,0
9591,JOB_12087,CV_2991,-1,0,1,0,0,0.04951546140781997,0
9592,JOB_12087,CV_3200,-1,0,1,1,0,0.0899181454087932,0
9593,JOB_12087,CV_1138,-1,1,1,1,0,0.1725844475652302,0
9594,JOB_12087,CV_2177,-1,0,1,-1,0,0.029544805158767173,0
9595,JOB_12087,CV_3791,-1,0,1,1,0,0.0899181454087932,0
9596,JOB_12087,CV_2039,-1,1,1,1,0,0.1725844475652302,0
9597,JOB_12087,CV_2752,-1,1,1,1,0,0.1725844475652302,0
9598,JOB_12087,CV_085,-1,1,1,0,0,0.09908145837399628,0
9599,JOB_12087,CV_2877,-1,-1,1,1,0,0.008902065229873513,0
9600,JOB_7460,CV_3051,-1,0,1,1,-1,0.05232559089768777,0
9601,JOB_7460,CV_3039,-1,0,1,1,-1,0.05232559089768777,0
9602,JOB_7460,CV_246,-1,1,-1,1,-1,0.006017180859498359,0
9603,JOB_7460,CV_477,1,0,1,-1,-1,0.2832010598158251,0
9604,JOB_7460,CV_3670,-1,1,-1,1,-1,0.006017180859498359,0
9605,JOB_7460,CV_2392,-1,0,1,1,-1,0.05232559089768777,0
9606,JOB_7460,CV_2992,-1,0,-1,1,-1,0.002859298785317209,0
9607,JOB_7460,CV_3563,-1,1,-1,1,-1,0.006017180859498359,0
9608,JOB_7460,CV_1793,-1,1,-1,1,-1,0.006017180859498359,0
9609,JOB_7460,CV_1380,-1,0,1,0,-1,0.02828921519950765,0
9610,JOB_7460,CV_869,-1,1,-1,1,-1,0.006017180859498359,0
9611,JOB_7460,CV_2537,-1,0,1,0,-1,0.02828921519950765,0
9612,JOB_7460,CV_085,-1,1,1,0,-1,0.05790168407977278,0
9613,JOB_7460,CV_1682,-1,1,-1,1,-1,0.006017180859498359,0
9614,JOB_7460,CV_1687,-1,0,1,1,-1,0.05232559089768777,0
9615,JOB_7460,CV_3949,-1,0,1,1,-1,0.05232559089768777,0
9616,JOB_7460,CV_3663,-1,0,1,-1,-1,0.016728886119059285,0
9617,JOB_7460,CV_263,-1,0,1,1,-1,0.05232559089768777,0
9618,JOB_7460,CV_1480,-1,1,-1,0,-1,0.003181698906503991,0
9619,JOB_7460,CV_3093,-1,1,-1,-1,-1,0.0018618453328126804,0
9620,JOB_7460,CV_2356,-1,1,-1,0,-1,0.003181698906503991,0
9621,JOB_7460,CV_2366,-1,0,1,1,-1,0.05232559089768777,0
9622,JOB_7460,CV_3722,1,0,-1,1,-1,0.06243232352062822,0
9623,JOB_7460,CV_2638,-1,1,-1,1,-1,0.006017180859498359,0
9624,JOB_7460,CV_605,-1,0,-1,1,-1,0.002859298785317209,0
9625,JOB_7460,CV_433,-1,1,0,1,-1,0.05283609976798728,0
9626,JOB_7460,CV_505,-1,1,1,1,-1,0.10439562230127407,0
9627,JOB_7460,CV_1252,1,0,1,1,-1,0.5618280036801903,1
9628,JOB_7460,CV_2157,1,0,-1,-1,-1,0.02010595680604062,0
9629,JOB_7460,CV_1639,1,0,1,0,-1,0.40336398430354964,0
9630,JOB_7460,CV_3197,-1,0,1,1,-1,0.05232559089768777,0
9631,JOB_7460,CV_296,-1,1,0,1,-1,0.05283609976798728,0
9632,JOB_7460,CV_1796,-1,1,0,1,-1,0.05283609976798728,0
9633,JOB_7460,CV_216,-1,1,1,0,-1,0.05790168407977278,0
9634,JOB_7460,CV_3945,-1,0,0,1,-1,0.025743514038269317,0
9635,JOB_7460,CV_1085,-1,1,-1,1,-1,0.006017180859498359,0
9636,JOB_7460,CV_3200,1,1,1,1,-1,0.7302317401433427,1
9637,JOB_7460,CV_1309,-1,0,-1,1,-1,0.002859298785317209,0
9638,JOB_7460,CV_223,-1,1,-1,1,-1,0.006017180859498359,0
9639,JOB_7460,CV_964,1,1,1,1,-1,0.7302317401433427,1
9640,JOB_7460,CV_3429,-1,-1,-1,-1,-1,8.03182586734358e-05,0
9641,JOB_7460,CV_1633,-1,0,1,1,-1,0.05232559089768777,0
9642,JOB_7460,CV_3090,1,0,1,1,-1,0.5618280036801903,1
9643,JOB_7460,CV_2476,-1,1,1,-1,-1,0.034672065104421654,0
9644,JOB_7460,CV_3399,-1,1,1,1,-1,0.10439562230127407,0
9645,JOB_7460,CV_3685,-1,1,-1,0,-1,0.003181698906503991,0
9646,JOB_7460,CV_1534,-1,1,-1,1,-1,0.006017180859498359,0
9647,JOB_7460,CV_2953,-1,1,1,1,-1,0.10439562230127407,0
9648,JOB_7460,CV_1803,-1,1,-1,1,-1,0.006017180859498359,0
9649,JOB_7460,CV_3789,-1,0,1,0,-1,0.02828921519950765,0
9650,JOB_7460,CV_1810,1,1,-1,1,-1,0.123251694460039,0
9651,JOB_7460,CV_3753,-1,1,-1,1,-1,0.006017180859498359,0
9652,JOB_7460,CV_2913,-1,0,1,1,-1,0.05232559089768777,0
9653,JOB_7460,CV_2769,-1,0,0,1,-1,0.025743514038269317,0
9654,JOB_7460,CV_3145,-1,-1,1,-1,-1,0.0015442935692705172,0
9655,JOB_7460,CV_272,-1,1,-1,1,-1,0.006017180859498359,0
9656,JOB_7460,CV_3414,-1,1,-1,1,-1,0.006017180859498359,0
9657,JOB_7460,CV_2965,-1,0,1,1,-1,0.05232559089768777,0
9658,JOB_7460,CV_1751,-1,0,-1,1,-1,0.002859298785317209,0
9659,JOB_7460,CV_1019,1,1,-1,1,-1,0.123251694460039,0
9660,JOB_7460,CV_3299,-1,1,-1,0,-1,0.003181698906503991,0
9661,JOB_7460,CV_1574,-1,-1,1,1,-1,0.004994451571761179,0
9662,JOB_7460,CV_1138,1,1,1,1,-1,0.7302317401433427,1
9663,JOB_7460,CV_040,-1,0,-1,1,-1,0.002859298785317209,0
9664,JOB_7460,CV_2579,-1,1,-1,1,-1,0.006017180859498359,0
9665,JOB_7460,CV_924,-1,0,1,-1,-1,0.016728886119059285,0
9666,JOB_7460,CV_1122,-1,1,1,0,-1,0.05790168407977278,0
9667,JOB_7460,CV_601,-1,0,1,0,-1,0.02828921519950765,0
9668,JOB_7460,CV_1881,-1,1,0,-1,-1,0.01689829239252925,0
9669,JOB_7460,CV_2596,-1,-1,-1,-1,-1,8.03182586734358e-05,0
9670,JOB_7460,CV_3173,-1,0,1,1,1,0.21814771844744296,0
9671,JOB_7460,CV_187,-1,0,1,1,-1,0.05232559089768777,0
9672,JOB_7460,CV_2420,-1,1,0,1,-1,0.05283609976798728,0
9673,JOB_7460,CV_877,1,0,1,0,-1,0.40336398430354964,0
9674,JOB_7460,CV_2723,-1,0,-1,1,-1,0.002859298785317209,0
9675,JOB_7460,CV_3015,-1,0,0,1,-1,0.025743514038269317,0
9676,JOB_7460,CV_3727,-1,-1,1,1,-1,0.004994451571761179,0
9677,JOB_7460,CV_1078,1,0,-1,-1,-1,0.02010595680604062,0
9678,JOB_7460,CV_176,-1,0,-1,1,-1,0.002859298785317209,0
9679,JOB_7460,CV_3075,-1,1,-1,1,-1,0.006017180859498359,0
9680,JOB_7460,CV_1795,-1,1,-1,0,-1,0.003181698906503991,0
9681,JOB_7460,CV_307,-1,0,0,0,-1,0.01374087676851104,0
9682,JOB_7460,CV_3792,-1,0,0,-1,-1,0.0080762834495878,0
9683,JOB_7460,CV_3738,-1,1,1,0,-1,0.05790168407977278,0
9684,JOB_7460,CV_2489,-1,1,0,1,-1,0.05283609976798728,0
9685,JOB_7460,CV_3547,-1,1,-1,1,-1,0.006017180859498359,0
9686,JOB_7460,CV_1963,-1,1,0,1,-1,0.05283609976798728,0
9687,JOB_7460,CV_1860,1,1,0,1,-1,0.5643491956570692,1
9688,JOB_7460,CV_1045,-1,-1,-1,-1,-1,8.03182586734358e-05,0
9689,JOB_7460,CV_1913,-1,1,1,1,-1,0.10439562230127407,0
9690,JOB_7460,CV_278,-1,1,1,1,-1,0.10439562230127407,0
9691,JOB_7460,CV_2033,-1,0,1,1,-1,0.05232559089768777,0
9692,JOB_7460,CV_046,-1,0,0,1,-1,0.025743514038269317,0
9693,JOB_7460,CV_1036,-1,1,1,1,-1,0.10439562230127407,0
9694,JOB_7460,CV_1636,1,0,1,1,-1,0.5618280036801903,1
9695,JOB_7460,CV_388,1,0,-1,0,-1,0.03391947242677372,0
9696,JOB_7460,CV_2445,-1,0,-1,0,-1,0.0015096485596628858,0
9697,JOB_7460,CV_2253,-1,1,1,1,1,0.3706850697644348,0
9698,JOB_7460,CV_2574,-1,0,-1,1,-1,0.002859298785317209,0
9699,JOB_7460,CV_3474,1,0,1,1,-1,0.5618280036801903,1
9800,JOB_12962,CV_2392,-1,-1,1,0,-1,0.002639631480061397,0
9801,JOB_12962,CV_2514,-1,-1,-1,0,-1,0.00013742938756156384,0
9802,JOB_12962,CV_2441,-1,0,-1,0,-1,0.0015096485596628858,0
9803,JOB_12962,CV_2327,-1,-1,-1,1,-1,0.00026061368312641647,0
9804,JOB_12962,CV_1961,-1,-1,1,0,-1,0.002639631480061397,0
9805,JOB_12962,CV_1517,-1,-1,0,1,-1,0.002396402946724275,0
9806,JOB_12962,CV_594,-1,-1,1,0,-1,0.002639631480061397,0
9807,JOB_12962,CV_2550,-1,0,-1,0,-1,0.0015096485596628858,0
9808,JOB_12962,CV_2991,-1,-1,1,0,-1,0.002639631480061397,0
9809,JOB_12962,CV_3710,-1,-1,1,0,-1,0.002639631480061397,0
9810,JOB_12962,CV_3133,-1,-1,-1,1,-1,0.00026061368312641647,0
9811,JOB_12962,CV_1810,-1,-1,-1,0,-1,0.00013742938756156384,0
9812,JOB_12962,CV_999,-1,-1,-1,0,-1,0.00013742938756156384,0
9813,JOB_12962,CV_1245,-1,-1,1,0,-1,0.002639631480061397,0
9814,JOB_12962,CV_505,-1,-1,1,0,-1,0.002639631480061397,0
9815,JOB_12962,CV_1480,-1,-1,-1,0,-1,0.00013742938756156384,0
9816,JOB_12962,CV_028,-1,-1,1,1,-1,0.004994451571761179,0
9817,JOB_12962,CV_2341,-1,-1,-1,1,-1,0.00026061368312641647,0
9818,JOB_12962,CV_1793,-1,-1,-1,0,-1,0.00013742938756156384,0
9819,JOB_12962,CV_3929,-1,-1,0,0,-1,0.0012649722795961807,0
9820,JOB_12962,CV_2445,-1,-1,-1,0,-1,0.00013742938756156384,0
9821,JOB_12962,CV_140,-1,-1,-1,1,-1,0.00026061368312641647,0
9822,JOB_12962,CV_1309,-1,-1,-1,0,-1,0.00013742938756156384,0
9823,JOB_12962,CV_1844,-1,-1,1,1,-1,0.004994451571761179,0
9824,JOB_12962,CV_3200,-1,0,1,0,-1,0.02828921519950765,0
9825,JOB_12962,CV_3284,-1,-1,-1,0,-1,0.00013742938756156384,0
9826,JOB_12962,CV_1898,-1,0,1,0,-1,0.02828921519950765,0
9827,JOB_12962,CV_2858,-1,0,1,0,-1,0.02828921519950765,0
9828,JOB_12962,CV_2638,-1,0,-1,1,-1,0.002859298785317209,0
9829,JOB_12962,CV_477,-1,-1,1,-1,-1,0.0015442935692705172,0
9830,JOB_12962,CV_176,-1,-1,-1,0,-1,0.00013742938756156384,0
9831,JOB_12962,CV_2177,-1,-1,1,-1,-1,0.0015442935692705172,0
9832,JOB_12962,CV_879,-1,-1,1,1,-1,0.004994451571761179,0
9833,JOB_12962,CV_618,-1,0,1,0,-1,0.02828921519950765,0
9834,JOB_12962,CV_2965,-1,0,1,0,-1,0.02828921519950765,0
9835,JOB_12962,CV_2658,-1,-1,-1,0,-1,0.00013742938756156384,0
9836,JOB_12962,CV_3657,-1,-1,1,0,-1,0.002639631480061397,0
9837,JOB_12962,CV_2961,-1,-1,0,1,-1,0.002396402946724275,0
9838,JOB_12962,CV_3670,-1,-1,-1,0,-1,0.00013742938756156384,0
9839,JOB_12962,CV_3722,-1,-1,-1,1,-1,0.00026061368312641647,0
9840,JOB_12962,CV_433,-1,-1,0,1,-1,0.002396402946724275,0
9841,JOB_12962,CV_2752,-1,0,1,1,-1,0.05232559089768777,0
9842,JOB_12962,CV_3051,-1,-1,1,0,-1,0.002639631480061397,0
9843,JOB_12962,CV_532,-1,-1,1,1,-1,0.004994451571761179,0
9844,JOB_12962,CV_3173,-1,-1,1,0,-1,0.002639631480061397,0
9845,JOB_12962,CV_929,-1,-1,1,-1,-1,0.0015442935692705172,0
9846,JOB_12962,CV_046,-1,-1,0,1,-1,0.002396402946724275,0
9847,JOB_12962,CV_661,-1,-1,-1,0,-1,0.00013742938756156384,0
9848,JOB_12962,CV_1019,1,0,-1,0,-1,0.03391947242677372,0
9849,JOB_12962,CV_3181,-1,-1,1,0,-1,0.002639631480061397,0
9850,JOB_12962,CV_2207,-1,0,1,0,-1,0.02828921519950765,0
9851,JOB_12962,CV_640,-1,-1,1,1,-1,0.004994451571761179,0
9852,JOB_12962,CV_3094,-1,-1,-1,0,-1,0.00013742938756156384,0
9853,JOB_12962,CV_2369,-1,-1,1,0,-1,0.002639631480061397,0
9854,JOB_12962,CV_392,-1,-1,-1,0,-1,0.00013742938756156384,0
9855,JOB_12962,CV_1913,-1,-1,1,0,-1,0.002639631480061397,0
9856,JOB_12962,CV_2313,-1,-1,-1,-1,-1,8.03182586734358e-05,0
9857,JOB_12962,CV_296,-1,-1,0,1,-1,0.002396402946724275,0
9858,JOB_12962,CV_3145,-1,-1,1,-1,-1,0.0015442935692705172,0
9859,JOB_12962,CV_2672,-1,0,1,-1,-1,0.016728886119059285,0
9860,JOB_12962,CV_3075,-1,-1,-1,1,-1,0.00026061368312641647,0
9861,JOB_12962,CV_233,-1,-1,1,0,-1,0.002639631480061397,0
9862,JOB_12962,CV_2157,-1,-1,-1,-1,-1,8.03182586734358e-05,0
9863,JOB_12962,CV_2723,-1,-1,-1,1,-1,0.00026061368312641647,0
9864,JOB_12962,CV_2476,-1,0,1,-1,-1,0.016728886119059285,0
9865,JOB_12962,CV_1807,-1,-1,1,1,-1,0.004994451571761179,0
9866,JOB_12962,CV_1636,-1,0,1,0,-1,0.02828921519950765,0
9867,JOB_12962,CV_1070,-1,0,1,0,-1,0.02828921519950765,0
9868,JOB_12962,CV_1015,-1,0,0,0,-1,0.01374087676851104,0
9869,JOB_12962,CV_1151,-1,-1,-1,1,-1,0.00026061368312641647,0
9870,JOB_12962,CV_3945,-1,0,0,0,-1,0.01374087676851104,0
9871,JOB_12962,CV_1031,-1,0,1,1,-1,0.05232559089768777,0
9872,JOB_12962,CV_085,-1,-1,1,0,-1,0.002639631480061397,0
9873,JOB_12962,CV_2769,-1,-1,0,1,-1,0.002396402946724275,0
9874,JOB_12962,CV_137,-1,0,0,0,-1,0.01374087676851104,0
9875,JOB_12962,CV_1690,-1,-1,0,0,-1,0.0012649722795961807,0
9876,JOB_12962,CV_3093,-1,-1,-1,-1,-1,8.03182586734358e-05,0
9877,JOB_12962,CV_3782,-1,-1,0,1,-1,0.002396402946724275,0
9878,JOB_12962,CV_2489,-1,0,0,1,-1,0.025743514038269317,0
9879,JOB_12962,CV_278,-1,-1,1,0,-1,0.002639631480061397,0
9880,JOB_12962,CV_263,-1,-1,1,0,-1,0.002639631480061397,0
9881,JOB_12962,CV_2992,-1,0,-1,0,-1,0.0015096485596628858,0
9882,JOB_12962,CV_1993,-1,-1,-1,0,-1,0.00013742938756156384,0
9883,JOB_12962,CV_1803,-1,0,-1,0,-1,0.0015096485596628858,0
9884,JOB_12962,CV_080,-1,0,1,1,-1,0.05232559089768777,0
9885,JOB_12962,CV_3719,-1,-1,-1,0,-1,0.00013742938756156384,0
9886,JOB_12962,CV_481,-1,0,-1,0,-1,0.0015096485596628858,0
9887,JOB_12962,CV_3429,-1,-1,-1,-1,-1,8.03182586734358e-05,0
9888,JOB_12962,CV_3949,-1,-1,1,-1,-1,0.0015442935692705172,0
9889,JOB_12962,CV_3414,-1,-1,-1,1,-1,0.00026061368312641647,0
9890,JOB_12962,CV_2553,-1,0,1,0,-1,0.02828921519950765,0
9891,JOB_12962,CV_2356,-1,-1,-1,0,-1,0.00013742938756156384,0
9892,JOB_12962,CV_2541,-1,-1,-1,0,-1,0.00013742938756156384,0
9893,JOB_12962,CV_3039,-1,0,1,1,-1,0.05232559089768777,0
9894,JOB_12962,CV_869,-1,0,-1,0,-1,0.0015096485596628858,0
9895,JOB_12962,CV_1231,-1,-1,1,-1,-1,0.0015442935692705172,0
9896,JOB_12962,CV_2979,-1,-1,1,0,-1,0.002639631480061397,0
9897,JOB_12962,CV_3015,-1,-1,0,1,-1,0.002396402946724275,0
9898,JOB_12962,CV_3176,-1,-1,0,-1,-1,0.0007396380664553713,0
9899,JOB_12962,CV_3636,-1,-1,-1,-1,-1,8.03182586734358e-05,0
9900,JOB_3102,CV_1963,-1,1,0,1,-1,0.05283609976798728,0
9901,JOB_3102,CV_3949,-1,1,1,-1,1,0.15361803787121434,0
9902,JOB_3102,CV_392,-1,0,-1,1,1,0.014283223220999536,0
9903,JOB_3102,CV_3543,-1,0,1,1,-1,0.05232559089768777,0
9904,JOB_3102,CV_1633,-1,0,1,1,-1,0.05232559089768777,0
9905,JOB_3102,CV_1881,-1,1,0,-1,-1,0.01689829239252925,0
9906,JOB_3102,CV_160,-1,1,-1,-1,-1,0.0018618453328126804,0
9907,JOB_3102,CV_1325,-1,0,1,1,-1,0.05232559089768777,0
9908,JOB_3102,CV_040,-1,0,-1,1,-1,0.002859298785317209,0
9909,JOB_3102,CV_3753,-1,1,-1,1,-1,0.006017180859498359,0
9910,JOB_3102,CV_2253,-1,1,1,1,1,0.3706850697644348,0
9911,JOB_3102,CV_2638,-1,1,-1,1,1,0.029682404125509716,0
9912,JOB_3102,CV_3647,-1,0,1,0,-1,0.02828921519950765,0
9913,JOB_3102,CV_2392,-1,1,1,1,-1,0.10439562230127407,0
9914,JOB_3102,CV_1380,-1,1,1,0,1,0.23697590875267444,0
9915,JOB_3102,CV_3094,-1,0,-1,1,-1,0.002859298785317209,0
9916,JOB_3102,CV_1172,-1,0,1,-1,1,0.07916723666250709,0
9917,JOB_3102,CV_1961,-1,1,1,1,1,0.3706850697644348,0
9918,JOB_3102,CV_665,-1,0,1,1,-1,0.05232559089768777,0
9919,JOB_3102,CV_1245,1,1,1,1,-1,0.7302317401433427,1
9920,JOB_3102,CV_3299,-1,1,-1,1,1,0.029682404125509716,0
9921,JOB_3102,CV_929,-1,0,1,-1,-1,0.016728886119059285,0
9922,JOB_3102,CV_3685,-1,1,-1,1,-1,0.006017180859498359,0
9923,JOB_3102,CV_532,-1,1,1,1,-1,0.10439562230127407,0
9924,JOB_3102,CV_3284,1,1,-1,1,-1,0.123251694460039,0
9925,JOB_3102,CV_296,-1,1,0,1,-1,0.05283609976798728,0
9926,JOB_3102,CV_601,-1,0,1,1,-1,0.05232559089768777,0
9927,JOB_3102,CV_1090,-1,1,-1,1,-1,0.006017180859498359,0
9928,JOB_3102,CV_2366,-1,1,1,1,-1,0.10439562230127407,0
9929,JOB_3102,CV_1231,-1,1,1,-1,-1,0.034672065104421654,0
9930,JOB_3102,CV_3733,-1,1,-1,1,-1,0.006017180859498359,0
9931,JOB_3102,CV_3546,-1,0,-1,1,-1,0.002859298785317209,0
9932,JOB_3102,CV_2992,-1,0,-1,1,-1,0.002859298785317209,0
9933,JOB_3102,CV_3455,-1,0,-1,-1,-1,0.0008827918008007309,0
9934,JOB_3102,CV_3478,-1,1,1,1,-1,0.10439562230127407,0
9935,JOB_3102,CV_3500,-1,0,1,0,1,0.12824728097545876,0
9936,JOB_3102,CV_137,-1,1,0,0,-1,0.028572286214813686,0
9937,JOB_3102,CV_1739,-1,0,0,1,1,0.11779695264608223,0
9938,JOB_3102,CV_2356,-1,1,-1,1,-1,0.006017180859498359,0
9939,JOB_3102,CV_3088,-1,1,1,1,1,0.3706850697644348,0
9940,JOB_3102,CV_080,-1,1,1,1,1,0.3706850697644348,0
9941,JOB_3102,CV_272,-1,0,-1,1,1,0.014283223220999536,0
9942,JOB_3102,CV_3757,-1,1,-1,1,-1,0.006017180859498359,0
9943,JOB_3102,CV_1795,-1,1,-1,1,1,0.029682404125509716,0
9944,JOB_3102,CV_1480,-1,1,-1,1,1,0.029682404125509716,0
9945,JOB_3102,CV_388,1,1,-1,1,-1,0.123251694460039,0
9946,JOB_3102,CV_3636,-1,0,-1,-1,-1,0.0008827918008007309,0
9947,JOB_3102,CV_3090,1,1,1,1,-1,0.7302317401433427,1
9948,JOB_3102,CV_631,1,1,1,1,-1,0.7302317401433427,1
9949,JOB_3102,CV_634,-1,1,-1,1,-1,0.006017180859498359,0
9950,JOB_3102,CV_3173,1,1,1,1,-1,0.7302317401433427,1
9951,JOB_3102,CV_2039,-1,1,1,1,-1,0.10439562230127407,0
9952,JOB_3102,CV_2177,-1,1,1,-1,-1,0.034672065104421654,0
9953,JOB_3102,CV_2492,-1,1,1,1,-1,0.10439562230127407,0
9954,JOB_3102,CV_1574,-1,0,1,1,-1,0.05232559089768777,0
9955,JOB_3102,CV_2718,-1,0,0,1,-1,0.025743514038269317,0
9956,JOB_3102,CV_2327,1,1,-1,1,-1,0.123251694460039,0
9957,JOB_3102,CV_3093,-1,1,-1,-1,-1,0.0018618453328126804,0
9958,JOB_3102,CV_3792,-1,1,0,-1,-1,0.01689829239252925,0
9959,JOB_3102,CV_2961,-1,1,0,1,1,0.2199006485775579,0
9960,JOB_3102,CV_176,-1,1,-1,1,1,0.029682404125509716,0
9961,JOB_3102,CV_140,-1,0,-1,1,1,0.014283223220999536,0
9962,JOB_3102,CV_307,-1,0,0,1,-1,0.025743514038269317,0
9963,JOB_3102,CV_2157,1,1,-1,-1,1,0.17958202525048186,0
9964,JOB_3102,CV_2166,-1,1,-1,0,-1,0.003181698906503991,0
9965,JOB_3102,CV_3738,-1,1,1,0,-1,0.05790168407977278,0
9966,JOB_3102,CV_2033,-1,1,1,1,1,0.3706850697644348,0
9967,JOB_3102,CV_1015,-1,0,0,1,1,0.11779695264608223,0
9968,JOB_3102,CV_1252,1,1,1,-1,1,0.808239026155528,1
9969,JOB_3102,CV_2369,1,0,1,1,-1,0.5618280036801903,1
9970,JOB_3102,CV_028,1,1,1,1,-1,0.7302317401433427,1
9971,JOB_3102,CV_2478,-1,0,1,1,1,0.21814771844744296,0
9972,JOB_3102,CV_1031,-1,1,1,1,1,0.3706850697644348,0
9973,JOB_3102,CV_3197,-1,1,1,1,1,0.3706850697644348,0
9974,JOB_3102,CV_3945,-1,1,0,1,-1,0.05283609976798728,0
9975,JOB_3102,CV_1690,-1,1,0,1,-1,0.05283609976798728,0
9976,JOB_3102,CV_1577,-1,0,-1,1,-1,0.002859298785317209,0
9977,JOB_3102,CV_2769,-1,0,0,1,1,0.11779695264608223,0
9978,JOB_3102,CV_1085,-1,1,-1,1,1,0.029682404125509716,0
9979,JOB_3102,CV_1687,-1,0,1,1,-1,0.05232559089768777,0
9980,JOB_3102,CV_3782,-1,1,0,1,-1,0.05283609976798728,0
9981,JOB_3102,CV_421,-1,1,0,1,-1,0.05283609976798728,0
9982,JOB_3102,CV_2365,-1,0,0,1,-1,0.025743514038269317,0
9983,JOB_3102,CV_618,-1,1,1,0,1,0.23697590875267444,0
9984,JOB_3102,CV_1803,-1,0,-1,1,1,0.014283223220999536,0
9985,JOB_3102,CV_605,-1,-1,-1,1,-1,0.00026061368312641647,0
9986,JOB_3102,CV_2555,-1,1,-1,0,-1,0.003181698906503991,0
9987,JOB_3102,CV_1993,-1,1,-1,1,-1,0.006017180859498359,0
9988,JOB_3102,CV_2584,-1,0,-1,1,1,0.014283223220999536,0
9989,JOB_3102,CV_2965,-1,0,1,1,-1,0.05232559089768777,0
9990,JOB_3102,CV_469,-1,1,1,1,-1,0.10439562230127407,0
9991,JOB_3102,CV_2341,-1,1,-1,1,-1,0.006017180859498359,0
9992,JOB_3102,CV_2953,-1,0,1,-1,1,0.07916723666250709,0
9993,JOB_3102,CV_813,-1,1,1,1,1,0.3706850697644348,0
9994,JOB_3102,CV_2830,-1,1,0,0,1,0.1293973718407125,0
9995,JOB_3102,CV_3474,1,1,1,1,1,0.9318734926872032,1
9996,JOB_3102,CV_3414,-1,1,-1,1,-1,0.006017180859498359,0
9997,JOB_3102,CV_1517,-1,0,0,1,-1,0.025743514038269317,0
9998,JOB_3102,CV_2024,-1,0,1,0,-1,0.02828921519950765,0
9999,JOB_3102,CV_1796,-1,1,0,1,-1,0.05283609976798728,0
10000,JOB_5037,CV_1636,1,0,1,0,-1,0.40336398430354964,0
10001,JOB_5037,CV_1682,-1,-1,-1,0,-1,0.00013742938756156384,0
10002,JOB_5037,CV_2415,-1,0,1,-1,-1,0.016728886119059285,0
10003,JOB_5037,CV_3197,-1,0,1,0,-1,0.02828921519950765,0
10004,JOB_5037,CV_1045,-1,0,-1,-1,1,0.004445064433151091,0
10005,JOB_5037,CV_140,-1,-1,-1,1,-1,0.00026061368312641647,0
10006,JOB_5037,CV_2366,-1,0,1,1,-1,0.05232559089768777,0
10007,JOB_5037,CV_594,-1,0,1,1,1,0.21814771844744296,0
10008,JOB_5037,CV_1618,-1,1,1,-1,-1,0.034672065104421654,0
10009,JOB_5037,CV_1633,-1,-1,1,1,-1,0.004994451571761179,0
10010,JOB_5037,CV_3015,-1,0,0,1,-1,0.025743514038269317,0
10011,JOB_5037,CV_505,-1,0,1,1,1,0.21814771844744296,0
10012,JOB_5037,CV_3949,-1,0,1,-1,-1,0.016728886119059285,0
10013,JOB_5037,CV_2749,-1,0,0,1,-1,0.025743514038269317,0
10014,JOB_5037,CV_3284,-1,0,-1,0,-1,0.0015096485596628858,0
10015,JOB_5037,CV_3474,1,0,1,1,-1,0.5618280036801903,1
10016,JOB_5037,CV_2327,-1,1,-1,1,-1,0.006017180859498359,0
10017,JOB_5037,CV_3753,-1,0,-1,0,-1,0.0015096485596628858,0
10018,JOB_5037,CV_3133,-1,0,-1,1,-1,0.002859298785317209,0
10019,JOB_5037,CV_2313,-1,0,-1,-1,-1,0.0008827918008007309,0
10020,JOB_5037,CV_1090,-1,0,-1,1,-1,0.002859298785317209,0
10021,JOB_5037,CV_160,-1,1,-1,-1,1,0.009337905367753526,0
10022,JOB_5037,CV_2992,-1,0,-1,1,1,0.014283223220999536,0
10023,JOB_5037,CV_223,-1,0,-1,1,-1,0.002859298785317209,0
10024,JOB_5037,CV_3789,-1,0,1,0,-1,0.02828921519950765,0
10025,JOB_5037,CV_2718,-1,0,0,0,-1,0.01374087676851104,0
10026,JOB_5037,CV_1574,-1,0,1,0,-1,0.02828921519950765,0
10027,JOB_5037,CV_2166,-1,0,-1,0,-1,0.0015096485596628858,0
10028,JOB_5037,CV_3945,-1,0,0,0,-1,0.01374087676851104,0
10029,JOB_5037,CV_272,-1,0,-1,1,-1,0.002859298785317209,0
10030,JOB_5037,CV_2769,-1,-1,0,1,-1,0.002396402946724275,0
10031,JOB_5037,CV_3546,-1,0,-1,-1,1,0.004445064433151091,0
10032,JOB_5037,CV_1494,-1,0,1,0,-1,0.02828921519950765,0
10033,JOB_5037,CV_2658,-1,0,-1,0,1,0.007582239379063284,0
10034,JOB_5037,CV_1639,1,0,1,0,1,0.7735671682621211,1
10035,JOB_5037,CV_469,-1,0,1,0,1,0.12824728097545876,0
10036,JOB_5037,CV_3094,-1,-1,-1,0,-1,0.00013742938756156384,0
10037,JOB_5037,CV_2514,-1,0,-1,0,-1,0.0015096485596628858,0
10038,JOB_5037,CV_1687,-1,0,1,1,-1,0.05232559089768777,0
10039,JOB_5037,CV_1309,-1,0,-1,0,-1,0.0015096485596628858,0
10040,JOB_5037,CV_661,-1,0,-1,0,-1,0.0015096485596628858,0
10041,JOB_5037,CV_3075,-1,0,-1,1,1,0.014283223220999536,0
10042,JOB_5037,CV_2961,-1,0,0,1,-1,0.025743514038269317,0
10043,JOB_5037,CV_3500,-1,-1,1,0,-1,0.002639631480061397,0
10044,JOB_5037,CV_388,-1,0,-1,0,1,0.007582239379063284,0
10045,JOB_5037,CV_3782,-1,0,0,1,-1,0.025743514038269317,0
10046,JOB_5037,CV_1287,-1,0,1,-1,-1,0.016728886119059285,0
10047,JOB_5037,CV_028,1,0,1,1,-1,0.5618280036801903,1
10048,JOB_5037,CV_605,-1,-1,-1,0,-1,0.00013742938756156384,0
10049,JOB_5037,CV_3200,-1,0,1,1,-1,0.05232559089768777,0
10050,JOB_5037,CV_611,-1,0,-1,0,-1,0.0015096485596628858,0
10051,JOB_5037,CV_3299,-1,0,-1,0,-1,0.0015096485596628858,0
10052,JOB_5037,CV_634,-1,0,-1,0,1,0.007582239379063284,0
10053,JOB_5037,CV_2356,-1,0,-1,0,1,0.007582239379063284,0
10054,JOB_5037,CV_2441,-1,0,-1,0,-1,0.0015096485596628858,0
10055,JOB_5037,CV_3414,1,0,-1,1,1,0.2517738988092962,0
10056,JOB_5037,CV_1810,-1,0,-1,1,-1,0.002859298785317209,0
10057,JOB_5037,CV_1241,-1,-1,1,0,-1,0.002639631480061397,0
10058,JOB_5037,CV_1019,-1,1,-1,1,-1,0.006017180859498359,0
10059,JOB_5037,CV_2420,-1,-1,0,1,1,0.0119931365693721,0
10060,JOB_5037,CV_3636,-1,0,-1,-1,-1,0.0008827918008007309,0
10061,JOB_5037,CV_1796,-1,1,0,1,1,0.2199006485775579,0
10062,JOB_5037,CV_3145,-1,0,1,-1,-1,0.016728886119059285,0
10063,JOB_5037,CV_3744,-1,0,1,-1,-1,0.016728886119059285,0
10064,JOB_5037,CV_2965,-1,-1,1,1,1,0.024737444512838436,0
10065,JOB_5037,CV_2579,1,0,-1,0,-1,0.03391947242677372,0
10066,JOB_5037,CV_1070,-1,0,1,1,-1,0.05232559089768777,0
10067,JOB_5037,CV_3173,-1,0,1,0,-1,0.02828921519950765,0
10068,JOB_5037,CV_1138,-1,0,1,1,-1,0.05232559089768777,0
10069,JOB_5037,CV_1380,-1,0,1,0,-1,0.02828921519950765,0
10070,JOB_5037,CV_392,-1,-1,-1,0,-1,0.00013742938756156384,0
10071,JOB_5037,CV_2478,-1,-1,1,0,-1,0.002639631480061397,0
10072,JOB_5037,CV_1015,-1,0,0,0,-1,0.01374087676851104,0
10073,JOB_5037,CV_2723,-1,-1,-1,1,-1,0.00026061368312641647,0
10074,JOB_5037,CV_3722,1,0,-1,1,-1,0.06243232352062822,0
10075,JOB_5037,CV_722,-1,0,-1,1,-1,0.002859298785317209,0
10076,JOB_5037,CV_2365,-1,-1,0,0,1,0.006359616677526063,0
10077,JOB_5037,CV_2541,1,0,-1,0,1,0.150686624070513,0
10078,JOB_5037,CV_2492,-1,0,1,0,-1,0.02828921519950765,0
10079,JOB_5037,CV_2991,-1,1,1,0,-1,0.05790168407977278,0
10080,JOB_5037,CV_3051,-1,-1,1,0,-1,0.002639631480061397,0
10081,JOB_5037,CV_3455,-1,0,-1,-1,-1,0.0008827918008007309,0
10082,JOB_5037,CV_137,-1,0,0,0,1,0.06577288027095901,0
10083,JOB_5037,CV_1252,-1,0,1,-1,-1,0.016728886119059285,0
10084,JOB_5037,CV_3670,-1,1,-1,1,-1,0.006017180859498359,0
10085,JOB_5037,CV_2033,-1,0,1,0,-1,0.02828921519950765,0
10086,JOB_5037,CV_3733,-1,0,-1,0,-1,0.0015096485596628858,0
10087,JOB_5037,CV_1577,-1,-1,-1,1,-1,0.00026061368312641647,0
10088,JOB_5037,CV_3181,-1,0,1,0,-1,0.02828921519950765,0
10089,JOB_5037,CV_3791,-1,0,1,1,-1,0.05232559089768777,0
10090,JOB_5037,CV_2369,-1,0,1,0,-1,0.02828921519950765,0
10091,JOB_5037,CV_2979,1,0,1,0,-1,0.40336398430354964,0
10092,JOB_5037,CV_869,-1,0,-1,1,-1,0.002859298785317209,0
10093,JOB_5037,CV_2157,1,0,-1,-1,-1,0.02010595680604062,0
10094,JOB_5037,CV_046,-1,-1,0,1,-1,0.002396402946724275,0
10095,JOB_5037,CV_1793,-1,0,-1,1,-1,0.002859298785317209,0
10096,JOB_5037,CV_601,-1,0,1,0,1,0.12824728097545876,0
10097,JOB_5037,CV_877,-1,0,1,0,-1,0.02828921519950765,0
10098,JOB_5037,CV_1785,-1,0,-1,0,-1,0.0015096485596628858,0
10099,JOB_5037,CV_631,1,0,1,0,-1,0.40336398430354964,0
10300,JOB_10526,CV_3173,1,0,1,1,-1,0.5618280036801903,1
10301,JOB_10526,CV_929,-1,-1,1,-1,-1,0.0015442935692705172,0
10302,JOB_10526,CV_3133,-1,1,-1,1,-1,0.006017180859498359,0
10303,JOB_10526,CV_469,-1,1,1,1,-1,0.10439562230127407,0
10304,JOB_10526,CV_2553,-1,0,1,0,-1,0.02828921519950765,0
10305,JOB_10526,CV_2537,-1,0,1,0,-1,0.02828921519950765,0
10306,JOB_10526,CV_532,-1,0,1,1,-1,0.05232559089768777,0
10307,JOB_10526,CV_3719,-1,1,-1,1,-1,0.006017180859498359,0
10308,JOB_10526,CV_2492,-1,0,1,0,-1,0.02828921519950765,0
10309,JOB_10526,CV_2550,-1,1,-1,1,-1,0.006017180859498359,0
10310,JOB_10526,CV_3500,-1,-1,1,0,-1,0.002639631480061397,0
10311,JOB_10526,CV_040,-1,0,-1,1,-1,0.002859298785317209,0
10312,JOB_10526,CV_2858,-1,1,1,1,-1,0.10439562230127407,0
10313,JOB_10526,CV_3039,-1,0,1,1,-1,0.05232559089768777,0
10314,JOB_10526,CV_2718,-1,-1,0,0,-1,0.0012649722795961807,0
10315,JOB_10526,CV_3744,-1,0,1,-1,-1,0.016728886119059285,0
10316,JOB_10526,CV_1045,-1,0,-1,1,-1,0.002859298785317209,0
10317,JOB_10526,CV_2658,-1,0,-1,0,-1,0.0015096485596628858,0
10318,JOB_10526,CV_1844,1,1,1,1,-1,0.7302317401433427,1
10319,JOB_10526,CV_2965,-1,0,1,0,-1,0.02828921519950765,0
10320,JOB_10526,CV_263,-1,0,1,1,-1,0.05232559089768777,0
10321,JOB_10526,CV_1687,-1,1,1,1,-1,0.10439562230127407,0
10322,JOB_10526,CV_611,-1,1,-1,1,-1,0.006017180859498359,0
10323,JOB_10526,CV_3727,-1,0,1,0,-1,0.02828921519950765,0
10324,JOB_10526,CV_3663,-1,0,1,-1,-1,0.016728886119059285,0
10325,JOB_10526,CV_2365,-1,-1,0,1,-1,0.002396402946724275,0
10326,JOB_10526,CV_631,1,0,1,0,-1,0.40336398430354964,0
10327,JOB_10526,CV_1993,-1,0,-1,0,-1,0.0015096485596628858,0
10328,JOB_10526,CV_1636,1,0,1,0,-1,0.40336398430354964,0
10329,JOB_10526,CV_1380,-1,0,1,0,-1,0.02828921519950765,0
10330,JOB_10526,CV_046,-1,0,0,1,-1,0.025743514038269317,0
10331,JOB_10526,CV_1792,-1,0,1,1,-1,0.05232559089768777,0
10332,JOB_10526,CV_2441,-1,0,-1,0,-1,0.0015096485596628858,0
10333,JOB_10526,CV_1751,1,0,-1,0,-1,0.03391947242677372,0
10334,JOB_10526,CV_2445,-1,0,-1,0,-1,0.0015096485596628858,0
10335,JOB_10526,CV_3929,-1,1,0,1,-1,0.05283609976798728,0
10336,JOB_10526,CV_964,1,1,1,1,-1,0.7302317401433427,1
10337,JOB_10526,CV_1068,-1,1,-1,1,-1,0.006017180859498359,0
10338,JOB_10526,CV_2327,1,0,-1,1,-1,0.06243232352062822,0
10339,JOB_10526,CV_3962,-1,1,-1,1,-1,0.006017180859498359,0
10340,JOB_10526,CV_3949,-1,0,1,-1,-1,0.016728886119059285,0
10341,JOB_10526,CV_2415,-1,0,1,-1,-1,0.016728886119059285,0
10342,JOB_10526,CV_1961,-1,1,1,1,-1,0.10439562230127407,0
10343,JOB_10526,CV_137,-1,0,0,0,-1,0.01374087676851104,0
10344,JOB_10526,CV_2752,-1,1,1,1,-1,0.10439562230127407,0
10345,JOB_10526,CV_1031,-1,1,1,1,-1,0.10439562230127407,0
10346,JOB_10526,CV_176,-1,1,-1,1,-1,0.006017180859498359,0
10347,JOB_10526,CV_538,-1,0,1,-1,-1,0.016728886119059285,0
10348,JOB_10526,CV_2253,-1,1,1,1,-1,0.10439562230127407,0
10349,JOB_10526,CV_1810,1,1,-1,1,-1,0.123251694460039,0
10350,JOB_10526,CV_1860,-1,1,0,1,-1,0.05283609976798728,0
10351,JOB_10526,CV_2166,-1,0,-1,0,-1,0.0015096485596628858,0
10352,JOB_10526,CV_1618,-1,0,1,1,-1,0.05232559089768777,0
10353,JOB_10526,CV_2953,-1,0,1,-1,-1,0.016728886119059285,0
10354,JOB_10526,CV_1090,-1,1,-1,1,-1,0.006017180859498359,0
10355,JOB_10526,CV_2723,-1,0,-1,1,-1,0.002859298785317209,0
10356,JOB_10526,CV_3753,-1,1,-1,1,-1,0.006017180859498359,0
10357,JOB_10526,CV_028,1,0,1,1,-1,0.5618280036801903,1
10358,JOB_10526,CV_296,-1,1,0,1,-1,0.05283609976798728,0
10359,JOB_10526,CV_2769,-1,0,0,1,-1,0.025743514038269317,0
10360,JOB_10526,CV_3636,-1,1,-1,1,-1,0.006017180859498359,0
10361,JOB_10526,CV_2177,-1,0,1,1,-1,0.05232559089768777,0
10362,JOB_10526,CV_2913,-1,0,1,0,-1,0.02828921519950765,0
10363,JOB_10526,CV_3145,-1,0,1,0,-1,0.02828921519950765,0
10364,JOB_10526,CV_2356,-1,1,-1,1,-1,0.006017180859498359,0
10365,JOB_10526,CV_722,-1,1,-1,1,-1,0.006017180859498359,0
10366,JOB_10526,CV_3094,-1,0,-1,1,-1,0.002859298785317209,0
10367,JOB_10526,CV_2514,-1,1,-1,1,-1,0.006017180859498359,0
10368,JOB_10526,CV_3015,-1,1,0,1,-1,0.05283609976798728,0
10369,JOB_10526,CV_2294,-1,0,0,0,-1,0.01374087676851104,0
10370,JOB_10526,CV_1577,-1,0,-1,1,-1,0.002859298785317209,0
10371,JOB_10526,CV_661,-1,1,-1,1,-1,0.006017180859498359,0
10372,JOB_10526,CV_1252,1,0,1,-1,-1,0.2832010598158251,0
10373,JOB_10526,CV_1036,-1,0,1,-1,-1,0.016728886119059285,0
10374,JOB_10526,CV_665,-1,0,1,0,-1,0.02828921519950765,0
10375,JOB_10526,CV_2869,-1,0,-1,-1,-1,0.0008827918008007309,0
10376,JOB_10526,CV_1287,-1,0,1,-1,-1,0.016728886119059285,0
10377,JOB_10526,CV_187,-1,-1,1,1,-1,0.004994451571761179,0
10378,JOB_10526,CV_160,-1,0,-1,-1,-1,0.0008827918008007309,0
10379,JOB_10526,CV_1070,-1,0,1,1,-1,0.05232559089768777,0
10380,JOB_10526,CV_2555,-1,0,-1,0,-1,0.0015096485596628858,0
10381,JOB_10526,CV_879,-1,1,1,1,-1,0.10439562230127407,0
10382,JOB_10526,CV_1241,-1,0,1,0,-1,0.02828921519950765,0
10383,JOB_10526,CV_3547,-1,1,-1,1,-1,0.006017180859498359,0
10384,JOB_10526,CV_3789,-1,0,1,0,-1,0.02828921519950765,0
10385,JOB_10526,CV_433,-1,1,0,1,-1,0.05283609976798728,0
10386,JOB_10526,CV_2385,-1,1,-1,1,-1,0.006017180859498359,0
10387,JOB_10526,CV_1793,-1,1,-1,1,-1,0.006017180859498359,0
10388,JOB_10526,CV_392,-1,0,-1,1,-1,0.002859298785317209,0
10389,JOB_10526,CV_2749,1,0,0,0,-1,0.2444501511049451,0
10390,JOB_10526,CV_2033,-1,0,1,0,-1,0.02828921519950765,0
10391,JOB_10526,CV_1517,-1,0,0,1,-1,0.025743514038269317,0
10392,JOB_10526,CV_1971,-1,1,-1,1,-1,0.006017180859498359,0
10393,JOB_10526,CV_2476,-1,0,1,1,-1,0.05232559089768777,0
10394,JOB_10526,CV_2436,-1,0,1,0,-1,0.02828921519950765,0
10395,JOB_10526,CV_216,-1,1,1,1,-1,0.10439562230127407,0
10396,JOB_10526,CV_2732,-1,1,-1,1,-1,0.006017180859498359,0
10397,JOB_10526,CV_788,1,0,-1,0,-1,0.03391947242677372,0
10398,JOB_10526,CV_3098,-1,0,1,0,-1,0.02828921519950765,0
10399,JOB_10526,CV_1480,-1,1,-1,1,-1,0.006017180859498359,0
10400,JOB_10339,CV_028,-1,0,1,-1,-1,0.016728886119059285,0
10401,JOB_10339,CV_3753,-1,1,-1,-1,-1,0.0018618453328126804,0
10402,JOB_10339,CV_2537,-1,0,1,-1,-1,0.016728886119059285,0
10403,JOB_10339,CV_3015,-1,1,0,-1,-1,0.01689829239252925,0
10404,JOB_10339,CV_3051,-1,0,1,-1,-1,0.016728886119059285,0
10405,JOB_10339,CV_2476,-1,1,1,-1,-1,0.034672065104421654,0
10406,JOB_10339,CV_634,-1,0,-1,-1,-1,0.0008827918008007309,0
10407,JOB_10339,CV_2991,-1,1,1,-1,-1,0.034672065104421654,0
10408,JOB_10339,CV_1224,-1,0,-1,-1,-1,0.0008827918008007309,0
10409,JOB_10339,CV_3738,-1,1,1,-1,-1,0.034672065104421654,0
10410,JOB_10339,CV_2541,-1,1,-1,-1,-1,0.0018618453328126804,0
10411,JOB_10339,CV_929,-1,0,1,-1,-1,0.016728886119059285,0
10412,JOB_10339,CV_296,-1,0,0,-1,-1,0.0080762834495878,0
10413,JOB_10339,CV_999,-1,1,-1,-1,-1,0.0018618453328126804,0
10414,JOB_10339,CV_2356,-1,1,-1,-1,-1,0.0018618453328126804,0
10415,JOB_10339,CV_1963,-1,1,0,-1,-1,0.01689829239252925,0
10416,JOB_10339,CV_1618,-1,0,1,-1,-1,0.016728886119059285,0
10417,JOB_10339,CV_3949,-1,0,1,-1,-1,0.016728886119059285,0
10418,JOB_10339,CV_2749,-1,1,0,-1,-1,0.01689829239252925,0
10419,JOB_10339,CV_2069,-1,1,-1,-1,-1,0.0018618453328126804,0
10420,JOB_10339,CV_2478,-1,-1,1,-1,-1,0.0015442935692705172,0
10421,JOB_10339,CV_187,-1,-1,1,-1,-1,0.0015442935692705172,0
10422,JOB_10339,CV_3670,-1,1,-1,-1,-1,0.0018618453328126804,0
10423,JOB_10339,CV_2913,-1,1,1,-1,-1,0.034672065104421654,0
10424,JOB_10339,CV_2733,-1,1,-1,-1,-1,0.0018618453328126804,0
10425,JOB_10339,CV_085,-1,0,1,-1,-1,0.016728886119059285,0
10426,JOB_10339,CV_272,-1,0,-1,-1,-1,0.0008827918008007309,0
10427,JOB_10339,CV_216,-1,0,1,-1,-1,0.016728886119059285,0
10428,JOB_10339,CV_3093,-1,0,-1,-1,-1,0.0008827918008007309,0
10429,JOB_10339,CV_3733,-1,1,-1,-1,-1,0.0018618453328126804,0
10430,JOB_10339,CV_2294,-1,1,0,-1,-1,0.01689829239252925,0
10431,JOB_10339,CV_3757,-1,0,-1,-1,-1,0.0008827918008007309,0
10432,JOB_10339,CV_1751,-1,0,-1,-1,-1,0.0008827918008007309,0
10433,JOB_10339,CV_1793,-1,0,-1,-1,-1,0.0008827918008007309,0
10434,JOB_10339,CV_3075,-1,0,-1,-1,-1,0.0008827918008007309,0
10435,JOB_10339,CV_1019,-1,0,-1,-1,-1,0.0008827918008007309,0
10436,JOB_10339,CV_1785,-1,1,-1,-1,-1,0.0018618453328126804,0
10437,JOB_10339,CV_1078,-1,0,-1,-1,-1,0.0008827918008007309,0
10438,JOB_10339,CV_3176,-1,1,0,-1,-1,0.01689829239252925,0
10439,JOB_10339,CV_3636,-1,1,-1,-1,-1,0.0018618453328126804,0
10440,JOB_10339,CV_1036,-1,0,1,1,-1,0.05232559089768777,0
10441,JOB_10339,CV_1687,-1,0,1,-1,-1,0.016728886119059285,0
10442,JOB_10339,CV_3789,-1,0,1,-1,1,0.07916723666250709,0
10443,JOB_10339,CV_3970,-1,0,-1,-1,-1,0.0008827918008007309,0
10444,JOB_10339,CV_1803,-1,0,-1,-1,-1,0.0008827918008007309,0
10445,JOB_10339,CV_2379,-1,0,1,-1,-1,0.016728886119059285,0
10446,JOB_10339,CV_2977,-1,1,1,-1,-1,0.034672065104421654,0
10447,JOB_10339,CV_601,-1,0,1,-1,-1,0.016728886119059285,0
10448,JOB_10339,CV_3145,-1,-1,1,-1,-1,0.0015442935692705172,0
10449,JOB_10339,CV_3547,-1,0,-1,-1,-1,0.0008827918008007309,0
10450,JOB_10339,CV_160,-1,1,-1,-1,-1,0.0018618453328126804,0
10451,JOB_10339,CV_3474,-1,0,1,-1,-1,0.016728886119059285,0
10452,JOB_10339,CV_1577,-1,0,-1,-1,-1,0.0008827918008007309,0
10453,JOB_10339,CV_1015,-1,0,0,-1,-1,0.0080762834495878,0
10454,JOB_10339,CV_2961,-1,0,0,-1,-1,0.0080762834495878,0
10455,JOB_10339,CV_605,-1,-1,-1,-1,-1,8.03182586734358e-05,0
10456,JOB_10339,CV_2553,-1,0,1,-1,-1,0.016728886119059285,0
10457,JOB_10339,CV_877,-1,0,1,-1,-1,0.016728886119059285,0
10458,JOB_10339,CV_2965,-1,0,1,-1,-1,0.016728886119059285,0
10459,JOB_10339,CV_2039,-1,1,1,-1,-1,0.034672065104421654,0
10460,JOB_10339,CV_388,-1,0,-1,-1,-1,0.0008827918008007309,0
10461,JOB_10339,CV_246,-1,0,-1,-1,-1,0.0008827918008007309,0
10462,JOB_10339,CV_3543,-1,0,1,-1,-1,0.016728886119059285,0
10463,JOB_10339,CV_233,-1,0,1,-1,-1,0.016728886119059285,0
10464,JOB_10339,CV_1085,-1,1,-1,-1,-1,0.0018618453328126804,0
10465,JOB_10339,CV_2392,-1,0,1,-1,-1,0.016728886119059285,0
10466,JOB_10339,CV_2341,-1,0,-1,-1,-1,0.0008827918008007309,0
10467,JOB_10339,CV_924,-1,1,1,-1,-1,0.034672065104421654,0
10468,JOB_10339,CV_3088,-1,0,1,-1,-1,0.016728886119059285,0
10469,JOB_10339,CV_2038,-1,0,-1,-1,-1,0.0008827918008007309,0
10470,JOB_10339,CV_2752,-1,0,1,-1,-1,0.016728886119059285,0
10471,JOB_10339,CV_2574,-1,0,-1,-1,-1,0.0008827918008007309,0
10472,JOB_10339,CV_421,-1,1,0,-1,-1,0.01689829239252925,0
10473,JOB_10339,CV_1796,-1,0,0,-1,-1,0.0080762834495878,0
10474,JOB_10339,CV_3284,-1,1,-1,-1,-1,0.0018618453328126804,0
10475,JOB_10339,CV_2858,-1,0,1,-1,-1,0.016728886119059285,0
10476,JOB_10339,CV_2385,-1,0,-1,-1,-1,0.0008827918008007309,0
10477,JOB_10339,CV_2415,-1,0,1,-1,-1,0.016728886119059285,0
10478,JOB_10339,CV_2253,-1,1,1,-1,-1,0.034672065104421654,0
10479,JOB_10339,CV_1045,-1,-1,-1,-1,-1,8.03182586734358e-05,0
10480,JOB_10339,CV_1898,-1,1,1,-1,-1,0.034672065104421654,0
10481,JOB_10339,CV_1807,-1,0,1,-1,-1,0.016728886119059285,0
10482,JOB_10339,CV_2327,-1,1,-1,-1,-1,0.0018618453328126804,0
10483,JOB_10339,CV_1231,-1,0,1,-1,-1,0.016728886119059285,0
10484,JOB_10339,CV_879,-1,0,1,-1,-1,0.016728886119059285,0
10485,JOB_10339,CV_3090,-1,0,1,-1,-1,0.016728886119059285,0
10486,JOB_10339,CV_2436,-1,-1,1,-1,-1,0.0015442935692705172,0
10487,JOB_10339,CV_788,-1,0,-1,-1,-1,0.0008827918008007309,0
10488,JOB_10339,CV_3685,-1,1,-1,-1,-1,0.0018618453328126804,0
10489,JOB_10339,CV_622,-1,1,0,-1,-1,0.01689829239252925,0
10490,JOB_10339,CV_1245,-1,0,1,-1,-1,0.016728886119059285,0
10491,JOB_10339,CV_1138,-1,1,1,-1,-1,0.034672065104421654,0
10492,JOB_10339,CV_661,-1,0,-1,-1,-1,0.0008827918008007309,0
10493,JOB_10339,CV_3625,-1,0,-1,-1,-1,0.0008827918008007309,0
10494,JOB_10339,CV_1380,-1,0,1,-1,-1,0.016728886119059285,0
10495,JOB_10339,CV_2869,-1,0,-1,-1,-1,0.0008827918008007309,0
10496,JOB_10339,CV_1494,-1,0,1,-1,-1,0.016728886119059285,0
10497,JOB_10339,CV_481,-1,0,-1,-1,-1,0.0008827918008007309,0
10498,JOB_10339,CV_1325,-1,1,1,-1,-1,0.034672065104421654,0
10499,JOB_10339,CV_2769,-1,0,0,-1,-1,0.0080762834495878,0
10500,JOB_2967,CV_2537,-1,-1,1,-1,-1,0.0015442935692705172,0
10501,JOB_2967,CV_233,-1,-1,1,-1,-1,0.0015442935692705172,0
10502,JOB_2967,CV_3685,-1,-1,-1,-1,-1,8.03182586734358e-05,0
10503,JOB_2967,CV_116,-1,-1,-1,-1,-1,8.03182586734358e-05,0
10504,JOB_2967,CV_2294,-1,-1,0,-1,-1,0.0007396380664553713,0
10505,JOB_2967,CV_433,-1,-1,0,-1,-1,0.0007396380664553713,0
10506,JOB_2967,CV_2369,-1,-1,1,-1,-1,0.0015442935692705172,0
10507,JOB_2967,CV_1881,-1,-1,0,-1,-1,0.0007396380664553713,0
10508,JOB_2967,CV_2979,-1,-1,1,-1,-1,0.0015442935692705172,0
10509,JOB_2967,CV_2038,-1,-1,-1,-1,1,0.00040573633479455186,0
10510,JOB_2967,CV_2733,-1,-1,-1,-1,-1,8.03182586734358e-05,0
10511,JOB_2967,CV_3455,-1,-1,-1,-1,-1,8.03182586734358e-05,0
10512,JOB_2967,CV_929,-1,-1,1,-1,-1,0.0015442935692705172,0
10513,JOB_2967,CV_2752,-1,-1,1,-1,-1,0.0015442935692705172,0
10514,JOB_2967,CV_3792,-1,-1,0,-1,-1,0.0007396380664553713,0
10515,JOB_2967,CV_3176,-1,-1,0,-1,-1,0.0007396380664553713,0
10516,JOB_2967,CV_1632,-1,-1,1,-1,-1,0.0015442935692705172,0
10517,JOB_2967,CV_421,-1,-1,0,-1,-1,0.0007396380664553713,0
10518,JOB_2967,CV_2157,-1,-1,-1,-1,1,0.00040573633479455186,0
10519,JOB_2967,CV_2658,-1,-1,-1,-1,-1,8.03182586734358e-05,0
10520,JOB_2967,CV_3543,-1,-1,1,-1,-1,0.0015442935692705172,0
10521,JOB_2967,CV_2341,-1,-1,-1,-1,-1,8.03182586734358e-05,0
10522,JOB_2967,CV_3284,-1,-1,-1,-1,-1,8.03182586734358e-05,0
10523,JOB_2967,CV_2313,-1,-1,-1,-1,1,0.00040573633479455186,0
10524,JOB_2967,CV_246,-1,-1,-1,-1,-1,8.03182586734358e-05,0
10525,JOB_2967,CV_999,-1,-1,-1,-1,-1,8.03182586734358e-05,0
10526,JOB_2967,CV_2555,-1,-1,-1,-1,-1,8.03182586734358e-05,0
10527,JOB_2967,CV_2858,-1,-1,1,-1,-1,0.0015442935692705172,0
10528,JOB_2967,CV_2718,-1,-1,0,-1,-1,0.0007396380664553713,0
10529,JOB_2967,CV_2961,-1,-1,0,-1,1,0.0037264061914744602,0
10530,JOB_2967,CV_028,-1,-1,1,-1,-1,0.0015442935692705172,0
10531,JOB_2967,CV_278,-1,-1,1,-1,-1,0.0015442935692705172,0
10532,JOB_2967,CV_1085,-1,-1,-1,-1,1,0.00040573633479455186,0
10533,JOB_2967,CV_1045,-1,-1,-1,-1,-1,8.03182586734358e-05,0
10534,JOB_2967,CV_1122,-1,-1,1,-1,-1,0.0015442935692705172,0
10535,JOB_2967,CV_3181,-1,-1,1,-1,1,0.0077551622213322515,0
10536,JOB_2967,CV_2069,-1,-1,-1,-1,1,0.00040573633479455186,0
10537,JOB_2967,CV_2441,-1,-1,-1,-1,-1,8.03182586734358e-05,0
10538,JOB_2967,CV_3738,-1,-1,1,-1,-1,0.0015442935692705172,0
10539,JOB_2967,CV_2579,-1,-1,-1,-1,1,0.00040573633479455186,0
10540,JOB_2967,CV_137,-1,-1,0,-1,-1,0.0007396380664553713,0
10541,JOB_2967,CV_140,-1,-1,-1,-1,1,0.00040573633479455186,0
10542,JOB_2967,CV_3636,-1,-1,-1,-1,-1,8.03182586734358e-05,0
10543,JOB_2967,CV_1913,-1,-1,1,-1,1,0.0077551622213322515,0
10544,JOB_2967,CV_505,-1,-1,1,-1,-1,0.0015442935692705172,0
10545,JOB_2967,CV_3088,-1,-1,1,-1,1,0.0077551622213322515,0
10546,JOB_2967,CV_1325,-1,-1,1,-1,-1,0.0015442935692705172,0
10547,JOB_2967,CV_3657,-1,-1,1,-1,-1,0.0015442935692705172,0
10548,JOB_2967,CV_1224,-1,-1,-1,-1,1,0.00040573633479455186,0
10549,JOB_2967,CV_634,-1,-1,-1,-1,-1,8.03182586734358e-05,0
10550,JOB_2967,CV_2965,-1,-1,1,-1,-1,0.0015442935692705172,0
10551,JOB_2967,CV_2723,-1,-1,-1,-1,1,0.00040573633479455186,0
10552,JOB_2967,CV_2638,-1,-1,-1,-1,1,0.00040573633479455186,0
10553,JOB_2967,CV_594,-1,-1,1,-1,-1,0.0015442935692705172,0
10554,JOB_2967,CV_3094,-1,-1,-1,-1,-1,8.03182586734358e-05,0
10555,JOB_2967,CV_2492,-1,-1,1,-1,-1,0.0015442935692705172,0
10556,JOB_2967,CV_3727,-1,-1,1,-1,1,0.0077551622213322515,0
10557,JOB_2967,CV_1161,-1,-1,1,-1,-1,0.0015442935692705172,0
10558,JOB_2967,CV_2253,-1,-1,1,-1,1,0.0077551622213322515,0
10559,JOB_2967,CV_2379,-1,-1,1,-1,-1,0.0015442935692705172,0
10560,JOB_2967,CV_1138,-1,-1,1,-1,-1,0.0015442935692705172,0
10561,JOB_2967,CV_3093,-1,-1,-1,-1,-1,8.03182586734358e-05,0
10562,JOB_2967,CV_3782,-1,-1,0,-1,-1,0.0007396380664553713,0
10563,JOB_2967,CV_2478,-1,-1,1,-1,1,0.0077551622213322515,0
10564,JOB_2967,CV_1019,-1,-1,-1,-1,1,0.00040573633479455186,0
10565,JOB_2967,CV_2992,-1,-1,-1,-1,-1,8.03182586734358e-05,0
10566,JOB_2967,CV_1172,-1,-1,1,-1,1,0.0077551622213322515,0
10567,JOB_2967,CV_722,-1,-1,-1,-1,1,0.00040573633479455186,0
10568,JOB_2967,CV_1494,-1,-1,1,-1,1,0.0077551622213322515,0
10569,JOB_2967,CV_1287,-1,-1,1,-1,1,0.0077551622213322515,0
10570,JOB_2967,CV_2177,-1,-1,1,-1,-1,0.0015442935692705172,0
10571,JOB_2967,CV_3733,-1,-1,-1,-1,-1,8.03182586734358e-05,0
10572,JOB_2967,CV_3663,-1,-1,1,-1,-1,0.0015442935692705172,0
10573,JOB_2967,CV_1241,-1,-1,1,-1,-1,0.0015442935692705172,0
10574,JOB_2967,CV_469,-1,-1,1,-1,-1,0.0015442935692705172,0
10575,JOB_2967,CV_1534,-1,-1,-1,-1,1,0.00040573633479455186,0
10576,JOB_2967,CV_3791,-1,-1,1,-1,1,0.0077551622213322515,0
10577,JOB_2967,CV_1517,-1,-1,0,-1,-1,0.0007396380664553713,0
10578,JOB_2967,CV_481,-1,-1,-1,-1,1,0.00040573633479455186,0
10579,JOB_2967,CV_2039,-1,-1,1,-1,-1,0.0015442935692705172,0
10580,JOB_2967,CV_2420,-1,-1,0,-1,-1,0.0007396380664553713,0
10581,JOB_2967,CV_1639,-1,-1,1,-1,-1,0.0015442935692705172,0
10582,JOB_2967,CV_3945,-1,-1,0,-1,-1,0.0007396380664553713,0
10583,JOB_2967,CV_2550,-1,-1,-1,-1,-1,8.03182586734358e-05,0
10584,JOB_2967,CV_3500,-1,-1,1,-1,1,0.0077551622213322515,0
10585,JOB_2967,CV_2033,-1,-1,1,-1,1,0.0077551622213322515,0
10586,JOB_2967,CV_3547,-1,-1,-1,-1,-1,8.03182586734358e-05,0
10587,JOB_2967,CV_3039,-1,-1,1,-1,-1,0.0015442935692705172,0
10588,JOB_2967,CV_3962,-1,-1,-1,-1,1,0.00040573633479455186,0
10589,JOB_2967,CV_3299,-1,-1,-1,-1,1,0.00040573633479455186,0
10590,JOB_2967,CV_618,-1,-1,1,-1,1,0.0077551622213322515,0
10591,JOB_2967,CV_3647,-1,-1,1,-1,-1,0.0015442935692705172,0
10592,JOB_2967,CV_2584,-1,-1,-1,-1,1,0.00040573633479455186,0
10593,JOB_2967,CV_640,-1,-1,1,-1,1,0.0077551622213322515,0
10594,JOB_2967,CV_877,-1,-1,1,-1,-1,0.0015442935692705172,0
10595,JOB_2967,CV_1742,-1,-1,1,-1,-1,0.0015442935692705172,0
10596,JOB_2967,CV_3753,-1,-1,-1,-1,-1,8.03182586734358e-05,0
10597,JOB_2967,CV_1993,-1,-1,-1,-1,-1,8.03182586734358e-05,0
10598,JOB_2967,CV_3145,-1,-1,1,-1,1,0.0077551622213322515,0
10599,JOB_2967,CV_879,-1,-1,1,-1,-1,0.0015442935692705172,0
10600,JOB_11755,CV_3789,-1,0,1,0,-1,0.02828921519950765,0
10601,JOB_11755,CV_877,-1,0,1,0,-1,0.02828921519950765,0
10602,JOB_11755,CV_2537,-1,0,1,0,-1,0.02828921519950765,0
10603,JOB_11755,CV_1860,-1,0,0,1,-1,0.025743514038269317,0
10604,JOB_11755,CV_085,-1,0,1,0,-1,0.02828921519950765,0
10605,JOB_11755,CV_1085,-1,0,-1,1,-1,0.002859298785317209,0
10606,JOB_11755,CV_1844,-1,0,1,1,-1,0.05232559089768777,0
10607,JOB_11755,CV_1070,-1,0,1,1,-1,0.05232559089768777,0
10608,JOB_11755,CV_3093,-1,0,-1,-1,-1,0.0008827918008007309,0
10609,JOB_11755,CV_296,-1,0,0,1,-1,0.025743514038269317,0
10610,JOB_11755,CV_2420,-1,-1,0,1,-1,0.002396402946724275,0
10611,JOB_11755,CV_116,-1,0,-1,1,-1,0.002859298785317209,0
10612,JOB_11755,CV_1161,-1,1,1,1,-1,0.10439562230127407,0
10613,JOB_11755,CV_964,-1,0,1,1,-1,0.05232559089768777,0
10614,JOB_11755,CV_3733,-1,0,-1,0,-1,0.0015096485596628858,0
10615,JOB_11755,CV_2033,-1,1,1,1,-1,0.10439562230127407,0
10616,JOB_11755,CV_2327,-1,0,-1,1,-1,0.002859298785317209,0
10617,JOB_11755,CV_160,-1,1,-1,-1,-1,0.0018618453328126804,0
10618,JOB_11755,CV_2555,-1,0,-1,0,-1,0.0015096485596628858,0
10619,JOB_11755,CV_176,-1,-1,-1,1,-1,0.00026061368312641647,0
10620,JOB_11755,CV_2550,-1,-1,-1,1,-1,0.00026061368312641647,0
10621,JOB_11755,CV_2369,-1,0,1,1,-1,0.05232559089768777,0
10622,JOB_11755,CV_1577,-1,0,-1,1,-1,0.002859298785317209,0
10623,JOB_11755,CV_1739,-1,0,0,1,-1,0.025743514038269317,0
10624,JOB_11755,CV_2341,-1,0,-1,1,-1,0.002859298785317209,0
10625,JOB_11755,CV_469,-1,0,1,0,-1,0.02828921519950765,0
10626,JOB_11755,CV_594,-1,-1,1,1,-1,0.004994451571761179,0
10627,JOB_11755,CV_3657,-1,0,1,1,-1,0.05232559089768777,0
10628,JOB_11755,CV_2615,-1,0,-1,1,-1,0.002859298785317209,0
10629,JOB_11755,CV_2365,-1,0,0,1,-1,0.025743514038269317,0
10630,JOB_11755,CV_3181,-1,1,1,0,-1,0.05790168407977278,0
10631,JOB_11755,CV_618,-1,0,1,0,-1,0.02828921519950765,0
10632,JOB_11755,CV_1245,-1,-1,1,0,-1,0.002639631480061397,0
10633,JOB_11755,CV_1682,-1,0,-1,1,-1,0.002859298785317209,0
10634,JOB_11755,CV_1898,-1,1,1,1,-1,0.10439562230127407,0
10635,JOB_11755,CV_046,-1,-1,0,1,-1,0.002396402946724275,0
10636,JOB_11755,CV_388,-1,0,-1,0,-1,0.0015096485596628858,0
10637,JOB_11755,CV_3197,-1,0,1,0,-1,0.02828921519950765,0
10638,JOB_11755,CV_3744,-1,-1,1,-1,-1,0.0015442935692705172,0
10639,JOB_11755,CV_216,-1,0,1,0,-1,0.02828921519950765,0
10640,JOB_11755,CV_3670,-1,0,-1,1,-1,0.002859298785317209,0
10641,JOB_11755,CV_3284,-1,0,-1,0,-1,0.0015096485596628858,0
10642,JOB_11755,CV_1971,-1,0,-1,1,-1,0.002859298785317209,0
10643,JOB_11755,CV_3547,-1,0,-1,1,-1,0.002859298785317209,0
10644,JOB_11755,CV_1810,-1,0,-1,1,-1,0.002859298785317209,0
10645,JOB_11755,CV_2177,-1,0,1,-1,-1,0.016728886119059285,0
10646,JOB_11755,CV_1742,-1,0,1,0,1,0.12824728097545876,0
10647,JOB_11755,CV_924,-1,0,1,-1,-1,0.016728886119059285,0
10648,JOB_11755,CV_1309,-1,0,-1,0,-1,0.0015096485596628858,0
10649,JOB_11755,CV_3929,-1,0,0,0,-1,0.01374087676851104,0
10650,JOB_11755,CV_2718,-1,0,0,1,-1,0.025743514038269317,0
10651,JOB_11755,CV_2514,-1,0,-1,0,-1,0.0015096485596628858,0
10652,JOB_11755,CV_1913,-1,0,1,1,-1,0.05232559089768777,0
10653,JOB_11755,CV_1355,-1,-1,-1,0,-1,0.00013742938756156384,0
10654,JOB_11755,CV_1138,-1,0,1,1,-1,0.05232559089768777,0
10655,JOB_11755,CV_2495,-1,0,-1,1,-1,0.002859298785317209,0
10656,JOB_11755,CV_2991,-1,0,1,0,-1,0.02828921519950765,0
10657,JOB_11755,CV_1961,-1,1,1,0,-1,0.05790168407977278,0
10658,JOB_11755,CV_2749,-1,0,0,1,-1,0.025743514038269317,0
10659,JOB_11755,CV_2541,-1,1,-1,1,-1,0.006017180859498359,0
10660,JOB_11755,CV_1792,-1,-1,1,0,-1,0.002639631480061397,0
10661,JOB_11755,CV_3176,-1,1,0,-1,-1,0.01689829239252925,0
10662,JOB_11755,CV_2415,-1,-1,1,-1,-1,0.0015442935692705172,0
10663,JOB_11755,CV_2965,-1,0,1,1,-1,0.05232559089768777,0
10664,JOB_11755,CV_2653,-1,0,-1,1,-1,0.002859298785317209,0
10665,JOB_11755,CV_2069,-1,0,-1,1,-1,0.002859298785317209,0
10666,JOB_11755,CV_1633,-1,0,1,1,-1,0.05232559089768777,0
10667,JOB_11755,CV_2492,-1,0,1,0,-1,0.02828921519950765,0
10668,JOB_11755,CV_634,-1,-1,-1,0,-1,0.00013742938756156384,0
10669,JOB_11755,CV_2979,-1,0,1,1,-1,0.05232559089768777,0
10670,JOB_11755,CV_538,-1,-1,1,-1,-1,0.0015442935692705172,0
10671,JOB_11755,CV_2769,-1,0,0,1,-1,0.025743514038269317,0
10672,JOB_11755,CV_2672,-1,0,1,-1,-1,0.016728886119059285,0
10673,JOB_11755,CV_2961,-1,0,0,1,-1,0.025743514038269317,0
10674,JOB_11755,CV_421,-1,1,0,1,-1,0.05283609976798728,0
10675,JOB_11755,CV_1795,-1,1,-1,0,-1,0.003181698906503991,0
10676,JOB_11755,CV_2489,-1,0,0,1,-1,0.025743514038269317,0
10677,JOB_11755,CV_505,-1,0,1,1,-1,0.05232559089768777,0
10678,JOB_11755,CV_3792,-1,1,0,-1,-1,0.01689829239252925,0
10679,JOB_11755,CV_307,-1,0,0,1,-1,0.025743514038269317,0
10680,JOB_11755,CV_1231,-1,0,1,-1,-1,0.016728886119059285,0
10681,JOB_11755,CV_2039,-1,0,1,1,-1,0.05232559089768777,0
10682,JOB_11755,CV_2723,-1,-1,-1,1,-1,0.00026061368312641647,0
10683,JOB_11755,CV_611,-1,-1,-1,0,-1,0.00013742938756156384,0
10684,JOB_11755,CV_884,-1,0,-1,1,-1,0.002859298785317209,0
10685,JOB_11755,CV_080,-1,0,1,1,-1,0.05232559089768777,0
10686,JOB_11755,CV_223,-1,0,-1,1,-1,0.002859298785317209,0
10687,JOB_11755,CV_1632,-1,0,1,-1,1,0.07916723666250709,0
10688,JOB_11755,CV_1517,-1,0,0,1,-1,0.025743514038269317,0
10689,JOB_11755,CV_601,-1,0,1,0,-1,0.02828921519950765,0
10690,JOB_11755,CV_3962,-1,1,-1,0,-1,0.003181698906503991,0
10691,JOB_11755,CV_3945,-1,0,0,1,-1,0.025743514038269317,0
10692,JOB_11755,CV_3663,-1,-1,1,-1,-1,0.0015442935692705172,0
10693,JOB_11755,CV_1639,-1,-1,1,0,-1,0.002639631480061397,0
10694,JOB_11755,CV_1036,-1,-1,1,-1,-1,0.0015442935692705172,0
10695,JOB_11755,CV_879,-1,0,1,1,-1,0.05232559089768777,0
10696,JOB_11755,CV_2992,-1,-1,-1,1,-1,0.00026061368312641647,0
10697,JOB_11755,CV_2356,-1,0,-1,0,-1,0.0015096485596628858,0
10698,JOB_11755,CV_3563,-1,0,-1,1,-1,0.002859298785317209,0
10699,JOB_11755,CV_1993,-1,0,-1,1,-1,0.002859298785317209,0
10700,JOB_10892,CV_3090,-1,1,1,1,-1,0.10439562230127407,0
10701,JOB_10892,CV_3299,-1,1,-1,1,-1,0.006017180859498359,0
10702,JOB_10892,CV_3945,-1,1,0,1,-1,0.05283609976798728,0
10703,JOB_10892,CV_2379,-1,0,1,-1,-1,0.016728886119059285,0
10704,JOB_10892,CV_1574,-1,-1,1,1,-1,0.004994451571761179,0
10705,JOB_10892,CV_2489,-1,1,0,1,-1,0.05283609976798728,0
10706,JOB_10892,CV_1494,-1,1,1,1,-1,0.10439562230127407,0
10707,JOB_10892,CV_046,-1,0,0,1,-1,0.025743514038269317,0
10708,JOB_10892,CV_421,-1,1,0,1,1,0.2199006485775579,0
10709,JOB_10892,CV_080,-1,1,1,1,-1,0.10439562230127407,0
10710,JOB_10892,CV_1245,-1,0,1,1,1,0.21814771844744296,0
10711,JOB_10892,CV_2869,-1,1,-1,-1,-1,0.0018618453328126804,0
10712,JOB_10892,CV_2584,-1,0,-1,1,-1,0.002859298785317209,0
10713,JOB_10892,CV_1355,-1,0,-1,1,-1,0.002859298785317209,0
10714,JOB_10892,CV_1161,-1,1,1,1,-1,0.10439562230127407,0
10715,JOB_10892,CV_1031,-1,1,1,1,-1,0.10439562230127407,0
10716,JOB_10892,CV_2341,-1,0,-1,1,1,0.014283223220999536,0
10717,JOB_10892,CV_2402,-1,0,0,1,1,0.11779695264608223,0
10718,JOB_10892,CV_2033,-1,0,1,1,-1,0.05232559089768777,0
10719,JOB_10892,CV_2672,-1,1,1,-1,-1,0.034672065104421654,0
10720,JOB_10892,CV_3093,-1,0,-1,-1,-1,0.0008827918008007309,0
10721,JOB_10892,CV_2366,-1,0,1,1,-1,0.05232559089768777,0
10722,JOB_10892,CV_1036,-1,0,1,-1,1,0.07916723666250709,0
10723,JOB_10892,CV_2356,-1,1,-1,1,1,0.029682404125509716,0
10724,JOB_10892,CV_869,-1,1,-1,1,-1,0.006017180859498359,0
10725,JOB_10892,CV_296,-1,1,0,1,-1,0.05283609976798728,0
10726,JOB_10892,CV_3500,-1,0,1,1,-1,0.05232559089768777,0
10727,JOB_10892,CV_1792,-1,1,1,1,-1,0.10439562230127407,0
10728,JOB_10892,CV_3075,-1,1,-1,1,1,0.029682404125509716,0
10729,JOB_10892,CV_2574,-1,0,-1,1,1,0.014283223220999536,0
10730,JOB_10892,CV_3625,-1,0,-1,1,-1,0.002859298785317209,0
10731,JOB_10892,CV_1682,-1,1,-1,1,-1,0.006017180859498359,0
10732,JOB_10892,CV_813,-1,1,1,-1,-1,0.034672065104421654,0
10733,JOB_10892,CV_1793,-1,0,-1,1,-1,0.002859298785317209,0
10734,JOB_10892,CV_2369,-1,0,1,1,-1,0.05232559089768777,0
10735,JOB_10892,CV_665,-1,0,1,1,-1,0.05232559089768777,0
10736,JOB_10892,CV_137,-1,1,0,0,1,0.1293973718407125,0
10737,JOB_10892,CV_788,-1,0,-1,1,-1,0.002859298785317209,0
10738,JOB_10892,CV_2015,-1,1,0,-1,-1,0.01689829239252925,0
10739,JOB_10892,CV_1534,-1,1,-1,1,-1,0.006017180859498359,0
10740,JOB_10892,CV_2253,-1,1,1,1,-1,0.10439562230127407,0
10741,JOB_10892,CV_1751,-1,1,-1,1,1,0.029682404125509716,0
10742,JOB_10892,CV_3478,-1,1,1,1,1,0.3706850697644348,0
10743,JOB_10892,CV_2313,-1,1,-1,-1,-1,0.0018618453328126804,0
10744,JOB_10892,CV_1803,-1,1,-1,1,-1,0.006017180859498359,0
10745,JOB_10892,CV_505,-1,0,1,1,1,0.21814771844744296,0
10746,JOB_10892,CV_3647,-1,0,1,0,-1,0.02828921519950765,0
10747,JOB_10892,CV_1844,-1,1,1,1,-1,0.10439562230127407,0
10748,JOB_10892,CV_216,-1,0,1,1,-1,0.05232559089768777,0
10749,JOB_10892,CV_1325,-1,1,1,1,1,0.3706850697644348,0
10750,JOB_10892,CV_2177,-1,1,1,-1,-1,0.034672065104421654,0
10751,JOB_10892,CV_1807,-1,0,1,1,-1,0.05232559089768777,0
10752,JOB_10892,CV_2038,-1,1,-1,-1,-1,0.0018618453328126804,0
10753,JOB_10892,CV_2445,-1,0,-1,1,-1,0.002859298785317209,0
10754,JOB_10892,CV_1231,-1,1,1,-1,-1,0.034672065104421654,0
10755,JOB_10892,CV_392,-1,0,-1,1,-1,0.002859298785317209,0
10756,JOB_10892,CV_3970,-1,0,-1,-1,-1,0.0008827918008007309,0
10757,JOB_10892,CV_3738,-1,1,1,0,1,0.23697590875267444,0
10758,JOB_10892,CV_2749,-1,1,0,1,-1,0.05283609976798728,0
10759,JOB_10892,CV_594,-1,1,1,1,1,0.3706850697644348,0
10760,JOB_10892,CV_2877,-1,-1,1,1,1,0.024737444512838436,0
10761,JOB_10892,CV_140,-1,0,-1,1,-1,0.002859298785317209,0
10762,JOB_10892,CV_1070,-1,1,1,1,-1,0.10439562230127407,0
10763,JOB_10892,CV_2294,-1,1,0,1,-1,0.05283609976798728,0
10764,JOB_10892,CV_2579,-1,1,-1,1,-1,0.006017180859498359,0
10765,JOB_10892,CV_1993,-1,1,-1,1,-1,0.006017180859498359,0
10766,JOB_10892,CV_3757,-1,0,-1,1,-1,0.002859298785317209,0
10767,JOB_10892,CV_3145,-1,0,1,-1,-1,0.016728886119059285,0
10768,JOB_10892,CV_1742,-1,0,1,0,1,0.12824728097545876,0
10769,JOB_10892,CV_2550,-1,0,-1,1,1,0.014283223220999536,0
10770,JOB_10892,CV_3200,-1,1,1,1,-1,0.10439562230127407,0
10771,JOB_10892,CV_2752,-1,0,1,1,-1,0.05232559089768777,0
10772,JOB_10892,CV_2365,-1,-1,0,1,1,0.0119931365693721,0
10773,JOB_10892,CV_2653,-1,1,-1,1,-1,0.006017180859498359,0
10774,JOB_10892,CV_3727,-1,0,1,1,-1,0.05232559089768777,0
10775,JOB_10892,CV_3094,-1,0,-1,1,-1,0.002859298785317209,0
10776,JOB_10892,CV_618,-1,1,1,0,-1,0.05790168407977278,0
10777,JOB_10892,CV_028,-1,1,1,1,-1,0.10439562230127407,0
10778,JOB_10892,CV_2441,-1,1,-1,1,-1,0.006017180859498359,0
10779,JOB_10892,CV_2596,-1,0,-1,-1,-1,0.0008827918008007309,0
10780,JOB_10892,CV_2239,-1,1,1,-1,-1,0.034672065104421654,0
10781,JOB_10892,CV_3923,-1,1,1,1,-1,0.10439562230127407,0
10782,JOB_10892,CV_631,-1,1,1,1,-1,0.10439562230127407,0
10783,JOB_10892,CV_2718,-1,0,0,1,-1,0.025743514038269317,0
10784,JOB_10892,CV_2436,-1,0,1,1,-1,0.05232559089768777,0
10785,JOB_10892,CV_2977,-1,1,1,1,-1,0.10439562230127407,0
10786,JOB_10892,CV_2555,-1,0,-1,1,1,0.014283223220999536,0
10787,JOB_10892,CV_1090,-1,0,-1,1,-1,0.002859298785317209,0
10788,JOB_10892,CV_3173,-1,1,1,1,-1,0.10439562230127407,0
10789,JOB_10892,CV_2476,-1,1,1,-1,1,0.15361803787121434,0
10790,JOB_10892,CV_3744,-1,0,1,-1,-1,0.016728886119059285,0
10791,JOB_10892,CV_2514,-1,0,-1,1,-1,0.002859298785317209,0
10792,JOB_10892,CV_661,-1,0,-1,1,-1,0.002859298785317209,0
10793,JOB_10892,CV_1122,-1,1,1,1,-1,0.10439562230127407,0
10794,JOB_10892,CV_622,-1,1,0,1,-1,0.05283609976798728,0
10795,JOB_10892,CV_1085,-1,1,-1,1,-1,0.006017180859498359,0
10796,JOB_10892,CV_1380,-1,1,1,1,-1,0.10439562230127407,0
10797,JOB_10892,CV_2415,-1,0,1,-1,-1,0.016728886119059285,0
10798,JOB_10892,CV_2965,-1,1,1,1,1,0.3706850697644348,0
10799,JOB_10892,CV_3722,-1,0,-1,1,-1,0.002859298785317209,0
10800,JOB_2300,CV_2476,-1,1,0,-1,1,0.07991753891832785,0
10801,JOB_2300,CV_2024,-1,1,0,-1,-1,0.01689829239252925,0
10802,JOB_2300,CV_3647,-1,0,0,-1,-1,0.0080762834495878,0
10803,JOB_2300,CV_884,-1,0,0,-1,-1,0.0080762834495878,0
10804,JOB_2300,CV_3088,-1,1,0,-1,-1,0.01689829239252925,0
10805,JOB_2300,CV_2420,-1,0,1,-1,1,0.07916723666250709,0
10806,JOB_2300,CV_2492,-1,1,0,-1,-1,0.01689829239252925,0
10807,JOB_2300,CV_1687,-1,0,0,-1,-1,0.0080762834495878,0
10808,JOB_2300,CV_634,-1,0,0,-1,1,0.03951787161985485,0
10809,JOB_2300,CV_1844,-1,1,0,-1,-1,0.01689829239252925,0
10810,JOB_2300,CV_2537,-1,1,0,-1,-1,0.01689829239252925,0
10811,JOB_2300,CV_216,-1,0,0,-1,-1,0.0080762834495878,0
10812,JOB_2300,CV_2039,-1,1,0,-1,-1,0.01689829239252925,0
10813,JOB_2300,CV_307,-1,0,1,1,-1,0.05232559089768777,0
10814,JOB_2300,CV_2749,-1,1,1,-1,-1,0.034672065104421654,0
10815,JOB_2300,CV_3284,-1,1,0,-1,-1,0.01689829239252925,0
10816,JOB_2300,CV_1309,-1,0,0,-1,-1,0.0080762834495878,0
10817,JOB_2300,CV_2672,-1,1,0,-1,-1,0.01689829239252925,0
10818,JOB_2300,CV_3663,-1,1,0,-1,-1,0.01689829239252925,0
10819,JOB_2300,CV_1881,-1,1,1,-1,1,0.15361803787121434,0
10820,JOB_2300,CV_3733,-1,0,0,-1,-1,0.0080762834495878,0
10821,JOB_2300,CV_3478,-1,1,0,-1,1,0.07991753891832785,0
10822,JOB_2300,CV_1690,-1,0,1,-1,1,0.07916723666250709,0
10823,JOB_2300,CV_722,-1,1,0,-1,-1,0.01689829239252925,0
10824,JOB_2300,CV_2766,-1,0,0,-1,1,0.03951787161985485,0
10825,JOB_2300,CV_3098,-1,0,0,1,-1,0.025743514038269317,0
10826,JOB_2300,CV_2177,-1,1,0,-1,-1,0.01689829239252925,0
10827,JOB_2300,CV_3090,-1,1,0,-1,-1,0.01689829239252925,0
10828,JOB_2300,CV_2718,-1,0,1,-1,-1,0.016728886119059285,0
10829,JOB_2300,CV_2069,-1,1,0,-1,-1,0.01689829239252925,0
10830,JOB_2300,CV_3197,-1,0,0,-1,-1,0.0080762834495878,0
10831,JOB_2300,CV_3399,-1,1,0,-1,-1,0.01689829239252925,0
10832,JOB_2300,CV_1031,-1,0,0,-1,-1,0.0080762834495878,0
10833,JOB_2300,CV_1781,-1,0,0,-1,-1,0.0080762834495878,0
10834,JOB_2300,CV_3543,-1,0,0,-1,-1,0.0080762834495878,0
10835,JOB_2300,CV_2380,-1,1,0,-1,-1,0.01689829239252925,0
10836,JOB_2300,CV_3962,-1,0,0,-1,1,0.03951787161985485,0
10837,JOB_2300,CV_1517,-1,1,1,-1,1,0.15361803787121434,0
10838,JOB_2300,CV_2033,-1,1,0,-1,-1,0.01689829239252925,0
10839,JOB_2300,CV_611,-1,0,0,-1,-1,0.0080762834495878,0
10840,JOB_2300,CV_2752,-1,1,0,-1,-1,0.01689829239252925,0
10841,JOB_2300,CV_1742,-1,0,0,-1,1,0.03951787161985485,0
10842,JOB_2300,CV_1785,-1,1,0,-1,-1,0.01689829239252925,0
10843,JOB_2300,CV_2478,-1,-1,0,-1,-1,0.0007396380664553713,0
10844,JOB_2300,CV_3039,-1,0,0,-1,1,0.03951787161985485,0
10845,JOB_2300,CV_2415,-1,0,0,-1,-1,0.0080762834495878,0
10846,JOB_2300,CV_2991,-1,0,0,-1,-1,0.0080762834495878,0
10847,JOB_2300,CV_1803,-1,1,0,-1,-1,0.01689829239252925,0
10848,JOB_2300,CV_116,-1,0,0,-1,-1,0.0080762834495878,0
10849,JOB_2300,CV_869,-1,1,0,-1,-1,0.01689829239252925,0
10850,JOB_2300,CV_2574,-1,-1,0,-1,1,0.0037264061914744602,0
10851,JOB_2300,CV_137,-1,0,1,-1,1,0.07916723666250709,0
10852,JOB_2300,CV_1078,-1,1,0,-1,-1,0.01689829239252925,0
10853,JOB_2300,CV_631,-1,1,0,-1,-1,0.01689829239252925,0
10854,JOB_2300,CV_3945,-1,0,1,-1,-1,0.016728886119059285,0
10855,JOB_2300,CV_2658,-1,1,0,-1,1,0.07991753891832785,0
10856,JOB_2300,CV_1795,-1,0,0,-1,-1,0.0080762834495878,0
10857,JOB_2300,CV_1231,-1,1,0,-1,-1,0.01689829239252925,0
10858,JOB_2300,CV_605,-1,-1,0,-1,-1,0.0007396380664553713,0
10859,JOB_2300,CV_085,-1,0,0,-1,-1,0.0080762834495878,0
10860,JOB_2300,CV_622,-1,1,1,-1,-1,0.034672065104421654,0
10861,JOB_2300,CV_538,-1,0,0,-1,-1,0.0080762834495878,0
10862,JOB_2300,CV_1287,-1,1,0,-1,-1,0.01689829239252925,0
10863,JOB_2300,CV_2869,-1,0,0,-1,-1,0.0080762834495878,0
10864,JOB_2300,CV_1810,-1,1,0,-1,-1,0.01689829239252925,0
10865,JOB_2300,CV_1751,-1,1,0,-1,1,0.07991753891832785,0
10866,JOB_2300,CV_187,-1,0,0,-1,-1,0.0080762834495878,0
10867,JOB_2300,CV_481,-1,1,0,-1,-1,0.01689829239252925,0
10868,JOB_2300,CV_2392,-1,1,0,-1,1,0.07991753891832785,0
10869,JOB_2300,CV_1036,-1,1,0,-1,1,0.07991753891832785,0
10870,JOB_2300,CV_1793,-1,0,0,-1,-1,0.0080762834495878,0
10871,JOB_2300,CV_1122,-1,0,0,-1,-1,0.0080762834495878,0
10872,JOB_2300,CV_3299,-1,1,0,-1,-1,0.01689829239252925,0
10873,JOB_2300,CV_388,-1,1,0,-1,1,0.07991753891832785,0
10874,JOB_2300,CV_1151,-1,0,0,-1,-1,0.0080762834495878,0
10875,JOB_2300,CV_1534,-1,0,0,-1,-1,0.0080762834495878,0
10876,JOB_2300,CV_2550,-1,0,0,-1,1,0.03951787161985485,0
10877,JOB_2300,CV_1898,-1,1,0,-1,-1,0.01689829239252925,0
10878,JOB_2300,CV_1241,-1,1,0,-1,-1,0.01689829239252925,0
10879,JOB_2300,CV_964,-1,1,0,-1,-1,0.01689829239252925,0
10880,JOB_2300,CV_640,-1,1,0,-1,-1,0.01689829239252925,0
10881,JOB_2300,CV_3792,-1,0,1,-1,-1,0.016728886119059285,0
10882,JOB_2300,CV_263,-1,1,0,-1,-1,0.01689829239252925,0
10883,JOB_2300,CV_1633,-1,0,0,-1,-1,0.0080762834495878,0
10884,JOB_2300,CV_1045,-1,0,0,-1,1,0.03951787161985485,0
10885,JOB_2300,CV_2207,-1,-1,0,-1,1,0.0037264061914744602,0
10886,JOB_2300,CV_2385,-1,0,0,-1,-1,0.0080762834495878,0
10887,JOB_2300,CV_2732,-1,0,0,-1,-1,0.0080762834495878,0
10888,JOB_2300,CV_2615,-1,1,0,-1,-1,0.01689829239252925,0
10889,JOB_2300,CV_2495,-1,1,0,-1,-1,0.01689829239252925,0
10890,JOB_2300,CV_2913,-1,1,0,-1,-1,0.01689829239252925,0
10891,JOB_2300,CV_618,-1,1,0,-1,-1,0.01689829239252925,0
10892,JOB_2300,CV_469,-1,0,0,-1,1,0.03951787161985485,0
10893,JOB_2300,CV_2992,-1,0,0,-1,1,0.03951787161985485,0
10894,JOB_2300,CV_1068,-1,1,0,-1,-1,0.01689829239252925,0
10895,JOB_2300,CV_3455,-1,0,0,-1,-1,0.0080762834495878,0
10896,JOB_2300,CV_2313,-1,1,0,-1,-1,0.01689829239252925,0
10897,JOB_2300,CV_1913,-1,1,0,-1,-1,0.01689829239252925,0
10898,JOB_2300,CV_046,-1,-1,1,-1,-1,0.0015442935692705172,0
10899,JOB_2300,CV_433,-1,1,1,-1,-1,0.034672065104421654,0
11200,JOB_5437,CV_3563,-1,0,-1,-1,1,0.004445064433151091,0
11201,JOB_5437,CV_2492,-1,0,1,-1,-1,0.016728886119059285,0
11202,JOB_5437,CV_3753,-1,0,-1,-1,-1,0.0008827918008007309,0
11203,JOB_5437,CV_1913,-1,0,1,-1,1,0.07916723666250709,0
11204,JOB_5437,CV_3474,-1,0,1,-1,1,0.07916723666250709,0
11205,JOB_5437,CV_924,-1,0,1,-1,1,0.07916723666250709,0
11206,JOB_5437,CV_251,-1,0,1,1,-1,0.05232559089768777,0
11207,JOB_5437,CV_505,-1,0,1,-1,-1,0.016728886119059285,0
11208,JOB_5437,CV_3945,-1,0,0,-1,-1,0.0080762834495878,0
11209,JOB_5437,CV_1161,-1,0,1,-1,-1,0.016728886119059285,0
11210,JOB_5437,CV_611,-1,0,-1,-1,1,0.004445064433151091,0
11211,JOB_5437,CV_1380,-1,0,1,-1,1,0.07916723666250709,0
11212,JOB_5437,CV_433,-1,0,0,-1,-1,0.0080762834495878,0
11213,JOB_5437,CV_3636,-1,0,-1,-1,-1,0.0008827918008007309,0
11214,JOB_5437,CV_3923,-1,0,1,-1,1,0.07916723666250709,0
11215,JOB_5437,CV_3173,-1,0,1,-1,-1,0.016728886119059285,0
11216,JOB_5437,CV_085,-1,-1,1,-1,-1,0.0015442935692705172,0
11217,JOB_5437,CV_481,-1,0,-1,-1,1,0.004445064433151091,0
11218,JOB_5437,CV_640,-1,0,1,-1,1,0.07916723666250709,0
11219,JOB_5437,CV_3051,-1,-1,1,-1,-1,0.0015442935692705172,0
11220,JOB_5437,CV_2537,-1,0,1,-1,-1,0.016728886119059285,0
11221,JOB_5437,CV_1810,-1,0,-1,-1,1,0.004445064433151091,0
11222,JOB_5437,CV_233,-1,0,1,-1,-1,0.016728886119059285,0
11223,JOB_5437,CV_3090,-1,0,1,-1,-1,0.016728886119059285,0
11224,JOB_5437,CV_272,-1,0,-1,-1,1,0.004445064433151091,0
11225,JOB_5437,CV_618,-1,0,1,-1,1,0.07916723666250709,0
11226,JOB_5437,CV_1138,-1,0,1,-1,-1,0.016728886119059285,0
11227,JOB_5437,CV_1517,-1,0,0,-1,-1,0.0080762834495878,0
11228,JOB_5437,CV_1963,-1,0,0,-1,-1,0.0080762834495878,0
11229,JOB_5437,CV_3543,-1,0,1,-1,-1,0.016728886119059285,0
11230,JOB_5437,CV_1019,-1,0,-1,-1,1,0.004445064433151091,0
11231,JOB_5437,CV_2584,-1,-1,-1,-1,1,0.00040573633479455186,0
11232,JOB_5437,CV_1961,-1,0,1,-1,1,0.07916723666250709,0
11233,JOB_5437,CV_3093,-1,0,-1,-1,-1,0.0008827918008007309,0
11234,JOB_5437,CV_1068,-1,0,-1,-1,-1,0.0008827918008007309,0
11235,JOB_5437,CV_2653,-1,0,-1,-1,-1,0.0008827918008007309,0
11236,JOB_5437,CV_1577,-1,0,-1,-1,-1,0.0008827918008007309,0
11237,JOB_5437,CV_1534,-1,0,-1,-1,1,0.004445064433151091,0
11238,JOB_5437,CV_2596,-1,-1,-1,-1,-1,8.03182586734358e-05,0
11239,JOB_5437,CV_3546,-1,0,-1,-1,-1,0.0008827918008007309,0
11240,JOB_5437,CV_879,-1,-1,1,-1,-1,0.0015442935692705172,0
11241,JOB_5437,CV_3500,-1,0,1,1,1,0.21814771844744296,0
11242,JOB_5437,CV_1793,-1,-1,-1,-1,1,0.00040573633479455186,0
11243,JOB_5437,CV_622,-1,0,0,-1,-1,0.0080762834495878,0
11244,JOB_5437,CV_1287,-1,0,1,-1,1,0.07916723666250709,0
11245,JOB_5437,CV_665,-1,-1,1,-1,-1,0.0015442935692705172,0
11246,JOB_5437,CV_2541,-1,0,-1,-1,-1,0.0008827918008007309,0
11247,JOB_5437,CV_3929,-1,0,0,-1,-1,0.0080762834495878,0
11248,JOB_5437,CV_337,-1,0,-1,-1,1,0.004445064433151091,0
11249,JOB_5437,CV_1480,-1,0,-1,-1,1,0.004445064433151091,0
11250,JOB_5437,CV_2366,-1,0,1,-1,-1,0.016728886119059285,0
11251,JOB_5437,CV_1795,-1,0,-1,-1,1,0.004445064433151091,0
11252,JOB_5437,CV_1881,-1,0,0,-1,-1,0.0080762834495878,0
11253,JOB_5437,CV_2365,-1,-1,0,-1,-1,0.0007396380664553713,0
11254,JOB_5437,CV_1785,-1,0,-1,-1,1,0.004445064433151091,0
11255,JOB_5437,CV_1993,-1,0,-1,-1,-1,0.0008827918008007309,0
11256,JOB_5437,CV_3962,1,0,-1,-1,1,0.09394450948240785,0
11257,JOB_5437,CV_877,-1,0,1,-1,-1,0.016728886119059285,0
11258,JOB_5437,CV_3738,-1,0,1,-1,-1,0.016728886119059285,0
11259,JOB_5437,CV_634,-1,0,-1,-1,-1,0.0008827918008007309,0
11260,JOB_5437,CV_2579,-1,0,-1,-1,1,0.004445064433151091,0
11261,JOB_5437,CV_2913,-1,0,1,-1,1,0.07916723666250709,0
11262,JOB_5437,CV_2420,-1,0,0,-1,-1,0.0080762834495878,0
11263,JOB_5437,CV_1751,-1,0,-1,-1,-1,0.0008827918008007309,0
11264,JOB_5437,CV_631,-1,0,1,-1,-1,0.016728886119059285,0
11265,JOB_5437,CV_1231,-1,0,1,-1,-1,0.016728886119059285,0
11266,JOB_5437,CV_3625,-1,0,-1,-1,1,0.004445064433151091,0
11267,JOB_5437,CV_1618,-1,0,1,-1,-1,0.016728886119059285,0
11268,JOB_5437,CV_2965,-1,0,1,-1,-1,0.016728886119059285,0
11269,JOB_5437,CV_1151,-1,-1,-1,-1,-1,8.03182586734358e-05,0
11270,JOB_5437,CV_2033,1,0,1,-1,1,0.6662769058878664,1
11271,JOB_5437,CV_1781,-1,0,-1,-1,1,0.004445064433151091,0
11272,JOB_5437,CV_3414,-1,0,-1,-1,-1,0.0008827918008007309,0
11273,JOB_5437,CV_3744,-1,-1,1,-1,-1,0.0015442935692705172,0
11274,JOB_5437,CV_3075,-1,0,-1,-1,-1,0.0008827918008007309,0
11275,JOB_5437,CV_594,-1,0,1,1,-1,0.05232559089768777,0
11276,JOB_5437,CV_1807,-1,-1,1,-1,1,0.0077551622213322515,0
11277,JOB_5437,CV_3782,-1,0,0,-1,-1,0.0080762834495878,0
11278,JOB_5437,CV_605,-1,-1,-1,-1,-1,8.03182586734358e-05,0
11279,JOB_5437,CV_1687,-1,0,1,-1,-1,0.016728886119059285,0
11280,JOB_5437,CV_2039,-1,0,1,-1,-1,0.016728886119059285,0
11281,JOB_5437,CV_538,-1,-1,1,1,1,0.024737444512838436,0
11282,JOB_5437,CV_3200,-1,0,1,-1,1,0.07916723666250709,0
11283,JOB_5437,CV_1355,-1,0,-1,-1,-1,0.0008827918008007309,0
11284,JOB_5437,CV_2369,-1,0,1,-1,-1,0.016728886119059285,0
11285,JOB_5437,CV_1739,-1,-1,0,-1,1,0.0037264061914744602,0
11286,JOB_5437,CV_2732,-1,0,-1,-1,-1,0.0008827918008007309,0
11287,JOB_5437,CV_1636,-1,0,1,-1,-1,0.016728886119059285,0
11288,JOB_5437,CV_116,-1,0,-1,-1,-1,0.0008827918008007309,0
11289,JOB_5437,CV_2327,-1,0,-1,-1,-1,0.0008827918008007309,0
11290,JOB_5437,CV_3399,-1,0,1,-1,-1,0.016728886119059285,0
11291,JOB_5437,CV_1796,-1,0,0,-1,-1,0.0080762834495878,0
11292,JOB_5437,CV_2436,-1,0,1,-1,1,0.07916723666250709,0
11293,JOB_5437,CV_3722,-1,0,-1,-1,-1,0.0008827918008007309,0
11294,JOB_5437,CV_2385,-1,0,-1,-1,1,0.004445064433151091,0
11295,JOB_5437,CV_3429,-1,-1,-1,-1,-1,8.03182586734358e-05,0
11296,JOB_5437,CV_1085,-1,0,-1,-1,1,0.004445064433151091,0
11297,JOB_5437,CV_2514,-1,-1,-1,-1,-1,8.03182586734358e-05,0
11298,JOB_5437,CV_2769,-1,-1,0,-1,1,0.0037264061914744602,0
11299,JOB_5437,CV_722,-1,0,-1,-1,1,0.004445064433151091,0
11300,JOB_7528,CV_877,-1,0,1,0,-1,0.02828921519950765,0
11301,JOB_7528,CV_1577,-1,0,-1,1,-1,0.002859298785317209,0
11302,JOB_7528,CV_3753,-1,1,-1,1,-1,0.006017180859498359,0
11303,JOB_7528,CV_481,-1,0,-1,1,1,0.014283223220999536,0
11304,JOB_7528,CV_3455,-1,0,-1,-1,-1,0.0008827918008007309,0
11305,JOB_7528,CV_2327,-1,0,-1,1,-1,0.002859298785317209,0
11306,JOB_7528,CV_964,-1,0,1,1,-1,0.05232559089768777,0
11307,JOB_7528,CV_223,-1,1,-1,1,-1,0.006017180859498359,0
11308,JOB_7528,CV_2366,-1,0,1,1,-1,0.05232559089768777,0
11309,JOB_7528,CV_2733,-1,0,-1,-1,-1,0.0008827918008007309,0
11310,JOB_7528,CV_040,-1,0,-1,1,-1,0.002859298785317209,0
11311,JOB_7528,CV_392,-1,0,-1,1,1,0.014283223220999536,0
11312,JOB_7528,CV_433,-1,0,0,1,-1,0.025743514038269317,0
11313,JOB_7528,CV_722,-1,1,-1,1,1,0.029682404125509716,0
11314,JOB_7528,CV_1742,-1,0,1,0,-1,0.02828921519950765,0
11315,JOB_7528,CV_3429,-1,-1,-1,-1,-1,8.03182586734358e-05,0
11316,JOB_7528,CV_634,-1,0,-1,0,-1,0.0015096485596628858,0
11317,JOB_7528,CV_337,-1,1,-1,1,1,0.029682404125509716,0
11318,JOB_7528,CV_2402,-1,1,0,0,-1,0.028572286214813686,0
11319,JOB_7528,CV_1632,-1,0,1,1,-1,0.05232559089768777,0
11320,JOB_7528,CV_3710,-1,0,1,1,-1,0.05232559089768777,0
11321,JOB_7528,CV_3563,-1,1,-1,1,1,0.029682404125509716,0
11322,JOB_7528,CV_622,-1,0,0,1,-1,0.025743514038269317,0
11323,JOB_7528,CV_1480,-1,1,-1,0,1,0.01587322249542733,0
11324,JOB_7528,CV_2672,-1,1,1,-1,-1,0.034672065104421654,0
11325,JOB_7528,CV_1860,-1,1,0,1,-1,0.05283609976798728,0
11326,JOB_7528,CV_3176,-1,1,0,-1,-1,0.01689829239252925,0
11327,JOB_7528,CV_1252,-1,0,1,-1,1,0.07916723666250709,0
11328,JOB_7528,CV_2584,-1,1,-1,1,1,0.029682404125509716,0
11329,JOB_7528,CV_388,-1,0,-1,0,-1,0.0015096485596628858,0
11330,JOB_7528,CV_2574,-1,0,-1,1,-1,0.002859298785317209,0
11331,JOB_7528,CV_3051,-1,-1,1,1,-1,0.004994451571761179,0
11332,JOB_7528,CV_421,-1,1,0,1,-1,0.05283609976798728,0
11333,JOB_7528,CV_3173,-1,0,1,1,-1,0.05232559089768777,0
11334,JOB_7528,CV_2239,-1,0,1,1,1,0.21814771844744296,0
11335,JOB_7528,CV_2341,-1,1,-1,1,-1,0.006017180859498359,0
11336,JOB_7528,CV_1961,-1,0,1,0,1,0.12824728097545876,0
11337,JOB_7528,CV_788,-1,-1,-1,1,-1,0.00026061368312641647,0
11338,JOB_7528,CV_1019,-1,1,-1,1,1,0.029682404125509716,0
11339,JOB_7528,CV_3133,-1,1,-1,1,1,0.029682404125509716,0
11340,JOB_7528,CV_2615,-1,1,-1,1,1,0.029682404125509716,0
11341,JOB_7528,CV_469,-1,1,1,0,-1,0.05790168407977278,0
11342,JOB_7528,CV_1380,-1,0,1,0,1,0.12824728097545876,0
11343,JOB_7528,CV_1810,-1,0,-1,1,1,0.014283223220999536,0
11344,JOB_7528,CV_2858,-1,1,1,1,-1,0.10439562230127407,0
11345,JOB_7528,CV_1618,-1,1,1,-1,-1,0.034672065104421654,0
11346,JOB_7528,CV_046,-1,0,0,1,-1,0.025743514038269317,0
11347,JOB_7528,CV_2157,-1,0,-1,-1,1,0.004445064433151091,0
11348,JOB_7528,CV_3719,-1,1,-1,1,-1,0.006017180859498359,0
11349,JOB_7528,CV_3098,-1,1,1,0,-1,0.05790168407977278,0
11350,JOB_7528,CV_3791,-1,0,1,1,1,0.21814771844744296,0
11351,JOB_7528,CV_605,-1,0,-1,1,-1,0.002859298785317209,0
11352,JOB_7528,CV_085,-1,1,1,0,-1,0.05790168407977278,0
11353,JOB_7528,CV_929,-1,0,1,-1,-1,0.016728886119059285,0
11354,JOB_7528,CV_1639,-1,0,1,0,-1,0.02828921519950765,0
11355,JOB_7528,CV_2436,-1,1,1,1,1,0.3706850697644348,0
11356,JOB_7528,CV_1085,-1,1,-1,1,1,0.029682404125509716,0
11357,JOB_7528,CV_272,-1,1,-1,1,1,0.029682404125509716,0
11358,JOB_7528,CV_3088,-1,0,1,1,1,0.21814771844744296,0
11359,JOB_7528,CV_116,-1,0,-1,1,-1,0.002859298785317209,0
11360,JOB_7528,CV_1287,-1,0,1,-1,1,0.07916723666250709,0
11361,JOB_7528,CV_246,-1,1,-1,1,-1,0.006017180859498359,0
11362,JOB_7528,CV_1913,-1,1,1,1,1,0.3706850697644348,0
11363,JOB_7528,CV_028,-1,1,1,1,-1,0.10439562230127407,0
11364,JOB_7528,CV_3414,-1,0,-1,1,-1,0.002859298785317209,0
11365,JOB_7528,CV_3543,-1,1,1,1,-1,0.10439562230127407,0
11366,JOB_7528,CV_1036,-1,1,1,1,-1,0.10439562230127407,0
11367,JOB_7528,CV_2294,-1,0,0,1,-1,0.025743514038269317,0
11368,JOB_7528,CV_278,-1,1,1,1,-1,0.10439562230127407,0
11369,JOB_7528,CV_2965,-1,0,1,1,-1,0.05232559089768777,0
11370,JOB_7528,CV_1015,-1,0,0,0,1,0.06577288027095901,0
11371,JOB_7528,CV_3733,-1,0,-1,0,-1,0.0015096485596628858,0
11372,JOB_7528,CV_2039,-1,1,1,1,-1,0.10439562230127407,0
11373,JOB_7528,CV_2555,-1,1,-1,1,-1,0.006017180859498359,0
11374,JOB_7528,CV_1751,-1,0,-1,1,-1,0.002859298785317209,0
11375,JOB_7528,CV_2553,-1,0,1,1,-1,0.05232559089768777,0
11376,JOB_7528,CV_1844,-1,0,1,1,-1,0.05232559089768777,0
11377,JOB_7528,CV_1690,-1,1,0,1,-1,0.05283609976798728,0
11378,JOB_7528,CV_1122,-1,0,1,1,-1,0.05232559089768777,0
11379,JOB_7528,CV_2369,-1,0,1,1,-1,0.05232559089768777,0
11380,JOB_7528,CV_1068,-1,0,-1,1,-1,0.002859298785317209,0
11381,JOB_7528,CV_2253,-1,1,1,1,1,0.3706850697644348,0
11382,JOB_7528,CV_140,-1,-1,-1,1,1,0.0013155570174856266,0
11383,JOB_7528,CV_1785,-1,0,-1,1,1,0.014283223220999536,0
11384,JOB_7528,CV_1045,-1,-1,-1,-1,-1,8.03182586734358e-05,0
11385,JOB_7528,CV_1739,-1,0,0,1,1,0.11779695264608223,0
11386,JOB_7528,CV_2723,-1,0,-1,1,1,0.014283223220999536,0
11387,JOB_7528,CV_2207,-1,0,1,0,-1,0.02828921519950765,0
11388,JOB_7528,CV_3075,-1,1,-1,1,-1,0.006017180859498359,0
11389,JOB_7528,CV_1793,-1,1,-1,1,1,0.029682404125509716,0
11390,JOB_7528,CV_1898,-1,1,1,1,1,0.3706850697644348,0
11391,JOB_7528,CV_2769,-1,-1,0,1,1,0.0119931365693721,0
11392,JOB_7528,CV_2495,-1,1,-1,1,1,0.029682404125509716,0
11393,JOB_7528,CV_2478,-1,0,1,1,1,0.21814771844744296,0
11394,JOB_7528,CV_2514,-1,1,-1,0,-1,0.003181698906503991,0
11395,JOB_7528,CV_3685,-1,1,-1,0,-1,0.003181698906503991,0
11396,JOB_7528,CV_813,-1,1,1,-1,1,0.15361803787121434,0
11397,JOB_7528,CV_1224,-1,0,-1,1,1,0.014283223220999536,0
11398,JOB_7528,CV_3284,-1,0,-1,0,-1,0.0015096485596628858,0
11399,JOB_7528,CV_601,-1,-1,1,0,-1,0.002639631480061397,0
11400,JOB_5384,CV_2402,-1,0,0,0,-1,0.01374087676851104,0
11401,JOB_5384,CV_2415,-1,-1,1,-1,-1,0.0015442935692705172,0
11402,JOB_5384,CV_1070,-1,1,1,0,-1,0.05790168407977278,0
11403,JOB_5384,CV_3970,-1,0,-1,-1,1,0.004445064433151091,0
11404,JOB_5384,CV_2207,1,-1,1,0,-1,0.057901684079772725,0
11405,JOB_5384,CV_1639,-1,0,1,0,-1,0.02828921519950765,0
11406,JOB_5384,CV_601,-1,0,1,0,-1,0.02828921519950765,0
11407,JOB_5384,CV_1241,-1,1,1,0,-1,0.05790168407977278,0
11408,JOB_5384,CV_538,-1,-1,1,-1,1,0.0077551622213322515,0
11409,JOB_5384,CV_1690,-1,1,0,0,-1,0.028572286214813686,0
11410,JOB_5384,CV_999,-1,0,-1,0,-1,0.0015096485596628858,0
11411,JOB_5384,CV_2653,-1,0,-1,1,-1,0.002859298785317209,0
11412,JOB_5384,CV_296,-1,0,0,1,-1,0.025743514038269317,0
11413,JOB_5384,CV_618,-1,0,1,0,1,0.12824728097545876,0
11414,JOB_5384,CV_337,-1,0,-1,1,1,0.014283223220999536,0
11415,JOB_5384,CV_3753,-1,1,-1,0,-1,0.003181698906503991,0
11416,JOB_5384,CV_3133,-1,0,-1,1,1,0.014283223220999536,0
11417,JOB_5384,CV_2555,-1,0,-1,0,-1,0.0015096485596628858,0
11418,JOB_5384,CV_2672,-1,-1,1,-1,-1,0.0015442935692705172,0
11419,JOB_5384,CV_3547,-1,0,-1,1,-1,0.002859298785317209,0
11420,JOB_5384,CV_2476,-1,0,1,-1,-1,0.016728886119059285,0
11421,JOB_5384,CV_3923,-1,0,1,1,1,0.21814771844744296,0
11422,JOB_5384,CV_251,-1,-1,1,0,-1,0.002639631480061397,0
11423,JOB_5384,CV_481,-1,0,-1,1,1,0.014283223220999536,0
11424,JOB_5384,CV_3299,-1,0,-1,0,1,0.007582239379063284,0
11425,JOB_5384,CV_2038,-1,1,-1,-1,1,0.009337905367753526,0
11426,JOB_5384,CV_3744,-1,0,1,-1,-1,0.016728886119059285,0
11427,JOB_5384,CV_634,-1,0,-1,0,-1,0.0015096485596628858,0
11428,JOB_5384,CV_2385,-1,1,-1,0,1,0.01587322249542733,0
11429,JOB_5384,CV_2979,1,0,1,0,-1,0.40336398430354964,0
11430,JOB_5384,CV_3015,-1,0,0,1,-1,0.025743514038269317,0
11431,JOB_5384,CV_2366,-1,0,1,1,-1,0.05232559089768777,0
11432,JOB_5384,CV_2024,-1,1,1,0,-1,0.05790168407977278,0
11433,JOB_5384,CV_1963,-1,0,0,1,-1,0.025743514038269317,0
11434,JOB_5384,CV_2718,-1,0,0,0,-1,0.01374087676851104,0
11435,JOB_5384,CV_1971,-1,0,-1,1,-1,0.002859298785317209,0
11436,JOB_5384,CV_722,-1,1,-1,1,1,0.029682404125509716,0
11437,JOB_5384,CV_2441,-1,0,-1,0,-1,0.0015096485596628858,0
11438,JOB_5384,CV_1781,-1,0,-1,1,1,0.014283223220999536,0
11439,JOB_5384,CV_1231,-1,0,1,-1,-1,0.016728886119059285,0
11440,JOB_5384,CV_2749,-1,0,0,1,-1,0.025743514038269317,0
11441,JOB_5384,CV_3200,-1,0,1,0,1,0.12824728097545876,0
11442,JOB_5384,CV_622,-1,0,0,1,-1,0.025743514038269317,0
11443,JOB_5384,CV_3757,-1,0,-1,0,-1,0.0015096485596628858,0
11444,JOB_5384,CV_1792,-1,-1,1,0,-1,0.002639631480061397,0
11445,JOB_5384,CV_1860,-1,-1,0,1,-1,0.002396402946724275,0
11446,JOB_5384,CV_2615,-1,0,-1,1,1,0.014283223220999536,0
11447,JOB_5384,CV_3962,-1,0,-1,0,1,0.007582239379063284,0
11448,JOB_5384,CV_3625,-1,0,-1,1,1,0.014283223220999536,0
11449,JOB_5384,CV_594,-1,0,1,1,-1,0.05232559089768777,0
11450,JOB_5384,CV_3789,-1,0,1,0,-1,0.02828921519950765,0
11451,JOB_5384,CV_1151,-1,0,-1,1,-1,0.002859298785317209,0
11452,JOB_5384,CV_3670,-1,0,-1,0,1,0.007582239379063284,0
11453,JOB_5384,CV_1078,-1,-1,-1,-1,1,0.00040573633479455186,0
11454,JOB_5384,CV_3792,-1,1,0,-1,-1,0.01689829239252925,0
11455,JOB_5384,CV_1682,-1,0,-1,0,-1,0.0015096485596628858,0
11456,JOB_5384,CV_3399,-1,0,1,0,-1,0.02828921519950765,0
11457,JOB_5384,CV_877,-1,0,1,0,-1,0.02828921519950765,0
11458,JOB_5384,CV_505,-1,0,1,0,-1,0.02828921519950765,0
11459,JOB_5384,CV_3929,-1,0,0,0,-1,0.01374087676851104,0
11460,JOB_5384,CV_2953,-1,0,1,-1,1,0.07916723666250709,0
11461,JOB_5384,CV_1803,-1,0,-1,0,1,0.007582239379063284,0
11462,JOB_5384,CV_3173,1,0,1,0,-1,0.40336398430354964,0
11463,JOB_5384,CV_1494,-1,0,1,0,1,0.12824728097545876,0
11464,JOB_5384,CV_2723,-1,-1,-1,1,1,0.0013155570174856266,0
11465,JOB_5384,CV_2365,-1,-1,0,0,-1,0.0012649722795961807,0
11466,JOB_5384,CV_2658,-1,0,-1,0,-1,0.0015096485596628858,0
11467,JOB_5384,CV_1252,-1,0,1,-1,1,0.07916723666250709,0
11468,JOB_5384,CV_1245,-1,-1,1,0,-1,0.002639631480061397,0
11469,JOB_5384,CV_1795,-1,1,-1,0,1,0.01587322249542733,0
11470,JOB_5384,CV_2877,-1,-1,1,0,-1,0.002639631480061397,0
11471,JOB_5384,CV_2961,-1,0,0,1,1,0.11779695264608223,0
11472,JOB_5384,CV_3500,-1,0,1,0,1,0.12824728097545876,0
11473,JOB_5384,CV_1517,-1,0,0,1,-1,0.025743514038269317,0
11474,JOB_5384,CV_3546,-1,-1,-1,-1,-1,8.03182586734358e-05,0
11475,JOB_5384,CV_1172,-1,-1,1,-1,1,0.0077551622213322515,0
11476,JOB_5384,CV_1045,-1,-1,-1,-1,-1,8.03182586734358e-05,0
11477,JOB_5384,CV_1574,-1,-1,1,0,-1,0.002639631480061397,0
11478,JOB_5384,CV_1739,-1,-1,0,1,1,0.0119931365693721,0
11479,JOB_5384,CV_2157,1,0,-1,-1,1,0.09394450948240785,0
11480,JOB_5384,CV_1355,-1,0,-1,0,-1,0.0015096485596628858,0
11481,JOB_5384,CV_1785,-1,0,-1,0,1,0.007582239379063284,0
11482,JOB_5384,CV_2869,-1,-1,-1,-1,1,0.00040573633479455186,0
11483,JOB_5384,CV_1090,-1,0,-1,0,-1,0.0015096485596628858,0
11484,JOB_5384,CV_605,-1,-1,-1,0,-1,0.00013742938756156384,0
11485,JOB_5384,CV_1577,-1,0,-1,1,-1,0.002859298785317209,0
11486,JOB_5384,CV_1036,-1,0,1,-1,-1,0.016728886119059285,0
11487,JOB_5384,CV_2858,-1,0,1,0,-1,0.02828921519950765,0
11488,JOB_5384,CV_080,-1,1,1,1,1,0.3706850697644348,0
11489,JOB_5384,CV_1793,-1,0,-1,0,1,0.007582239379063284,0
11490,JOB_5384,CV_2069,-1,0,-1,1,1,0.014283223220999536,0
11491,JOB_5384,CV_2489,-1,0,0,1,1,0.11779695264608223,0
11492,JOB_5384,CV_2239,-1,0,1,-1,1,0.07916723666250709,0
11493,JOB_5384,CV_1161,-1,0,1,1,-1,0.05232559089768777,0
11494,JOB_5384,CV_040,-1,-1,-1,1,-1,0.00026061368312641647,0
11495,JOB_5384,CV_1881,-1,0,0,-1,-1,0.0080762834495878,0
11496,JOB_5384,CV_3738,-1,0,1,0,-1,0.02828921519950765,0
11497,JOB_5384,CV_1993,-1,0,-1,0,-1,0.0015096485596628858,0
11498,JOB_5384,CV_2369,-1,0,1,0,-1,0.02828921519950765,0
11499,JOB_5384,CV_1122,-1,0,1,1,-1,0.05232559089768777,0
11600,JOB_4016,CV_1803,-1,1,-1,0,-1,0.003181698906503991,0
11601,JOB_4016,CV_1690,-1,1,0,0,1,0.1293973718407125,0
11602,JOB_4016,CV_618,-1,1,1,1,-1,0.10439562230127407,0
11603,JOB_4016,CV_879,-1,1,1,0,-1,0.05790168407977278,0
11604,JOB_4016,CV_3093,-1,1,-1,-1,-1,0.0018618453328126804,0
11605,JOB_4016,CV_3949,-1,1,1,-1,-1,0.034672065104421654,0
11606,JOB_4016,CV_040,-1,-1,-1,0,-1,0.00013742938756156384,0
11607,JOB_4016,CV_3533,-1,1,1,0,-1,0.05790168407977278,0
11608,JOB_4016,CV_3474,-1,1,1,0,-1,0.05790168407977278,0
11609,JOB_4016,CV_3399,-1,1,1,0,-1,0.05790168407977278,0
11610,JOB_4016,CV_3173,-1,1,1,0,-1,0.05790168407977278,0
11611,JOB_4016,CV_2913,-1,1,1,0,-1,0.05790168407977278,0
11612,JOB_4016,CV_1993,-1,1,-1,0,-1,0.003181698906503991,0
11613,JOB_4016,CV_2732,-1,1,-1,0,-1,0.003181698906503991,0
11614,JOB_4016,CV_3051,-1,0,1,0,-1,0.02828921519950765,0
11615,JOB_4016,CV_223,-1,1,-1,0,-1,0.003181698906503991,0
11616,JOB_4016,CV_2366,-1,0,1,0,-1,0.02828921519950765,0
11617,JOB_4016,CV_1036,-1,1,1,1,1,0.3706850697644348,0
11618,JOB_4016,CV_1913,-1,1,1,-1,-1,0.034672065104421654,0
11619,JOB_4016,CV_3547,-1,1,-1,0,-1,0.003181698906503991,0
11620,JOB_4016,CV_3710,-1,1,1,1,1,0.3706850697644348,0
11621,JOB_4016,CV_3094,-1,-1,-1,0,-1,0.00013742938756156384,0
11622,JOB_4016,CV_3685,-1,1,-1,0,-1,0.003181698906503991,0
11623,JOB_4016,CV_3719,-1,1,-1,0,-1,0.003181698906503991,0
11624,JOB_4016,CV_2402,-1,1,0,0,1,0.1293973718407125,0
11625,JOB_4016,CV_2961,-1,1,0,0,-1,0.028572286214813686,0
11626,JOB_4016,CV_085,-1,1,1,0,-1,0.05790168407977278,0
11627,JOB_4016,CV_1682,-1,1,-1,0,-1,0.003181698906503991,0
11628,JOB_4016,CV_1252,-1,1,1,-1,-1,0.034672065104421654,0
11629,JOB_4016,CV_605,-1,0,-1,0,-1,0.0015096485596628858,0
11630,JOB_4016,CV_2718,-1,0,0,0,-1,0.01374087676851104,0
11631,JOB_4016,CV_1031,-1,1,1,0,-1,0.05790168407977278,0
11632,JOB_4016,CV_1172,-1,0,1,-1,-1,0.016728886119059285,0
11633,JOB_4016,CV_1122,-1,1,1,0,-1,0.05790168407977278,0
11634,JOB_4016,CV_999,-1,1,-1,0,-1,0.003181698906503991,0
11635,JOB_4016,CV_924,-1,1,1,-1,-1,0.034672065104421654,0
11636,JOB_4016,CV_2039,-1,1,1,0,-1,0.05790168407977278,0
11637,JOB_4016,CV_187,-1,0,1,1,-1,0.05232559089768777,0
11638,JOB_4016,CV_1781,-1,1,-1,0,-1,0.003181698906503991,0
11639,JOB_4016,CV_3647,-1,0,1,0,-1,0.02828921519950765,0
11640,JOB_4016,CV_1231,-1,1,1,-1,-1,0.034672065104421654,0
11641,JOB_4016,CV_1241,-1,0,1,0,-1,0.02828921519950765,0
11642,JOB_4016,CV_532,-1,1,1,0,1,0.23697590875267444,0
11643,JOB_4016,CV_2024,-1,0,1,0,-1,0.02828921519950765,0
11644,JOB_4016,CV_2492,-1,1,1,0,-1,0.05790168407977278,0
11645,JOB_4016,CV_1618,-1,1,1,-1,-1,0.034672065104421654,0
11646,JOB_4016,CV_1015,-1,1,0,0,-1,0.028572286214813686,0
11647,JOB_4016,CV_594,-1,1,1,0,1,0.23697590875267444,0
11648,JOB_4016,CV_1898,-1,1,1,0,-1,0.05790168407977278,0
11649,JOB_4016,CV_3176,-1,1,0,-1,-1,0.01689829239252925,0
11650,JOB_4016,CV_3145,-1,0,1,-1,-1,0.016728886119059285,0
11651,JOB_4016,CV_3075,-1,1,-1,0,1,0.01587322249542733,0
11652,JOB_4016,CV_622,-1,1,0,0,-1,0.028572286214813686,0
11653,JOB_4016,CV_278,-1,1,1,0,-1,0.05790168407977278,0
11654,JOB_4016,CV_2877,-1,0,1,0,1,0.12824728097545876,0
11655,JOB_4016,CV_1860,-1,1,0,0,-1,0.028572286214813686,0
11656,JOB_4016,CV_160,-1,1,-1,-1,1,0.009337905367753526,0
11657,JOB_4016,CV_2478,-1,0,1,0,-1,0.02828921519950765,0
11658,JOB_4016,CV_2380,-1,1,1,0,-1,0.05790168407977278,0
11659,JOB_4016,CV_1739,-1,0,0,0,-1,0.01374087676851104,0
11660,JOB_4016,CV_3782,-1,1,0,0,-1,0.028572286214813686,0
11661,JOB_4016,CV_3945,-1,1,0,0,-1,0.028572286214813686,0
11662,JOB_4016,CV_028,-1,1,1,0,-1,0.05790168407977278,0
11663,JOB_4016,CV_1355,-1,1,-1,0,-1,0.003181698906503991,0
11664,JOB_4016,CV_538,-1,0,1,-1,-1,0.016728886119059285,0
11665,JOB_4016,CV_3789,-1,1,1,0,-1,0.05790168407977278,0
11666,JOB_4016,CV_2436,-1,1,1,1,-1,0.10439562230127407,0
11667,JOB_4016,CV_3429,-1,-1,-1,-1,1,0.00040573633479455186,0
11668,JOB_4016,CV_2574,-1,-1,-1,0,1,0.0006940787367398552,0
11669,JOB_4016,CV_046,-1,-1,0,0,-1,0.0012649722795961807,0
11670,JOB_4016,CV_2207,-1,0,1,0,1,0.12824728097545876,0
11671,JOB_4016,CV_1068,-1,1,-1,0,-1,0.003181698906503991,0
11672,JOB_4016,CV_964,-1,1,1,0,-1,0.05790168407977278,0
11673,JOB_4016,CV_2830,-1,1,0,0,-1,0.028572286214813686,0
11674,JOB_4016,CV_2579,-1,1,-1,0,-1,0.003181698906503991,0
11675,JOB_4016,CV_2177,-1,1,1,-1,-1,0.034672065104421654,0
11676,JOB_4016,CV_3792,-1,1,0,-1,-1,0.01689829239252925,0
11677,JOB_4016,CV_634,-1,0,-1,0,1,0.007582239379063284,0
11678,JOB_4016,CV_3962,-1,1,-1,0,1,0.01587322249542733,0
11679,JOB_4016,CV_3791,-1,0,1,1,-1,0.05232559089768777,0
11680,JOB_4016,CV_2550,-1,1,-1,0,1,0.01587322249542733,0
11681,JOB_4016,CV_2445,-1,0,-1,0,-1,0.0015096485596628858,0
11682,JOB_4016,CV_176,-1,0,-1,0,-1,0.0015096485596628858,0
11683,JOB_4016,CV_337,-1,1,-1,0,-1,0.003181698906503991,0
11684,JOB_4016,CV_2858,-1,1,1,0,-1,0.05790168407977278,0
11685,JOB_4016,CV_813,-1,1,1,-1,-1,0.034672065104421654,0
11686,JOB_4016,CV_1793,-1,1,-1,0,-1,0.003181698906503991,0
11687,JOB_4016,CV_1687,-1,0,1,0,-1,0.02828921519950765,0
11688,JOB_4016,CV_2723,-1,-1,-1,0,-1,0.00013742938756156384,0
11689,JOB_4016,CV_2253,-1,1,1,0,-1,0.05790168407977278,0
11690,JOB_4016,CV_1045,-1,0,-1,-1,1,0.004445064433151091,0
11691,JOB_4016,CV_1325,-1,1,1,0,1,0.23697590875267444,0
11692,JOB_4016,CV_1742,-1,1,1,0,1,0.23697590875267444,0
11693,JOB_4016,CV_3414,-1,1,-1,0,1,0.01587322249542733,0
11694,JOB_4016,CV_2033,-1,0,1,0,-1,0.02828921519950765,0
11695,JOB_4016,CV_3543,-1,1,1,1,-1,0.10439562230127407,0
11696,JOB_4016,CV_3722,-1,1,-1,0,-1,0.003181698906503991,0
11697,JOB_4016,CV_3744,-1,0,1,-1,-1,0.016728886119059285,0
11698,JOB_4016,CV_3200,-1,1,1,0,-1,0.05790168407977278,0
11699,JOB_4016,CV_2979,-1,1,1,0,-1,0.05790168407977278,0
11700,JOB_5596,CV_611,-1,0,0,0,-1,0.01374087676851104,0
11701,JOB_5596,CV_3543,-1,-1,0,1,-1,0.002396402946724275,0
11702,JOB_5596,CV_272,-1,0,0,1,-1,0.025743514038269317,0
11703,JOB_5596,CV_2991,-1,0,0,0,-1,0.01374087676851104,0
11704,JOB_5596,CV_2732,-1,0,1,1,-1,0.05232559089768777,0
11705,JOB_5596,CV_601,-1,0,0,0,1,0.06577288027095901,0
11706,JOB_5596,CV_884,-1,0,0,1,-1,0.025743514038269317,0
11707,JOB_5596,CV_2478,-1,0,0,0,-1,0.01374087676851104,0
11708,JOB_5596,CV_1252,-1,0,0,-1,-1,0.0080762834495878,0
11709,JOB_5596,CV_2313,-1,0,0,-1,-1,0.0080762834495878,0
11710,JOB_5596,CV_3945,-1,0,0,0,-1,0.01374087676851104,0
11711,JOB_5596,CV_2253,-1,0,0,1,-1,0.025743514038269317,0
11712,JOB_5596,CV_1068,-1,0,1,1,-1,0.05232559089768777,0
11713,JOB_5596,CV_1287,-1,0,0,-1,-1,0.0080762834495878,0
11714,JOB_5596,CV_307,-1,0,0,0,-1,0.01374087676851104,0
11715,JOB_5596,CV_3181,-1,0,0,0,-1,0.01374087676851104,0
11716,JOB_5596,CV_3547,-1,0,1,1,-1,0.05232559089768777,0
11717,JOB_5596,CV_2830,-1,0,0,0,-1,0.01374087676851104,0
11718,JOB_5596,CV_1639,-1,0,0,1,1,0.11779695264608223,0
11719,JOB_5596,CV_3657,-1,0,0,0,-1,0.01374087676851104,0
11720,JOB_5596,CV_1380,-1,0,0,0,-1,0.01374087676851104,0
11721,JOB_5596,CV_2638,-1,0,0,1,-1,0.025743514038269317,0
11722,JOB_5596,CV_1785,-1,0,1,0,-1,0.02828921519950765,0
11723,JOB_5596,CV_3500,-1,0,0,0,-1,0.01374087676851104,0
11724,JOB_5596,CV_1138,-1,0,0,1,-1,0.025743514038269317,0
11725,JOB_5596,CV_3663,-1,0,0,-1,-1,0.0080762834495878,0
11726,JOB_5596,CV_3685,-1,0,1,0,-1,0.02828921519950765,0
11727,JOB_5596,CV_1122,-1,0,0,0,-1,0.01374087676851104,0
11728,JOB_5596,CV_1015,-1,-1,0,0,-1,0.0012649722795961807,0
11729,JOB_5596,CV_813,-1,1,0,-1,-1,0.01689829239252925,0
11730,JOB_5596,CV_2157,-1,0,1,-1,-1,0.016728886119059285,0
11731,JOB_5596,CV_3563,-1,0,1,1,-1,0.05232559089768777,0
11732,JOB_5596,CV_2615,-1,0,1,1,-1,0.05232559089768777,0
11733,JOB_5596,CV_2379,-1,0,0,-1,-1,0.0080762834495878,0
11734,JOB_5596,CV_2877,-1,-1,0,1,1,0.0119931365693721,0
11735,JOB_5596,CV_3173,-1,0,0,0,-1,0.01374087676851104,0
11736,JOB_5596,CV_3039,-1,0,0,1,1,0.11779695264608223,0
11737,JOB_5596,CV_1781,-1,-1,0,1,-1,0.002396402946724275,0
11738,JOB_5596,CV_3791,-1,0,0,1,-1,0.025743514038269317,0
11739,JOB_5596,CV_2207,-1,-1,0,0,1,0.006359616677526063,0
11740,JOB_5596,CV_216,-1,0,0,0,-1,0.01374087676851104,0
11741,JOB_5596,CV_3710,-1,0,0,1,1,0.11779695264608223,0
11742,JOB_5596,CV_2555,-1,0,1,0,1,0.12824728097545876,0
11743,JOB_5596,CV_3647,-1,0,0,0,-1,0.01374087676851104,0
11744,JOB_5596,CV_3051,-1,-1,0,1,-1,0.002396402946724275,0
11745,JOB_5596,CV_532,-1,0,0,1,1,0.11779695264608223,0
11746,JOB_5596,CV_2436,-1,-1,0,1,-1,0.002396402946724275,0
11747,JOB_5596,CV_433,-1,0,0,1,-1,0.025743514038269317,0
11748,JOB_5596,CV_246,-1,0,0,1,-1,0.025743514038269317,0
11749,JOB_5596,CV_3299,-1,0,1,0,-1,0.02828921519950765,0
11750,JOB_5596,CV_2015,-1,0,0,-1,-1,0.0080762834495878,0
11751,JOB_5596,CV_1161,-1,0,0,1,-1,0.025743514038269317,0
11752,JOB_5596,CV_2341,-1,0,0,1,1,0.11779695264608223,0
11753,JOB_5596,CV_3792,-1,0,0,-1,-1,0.0080762834495878,0
11754,JOB_5596,CV_1577,-1,0,1,1,-1,0.05232559089768777,0
11755,JOB_5596,CV_2415,-1,-1,0,-1,-1,0.0007396380664553713,0
11756,JOB_5596,CV_080,-1,0,0,1,-1,0.025743514038269317,0
11757,JOB_5596,CV_2369,-1,1,0,1,-1,0.05283609976798728,0
11758,JOB_5596,CV_1480,-1,0,0,0,-1,0.01374087676851104,0
11759,JOB_5596,CV_2294,-1,0,0,0,-1,0.01374087676851104,0
11760,JOB_5596,CV_278,-1,0,0,1,-1,0.025743514038269317,0
11761,JOB_5596,CV_964,-1,0,0,0,-1,0.01374087676851104,0
11762,JOB_5596,CV_1913,-1,1,0,0,-1,0.028572286214813686,0
11763,JOB_5596,CV_1682,-1,0,0,1,-1,0.025743514038269317,0
11764,JOB_5596,CV_2495,-1,0,1,1,-1,0.05232559089768777,0
11765,JOB_5596,CV_2476,-1,1,0,-1,1,0.07991753891832785,0
11766,JOB_5596,CV_622,-1,0,0,1,-1,0.025743514038269317,0
11767,JOB_5596,CV_3088,-1,0,0,0,-1,0.01374087676851104,0
11768,JOB_5596,CV_1898,-1,0,0,1,-1,0.025743514038269317,0
11769,JOB_5596,CV_1795,-1,0,0,0,-1,0.01374087676851104,0
11770,JOB_5596,CV_2574,-1,0,0,1,1,0.11779695264608223,0
11771,JOB_5596,CV_3133,-1,0,1,1,-1,0.05232559089768777,0
11772,JOB_5596,CV_1844,-1,0,0,1,-1,0.025743514038269317,0
11773,JOB_5596,CV_137,-1,0,0,0,1,0.06577288027095901,0
11774,JOB_5596,CV_3176,-1,0,0,-1,-1,0.0080762834495878,0
11775,JOB_5596,CV_1803,-1,0,1,0,-1,0.02828921519950765,0
11776,JOB_5596,CV_2177,-1,1,0,-1,-1,0.01689829239252925,0
11777,JOB_5596,CV_3789,-1,0,0,0,-1,0.01374087676851104,0
11778,JOB_5596,CV_3727,-1,-1,0,1,-1,0.002396402946724275,0
11779,JOB_5596,CV_3478,-1,0,0,0,1,0.06577288027095901,0
11780,JOB_5596,CV_3075,-1,0,1,1,1,0.21814771844744296,0
11781,JOB_5596,CV_2769,-1,-1,0,1,-1,0.002396402946724275,0
11782,JOB_5596,CV_421,-1,0,0,1,1,0.11779695264608223,0
11783,JOB_5596,CV_1090,-1,0,1,1,-1,0.05232559089768777,0
11784,JOB_5596,CV_605,-1,-1,1,1,-1,0.004994451571761179,0
11785,JOB_5596,CV_2869,-1,0,0,-1,-1,0.0080762834495878,0
11786,JOB_5596,CV_1574,-1,-1,0,1,-1,0.002396402946724275,0
11787,JOB_5596,CV_1151,-1,0,1,1,-1,0.05232559089768777,0
11788,JOB_5596,CV_1881,-1,0,0,-1,1,0.03951787161985485,0
11789,JOB_5596,CV_2672,-1,0,0,-1,-1,0.0080762834495878,0
11790,JOB_5596,CV_3399,-1,0,0,1,-1,0.025743514038269317,0
11791,JOB_5596,CV_477,-1,0,0,-1,-1,0.0080762834495878,0
11792,JOB_5596,CV_538,-1,-1,0,-1,-1,0.0007396380664553713,0
11793,JOB_5596,CV_2033,-1,1,0,0,-1,0.028572286214813686,0
11794,JOB_5596,CV_2579,-1,0,1,0,-1,0.02828921519950765,0
11795,JOB_5596,CV_2537,-1,0,0,0,-1,0.01374087676851104,0
11796,JOB_5596,CV_2166,-1,1,1,0,-1,0.05790168407977278,0
11797,JOB_5596,CV_869,-1,0,1,1,-1,0.05232559089768777,0
11798,JOB_5596,CV_2366,-1,0,0,1,-1,0.025743514038269317,0
11799,JOB_5596,CV_296,-1,0,0,1,-1,0.025743514038269317,0
11800,JOB_5506,CV_1636,-1,0,1,1,-1,0.05232559089768777,0
11801,JOB_5506,CV_1807,-1,0,1,0,1,0.12824728097545876,0
11802,JOB_5506,CV_3543,-1,0,1,1,-1,0.05232559089768777,0
11803,JOB_5506,CV_2672,-1,0,1,-1,-1,0.016728886119059285,0
11804,JOB_5506,CV_3563,1,0,-1,0,1,0.150686624070513,0
11805,JOB_5506,CV_813,-1,0,1,-1,1,0.07916723666250709,0
11806,JOB_5506,CV_1138,-1,1,1,0,-1,0.05790168407977278,0
11807,JOB_5506,CV_2766,-1,1,1,-1,-1,0.034672065104421654,0
11808,JOB_5506,CV_3962,-1,1,-1,0,1,0.01587322249542733,0
11809,JOB_5506,CV_2953,-1,0,1,-1,1,0.07916723666250709,0
11810,JOB_5506,CV_3791,1,0,1,1,1,0.8662980893274425,1
11811,JOB_5506,CV_3670,-1,1,-1,0,1,0.01587322249542733,0
11812,JOB_5506,CV_2341,-1,0,-1,0,-1,0.0015096485596628858,0
11813,JOB_5506,CV_263,-1,0,1,0,-1,0.02828921519950765,0
11814,JOB_5506,CV_3782,-1,0,0,0,-1,0.01374087676851104,0
11815,JOB_5506,CV_1015,-1,0,0,0,1,0.06577288027095901,0
11816,JOB_5506,CV_884,-1,0,-1,0,-1,0.0015096485596628858,0
11817,JOB_5506,CV_722,-1,0,-1,0,1,0.007582239379063284,0
11818,JOB_5506,CV_2858,-1,1,1,0,-1,0.05790168407977278,0
11819,JOB_5506,CV_278,-1,1,1,0,-1,0.05790168407977278,0
11820,JOB_5506,CV_3015,-1,1,0,0,-1,0.028572286214813686,0
11821,JOB_5506,CV_505,-1,0,1,0,-1,0.02828921519950765,0
11822,JOB_5506,CV_618,-1,1,1,1,1,0.3706850697644348,0
11823,JOB_5506,CV_2207,1,0,1,0,-1,0.40336398430354964,0
11824,JOB_5506,CV_594,-1,0,1,0,-1,0.02828921519950765,0
11825,JOB_5506,CV_2177,-1,0,1,-1,-1,0.016728886119059285,0
11826,JOB_5506,CV_1993,-1,1,-1,0,-1,0.003181698906503991,0
11827,JOB_5506,CV_1045,-1,0,-1,-1,-1,0.0008827918008007309,0
11828,JOB_5506,CV_2033,-1,0,1,0,1,0.12824728097545876,0
11829,JOB_5506,CV_233,-1,0,1,0,-1,0.02828921519950765,0
11830,JOB_5506,CV_3098,1,0,1,0,-1,0.40336398430354964,0
11831,JOB_5506,CV_2380,-1,1,1,0,-1,0.05790168407977278,0
11832,JOB_5506,CV_1287,1,0,1,-1,1,0.6662769058878664,1
11833,JOB_5506,CV_1325,-1,0,1,0,-1,0.02828921519950765,0
11834,JOB_5506,CV_3133,-1,0,-1,0,1,0.007582239379063284,0
11835,JOB_5506,CV_1534,-1,0,-1,0,1,0.007582239379063284,0
11836,JOB_5506,CV_3197,-1,0,1,0,1,0.12824728097545876,0
11837,JOB_5506,CV_3727,-1,0,1,0,1,0.12824728097545876,0
11838,JOB_5506,CV_1577,-1,1,-1,0,-1,0.003181698906503991,0
11839,JOB_5506,CV_040,-1,0,-1,0,-1,0.0015096485596628858,0
11840,JOB_5506,CV_2991,-1,0,1,0,1,0.12824728097545876,0
11841,JOB_5506,CV_2638,-1,1,-1,0,1,0.01587322249542733,0
11842,JOB_5506,CV_2718,-1,0,0,0,-1,0.01374087676851104,0
11843,JOB_5506,CV_1036,-1,1,1,1,-1,0.10439562230127407,0
11844,JOB_5506,CV_924,-1,0,1,-1,1,0.07916723666250709,0
11845,JOB_5506,CV_2402,-1,0,0,0,-1,0.01374087676851104,0
11846,JOB_5506,CV_1480,-1,0,-1,0,1,0.007582239379063284,0
11847,JOB_5506,CV_3094,-1,0,-1,0,-1,0.0015096485596628858,0
11848,JOB_5506,CV_611,-1,0,-1,0,1,0.007582239379063284,0
11849,JOB_5506,CV_2869,-1,0,-1,-1,1,0.004445064433151091,0
11850,JOB_5506,CV_2415,-1,0,1,-1,-1,0.016728886119059285,0
11851,JOB_5506,CV_2392,-1,0,1,0,-1,0.02828921519950765,0
11852,JOB_5506,CV_1224,-1,0,-1,0,1,0.007582239379063284,0
11853,JOB_5506,CV_3200,-1,0,1,0,1,0.12824728097545876,0
11854,JOB_5506,CV_1618,-1,1,1,-1,-1,0.034672065104421654,0
11855,JOB_5506,CV_1844,-1,1,1,0,-1,0.05790168407977278,0
11856,JOB_5506,CV_2069,-1,1,-1,0,1,0.01587322249542733,0
11857,JOB_5506,CV_1687,-1,0,1,0,-1,0.02828921519950765,0
11858,JOB_5506,CV_1690,-1,0,0,0,-1,0.01374087676851104,0
11859,JOB_5506,CV_2441,-1,1,-1,1,-1,0.006017180859498359,0
11860,JOB_5506,CV_2877,-1,0,1,0,-1,0.02828921519950765,0
11861,JOB_5506,CV_1309,-1,0,-1,0,-1,0.0015096485596628858,0
11862,JOB_5506,CV_3093,-1,0,-1,-1,-1,0.0008827918008007309,0
11863,JOB_5506,CV_216,-1,0,1,0,1,0.12824728097545876,0
11864,JOB_5506,CV_337,-1,0,-1,0,1,0.007582239379063284,0
11865,JOB_5506,CV_2024,-1,0,1,0,-1,0.02828921519950765,0
11866,JOB_5506,CV_388,-1,0,-1,-1,-1,0.0008827918008007309,0
11867,JOB_5506,CV_3753,-1,0,-1,0,-1,0.0015096485596628858,0
11868,JOB_5506,CV_964,-1,1,1,0,-1,0.05790168407977278,0
11869,JOB_5506,CV_2166,-1,0,-1,1,-1,0.002859298785317209,0
11870,JOB_5506,CV_085,-1,0,1,0,-1,0.02828921519950765,0
11871,JOB_5506,CV_999,1,1,-1,0,-1,0.06900701774253425,0
11872,JOB_5506,CV_140,-1,0,-1,0,1,0.007582239379063284,0
11873,JOB_5506,CV_1793,-1,0,-1,0,1,0.007582239379063284,0
11874,JOB_5506,CV_3757,-1,0,-1,0,-1,0.0015096485596628858,0
11875,JOB_5506,CV_1860,1,1,0,0,-1,0.4058326932096575,0
11876,JOB_5506,CV_538,-1,0,1,-1,1,0.07916723666250709,0
11877,JOB_5506,CV_3945,-1,0,0,0,-1,0.01374087676851104,0
11878,JOB_5506,CV_1881,-1,0,0,-1,-1,0.0080762834495878,0
11879,JOB_5506,CV_665,-1,-1,1,0,-1,0.002639631480061397,0
11880,JOB_5506,CV_640,-1,1,1,0,1,0.23697590875267444,0
11881,JOB_5506,CV_2965,-1,0,1,1,-1,0.05232559089768777,0
11882,JOB_5506,CV_046,-1,0,0,0,-1,0.01374087676851104,0
11883,JOB_5506,CV_187,-1,0,1,0,-1,0.02828921519950765,0
11884,JOB_5506,CV_3533,-1,-1,1,0,-1,0.002639631480061397,0
11885,JOB_5506,CV_296,-1,1,0,0,-1,0.028572286214813686,0
11886,JOB_5506,CV_433,-1,0,0,0,-1,0.01374087676851104,0
11887,JOB_5506,CV_2596,-1,-1,-1,1,-1,0.00026061368312641647,0
11888,JOB_5506,CV_1151,-1,1,-1,0,-1,0.003181698906503991,0
11889,JOB_5506,CV_2253,-1,1,1,0,1,0.23697590875267444,0
11890,JOB_5506,CV_3625,-1,0,-1,0,1,0.007582239379063284,0
11891,JOB_5506,CV_3546,-1,0,-1,1,-1,0.002859298785317209,0
11892,JOB_5506,CV_2239,-1,0,1,0,1,0.12824728097545876,0
11893,JOB_5506,CV_2979,-1,0,1,0,-1,0.02828921519950765,0
11894,JOB_5506,CV_223,-1,1,-1,0,-1,0.003181698906503991,0
11895,JOB_5506,CV_634,-1,0,-1,0,-1,0.0015096485596628858,0
11896,JOB_5506,CV_869,1,0,-1,0,-1,0.03391947242677372,0
11897,JOB_5506,CV_3923,1,0,1,1,1,0.8662980893274425,1
11898,JOB_5506,CV_3719,-1,1,-1,0,-1,0.003181698906503991,0
11899,JOB_5506,CV_3970,-1,0,-1,-1,1,0.004445064433151091,0
11900,JOB_5912,CV_884,-1,1,-1,-1,-1,0.0018618453328126804,0
11901,JOB_5912,CV_469,-1,1,1,-1,1,0.15361803787121434,0
11902,JOB_5912,CV_605,-1,0,-1,-1,-1,0.0008827918008007309,0
11903,JOB_5912,CV_879,-1,0,1,-1,-1,0.016728886119059285,0
11904,JOB_5912,CV_1961,-1,1,1,-1,-1,0.034672065104421654,0
11905,JOB_5912,CV_2830,-1,1,0,-1,-1,0.01689829239252925,0
11906,JOB_5912,CV_611,-1,1,-1,-1,-1,0.0018618453328126804,0
11907,JOB_5912,CV_2672,-1,1,1,-1,-1,0.034672065104421654,0
11908,JOB_5912,CV_3757,-1,1,-1,-1,-1,0.0018618453328126804,0
11909,JOB_5912,CV_3792,-1,0,0,-1,-1,0.0080762834495878,0
11910,JOB_5912,CV_634,-1,1,-1,-1,1,0.009337905367753526,0
11911,JOB_5912,CV_2294,-1,1,0,-1,-1,0.01689829239252925,0
11912,JOB_5912,CV_1045,-1,0,-1,-1,1,0.004445064433151091,0
11913,JOB_5912,CV_1803,-1,1,-1,-1,-1,0.0018618453328126804,0
11914,JOB_5912,CV_2177,-1,1,1,-1,-1,0.034672065104421654,0
11915,JOB_5912,CV_1577,-1,1,-1,-1,-1,0.0018618453328126804,0
11916,JOB_5912,CV_594,-1,1,1,-1,1,0.15361803787121434,0
11917,JOB_5912,CV_1380,-1,1,1,-1,-1,0.034672065104421654,0
11918,JOB_5912,CV_3543,-1,0,1,-1,-1,0.016728886119059285,0
11919,JOB_5912,CV_3636,-1,0,-1,-1,-1,0.0008827918008007309,0
11920,JOB_5912,CV_2653,-1,1,-1,-1,-1,0.0018618453328126804,0
11921,JOB_5912,CV_3284,-1,0,-1,-1,-1,0.0008827918008007309,0
11922,JOB_5912,CV_3625,-1,1,-1,-1,-1,0.0018618453328126804,0
11923,JOB_5912,CV_3176,-1,0,0,-1,-1,0.0080762834495878,0
11924,JOB_5912,CV_505,-1,1,1,-1,1,0.15361803787121434,0
11925,JOB_5912,CV_3546,-1,1,-1,-1,1,0.009337905367753526,0
11926,JOB_5912,CV_2752,-1,0,1,-1,-1,0.016728886119059285,0
11927,JOB_5912,CV_2658,-1,1,-1,-1,1,0.009337905367753526,0
11928,JOB_5912,CV_2769,-1,0,0,-1,-1,0.0080762834495878,0
11929,JOB_5912,CV_1810,-1,0,-1,-1,-1,0.0008827918008007309,0
11930,JOB_5912,CV_2495,-1,0,-1,-1,-1,0.0008827918008007309,0
11931,JOB_5912,CV_2313,-1,1,-1,-1,-1,0.0018618453328126804,0
11932,JOB_5912,CV_1309,-1,0,-1,-1,-1,0.0008827918008007309,0
11933,JOB_5912,CV_661,-1,1,-1,-1,-1,0.0018618453328126804,0
11934,JOB_5912,CV_2356,-1,0,-1,-1,1,0.004445064433151091,0
11935,JOB_5912,CV_1792,-1,1,1,-1,-1,0.034672065104421654,0
11936,JOB_5912,CV_046,-1,0,0,-1,-1,0.0080762834495878,0
11937,JOB_5912,CV_2033,-1,1,1,-1,-1,0.034672065104421654,0
11938,JOB_5912,CV_3474,-1,0,1,-1,-1,0.016728886119059285,0
11939,JOB_5912,CV_160,-1,1,-1,-1,1,0.009337905367753526,0
11940,JOB_5912,CV_3670,-1,1,-1,-1,-1,0.0018618453328126804,0
11941,JOB_5912,CV_1494,-1,1,1,-1,-1,0.034672065104421654,0
11942,JOB_5912,CV_2402,-1,1,0,-1,1,0.07991753891832785,0
11943,JOB_5912,CV_3090,-1,1,1,-1,-1,0.034672065104421654,0
11944,JOB_5912,CV_1639,-1,0,1,-1,1,0.07916723666250709,0
11945,JOB_5912,CV_2476,-1,1,1,-1,1,0.15361803787121434,0
11946,JOB_5912,CV_2038,-1,1,-1,-1,-1,0.0018618453328126804,0
11947,JOB_5912,CV_869,-1,0,-1,-1,-1,0.0008827918008007309,0
11948,JOB_5912,CV_2441,-1,1,-1,-1,-1,0.0018618453328126804,0
11949,JOB_5912,CV_3181,-1,0,1,-1,-1,0.016728886119059285,0
11950,JOB_5912,CV_2166,-1,1,-1,-1,-1,0.0018618453328126804,0
11951,JOB_5912,CV_272,-1,0,-1,-1,-1,0.0008827918008007309,0
11952,JOB_5912,CV_1090,-1,1,-1,-1,-1,0.0018618453328126804,0
11953,JOB_5912,CV_2239,-1,1,1,-1,-1,0.034672065104421654,0
11954,JOB_5912,CV_3727,-1,0,1,-1,-1,0.016728886119059285,0
11955,JOB_5912,CV_2596,-1,0,-1,-1,-1,0.0008827918008007309,0
11956,JOB_5912,CV_999,-1,1,-1,-1,-1,0.0018618453328126804,0
11957,JOB_5912,CV_3782,-1,1,0,-1,-1,0.01689829239252925,0
11958,JOB_5912,CV_481,-1,0,-1,-1,-1,0.0008827918008007309,0
11959,JOB_5912,CV_1860,-1,0,0,-1,-1,0.0080762834495878,0
11960,JOB_5912,CV_665,-1,0,1,-1,-1,0.016728886119059285,0
11961,JOB_5912,CV_1739,-1,1,0,-1,-1,0.01689829239252925,0
11962,JOB_5912,CV_1781,-1,0,-1,-1,-1,0.0008827918008007309,0
11963,JOB_5912,CV_1241,-1,1,1,-1,-1,0.034672065104421654,0
11964,JOB_5912,CV_1224,-1,1,-1,-1,-1,0.0018618453328126804,0
11965,JOB_5912,CV_924,-1,1,1,-1,-1,0.034672065104421654,0
11966,JOB_5912,CV_788,-1,0,-1,-1,-1,0.0008827918008007309,0
11967,JOB_5912,CV_3051,-1,0,1,-1,-1,0.016728886119059285,0
11968,JOB_5912,CV_929,-1,0,1,-1,1,0.07916723666250709,0
11969,JOB_5912,CV_3133,-1,1,-1,-1,-1,0.0018618453328126804,0
11970,JOB_5912,CV_477,-1,1,1,-1,-1,0.034672065104421654,0
11971,JOB_5912,CV_1031,-1,1,1,-1,-1,0.034672065104421654,0
11972,JOB_5912,CV_1785,-1,1,-1,-1,-1,0.0018618453328126804,0
11973,JOB_5912,CV_1844,-1,0,1,-1,-1,0.016728886119059285,0
11974,JOB_5912,CV_1632,-1,1,1,-1,-1,0.034672065104421654,0
11975,JOB_5912,CV_2420,-1,1,0,-1,1,0.07991753891832785,0
11976,JOB_5912,CV_2253,-1,1,1,-1,-1,0.034672065104421654,0
11977,JOB_5912,CV_137,-1,1,0,-1,1,0.07991753891832785,0
11978,JOB_5912,CV_1633,-1,0,1,-1,-1,0.016728886119059285,0
11979,JOB_5912,CV_3145,-1,0,1,-1,-1,0.016728886119059285,0
11980,JOB_5912,CV_3039,-1,1,1,-1,1,0.15361803787121434,0
11981,JOB_5912,CV_3563,-1,0,-1,-1,-1,0.0008827918008007309,0
11982,JOB_5912,CV_2369,-1,1,1,-1,-1,0.034672065104421654,0
11983,JOB_5912,CV_3299,-1,1,-1,-1,-1,0.0018618453328126804,0
11984,JOB_5912,CV_263,-1,1,1,-1,-1,0.034672065104421654,0
11985,JOB_5912,CV_3399,-1,0,1,-1,-1,0.016728886119059285,0
11986,JOB_5912,CV_223,-1,0,-1,-1,-1,0.0008827918008007309,0
11987,JOB_5912,CV_2749,-1,1,0,-1,-1,0.01689829239252925,0
11988,JOB_5912,CV_1807,-1,0,1,-1,-1,0.016728886119059285,0
11989,JOB_5912,CV_2723,-1,0,-1,-1,-1,0.0008827918008007309,0
11990,JOB_5912,CV_3547,-1,0,-1,-1,-1,0.0008827918008007309,0
11991,JOB_5912,CV_433,-1,1,0,-1,-1,0.01689829239252925,0
11992,JOB_5912,CV_1682,-1,1,-1,-1,-1,0.0018618453328126804,0
11993,JOB_5912,CV_1971,-1,0,-1,-1,-1,0.0008827918008007309,0
11994,JOB_5912,CV_251,-1,0,1,-1,-1,0.016728886119059285,0
11995,JOB_5912,CV_3789,-1,1,1,-1,-1,0.034672065104421654,0
11996,JOB_5912,CV_2615,-1,1,-1,-1,-1,0.0018618453328126804,0
11997,JOB_5912,CV_2733,-1,1,-1,-1,-1,0.0018618453328126804,0
11998,JOB_5912,CV_140,-1,0,-1,-1,-1,0.0008827918008007309,0
11999,JOB_5912,CV_2207,-1,0,1,-1,1,0.07916723666250709,0
12100,JOB_8372,CV_246,-1,-1,-1,0,-1,0.00013742938756156384,0
12101,JOB_8372,CV_046,-1,-1,0,0,-1,0.0012649722795961807,0
12102,JOB_8372,CV_1480,-1,0,-1,0,-1,0.0015096485596628858,0
12103,JOB_8372,CV_505,-1,0,1,0,-1,0.02828921519950765,0
12104,JOB_8372,CV_661,-1,0,-1,0,-1,0.0015096485596628858,0
12105,JOB_8372,CV_2653,-1,-1,-1,0,-1,0.00013742938756156384,0
12106,JOB_8372,CV_3647,-1,-1,1,0,-1,0.002639631480061397,0
12107,JOB_8372,CV_1534,-1,0,-1,0,-1,0.0015096485596628858,0
12108,JOB_8372,CV_433,-1,0,0,0,-1,0.01374087676851104,0
12109,JOB_8372,CV_080,-1,0,1,0,-1,0.02828921519950765,0
12110,JOB_8372,CV_1122,-1,0,1,1,-1,0.05232559089768777,0
12111,JOB_8372,CV_1138,-1,0,1,0,-1,0.02828921519950765,0
12112,JOB_8372,CV_1068,-1,1,-1,0,-1,0.003181698906503991,0
12113,JOB_8372,CV_2913,-1,-1,1,0,-1,0.002639631480061397,0
12114,JOB_8372,CV_2965,-1,-1,1,0,-1,0.002639631480061397,0
12115,JOB_8372,CV_2356,-1,0,-1,0,-1,0.0015096485596628858,0
12116,JOB_8372,CV_2953,-1,-1,1,-1,-1,0.0015442935692705172,0
12117,JOB_8372,CV_2402,-1,0,0,0,-1,0.01374087676851104,0
12118,JOB_8372,CV_1742,-1,-1,1,0,-1,0.002639631480061397,0
12119,JOB_8372,CV_1785,-1,0,-1,0,-1,0.0015096485596628858,0
12120,JOB_8372,CV_3949,-1,-1,1,-1,-1,0.0015442935692705172,0
12121,JOB_8372,CV_2369,-1,-1,1,0,-1,0.002639631480061397,0
12122,JOB_8372,CV_3200,-1,0,1,0,-1,0.02828921519950765,0
12123,JOB_8372,CV_140,-1,0,-1,0,-1,0.0015096485596628858,0
12124,JOB_8372,CV_2415,-1,-1,1,-1,-1,0.0015442935692705172,0
12125,JOB_8372,CV_3727,-1,-1,1,0,-1,0.002639631480061397,0
12126,JOB_8372,CV_3543,-1,0,1,0,-1,0.02828921519950765,0
12127,JOB_8372,CV_611,-1,-1,-1,0,-1,0.00013742938756156384,0
12128,JOB_8372,CV_532,-1,-1,1,0,-1,0.002639631480061397,0
12129,JOB_8372,CV_3685,-1,0,-1,0,-1,0.0015096485596628858,0
12130,JOB_8372,CV_1574,-1,-1,1,1,-1,0.004994451571761179,0
12131,JOB_8372,CV_3962,-1,0,-1,0,-1,0.0015096485596628858,0
12132,JOB_8372,CV_3455,-1,-1,-1,-1,-1,8.03182586734358e-05,0
12133,JOB_8372,CV_1898,-1,0,1,0,-1,0.02828921519950765,0
12134,JOB_8372,CV_869,-1,0,-1,0,-1,0.0015096485596628858,0
12135,JOB_8372,CV_3546,-1,-1,-1,1,-1,0.00026061368312641647,0
12136,JOB_8372,CV_3414,-1,1,-1,0,-1,0.003181698906503991,0
12137,JOB_8372,CV_1031,-1,-1,1,0,-1,0.002639631480061397,0
12138,JOB_8372,CV_2015,-1,0,0,-1,-1,0.0080762834495878,0
12139,JOB_8372,CV_3625,-1,-1,-1,0,-1,0.00013742938756156384,0
12140,JOB_8372,CV_233,-1,0,1,0,-1,0.02828921519950765,0
12141,JOB_8372,CV_3093,-1,0,-1,-1,-1,0.0008827918008007309,0
12142,JOB_8372,CV_388,-1,0,-1,1,-1,0.002859298785317209,0
12143,JOB_8372,CV_3663,-1,0,1,1,-1,0.05232559089768777,0
12144,JOB_8372,CV_2584,-1,0,-1,0,-1,0.0015096485596628858,0
12145,JOB_8372,CV_3789,-1,-1,1,0,-1,0.002639631480061397,0
12146,JOB_8372,CV_2492,-1,-1,1,0,-1,0.002639631480061397,0
12147,JOB_8372,CV_1963,-1,0,0,0,-1,0.01374087676851104,0
12148,JOB_8372,CV_1793,-1,0,-1,0,-1,0.0015096485596628858,0
12149,JOB_8372,CV_040,-1,-1,-1,0,-1,0.00013742938756156384,0
12150,JOB_8372,CV_3563,-1,0,-1,0,-1,0.0015096485596628858,0
12151,JOB_8372,CV_2024,-1,1,1,1,-1,0.10439562230127407,0
12152,JOB_8372,CV_2341,-1,0,-1,0,-1,0.0015096485596628858,0
12153,JOB_8372,CV_2574,-1,-1,-1,0,-1,0.00013742938756156384,0
12154,JOB_8372,CV_1881,-1,0,0,-1,-1,0.0080762834495878,0
12155,JOB_8372,CV_964,-1,0,1,0,-1,0.02828921519950765,0
12156,JOB_8372,CV_3173,-1,-1,1,0,-1,0.002639631480061397,0
12157,JOB_8372,CV_2658,-1,0,-1,0,-1,0.0015096485596628858,0
12158,JOB_8372,CV_3970,-1,-1,-1,-1,-1,8.03182586734358e-05,0
12159,JOB_8372,CV_2766,-1,-1,1,-1,-1,0.0015442935692705172,0
12160,JOB_8372,CV_3657,-1,0,1,1,-1,0.05232559089768777,0
12161,JOB_8372,CV_2672,-1,0,1,1,-1,0.05232559089768777,0
12162,JOB_8372,CV_160,-1,0,-1,-1,-1,0.0008827918008007309,0
12163,JOB_8372,CV_116,-1,0,-1,0,-1,0.0015096485596628858,0
12164,JOB_8372,CV_3722,-1,-1,-1,0,-1,0.00013742938756156384,0
12165,JOB_8372,CV_469,-1,0,1,0,-1,0.02828921519950765,0
12166,JOB_8372,CV_3015,-1,0,0,0,-1,0.01374087676851104,0
12167,JOB_8372,CV_1252,-1,0,1,-1,-1,0.016728886119059285,0
12168,JOB_8372,CV_3782,-1,0,0,0,-1,0.01374087676851104,0
12169,JOB_8372,CV_2596,-1,-1,-1,-1,-1,8.03182586734358e-05,0
12170,JOB_8372,CV_1078,-1,0,-1,-1,-1,0.0008827918008007309,0
12171,JOB_8372,CV_2445,-1,0,-1,0,-1,0.0015096485596628858,0
12172,JOB_8372,CV_999,-1,1,-1,0,-1,0.003181698906503991,0
12173,JOB_8372,CV_788,-1,-1,-1,0,-1,0.00013742938756156384,0
12174,JOB_8372,CV_307,-1,-1,0,0,-1,0.0012649722795961807,0
12175,JOB_8372,CV_2991,-1,-1,1,0,-1,0.002639631480061397,0
12176,JOB_8372,CV_3547,-1,0,-1,0,-1,0.0015096485596628858,0
12177,JOB_8372,CV_2514,-1,0,-1,0,-1,0.0015096485596628858,0
12178,JOB_8372,CV_2858,-1,-1,1,0,-1,0.002639631480061397,0
12179,JOB_8372,CV_1971,-1,0,-1,0,-1,0.0015096485596628858,0
12180,JOB_8372,CV_1751,-1,-1,-1,0,-1,0.00013742938756156384,0
12181,JOB_8372,CV_2749,-1,-1,0,0,-1,0.0012649722795961807,0
12182,JOB_8372,CV_1690,-1,0,0,0,-1,0.01374087676851104,0
12183,JOB_8372,CV_187,-1,-1,1,1,-1,0.004994451571761179,0
12184,JOB_8372,CV_1810,-1,0,-1,0,-1,0.0015096485596628858,0
12185,JOB_8372,CV_1739,-1,-1,0,1,-1,0.002396402946724275,0
12186,JOB_8372,CV_1796,-1,0,0,0,-1,0.01374087676851104,0
12187,JOB_8372,CV_3197,-1,-1,1,1,-1,0.004994451571761179,0
12188,JOB_8372,CV_3929,-1,0,0,0,-1,0.01374087676851104,0
12189,JOB_8372,CV_1245,-1,-1,1,0,-1,0.002639631480061397,0
12190,JOB_8372,CV_3670,-1,0,-1,0,-1,0.0015096485596628858,0
12191,JOB_8372,CV_1309,-1,-1,-1,0,-1,0.00013742938756156384,0
12192,JOB_8372,CV_2478,-1,-1,1,0,-1,0.002639631480061397,0
12193,JOB_8372,CV_1803,-1,0,-1,0,-1,0.0015096485596628858,0
12194,JOB_8372,CV_3474,-1,-1,1,0,-1,0.002639631480061397,0
12195,JOB_8372,CV_1015,-1,0,0,0,-1,0.01374087676851104,0
12196,JOB_8372,CV_665,-1,-1,1,0,-1,0.002639631480061397,0
12197,JOB_8372,CV_2555,-1,0,-1,0,-1,0.0015096485596628858,0
12198,JOB_8372,CV_1085,-1,0,-1,0,-1,0.0015096485596628858,0
12199,JOB_8372,CV_337,-1,0,-1,0,-1,0.0015096485596628858,0
12200,JOB_7122,CV_611,-1,0,-1,0,-1,0.0015096485596628858,0
12201,JOB_7122,CV_2327,1,1,-1,1,-1,0.123251694460039,0
12202,JOB_7122,CV_2369,1,1,1,1,-1,0.7302317401433427,1
12203,JOB_7122,CV_3636,-1,0,-1,-1,-1,0.0008827918008007309,0
12204,JOB_7122,CV_3929,-1,0,0,0,-1,0.01374087676851104,0
12205,JOB_7122,CV_1792,-1,0,1,0,-1,0.02828921519950765,0
12206,JOB_7122,CV_1172,-1,0,1,-1,-1,0.016728886119059285,0
12207,JOB_7122,CV_1019,1,0,-1,1,-1,0.06243232352062822,0
12208,JOB_7122,CV_2584,-1,0,-1,1,1,0.014283223220999536,0
12209,JOB_7122,CV_2953,-1,1,1,-1,-1,0.034672065104421654,0
12210,JOB_7122,CV_3090,1,1,1,1,-1,0.7302317401433427,1
12211,JOB_7122,CV_2392,-1,1,1,1,-1,0.10439562230127407,0
12212,JOB_7122,CV_3546,-1,0,-1,-1,-1,0.0008827918008007309,0
12213,JOB_7122,CV_2157,1,1,-1,-1,-1,0.04151838996869751,0
12214,JOB_7122,CV_2766,-1,0,1,1,-1,0.05232559089768777,0
12215,JOB_7122,CV_246,-1,0,-1,1,1,0.014283223220999536,0
12216,JOB_7122,CV_263,-1,1,1,1,-1,0.10439562230127407,0
12217,JOB_7122,CV_3176,-1,1,0,-1,-1,0.01689829239252925,0
12218,JOB_7122,CV_622,-1,1,0,1,-1,0.05283609976798728,0
12219,JOB_7122,CV_481,-1,0,-1,1,-1,0.002859298785317209,0
12220,JOB_7122,CV_307,-1,0,0,0,-1,0.01374087676851104,0
12221,JOB_7122,CV_1085,-1,0,-1,1,-1,0.002859298785317209,0
12222,JOB_7122,CV_1325,-1,0,1,1,-1,0.05232559089768777,0
12223,JOB_7122,CV_085,-1,0,1,0,-1,0.02828921519950765,0
12224,JOB_7122,CV_2749,1,1,0,1,-1,0.5643491956570692,1
12225,JOB_7122,CV_3744,-1,0,1,-1,-1,0.016728886119059285,0
12226,JOB_7122,CV_1122,-1,1,1,0,-1,0.05790168407977278,0
12227,JOB_7122,CV_1793,-1,0,-1,1,-1,0.002859298785317209,0
12228,JOB_7122,CV_278,-1,1,1,1,-1,0.10439562230127407,0
12229,JOB_7122,CV_2733,-1,0,-1,-1,-1,0.0008827918008007309,0
12230,JOB_7122,CV_2445,-1,-1,-1,0,-1,0.00013742938756156384,0
12231,JOB_7122,CV_3949,-1,1,1,-1,-1,0.034672065104421654,0
12232,JOB_7122,CV_2541,-1,1,-1,1,-1,0.006017180859498359,0
12233,JOB_7122,CV_3015,-1,0,0,1,-1,0.025743514038269317,0
12234,JOB_7122,CV_2514,-1,0,-1,0,-1,0.0015096485596628858,0
12235,JOB_7122,CV_2356,-1,0,-1,0,-1,0.0015096485596628858,0
12236,JOB_7122,CV_2415,-1,0,1,-1,-1,0.016728886119059285,0
12237,JOB_7122,CV_1480,-1,1,-1,0,-1,0.003181698906503991,0
12238,JOB_7122,CV_631,1,1,1,0,-1,0.5880103941462257,1
12239,JOB_7122,CV_1636,1,1,1,0,-1,0.5880103941462257,1
12240,JOB_7122,CV_2476,-1,1,1,-1,-1,0.034672065104421654,0
12241,JOB_7122,CV_3088,-1,1,1,1,-1,0.10439562230127407,0
12242,JOB_7122,CV_722,-1,0,-1,1,-1,0.002859298785317209,0
12243,JOB_7122,CV_2033,-1,0,1,0,-1,0.02828921519950765,0
12244,JOB_7122,CV_233,-1,1,1,0,-1,0.05790168407977278,0
12245,JOB_7122,CV_2992,-1,0,-1,1,-1,0.002859298785317209,0
12246,JOB_7122,CV_1881,-1,1,0,-1,-1,0.01689829239252925,0
12247,JOB_7122,CV_3051,-1,-1,1,1,-1,0.004994451571761179,0
12248,JOB_7122,CV_3094,-1,0,-1,1,-1,0.002859298785317209,0
12249,JOB_7122,CV_929,-1,0,1,-1,-1,0.016728886119059285,0
12250,JOB_7122,CV_2615,-1,0,-1,1,-1,0.002859298785317209,0
12251,JOB_7122,CV_421,-1,1,0,1,-1,0.05283609976798728,0
12252,JOB_7122,CV_1224,-1,0,-1,1,-1,0.002859298785317209,0
12253,JOB_7122,CV_2752,-1,0,1,1,-1,0.05232559089768777,0
12254,JOB_7122,CV_2723,-1,0,-1,1,-1,0.002859298785317209,0
12255,JOB_7122,CV_2478,-1,0,1,1,-1,0.05232559089768777,0
12256,JOB_7122,CV_176,-1,0,-1,1,-1,0.002859298785317209,0
12257,JOB_7122,CV_605,-1,0,-1,1,-1,0.002859298785317209,0
12258,JOB_7122,CV_3543,-1,0,1,1,-1,0.05232559089768777,0
12259,JOB_7122,CV_080,-1,1,1,1,-1,0.10439562230127407,0
12260,JOB_7122,CV_216,-1,0,1,0,-1,0.02828921519950765,0
12261,JOB_7122,CV_665,-1,0,1,0,-1,0.02828921519950765,0
12262,JOB_7122,CV_2038,-1,1,-1,-1,-1,0.0018618453328126804,0
12263,JOB_7122,CV_3429,-1,-1,-1,-1,-1,8.03182586734358e-05,0
12264,JOB_7122,CV_477,1,1,1,-1,-1,0.454768028774003,0
12265,JOB_7122,CV_2492,-1,1,1,0,-1,0.05790168407977278,0
12266,JOB_7122,CV_2177,-1,1,1,-1,-1,0.034672065104421654,0
12267,JOB_7122,CV_601,-1,0,1,0,-1,0.02828921519950765,0
12268,JOB_7122,CV_1309,-1,0,-1,1,1,0.014283223220999536,0
12269,JOB_7122,CV_999,-1,1,-1,1,-1,0.006017180859498359,0
12270,JOB_7122,CV_2024,-1,0,1,0,-1,0.02828921519950765,0
12271,JOB_7122,CV_2385,-1,0,-1,1,-1,0.002859298785317209,0
12272,JOB_7122,CV_3757,-1,0,-1,1,-1,0.002859298785317209,0
12273,JOB_7122,CV_3719,-1,1,-1,1,-1,0.006017180859498359,0
12274,JOB_7122,CV_2313,-1,1,-1,-1,-1,0.0018618453328126804,0
12275,JOB_7122,CV_3098,1,1,1,0,-1,0.5880103941462257,1
12276,JOB_7122,CV_2537,-1,1,1,0,1,0.23697590875267444,0
12277,JOB_7122,CV_3710,-1,0,1,1,-1,0.05232559089768777,0
12278,JOB_7122,CV_3133,-1,0,-1,1,-1,0.002859298785317209,0
12279,JOB_7122,CV_1151,-1,0,-1,1,-1,0.002859298785317209,0
12280,JOB_7122,CV_433,-1,1,0,1,-1,0.05283609976798728,0
12281,JOB_7122,CV_2653,-1,1,-1,1,-1,0.006017180859498359,0
12282,JOB_7122,CV_3663,-1,1,1,1,-1,0.10439562230127407,0
12283,JOB_7122,CV_3299,-1,1,-1,0,-1,0.003181698906503991,0
12284,JOB_7122,CV_1494,-1,0,1,0,-1,0.02828921519950765,0
12285,JOB_7122,CV_137,-1,1,0,1,-1,0.05283609976798728,0
12286,JOB_7122,CV_877,1,1,1,1,-1,0.7302317401433427,1
12287,JOB_7122,CV_3733,-1,0,-1,0,-1,0.0015096485596628858,0
12288,JOB_7122,CV_1739,-1,0,0,1,-1,0.025743514038269317,0
12289,JOB_7122,CV_1252,1,1,1,-1,-1,0.454768028774003,0
12290,JOB_7122,CV_1577,-1,0,-1,1,-1,0.002859298785317209,0
12291,JOB_7122,CV_3791,1,1,1,1,-1,0.7302317401433427,1
12292,JOB_7122,CV_788,1,0,-1,1,-1,0.06243232352062822,0
12293,JOB_7122,CV_2596,-1,-1,-1,-1,-1,8.03182586734358e-05,0
12294,JOB_7122,CV_2979,1,1,1,0,-1,0.5880103941462257,1
12295,JOB_7122,CV_2877,-1,0,1,1,-1,0.05232559089768777,0
12296,JOB_7122,CV_1036,-1,0,1,-1,-1,0.016728886119059285,0
12297,JOB_7122,CV_1574,-1,0,1,1,-1,0.05232559089768777,0
12298,JOB_7122,CV_1380,-1,1,1,0,1,0.23697590875267444,0
12299,JOB_7122,CV_2858,-1,0,1,1,-1,0.05232559089768777,0
12400,JOB_2783,CV_2723,-1,0,-1,1,1,0.014283223220999536,0
12401,JOB_2783,CV_1618,-1,1,1,1,-1,0.10439562230127407,0
12402,JOB_2783,CV_251,-1,0,1,0,-1,0.02828921519950765,0
12403,JOB_2783,CV_505,-1,0,1,0,-1,0.02828921519950765,0
12404,JOB_2783,CV_3284,-1,0,-1,0,-1,0.0015096485596628858,0
12405,JOB_2783,CV_3923,-1,0,1,1,1,0.21814771844744296,0
12406,JOB_2783,CV_1287,-1,0,1,-1,1,0.07916723666250709,0
12407,JOB_2783,CV_2550,-1,0,-1,0,-1,0.0015096485596628858,0
12408,JOB_2783,CV_3200,-1,0,1,0,1,0.12824728097545876,0
12409,JOB_2783,CV_1517,-1,0,0,1,-1,0.025743514038269317,0
12410,JOB_2783,CV_1231,-1,1,1,-1,-1,0.034672065104421654,0
12411,JOB_2783,CV_3173,-1,0,1,1,-1,0.05232559089768777,0
12412,JOB_2783,CV_1015,-1,0,0,0,1,0.06577288027095901,0
12413,JOB_2783,CV_1810,-1,0,-1,0,1,0.007582239379063284,0
12414,JOB_2783,CV_1993,-1,0,-1,0,-1,0.0015096485596628858,0
12415,JOB_2783,CV_1325,-1,0,1,0,-1,0.02828921519950765,0
12416,JOB_2783,CV_3088,-1,0,1,0,1,0.12824728097545876,0
12417,JOB_2783,CV_296,-1,0,0,1,-1,0.025743514038269317,0
12418,JOB_2783,CV_1971,-1,0,-1,1,-1,0.002859298785317209,0
12419,JOB_2783,CV_3625,-1,0,-1,1,1,0.014283223220999536,0
12420,JOB_2783,CV_1241,-1,0,1,0,-1,0.02828921519950765,0
12421,JOB_2783,CV_388,-1,0,-1,0,-1,0.0015096485596628858,0
12422,JOB_2783,CV_2541,-1,0,-1,0,-1,0.0015096485596628858,0
12423,JOB_2783,CV_1792,-1,0,1,1,-1,0.05232559089768777,0
12424,JOB_2783,CV_1898,-1,0,1,0,1,0.12824728097545876,0
12425,JOB_2783,CV_661,-1,0,-1,0,-1,0.0015096485596628858,0
12426,JOB_2783,CV_1151,-1,0,-1,1,-1,0.002859298785317209,0
12427,JOB_2783,CV_2402,-1,0,0,0,-1,0.01374087676851104,0
12428,JOB_2783,CV_085,-1,0,1,0,-1,0.02828921519950765,0
12429,JOB_2783,CV_2365,-1,0,0,1,-1,0.025743514038269317,0
12430,JOB_2783,CV_634,-1,0,-1,0,-1,0.0015096485596628858,0
12431,JOB_2783,CV_1090,-1,0,-1,0,-1,0.0015096485596628858,0
12432,JOB_2783,CV_2478,-1,0,1,0,1,0.12824728097545876,0
12433,JOB_2783,CV_2166,-1,0,-1,0,-1,0.0015096485596628858,0
12434,JOB_2783,CV_1793,-1,0,-1,0,1,0.007582239379063284,0
12435,JOB_2783,CV_3710,-1,0,1,1,-1,0.05232559089768777,0
12436,JOB_2783,CV_1803,-1,0,-1,0,1,0.007582239379063284,0
12437,JOB_2783,CV_1138,-1,0,1,1,-1,0.05232559089768777,0
12438,JOB_2783,CV_040,-1,0,-1,1,-1,0.002859298785317209,0
12439,JOB_2783,CV_1078,-1,0,-1,1,1,0.014283223220999536,0
12440,JOB_2783,CV_3181,-1,0,1,0,1,0.12824728097545876,0
12441,JOB_2783,CV_2858,-1,1,1,0,-1,0.05790168407977278,0
12442,JOB_2783,CV_263,-1,0,1,1,-1,0.05232559089768777,0
12443,JOB_2783,CV_3970,-1,-1,-1,1,1,0.0013155570174856266,0
12444,JOB_2783,CV_2555,-1,1,-1,1,-1,0.006017180859498359,0
12445,JOB_2783,CV_2574,-1,0,-1,0,-1,0.0015096485596628858,0
12446,JOB_2783,CV_3474,-1,0,1,1,1,0.21814771844744296,0
12447,JOB_2783,CV_2239,-1,0,1,1,1,0.21814771844744296,0
12448,JOB_2783,CV_1494,-1,0,1,0,1,0.12824728097545876,0
12449,JOB_2783,CV_3636,-1,-1,-1,-1,-1,8.03182586734358e-05,0
12450,JOB_2783,CV_813,-1,0,1,-1,1,0.07916723666250709,0
12451,JOB_2783,CV_160,-1,0,-1,-1,-1,0.0008827918008007309,0
12452,JOB_2783,CV_2537,-1,1,1,0,-1,0.05790168407977278,0
12453,JOB_2783,CV_3789,-1,0,1,0,-1,0.02828921519950765,0
12454,JOB_2783,CV_2024,-1,0,1,0,-1,0.02828921519950765,0
12455,JOB_2783,CV_2385,-1,0,-1,0,1,0.007582239379063284,0
12456,JOB_2783,CV_2653,-1,0,-1,0,-1,0.0015096485596628858,0
12457,JOB_2783,CV_2596,-1,-1,-1,-1,-1,8.03182586734358e-05,0
12458,JOB_2783,CV_1636,-1,0,1,1,-1,0.05232559089768777,0
12459,JOB_2783,CV_538,-1,-1,1,-1,1,0.0077551622213322515,0
12460,JOB_2783,CV_1085,-1,1,-1,0,1,0.01587322249542733,0
12461,JOB_2783,CV_3949,-1,0,1,-1,1,0.07916723666250709,0
12462,JOB_2783,CV_2039,-1,1,1,0,-1,0.05790168407977278,0
12463,JOB_2783,CV_618,-1,1,1,0,1,0.23697590875267444,0
12464,JOB_2783,CV_1574,-1,-1,1,0,-1,0.002639631480061397,0
12465,JOB_2783,CV_788,-1,0,-1,0,-1,0.0015096485596628858,0
12466,JOB_2783,CV_3075,-1,0,-1,1,-1,0.002859298785317209,0
12467,JOB_2783,CV_176,-1,0,-1,0,1,0.007582239379063284,0
12468,JOB_2783,CV_2379,-1,0,1,-1,-1,0.016728886119059285,0
12469,JOB_2783,CV_080,-1,0,1,1,1,0.21814771844744296,0
12470,JOB_2783,CV_1632,-1,1,1,1,-1,0.10439562230127407,0
12471,JOB_2783,CV_594,-1,0,1,1,-1,0.05232559089768777,0
12472,JOB_2783,CV_631,-1,0,1,0,-1,0.02828921519950765,0
12473,JOB_2783,CV_3429,-1,-1,-1,-1,-1,8.03182586734358e-05,0
12474,JOB_2783,CV_1860,-1,1,0,1,-1,0.05283609976798728,0
12475,JOB_2783,CV_1963,-1,0,0,1,-1,0.025743514038269317,0
12476,JOB_2783,CV_1844,-1,0,1,1,-1,0.05232559089768777,0
12477,JOB_2783,CV_2615,-1,1,-1,1,1,0.029682404125509716,0
12478,JOB_2783,CV_879,-1,0,1,1,-1,0.05232559089768777,0
12479,JOB_2783,CV_3929,-1,0,0,0,-1,0.01374087676851104,0
12480,JOB_2783,CV_2177,-1,0,1,-1,-1,0.016728886119059285,0
12481,JOB_2783,CV_601,-1,0,1,0,-1,0.02828921519950765,0
12482,JOB_2783,CV_116,-1,0,-1,1,-1,0.002859298785317209,0
12483,JOB_2783,CV_1068,-1,0,-1,1,-1,0.002859298785317209,0
12484,JOB_2783,CV_469,-1,0,1,0,-1,0.02828921519950765,0
12485,JOB_2783,CV_2877,-1,-1,1,0,-1,0.002639631480061397,0
12486,JOB_2783,CV_3733,-1,0,-1,0,-1,0.0015096485596628858,0
12487,JOB_2783,CV_3414,-1,0,-1,1,-1,0.002859298785317209,0
12488,JOB_2783,CV_2415,-1,-1,1,-1,-1,0.0015442935692705172,0
12489,JOB_2783,CV_2913,-1,0,1,0,1,0.12824728097545876,0
12490,JOB_2783,CV_246,-1,0,-1,1,-1,0.002859298785317209,0
12491,JOB_2783,CV_924,-1,0,1,-1,1,0.07916723666250709,0
12492,JOB_2783,CV_3670,-1,1,-1,0,1,0.01587322249542733,0
12493,JOB_2783,CV_3533,-1,0,1,0,-1,0.02828921519950765,0
12494,JOB_2783,CV_1796,-1,1,0,1,-1,0.05283609976798728,0
12495,JOB_2783,CV_2991,-1,0,1,1,1,0.21814771844744296,0
12496,JOB_2783,CV_1639,-1,0,1,0,-1,0.02828921519950765,0
12497,JOB_2783,CV_2766,-1,0,1,-1,-1,0.016728886119059285,0
12498,JOB_2783,CV_1534,-1,0,-1,1,1,0.014283223220999536,0
12499,JOB_2783,CV_2436,-1,1,1,1,1,0.3706850697644348,0
12500,JOB_7295,CV_3173,-1,-1,1,1,-1,0.004994451571761179,0
12501,JOB_7295,CV_594,-1,-1,1,0,-1,0.002639631480061397,0
12502,JOB_7295,CV_1574,-1,-1,1,0,-1,0.002639631480061397,0
12503,JOB_7295,CV_2207,-1,-1,1,0,-1,0.002639631480061397,0
12504,JOB_7295,CV_3094,-1,-1,-1,0,-1,0.00013742938756156384,0
12505,JOB_7295,CV_3500,-1,-1,1,0,-1,0.002639631480061397,0
12506,JOB_7295,CV_2476,-1,0,1,-1,-1,0.016728886119059285,0
12507,JOB_7295,CV_2579,-1,-1,-1,0,-1,0.00013742938756156384,0
12508,JOB_7295,CV_877,-1,-1,1,0,-1,0.002639631480061397,0
12509,JOB_7295,CV_2380,1,0,1,0,-1,0.40336398430354964,0
12510,JOB_7295,CV_080,-1,0,1,1,-1,0.05232559089768777,0
12511,JOB_7295,CV_1224,-1,0,-1,1,-1,0.002859298785317209,0
12512,JOB_7295,CV_2733,-1,-1,-1,-1,-1,8.03182586734358e-05,0
12513,JOB_7295,CV_3636,-1,-1,-1,-1,-1,8.03182586734358e-05,0
12514,JOB_7295,CV_1068,-1,0,-1,1,-1,0.002859298785317209,0
12515,JOB_7295,CV_661,-1,0,-1,0,-1,0.0015096485596628858,0
12516,JOB_7295,CV_3414,-1,0,-1,1,-1,0.002859298785317209,0
12517,JOB_7295,CV_1963,-1,0,0,1,-1,0.025743514038269317,0
12518,JOB_7295,CV_1682,-1,0,-1,0,-1,0.0015096485596628858,0
12519,JOB_7295,CV_223,-1,0,-1,1,-1,0.002859298785317209,0
12520,JOB_7295,CV_538,-1,-1,1,-1,-1,0.0015442935692705172,0
12521,JOB_7295,CV_2869,-1,-1,-1,-1,-1,8.03182586734358e-05,0
12522,JOB_7295,CV_813,-1,-1,1,-1,-1,0.0015442935692705172,0
12523,JOB_7295,CV_040,-1,-1,-1,1,-1,0.00026061368312641647,0
12524,JOB_7295,CV_1742,-1,-1,1,0,-1,0.002639631480061397,0
12525,JOB_7295,CV_2752,-1,1,1,1,-1,0.10439562230127407,0
12526,JOB_7295,CV_1785,-1,-1,-1,0,-1,0.00013742938756156384,0
12527,JOB_7295,CV_2658,-1,-1,-1,0,-1,0.00013742938756156384,0
12528,JOB_7295,CV_1577,-1,0,-1,1,-1,0.002859298785317209,0
12529,JOB_7295,CV_278,-1,1,1,0,-1,0.05790168407977278,0
12530,JOB_7295,CV_2356,-1,0,-1,0,-1,0.0015096485596628858,0
12531,JOB_7295,CV_2441,-1,-1,-1,0,-1,0.00013742938756156384,0
12532,JOB_7295,CV_481,-1,-1,-1,0,-1,0.00013742938756156384,0
12533,JOB_7295,CV_1309,-1,-1,-1,0,-1,0.00013742938756156384,0
12534,JOB_7295,CV_1795,-1,1,-1,0,-1,0.003181698906503991,0
12535,JOB_7295,CV_3090,1,-1,1,0,-1,0.057901684079772725,0
12536,JOB_7295,CV_2749,1,-1,0,0,-1,0.028572286214813673,0
12537,JOB_7295,CV_2069,-1,0,-1,1,-1,0.002859298785317209,0
12538,JOB_7295,CV_1803,-1,-1,-1,0,-1,0.00013742938756156384,0
12539,JOB_7295,CV_1078,-1,-1,-1,1,-1,0.00026061368312641647,0
12540,JOB_7295,CV_1913,-1,-1,1,0,-1,0.002639631480061397,0
12541,JOB_7295,CV_2953,-1,-1,1,-1,-1,0.0015442935692705172,0
12542,JOB_7295,CV_2420,-1,-1,0,0,-1,0.0012649722795961807,0
12543,JOB_7295,CV_433,-1,0,0,1,1,0.11779695264608223,0
12544,JOB_7295,CV_216,-1,0,1,0,-1,0.02828921519950765,0
12545,JOB_7295,CV_2015,-1,0,0,-1,-1,0.0080762834495878,0
12546,JOB_7295,CV_1355,-1,0,-1,0,-1,0.0015096485596628858,0
12547,JOB_7295,CV_2415,-1,-1,1,-1,-1,0.0015442935692705172,0
12548,JOB_7295,CV_2379,-1,-1,1,-1,-1,0.0015442935692705172,0
12549,JOB_7295,CV_137,-1,-1,0,0,-1,0.0012649722795961807,0
12550,JOB_7295,CV_2672,-1,-1,1,-1,-1,0.0015442935692705172,0
12551,JOB_7295,CV_140,-1,-1,-1,1,-1,0.00026061368312641647,0
12552,JOB_7295,CV_1633,-1,-1,1,1,-1,0.004994451571761179,0
12553,JOB_7295,CV_2574,-1,-1,-1,0,-1,0.00013742938756156384,0
12554,JOB_7295,CV_1231,-1,0,1,-1,-1,0.016728886119059285,0
12555,JOB_7295,CV_2723,-1,-1,-1,1,-1,0.00026061368312641647,0
12556,JOB_7295,CV_1172,-1,-1,1,-1,-1,0.0015442935692705172,0
12557,JOB_7295,CV_388,1,-1,-1,0,1,0.01587322249542733,0
12558,JOB_7295,CV_1881,-1,0,0,-1,-1,0.0080762834495878,0
12559,JOB_7295,CV_296,-1,0,0,1,-1,0.025743514038269317,0
12560,JOB_7295,CV_046,-1,-1,0,1,-1,0.002396402946724275,0
12561,JOB_7295,CV_3962,1,0,-1,0,-1,0.03391947242677372,0
12562,JOB_7295,CV_618,-1,0,1,0,-1,0.02828921519950765,0
12563,JOB_7295,CV_2766,-1,-1,1,-1,-1,0.0015442935692705172,0
12564,JOB_7295,CV_1480,-1,1,-1,0,-1,0.003181698906503991,0
12565,JOB_7295,CV_1961,-1,0,1,0,-1,0.02828921519950765,0
12566,JOB_7295,CV_3685,-1,-1,-1,0,-1,0.00013742938756156384,0
12567,JOB_7295,CV_929,-1,-1,1,-1,-1,0.0015442935692705172,0
12568,JOB_7295,CV_2979,1,-1,1,0,-1,0.057901684079772725,0
12569,JOB_7295,CV_505,-1,0,1,0,-1,0.02828921519950765,0
12570,JOB_7295,CV_2537,-1,-1,1,0,-1,0.002639631480061397,0
12571,JOB_7295,CV_879,-1,-1,1,1,-1,0.004994451571761179,0
12572,JOB_7295,CV_1844,1,0,1,1,-1,0.5618280036801903,1
12573,JOB_7295,CV_2436,-1,0,1,0,-1,0.02828921519950765,0
12574,JOB_7295,CV_3625,-1,-1,-1,1,-1,0.00026061368312641647,0
12575,JOB_7295,CV_1860,-1,1,0,1,-1,0.05283609976798728,0
12576,JOB_7295,CV_2445,-1,-1,-1,0,-1,0.00013742938756156384,0
12577,JOB_7295,CV_116,-1,1,-1,1,-1,0.006017180859498359,0
12578,JOB_7295,CV_3727,-1,-1,1,0,-1,0.002639631480061397,0
12579,JOB_7295,CV_3949,-1,-1,1,-1,-1,0.0015442935692705172,0
12580,JOB_7295,CV_3543,-1,-1,1,0,-1,0.002639631480061397,0
12581,JOB_7295,CV_884,-1,0,-1,1,-1,0.002859298785317209,0
12582,JOB_7295,CV_2253,1,0,1,1,-1,0.5618280036801903,1
12583,JOB_7295,CV_3478,-1,-1,1,0,-1,0.002639631480061397,0
12584,JOB_7295,CV_085,-1,0,1,0,-1,0.02828921519950765,0
12585,JOB_7295,CV_1252,1,-1,1,-1,-1,0.03467206510442167,0
12586,JOB_7295,CV_3088,-1,-1,1,0,-1,0.002639631480061397,0
12587,JOB_7295,CV_3744,-1,-1,1,-1,-1,0.0015442935692705172,0
12588,JOB_7295,CV_2313,-1,-1,-1,-1,-1,8.03182586734358e-05,0
12589,JOB_7295,CV_3563,-1,0,-1,0,-1,0.0015096485596628858,0
12590,JOB_7295,CV_3792,-1,1,0,-1,-1,0.01689829239252925,0
12591,JOB_7295,CV_2977,1,0,1,1,-1,0.5618280036801903,1
12592,JOB_7295,CV_3429,-1,-1,-1,-1,-1,8.03182586734358e-05,0
12593,JOB_7295,CV_3663,-1,-1,1,-1,-1,0.0015442935692705172,0
12594,JOB_7295,CV_605,-1,-1,-1,0,-1,0.00013742938756156384,0
12595,JOB_7295,CV_3657,-1,-1,1,0,-1,0.002639631480061397,0
12596,JOB_7295,CV_337,-1,0,-1,1,-1,0.002859298785317209,0
12597,JOB_7295,CV_2550,-1,0,-1,0,-1,0.0015096485596628858,0
12598,JOB_7295,CV_392,-1,-1,-1,0,-1,0.00013742938756156384,0
12599,JOB_7295,CV_3791,-1,-1,1,0,-1,0.002639631480061397,0
12600,JOB_11526,CV_1252,1,0,1,-1,-1,0.2832010598158251,0
12601,JOB_11526,CV_1632,-1,1,1,-1,-1,0.034672065104421654,0
12602,JOB_11526,CV_1751,-1,0,-1,1,1,0.014283223220999536,0
12603,JOB_11526,CV_611,-1,0,-1,1,-1,0.002859298785317209,0
12604,JOB_11526,CV_2441,-1,1,-1,0,-1,0.003181698906503991,0
12605,JOB_11526,CV_3792,-1,0,0,-1,-1,0.0080762834495878,0
12606,JOB_11526,CV_2476,-1,1,1,-1,1,0.15361803787121434,0
12607,JOB_11526,CV_3782,-1,0,0,1,-1,0.025743514038269317,0
12608,JOB_11526,CV_477,1,0,1,-1,-1,0.2832010598158251,0
12609,JOB_11526,CV_788,1,0,-1,1,-1,0.06243232352062822,0
12610,JOB_11526,CV_2369,1,0,1,1,-1,0.5618280036801903,1
12611,JOB_11526,CV_3970,-1,0,-1,-1,-1,0.0008827918008007309,0
12612,JOB_11526,CV_272,-1,1,-1,1,-1,0.006017180859498359,0
12613,JOB_11526,CV_2015,-1,1,0,-1,-1,0.01689829239252925,0
12614,JOB_11526,CV_3722,1,0,-1,1,-1,0.06243232352062822,0
12615,JOB_11526,CV_469,-1,1,1,1,1,0.3706850697644348,0
12616,JOB_11526,CV_879,1,0,1,1,-1,0.5618280036801903,1
12617,JOB_11526,CV_2379,-1,0,1,-1,-1,0.016728886119059285,0
12618,JOB_11526,CV_176,-1,0,-1,1,-1,0.002859298785317209,0
12619,JOB_11526,CV_3075,-1,1,-1,1,1,0.029682404125509716,0
12620,JOB_11526,CV_2653,-1,1,-1,1,-1,0.006017180859498359,0
12621,JOB_11526,CV_631,1,1,1,1,-1,0.7302317401433427,1
12622,JOB_11526,CV_2858,-1,1,1,1,-1,0.10439562230127407,0
12623,JOB_11526,CV_307,-1,0,0,1,-1,0.025743514038269317,0
12624,JOB_11526,CV_2732,-1,1,-1,1,-1,0.006017180859498359,0
12625,JOB_11526,CV_085,-1,1,1,1,-1,0.10439562230127407,0
12626,JOB_11526,CV_2253,-1,1,1,1,-1,0.10439562230127407,0
12627,JOB_11526,CV_3727,-1,0,1,1,-1,0.05232559089768777,0
12628,JOB_11526,CV_337,-1,1,-1,1,-1,0.006017180859498359,0
12629,JOB_11526,CV_964,1,1,1,1,-1,0.7302317401433427,1
12630,JOB_11526,CV_2157,1,0,-1,-1,-1,0.02010595680604062,0
12631,JOB_11526,CV_2415,-1,0,1,-1,-1,0.016728886119059285,0
12632,JOB_11526,CV_3093,-1,1,-1,-1,-1,0.0018618453328126804,0
12633,JOB_11526,CV_2953,-1,0,1,-1,-1,0.016728886119059285,0
12634,JOB_11526,CV_2579,-1,0,-1,1,-1,0.002859298785317209,0
12635,JOB_11526,CV_1534,-1,0,-1,1,-1,0.002859298785317209,0
12636,JOB_11526,CV_223,-1,1,-1,1,-1,0.006017180859498359,0
12637,JOB_11526,CV_618,-1,1,1,0,-1,0.05790168407977278,0
12638,JOB_11526,CV_877,-1,0,1,0,-1,0.02828921519950765,0
12639,JOB_11526,CV_2658,-1,1,-1,1,1,0.029682404125509716,0
12640,JOB_11526,CV_1068,-1,0,-1,1,-1,0.002859298785317209,0
12641,JOB_11526,CV_1795,-1,0,-1,1,-1,0.002859298785317209,0
12642,JOB_11526,CV_1287,-1,1,1,-1,-1,0.034672065104421654,0
12643,JOB_11526,CV_2402,-1,1,0,1,1,0.2199006485775579,0
12644,JOB_11526,CV_1881,-1,1,0,-1,1,0.07991753891832785,0
12645,JOB_11526,CV_040,-1,0,-1,1,-1,0.002859298785317209,0
12646,JOB_11526,CV_3176,-1,1,0,-1,-1,0.01689829239252925,0
12647,JOB_11526,CV_2177,-1,1,1,-1,-1,0.034672065104421654,0
12648,JOB_11526,CV_1090,-1,1,-1,1,-1,0.006017180859498359,0
12649,JOB_11526,CV_924,-1,0,1,-1,-1,0.016728886119059285,0
12650,JOB_11526,CV_869,1,1,-1,1,-1,0.123251694460039,0
12651,JOB_11526,CV_2961,-1,1,0,1,-1,0.05283609976798728,0
12652,JOB_11526,CV_3414,-1,0,-1,1,1,0.014283223220999536,0
12653,JOB_11526,CV_2979,1,0,1,1,-1,0.5618280036801903,1
12654,JOB_11526,CV_3636,-1,0,-1,-1,-1,0.0008827918008007309,0
12655,JOB_11526,CV_2420,-1,1,0,1,1,0.2199006485775579,0
12656,JOB_11526,CV_1517,-1,1,0,1,1,0.2199006485775579,0
12657,JOB_11526,CV_1138,1,1,1,1,-1,0.7302317401433427,1
12658,JOB_11526,CV_2596,-1,-1,-1,-1,-1,8.03182586734358e-05,0
12659,JOB_11526,CV_2550,-1,0,-1,1,1,0.014283223220999536,0
12660,JOB_11526,CV_278,-1,1,1,1,-1,0.10439562230127407,0
12661,JOB_11526,CV_2313,-1,1,-1,-1,-1,0.0018618453328126804,0
12662,JOB_11526,CV_813,-1,1,1,-1,-1,0.034672065104421654,0
12663,JOB_11526,CV_3181,-1,1,1,1,-1,0.10439562230127407,0
12664,JOB_11526,CV_2977,-1,1,1,1,-1,0.10439562230127407,0
12665,JOB_11526,CV_601,-1,0,1,1,1,0.21814771844744296,0
12666,JOB_11526,CV_2341,-1,1,-1,1,1,0.029682404125509716,0
12667,JOB_11526,CV_594,-1,0,1,1,1,0.21814771844744296,0
12668,JOB_11526,CV_1161,-1,0,1,1,-1,0.05232559089768777,0
12669,JOB_11526,CV_3474,1,1,1,1,-1,0.7302317401433427,1
12670,JOB_11526,CV_2769,-1,0,0,1,-1,0.025743514038269317,0
12671,JOB_11526,CV_1796,-1,1,0,1,1,0.2199006485775579,0
12672,JOB_11526,CV_1963,-1,1,0,1,-1,0.05283609976798728,0
12673,JOB_11526,CV_3929,-1,1,0,1,-1,0.05283609976798728,0
12674,JOB_11526,CV_1807,-1,0,1,1,-1,0.05232559089768777,0
12675,JOB_11526,CV_2615,-1,1,-1,1,-1,0.006017180859498359,0
12676,JOB_11526,CV_2992,-1,0,-1,1,1,0.014283223220999536,0
12677,JOB_11526,CV_2207,-1,0,1,0,1,0.12824728097545876,0
12678,JOB_11526,CV_2749,1,1,0,1,-1,0.5643491956570692,1
12679,JOB_11526,CV_2733,-1,0,-1,-1,-1,0.0008827918008007309,0
12680,JOB_11526,CV_2038,-1,1,-1,1,-1,0.006017180859498359,0
12681,JOB_11526,CV_3088,-1,0,1,1,-1,0.05232559089768777,0
12682,JOB_11526,CV_1494,-1,1,1,1,-1,0.10439562230127407,0
12683,JOB_11526,CV_3145,-1,0,1,-1,-1,0.016728886119059285,0
12684,JOB_11526,CV_2830,-1,0,0,0,-1,0.01374087676851104,0
12685,JOB_11526,CV_1844,1,1,1,1,-1,0.7302317401433427,1
12686,JOB_11526,CV_3962,-1,1,-1,1,1,0.029682404125509716,0
12687,JOB_11526,CV_1639,1,0,1,0,1,0.7735671682621211,1
12688,JOB_11526,CV_3500,-1,0,1,0,-1,0.02828921519950765,0
12689,JOB_11526,CV_2965,-1,0,1,1,1,0.21814771844744296,0
12690,JOB_11526,CV_2392,-1,0,1,1,1,0.21814771844744296,0
12691,JOB_11526,CV_1971,-1,1,-1,1,-1,0.006017180859498359,0
12692,JOB_11526,CV_3949,-1,1,1,-1,-1,0.034672065104421654,0
12693,JOB_11526,CV_2495,-1,1,-1,1,-1,0.006017180859498359,0
12694,JOB_11526,CV_1781,-1,0,-1,1,-1,0.002859298785317209,0
12695,JOB_11526,CV_2492,-1,0,1,1,-1,0.05232559089768777,0
12696,JOB_11526,CV_2365,-1,0,0,1,1,0.11779695264608223,0
12697,JOB_11526,CV_3090,1,1,1,1,-1,0.7302317401433427,1
12698,JOB_11526,CV_3133,-1,1,-1,1,-1,0.006017180859498359,0
12699,JOB_11526,CV_2366,-1,0,1,1,-1,0.05232559089768777,0
12900,JOB_7568,CV_3546,-1,0,-1,-1,1,0.004445064433151091,0
12901,JOB_7568,CV_1045,-1,-1,-1,-1,1,0.00040573633479455186,0
12902,JOB_7568,CV_1963,-1,0,0,-1,-1,0.0080762834495878,0
12903,JOB_7568,CV_3145,-1,-1,1,-1,-1,0.0015442935692705172,0
12904,JOB_7568,CV_278,-1,0,1,-1,-1,0.016728886119059285,0
12905,JOB_7568,CV_3625,-1,-1,-1,-1,-1,8.03182586734358e-05,0
12906,JOB_7568,CV_263,-1,0,1,-1,-1,0.016728886119059285,0
12907,JOB_7568,CV_3051,-1,-1,1,1,-1,0.004994451571761179,0
12908,JOB_7568,CV_2369,-1,-1,1,-1,-1,0.0015442935692705172,0
12909,JOB_7568,CV_3197,-1,-1,1,1,-1,0.004994451571761179,0
12910,JOB_7568,CV_879,-1,-1,1,-1,-1,0.0015442935692705172,0
12911,JOB_7568,CV_1245,-1,-1,1,-1,1,0.0077551622213322515,0
12912,JOB_7568,CV_1793,-1,-1,-1,-1,-1,8.03182586734358e-05,0
12913,JOB_7568,CV_622,-1,0,0,-1,-1,0.0080762834495878,0
12914,JOB_7568,CV_3098,-1,-1,1,-1,-1,0.0015442935692705172,0
12915,JOB_7568,CV_1090,-1,-1,-1,-1,-1,8.03182586734358e-05,0
12916,JOB_7568,CV_2579,-1,-1,-1,-1,-1,8.03182586734358e-05,0
12917,JOB_7568,CV_2445,-1,-1,-1,-1,-1,8.03182586734358e-05,0
12918,JOB_7568,CV_999,-1,-1,-1,-1,-1,8.03182586734358e-05,0
12919,JOB_7568,CV_3636,-1,0,-1,-1,-1,0.0008827918008007309,0
12920,JOB_7568,CV_1161,-1,0,1,-1,-1,0.016728886119059285,0
12921,JOB_7568,CV_2177,-1,0,1,-1,-1,0.016728886119059285,0
12922,JOB_7568,CV_1881,-1,0,0,-1,1,0.03951787161985485,0
12923,JOB_7568,CV_1574,-1,-1,1,-1,-1,0.0015442935692705172,0
12924,JOB_7568,CV_3181,-1,0,1,-1,-1,0.016728886119059285,0
12925,JOB_7568,CV_3133,-1,-1,-1,-1,-1,8.03182586734358e-05,0
12926,JOB_7568,CV_1632,-1,-1,1,-1,-1,0.0015442935692705172,0
12927,JOB_7568,CV_3949,-1,-1,1,-1,-1,0.0015442935692705172,0
12928,JOB_7568,CV_2069,-1,0,-1,-1,-1,0.0008827918008007309,0
12929,JOB_7568,CV_661,-1,-1,-1,-1,-1,8.03182586734358e-05,0
12930,JOB_7568,CV_2584,-1,-1,-1,-1,-1,8.03182586734358e-05,0
12931,JOB_7568,CV_2495,-1,1,-1,1,-1,0.006017180859498359,0
12932,JOB_7568,CV_1898,-1,0,1,-1,-1,0.016728886119059285,0
12933,JOB_7568,CV_2038,-1,1,-1,-1,-1,0.0018618453328126804,0
12934,JOB_7568,CV_2615,-1,0,-1,-1,-1,0.0008827918008007309,0
12935,JOB_7568,CV_2733,-1,-1,-1,-1,-1,8.03182586734358e-05,0
12936,JOB_7568,CV_176,-1,-1,-1,-1,-1,8.03182586734358e-05,0
12937,JOB_7568,CV_1325,-1,0,1,1,1,0.21814771844744296,0
12938,JOB_7568,CV_2402,-1,-1,0,-1,1,0.0037264061914744602,0
12939,JOB_7568,CV_505,-1,-1,1,-1,1,0.0077551622213322515,0
12940,JOB_7568,CV_028,-1,-1,1,-1,-1,0.0015442935692705172,0
12941,JOB_7568,CV_3176,-1,0,0,-1,-1,0.0080762834495878,0
12942,JOB_7568,CV_2858,-1,0,1,-1,-1,0.016728886119059285,0
12943,JOB_7568,CV_2596,-1,-1,-1,-1,-1,8.03182586734358e-05,0
12944,JOB_7568,CV_2365,-1,-1,0,-1,1,0.0037264061914744602,0
12945,JOB_7568,CV_1517,-1,-1,0,-1,1,0.0037264061914744602,0
12946,JOB_7568,CV_1078,-1,-1,-1,-1,-1,8.03182586734358e-05,0
12947,JOB_7568,CV_1151,-1,-1,-1,-1,-1,8.03182586734358e-05,0
12948,JOB_7568,CV_924,-1,0,1,-1,-1,0.016728886119059285,0
12949,JOB_7568,CV_1636,-1,-1,1,-1,-1,0.0015442935692705172,0
12950,JOB_7568,CV_2207,-1,-1,1,-1,1,0.0077551622213322515,0
12951,JOB_7568,CV_3039,-1,-1,1,-1,1,0.0077551622213322515,0
12952,JOB_7568,CV_2039,-1,0,1,-1,-1,0.016728886119059285,0
12953,JOB_7568,CV_2239,-1,-1,1,-1,-1,0.0015442935692705172,0
12954,JOB_7568,CV_1618,-1,0,1,-1,-1,0.016728886119059285,0
12955,JOB_7568,CV_3945,-1,-1,0,-1,-1,0.0007396380664553713,0
12956,JOB_7568,CV_1687,-1,0,1,-1,-1,0.016728886119059285,0
12957,JOB_7568,CV_2253,-1,0,1,-1,-1,0.016728886119059285,0
12958,JOB_7568,CV_611,-1,-1,-1,-1,-1,8.03182586734358e-05,0
12959,JOB_7568,CV_2341,-1,-1,-1,-1,1,0.00040573633479455186,0
12960,JOB_7568,CV_3789,-1,-1,1,-1,-1,0.0015442935692705172,0
12961,JOB_7568,CV_3500,-1,-1,1,-1,-1,0.0015442935692705172,0
12962,JOB_7568,CV_140,-1,-1,-1,-1,-1,8.03182586734358e-05,0
12963,JOB_7568,CV_3757,-1,-1,-1,-1,-1,8.03182586734358e-05,0
12964,JOB_7568,CV_477,-1,-1,1,-1,-1,0.0015442935692705172,0
12965,JOB_7568,CV_1781,-1,-1,-1,-1,-1,8.03182586734358e-05,0
12966,JOB_7568,CV_1287,-1,-1,1,-1,-1,0.0015442935692705172,0
12967,JOB_7568,CV_1015,-1,0,0,-1,-1,0.0080762834495878,0
12968,JOB_7568,CV_272,-1,-1,-1,-1,-1,8.03182586734358e-05,0
12969,JOB_7568,CV_392,-1,-1,-1,-1,-1,8.03182586734358e-05,0
12970,JOB_7568,CV_2380,-1,0,1,-1,-1,0.016728886119059285,0
12971,JOB_7568,CV_2327,-1,0,-1,-1,-1,0.0008827918008007309,0
12972,JOB_7568,CV_3563,-1,0,-1,-1,-1,0.0008827918008007309,0
12973,JOB_7568,CV_1019,-1,0,-1,-1,-1,0.0008827918008007309,0
12974,JOB_7568,CV_2514,-1,-1,-1,-1,-1,8.03182586734358e-05,0
12975,JOB_7568,CV_1138,-1,0,1,-1,-1,0.016728886119059285,0
12976,JOB_7568,CV_3744,-1,-1,1,-1,-1,0.0015442935692705172,0
12977,JOB_7568,CV_2653,-1,-1,-1,1,-1,0.00026061368312641647,0
12978,JOB_7568,CV_594,-1,-1,1,-1,1,0.0077551622213322515,0
12979,JOB_7568,CV_2015,-1,-1,0,-1,-1,0.0007396380664553713,0
12980,JOB_7568,CV_3399,-1,-1,1,-1,-1,0.0015442935692705172,0
12981,JOB_7568,CV_3670,-1,0,-1,-1,-1,0.0008827918008007309,0
12982,JOB_7568,CV_1860,-1,0,0,-1,-1,0.0080762834495878,0
12983,JOB_7568,CV_2953,-1,0,1,-1,-1,0.016728886119059285,0
12984,JOB_7568,CV_1241,-1,0,1,-1,-1,0.016728886119059285,0
12985,JOB_7568,CV_929,-1,-1,1,-1,1,0.0077551622213322515,0
12986,JOB_7568,CV_1993,-1,0,-1,-1,-1,0.0008827918008007309,0
12987,JOB_7568,CV_2658,-1,-1,-1,-1,1,0.00040573633479455186,0
12988,JOB_7568,CV_1795,-1,0,-1,-1,-1,0.0008827918008007309,0
12989,JOB_7568,CV_2366,-1,-1,1,-1,-1,0.0015442935692705172,0
12990,JOB_7568,CV_1577,-1,0,-1,-1,-1,0.0008827918008007309,0
12991,JOB_7568,CV_2766,-1,-1,1,-1,1,0.0077551622213322515,0
12992,JOB_7568,CV_3533,-1,-1,1,-1,-1,0.0015442935692705172,0
12993,JOB_7568,CV_187,-1,-1,1,-1,-1,0.0015442935692705172,0
12994,JOB_7568,CV_3962,-1,0,-1,-1,1,0.004445064433151091,0
12995,JOB_7568,CV_1534,-1,0,-1,-1,-1,0.0008827918008007309,0
12996,JOB_7568,CV_1252,-1,0,1,-1,-1,0.016728886119059285,0
12997,JOB_7568,CV_634,-1,-1,-1,-1,1,0.00040573633479455186,0
12998,JOB_7568,CV_433,-1,0,0,-1,-1,0.0080762834495878,0
12999,JOB_7568,CV_2024,-1,0,1,-1,-1,0.016728886119059285,0
13000,JOB_10117,CV_1241,-1,1,1,0,-1,0.05790168407977278,0
13001,JOB_10117,CV_1795,-1,0,-1,0,-1,0.0015096485596628858,0
13002,JOB_10117,CV_3625,-1,1,-1,1,-1,0.006017180859498359,0
13003,JOB_10117,CV_1355,-1,0,-1,0,-1,0.0015096485596628858,0
13004,JOB_10117,CV_2769,-1,0,0,1,-1,0.025743514038269317,0
13005,JOB_10117,CV_1793,-1,0,-1,1,-1,0.002859298785317209,0
13006,JOB_10117,CV_2369,1,0,1,1,-1,0.5618280036801903,1
13007,JOB_10117,CV_246,-1,0,-1,1,-1,0.002859298785317209,0
13008,JOB_10117,CV_1690,-1,0,0,1,1,0.11779695264608223,0
13009,JOB_10117,CV_3173,-1,0,1,1,-1,0.05232559089768777,0
13010,JOB_10117,CV_2858,-1,1,1,1,-1,0.10439562230127407,0
13011,JOB_10117,CV_722,-1,1,-1,1,-1,0.006017180859498359,0
13012,JOB_10117,CV_3075,-1,0,-1,1,1,0.014283223220999536,0
13013,JOB_10117,CV_2294,-1,1,0,1,-1,0.05283609976798728,0
13014,JOB_10117,CV_2489,-1,1,0,1,-1,0.05283609976798728,0
13015,JOB_10117,CV_481,1,1,-1,1,-1,0.123251694460039,0
13016,JOB_10117,CV_263,-1,1,1,1,-1,0.10439562230127407,0
13017,JOB_10117,CV_2157,1,1,-1,-1,-1,0.04151838996869751,0
13018,JOB_10117,CV_964,1,1,1,1,-1,0.7302317401433427,1
13019,JOB_10117,CV_2436,-1,0,1,1,-1,0.05232559089768777,0
13020,JOB_10117,CV_1015,-1,0,0,0,-1,0.01374087676851104,0
13021,JOB_10117,CV_661,-1,0,-1,0,-1,0.0015096485596628858,0
13022,JOB_10117,CV_2327,1,1,-1,1,-1,0.123251694460039,0
13023,JOB_10117,CV_223,-1,0,-1,1,-1,0.002859298785317209,0
13024,JOB_10117,CV_611,-1,1,-1,0,-1,0.003181698906503991,0
13025,JOB_10117,CV_3500,-1,0,1,0,-1,0.02828921519950765,0
13026,JOB_10117,CV_421,-1,0,0,1,1,0.11779695264608223,0
13027,JOB_10117,CV_278,-1,1,1,1,-1,0.10439562230127407,0
13028,JOB_10117,CV_296,-1,0,0,1,-1,0.025743514038269317,0
13029,JOB_10117,CV_877,-1,0,1,0,-1,0.02828921519950765,0
13030,JOB_10117,CV_2492,-1,1,1,0,-1,0.05790168407977278,0
13031,JOB_10117,CV_2379,-1,0,1,-1,-1,0.016728886119059285,0
13032,JOB_10117,CV_2732,-1,1,-1,1,-1,0.006017180859498359,0
13033,JOB_10117,CV_1534,-1,0,-1,1,-1,0.002859298785317209,0
13034,JOB_10117,CV_3738,-1,1,1,0,1,0.23697590875267444,0
13035,JOB_10117,CV_137,-1,1,0,1,1,0.2199006485775579,0
13036,JOB_10117,CV_3455,-1,1,-1,-1,-1,0.0018618453328126804,0
13037,JOB_10117,CV_3284,1,1,-1,0,-1,0.06900701774253425,0
13038,JOB_10117,CV_1161,-1,1,1,1,-1,0.10439562230127407,0
13039,JOB_10117,CV_532,-1,0,1,1,1,0.21814771844744296,0
13040,JOB_10117,CV_1618,-1,0,1,-1,-1,0.016728886119059285,0
13041,JOB_10117,CV_2979,1,1,1,0,-1,0.5880103941462257,1
13042,JOB_10117,CV_3015,-1,0,0,1,-1,0.025743514038269317,0
13043,JOB_10117,CV_1380,-1,0,1,0,-1,0.02828921519950765,0
13044,JOB_10117,CV_2239,-1,1,1,-1,-1,0.034672065104421654,0
13045,JOB_10117,CV_140,-1,0,-1,1,-1,0.002859298785317209,0
13046,JOB_10117,CV_2877,-1,0,1,1,1,0.21814771844744296,0
13047,JOB_10117,CV_1494,-1,0,1,0,-1,0.02828921519950765,0
13048,JOB_10117,CV_1632,-1,0,1,-1,-1,0.016728886119059285,0
13049,JOB_10117,CV_2366,-1,1,1,1,-1,0.10439562230127407,0
13050,JOB_10117,CV_2718,-1,0,0,1,-1,0.025743514038269317,0
13051,JOB_10117,CV_1078,-1,0,-1,-1,-1,0.0008827918008007309,0
13052,JOB_10117,CV_116,-1,0,-1,1,-1,0.002859298785317209,0
13053,JOB_10117,CV_3478,-1,1,1,1,1,0.3706850697644348,0
13054,JOB_10117,CV_2977,-1,0,1,1,-1,0.05232559089768777,0
13055,JOB_10117,CV_1138,1,1,1,1,-1,0.7302317401433427,1
13056,JOB_10117,CV_3547,-1,1,-1,1,-1,0.006017180859498359,0
13057,JOB_10117,CV_634,-1,1,-1,0,1,0.01587322249542733,0
13058,JOB_10117,CV_392,-1,0,-1,1,-1,0.002859298785317209,0
13059,JOB_10117,CV_216,-1,0,1,0,-1,0.02828921519950765,0
13060,JOB_10117,CV_2380,1,1,1,0,-1,0.5880103941462257,1
13061,JOB_10117,CV_2177,-1,1,1,-1,-1,0.034672065104421654,0
13062,JOB_10117,CV_2537,-1,1,1,0,-1,0.05790168407977278,0
13063,JOB_10117,CV_2015,-1,0,0,-1,-1,0.0080762834495878,0
13064,JOB_10117,CV_929,-1,0,1,-1,1,0.07916723666250709,0
13065,JOB_10117,CV_3200,1,1,1,1,-1,0.7302317401433427,1
13066,JOB_10117,CV_1045,-1,0,-1,-1,1,0.004445064433151091,0
13067,JOB_10117,CV_3197,-1,0,1,1,-1,0.05232559089768777,0
13068,JOB_10117,CV_813,-1,1,1,-1,-1,0.034672065104421654,0
13069,JOB_10117,CV_2555,-1,1,-1,0,1,0.01587322249542733,0
13070,JOB_10117,CV_1971,-1,0,-1,1,-1,0.002859298785317209,0
13071,JOB_10117,CV_1796,-1,1,0,1,1,0.2199006485775579,0
13072,JOB_10117,CV_1961,-1,0,1,0,-1,0.02828921519950765,0
13073,JOB_10117,CV_1031,-1,1,1,1,-1,0.10439562230127407,0
13074,JOB_10117,CV_2574,-1,0,-1,1,1,0.014283223220999536,0
13075,JOB_10117,CV_1287,-1,1,1,-1,-1,0.034672065104421654,0
13076,JOB_10117,CV_080,-1,1,1,1,-1,0.10439562230127407,0
13077,JOB_10117,CV_3719,-1,0,-1,1,-1,0.002859298785317209,0
13078,JOB_10117,CV_3176,-1,0,0,-1,-1,0.0080762834495878,0
13079,JOB_10117,CV_2420,1,1,0,1,1,0.8674806155502828,1
13080,JOB_10117,CV_028,1,1,1,1,-1,0.7302317401433427,1
13081,JOB_10117,CV_1224,-1,0,-1,1,-1,0.002859298785317209,0
13082,JOB_10117,CV_2166,-1,1,-1,0,-1,0.003181698906503991,0
13083,JOB_10117,CV_2961,-1,1,0,1,-1,0.05283609976798728,0
13084,JOB_10117,CV_1036,1,1,1,-1,1,0.808239026155528,1
13085,JOB_10117,CV_3399,-1,1,1,1,-1,0.10439562230127407,0
13086,JOB_10117,CV_1231,-1,1,1,-1,-1,0.034672065104421654,0
13087,JOB_10117,CV_3094,-1,0,-1,1,-1,0.002859298785317209,0
13088,JOB_10117,CV_3923,-1,1,1,1,-1,0.10439562230127407,0
13089,JOB_10117,CV_2615,-1,1,-1,1,-1,0.006017180859498359,0
13090,JOB_10117,CV_3685,-1,1,-1,0,-1,0.003181698906503991,0
13091,JOB_10117,CV_2024,-1,1,1,0,-1,0.05790168407977278,0
13092,JOB_10117,CV_1639,1,0,1,0,1,0.7735671682621211,1
13093,JOB_10117,CV_3744,-1,0,1,-1,-1,0.016728886119059285,0
13094,JOB_10117,CV_2658,-1,0,-1,1,1,0.014283223220999536,0
13095,JOB_10117,CV_1913,-1,1,1,0,-1,0.05790168407977278,0
13096,JOB_10117,CV_1803,-1,0,-1,1,-1,0.002859298785317209,0
13097,JOB_10117,CV_3181,-1,0,1,0,-1,0.02828921519950765,0
13098,JOB_10117,CV_3727,-1,0,1,1,-1,0.05232559089768777,0
13099,JOB_10117,CV_1785,1,1,-1,1,-1,0.123251694460039,0
13100,JOB_1726,CV_2415,-1,0,1,-1,-1,0.016728886119059285,0
13101,JOB_1726,CV_1224,-1,0,-1,1,-1,0.002859298785317209,0
13102,JOB_1726,CV_1795,-1,1,-1,0,-1,0.003181698906503991,0
13103,JOB_1726,CV_532,-1,0,1,1,1,0.21814771844744296,0
13104,JOB_1726,CV_2369,-1,0,1,0,-1,0.02828921519950765,0
13105,JOB_1726,CV_2514,-1,1,-1,0,-1,0.003181698906503991,0
13106,JOB_1726,CV_2294,-1,0,0,0,-1,0.01374087676851104,0
13107,JOB_1726,CV_2366,-1,0,1,1,-1,0.05232559089768777,0
13108,JOB_1726,CV_3546,-1,0,-1,-1,1,0.004445064433151091,0
13109,JOB_1726,CV_3455,-1,0,-1,-1,-1,0.0008827918008007309,0
13110,JOB_1726,CV_1898,-1,1,1,0,-1,0.05790168407977278,0
13111,JOB_1726,CV_3685,-1,0,-1,0,-1,0.0015096485596628858,0
13112,JOB_1726,CV_1161,-1,0,1,1,-1,0.05232559089768777,0
13113,JOB_1726,CV_085,-1,1,1,0,-1,0.05790168407977278,0
13114,JOB_1726,CV_3133,-1,1,-1,1,-1,0.006017180859498359,0
13115,JOB_1726,CV_272,-1,1,-1,1,-1,0.006017180859498359,0
13116,JOB_1726,CV_611,-1,0,-1,0,-1,0.0015096485596628858,0
13117,JOB_1726,CV_2489,-1,1,0,1,-1,0.05283609976798728,0
13118,JOB_1726,CV_1068,-1,0,-1,1,-1,0.002859298785317209,0
13119,JOB_1726,CV_3727,-1,0,1,0,-1,0.02828921519950765,0
13120,JOB_1726,CV_2038,-1,1,-1,-1,-1,0.0018618453328126804,0
13121,JOB_1726,CV_2584,-1,1,-1,0,-1,0.003181698906503991,0
13122,JOB_1726,CV_2166,-1,0,-1,0,-1,0.0015096485596628858,0
13123,JOB_1726,CV_3173,-1,0,1,0,-1,0.02828921519950765,0
13124,JOB_1726,CV_388,-1,0,-1,0,1,0.007582239379063284,0
13125,JOB_1726,CV_1031,-1,1,1,1,-1,0.10439562230127407,0
13126,JOB_1726,CV_3663,-1,1,1,-1,-1,0.034672065104421654,0
13127,JOB_1726,CV_1739,-1,-1,0,1,-1,0.002396402946724275,0
13128,JOB_1726,CV_1796,-1,1,0,1,1,0.2199006485775579,0
13129,JOB_1726,CV_1252,-1,0,1,-1,-1,0.016728886119059285,0
13130,JOB_1726,CV_1534,-1,1,-1,1,-1,0.006017180859498359,0
13131,JOB_1726,CV_622,-1,0,0,1,-1,0.025743514038269317,0
13132,JOB_1726,CV_1309,-1,-1,-1,0,-1,0.00013742938756156384,0
13133,JOB_1726,CV_160,-1,1,-1,-1,1,0.009337905367753526,0
13134,JOB_1726,CV_1574,-1,0,1,0,-1,0.02828921519950765,0
13135,JOB_1726,CV_2732,-1,1,-1,0,-1,0.003181698906503991,0
13136,JOB_1726,CV_433,-1,0,0,1,-1,0.025743514038269317,0
13137,JOB_1726,CV_1019,-1,1,-1,0,-1,0.003181698906503991,0
13138,JOB_1726,CV_3474,-1,0,1,1,-1,0.05232559089768777,0
13139,JOB_1726,CV_505,-1,1,1,0,1,0.23697590875267444,0
13140,JOB_1726,CV_1151,-1,0,-1,1,-1,0.002859298785317209,0
13141,JOB_1726,CV_187,-1,0,1,1,-1,0.05232559089768777,0
13142,JOB_1726,CV_246,-1,1,-1,1,-1,0.006017180859498359,0
13143,JOB_1726,CV_2207,-1,-1,1,0,1,0.013197522239432963,0
13144,JOB_1726,CV_1807,-1,0,1,1,-1,0.05232559089768777,0
13145,JOB_1726,CV_1015,-1,0,0,0,-1,0.01374087676851104,0
13146,JOB_1726,CV_884,-1,0,-1,1,-1,0.002859298785317209,0
13147,JOB_1726,CV_296,-1,1,0,1,-1,0.05283609976798728,0
13148,JOB_1726,CV_3744,-1,0,1,-1,-1,0.016728886119059285,0
13149,JOB_1726,CV_2476,-1,1,1,-1,1,0.15361803787121434,0
13150,JOB_1726,CV_251,-1,0,1,0,-1,0.02828921519950765,0
13151,JOB_1726,CV_2638,-1,1,-1,1,-1,0.006017180859498359,0
13152,JOB_1726,CV_1355,-1,0,-1,0,-1,0.0015096485596628858,0
13153,JOB_1726,CV_3284,-1,1,-1,0,-1,0.003181698906503991,0
13154,JOB_1726,CV_3181,-1,0,1,0,-1,0.02828921519950765,0
13155,JOB_1726,CV_1241,-1,0,1,0,-1,0.02828921519950765,0
13156,JOB_1726,CV_2537,-1,0,1,0,-1,0.02828921519950765,0
13157,JOB_1726,CV_1785,-1,0,-1,0,-1,0.0015096485596628858,0
13158,JOB_1726,CV_2979,-1,0,1,0,-1,0.02828921519950765,0
13159,JOB_1726,CV_2541,-1,0,-1,0,1,0.007582239379063284,0
13160,JOB_1726,CV_2445,-1,0,-1,0,-1,0.0015096485596628858,0
13161,JOB_1726,CV_2992,-1,1,-1,0,1,0.01587322249542733,0
13162,JOB_1726,CV_594,-1,0,1,1,1,0.21814771844744296,0
13163,JOB_1726,CV_2039,-1,0,1,0,-1,0.02828921519950765,0
13164,JOB_1726,CV_1045,-1,-1,-1,-1,1,0.00040573633479455186,0
13165,JOB_1726,CV_1517,-1,1,0,1,1,0.2199006485775579,0
13166,JOB_1726,CV_2977,-1,0,1,1,-1,0.05232559089768777,0
13167,JOB_1726,CV_2033,-1,0,1,0,-1,0.02828921519950765,0
13168,JOB_1726,CV_3429,-1,-1,-1,-1,1,0.00040573633479455186,0
13169,JOB_1726,CV_3791,-1,0,1,1,-1,0.05232559089768777,0
13170,JOB_1726,CV_3478,-1,0,1,0,1,0.12824728097545876,0
13171,JOB_1726,CV_3782,-1,0,0,1,-1,0.025743514038269317,0
13172,JOB_1726,CV_2341,-1,1,-1,1,1,0.029682404125509716,0
13173,JOB_1726,CV_028,-1,1,1,1,-1,0.10439562230127407,0
13174,JOB_1726,CV_3176,-1,0,0,-1,-1,0.0080762834495878,0
13175,JOB_1726,CV_2749,-1,1,0,1,-1,0.05283609976798728,0
13176,JOB_1726,CV_879,-1,0,1,1,-1,0.05232559089768777,0
13177,JOB_1726,CV_216,-1,1,1,0,-1,0.05790168407977278,0
13178,JOB_1726,CV_1090,-1,1,-1,0,-1,0.003181698906503991,0
13179,JOB_1726,CV_1231,-1,1,1,-1,-1,0.034672065104421654,0
13180,JOB_1726,CV_1881,-1,1,0,-1,1,0.07991753891832785,0
13181,JOB_1726,CV_2313,-1,1,-1,-1,-1,0.0018618453328126804,0
13182,JOB_1726,CV_3753,-1,0,-1,0,-1,0.0015096485596628858,0
13183,JOB_1726,CV_3792,-1,1,0,-1,-1,0.01689829239252925,0
13184,JOB_1726,CV_176,-1,0,-1,0,-1,0.0015096485596628858,0
13185,JOB_1726,CV_2858,-1,1,1,0,-1,0.05790168407977278,0
13186,JOB_1726,CV_1287,-1,0,1,-1,-1,0.016728886119059285,0
13187,JOB_1726,CV_3399,-1,1,1,0,-1,0.05790168407977278,0
13188,JOB_1726,CV_877,-1,1,1,0,-1,0.05790168407977278,0
13189,JOB_1726,CV_233,-1,0,1,0,1,0.12824728097545876,0
13190,JOB_1726,CV_1963,-1,1,0,1,-1,0.05283609976798728,0
13191,JOB_1726,CV_1682,-1,0,-1,0,-1,0.0015096485596628858,0
13192,JOB_1726,CV_2953,-1,0,1,-1,-1,0.016728886119059285,0
13193,JOB_1726,CV_3093,-1,1,-1,-1,-1,0.0018618453328126804,0
13194,JOB_1726,CV_2961,-1,1,0,1,-1,0.05283609976798728,0
13195,JOB_1726,CV_929,-1,0,1,-1,1,0.07916723666250709,0
13196,JOB_1726,CV_2658,-1,0,-1,0,1,0.007582239379063284,0
13197,JOB_1726,CV_3657,-1,1,1,0,-1,0.05790168407977278,0
13198,JOB_1726,CV_2913,-1,0,1,0,-1,0.02828921519950765,0
13199,JOB_1726,CV_1380,-1,1,1,0,-1,0.05790168407977278,0
13200,JOB_9429,CV_3051,-1,-1,1,0,-1,0.002639631480061397,0
13201,JOB_9429,CV_594,-1,0,1,1,-1,0.05232559089768777,0
13202,JOB_9429,CV_1690,-1,0,0,0,-1,0.01374087676851104,0
13203,JOB_9429,CV_2402,-1,0,0,0,-1,0.01374087676851104,0
13204,JOB_9429,CV_307,-1,-1,0,0,-1,0.0012649722795961807,0
13205,JOB_9429,CV_251,-1,0,1,0,-1,0.02828921519950765,0
13206,JOB_9429,CV_3949,-1,0,1,-1,1,0.07916723666250709,0
13207,JOB_9429,CV_1792,-1,-1,1,0,-1,0.002639631480061397,0
13208,JOB_9429,CV_1971,-1,0,-1,1,-1,0.002859298785317209,0
13209,JOB_9429,CV_2207,-1,-1,1,0,-1,0.002639631480061397,0
13210,JOB_9429,CV_2553,-1,-1,1,1,-1,0.004994451571761179,0
13211,JOB_9429,CV_1090,-1,0,-1,1,-1,0.002859298785317209,0
13212,JOB_9429,CV_2313,-1,0,-1,-1,1,0.004445064433151091,0
13213,JOB_9429,CV_433,-1,0,0,1,-1,0.025743514038269317,0
13214,JOB_9429,CV_176,-1,0,-1,1,1,0.014283223220999536,0
13215,JOB_9429,CV_246,-1,0,-1,1,-1,0.002859298785317209,0
13216,JOB_9429,CV_2830,-1,0,0,0,1,0.06577288027095901,0
13217,JOB_9429,CV_2033,1,0,1,0,1,0.7735671682621211,1
13218,JOB_9429,CV_1898,-1,1,1,1,1,0.3706850697644348,0
13219,JOB_9429,CV_665,-1,0,1,0,-1,0.02828921519950765,0
13220,JOB_9429,CV_1961,-1,0,1,0,1,0.12824728097545876,0
13221,JOB_9429,CV_2476,-1,1,1,-1,-1,0.034672065104421654,0
13222,JOB_9429,CV_813,-1,1,1,-1,1,0.15361803787121434,0
13223,JOB_9429,CV_469,-1,0,1,0,-1,0.02828921519950765,0
13224,JOB_9429,CV_3478,-1,0,1,0,-1,0.02828921519950765,0
13225,JOB_9429,CV_2965,-1,-1,1,1,-1,0.004994451571761179,0
13226,JOB_9429,CV_3094,-1,0,-1,0,-1,0.0015096485596628858,0
13227,JOB_9429,CV_296,-1,1,0,1,-1,0.05283609976798728,0
13228,JOB_9429,CV_622,-1,0,0,1,-1,0.025743514038269317,0
13229,JOB_9429,CV_3753,-1,1,-1,0,-1,0.003181698906503991,0
13230,JOB_9429,CV_3727,-1,-1,1,0,1,0.013197522239432963,0
13231,JOB_9429,CV_505,-1,0,1,1,-1,0.05232559089768777,0
13232,JOB_9429,CV_2733,-1,0,-1,-1,-1,0.0008827918008007309,0
13233,JOB_9429,CV_2992,-1,0,-1,1,-1,0.002859298785317209,0
13234,JOB_9429,CV_1068,-1,0,-1,1,-1,0.002859298785317209,0
13235,JOB_9429,CV_722,-1,1,-1,1,1,0.029682404125509716,0
13236,JOB_9429,CV_1618,-1,1,1,-1,-1,0.034672065104421654,0
13237,JOB_9429,CV_263,-1,0,1,0,-1,0.02828921519950765,0
13238,JOB_9429,CV_1355,-1,0,-1,0,-1,0.0015096485596628858,0
13239,JOB_9429,CV_2615,-1,1,-1,1,1,0.029682404125509716,0
13240,JOB_9429,CV_2492,-1,0,1,0,-1,0.02828921519950765,0
13241,JOB_9429,CV_884,-1,0,-1,1,-1,0.002859298785317209,0
13242,JOB_9429,CV_1633,-1,0,1,1,-1,0.05232559089768777,0
13243,JOB_9429,CV_3923,-1,0,1,1,1,0.21814771844744296,0
13244,JOB_9429,CV_634,-1,0,-1,0,-1,0.0015096485596628858,0
13245,JOB_9429,CV_3710,-1,0,1,1,-1,0.05232559089768777,0
13246,JOB_9429,CV_1632,-1,0,1,-1,-1,0.016728886119059285,0
13247,JOB_9429,CV_1803,-1,0,-1,0,1,0.007582239379063284,0
13248,JOB_9429,CV_1781,-1,0,-1,1,1,0.014283223220999536,0
13249,JOB_9429,CV_223,-1,1,-1,1,-1,0.006017180859498359,0
13250,JOB_9429,CV_2550,-1,0,-1,1,-1,0.002859298785317209,0
13251,JOB_9429,CV_3039,-1,0,1,1,-1,0.05232559089768777,0
13252,JOB_9429,CV_1534,-1,0,-1,1,1,0.014283223220999536,0
13253,JOB_9429,CV_2658,-1,0,-1,0,-1,0.0015096485596628858,0
13254,JOB_9429,CV_3500,-1,-1,1,0,1,0.013197522239432963,0
13255,JOB_9429,CV_3719,1,0,-1,0,-1,0.03391947242677372,0
13256,JOB_9429,CV_2366,-1,0,1,1,-1,0.05232559089768777,0
13257,JOB_9429,CV_3636,-1,0,-1,-1,-1,0.0008827918008007309,0
13258,JOB_9429,CV_1151,-1,0,-1,1,-1,0.002859298785317209,0
13259,JOB_9429,CV_1636,-1,0,1,0,-1,0.02828921519950765,0
13260,JOB_9429,CV_1993,-1,0,-1,1,-1,0.002859298785317209,0
13261,JOB_9429,CV_1085,-1,1,-1,1,1,0.029682404125509716,0
13262,JOB_9429,CV_2596,-1,-1,-1,-1,-1,8.03182586734358e-05,0
13263,JOB_9429,CV_2239,-1,0,1,-1,1,0.07916723666250709,0
13264,JOB_9429,CV_3075,-1,1,-1,1,-1,0.006017180859498359,0
13265,JOB_9429,CV_3399,-1,0,1,1,-1,0.05232559089768777,0
13266,JOB_9429,CV_3670,-1,1,-1,1,1,0.029682404125509716,0
13267,JOB_9429,CV_1881,-1,1,0,-1,-1,0.01689829239252925,0
13268,JOB_9429,CV_2653,-1,0,-1,1,-1,0.002859298785317209,0
13269,JOB_9429,CV_1574,-1,0,1,0,-1,0.02828921519950765,0
13270,JOB_9429,CV_2858,-1,0,1,0,-1,0.02828921519950765,0
13271,JOB_9429,CV_2038,-1,1,-1,-1,1,0.009337905367753526,0
13272,JOB_9429,CV_2436,-1,0,1,1,1,0.21814771844744296,0
13273,JOB_9429,CV_601,-1,0,1,0,-1,0.02828921519950765,0
13274,JOB_9429,CV_233,-1,-1,1,0,-1,0.002639631480061397,0
13275,JOB_9429,CV_2385,-1,0,-1,0,1,0.007582239379063284,0
13276,JOB_9429,CV_2177,-1,0,1,-1,-1,0.016728886119059285,0
13277,JOB_9429,CV_3173,-1,0,1,0,-1,0.02828921519950765,0
13278,JOB_9429,CV_2369,-1,0,1,0,-1,0.02828921519950765,0
13279,JOB_9429,CV_3429,-1,-1,-1,-1,-1,8.03182586734358e-05,0
13280,JOB_9429,CV_216,-1,0,1,0,1,0.12824728097545876,0
13281,JOB_9429,CV_611,-1,0,-1,0,1,0.007582239379063284,0
13282,JOB_9429,CV_2327,-1,0,-1,1,-1,0.002859298785317209,0
13283,JOB_9429,CV_3015,-1,1,0,1,-1,0.05283609976798728,0
13284,JOB_9429,CV_1639,-1,-1,1,0,-1,0.002639631480061397,0
13285,JOB_9429,CV_2732,-1,0,-1,1,-1,0.002859298785317209,0
13286,JOB_9429,CV_3176,1,0,0,-1,-1,0.15901106186344566,0
13287,JOB_9429,CV_964,-1,1,1,0,-1,0.05790168407977278,0
13288,JOB_9429,CV_3738,-1,0,1,0,-1,0.02828921519950765,0
13289,JOB_9429,CV_2157,-1,0,-1,-1,1,0.004445064433151091,0
13290,JOB_9429,CV_2445,-1,0,-1,0,1,0.007582239379063284,0
13291,JOB_9429,CV_3722,-1,0,-1,1,-1,0.002859298785317209,0
13292,JOB_9429,CV_929,-1,0,1,-1,-1,0.016728886119059285,0
13293,JOB_9429,CV_3625,-1,0,-1,1,1,0.014283223220999536,0
13294,JOB_9429,CV_1245,-1,-1,1,0,-1,0.002639631480061397,0
13295,JOB_9429,CV_3970,-1,-1,-1,-1,1,0.00040573633479455186,0
13296,JOB_9429,CV_1739,-1,-1,0,1,1,0.0119931365693721,0
13297,JOB_9429,CV_2489,-1,0,0,1,1,0.11779695264608223,0
13298,JOB_9429,CV_877,-1,0,1,0,-1,0.02828921519950765,0
13299,JOB_9429,CV_3546,-1,-1,-1,1,-1,0.00026061368312641647,0
13300,JOB_13832,CV_813,-1,-1,0,-1,-1,0.0007396380664553713,0
13301,JOB_13832,CV_3782,-1,-1,0,-1,-1,0.0007396380664553713,0
13302,JOB_13832,CV_3647,-1,-1,0,-1,-1,0.0007396380664553713,0
13303,JOB_13832,CV_2039,-1,-1,0,-1,-1,0.0007396380664553713,0
13304,JOB_13832,CV_665,-1,-1,0,-1,-1,0.0007396380664553713,0
13305,JOB_13832,CV_1172,-1,-1,0,-1,-1,0.0007396380664553713,0
13306,JOB_13832,CV_1045,-1,-1,1,-1,1,0.0077551622213322515,0
13307,JOB_13832,CV_2239,-1,-1,0,-1,-1,0.0007396380664553713,0
13308,JOB_13832,CV_1325,-1,-1,0,-1,1,0.0037264061914744602,0
13309,JOB_13832,CV_1913,-1,-1,0,-1,-1,0.0007396380664553713,0
13310,JOB_13832,CV_1309,-1,-1,1,-1,-1,0.0015442935692705172,0
13311,JOB_13832,CV_2069,-1,-1,0,-1,-1,0.0007396380664553713,0
13312,JOB_13832,CV_1803,-1,-1,1,-1,-1,0.0015442935692705172,0
13313,JOB_13832,CV_1898,-1,-1,0,-1,-1,0.0007396380664553713,0
13314,JOB_13832,CV_2207,-1,-1,0,-1,1,0.0037264061914744602,0
13315,JOB_13832,CV_2965,-1,-1,0,-1,1,0.0037264061914744602,0
13316,JOB_13832,CV_929,-1,-1,0,1,1,0.0119931365693721,0
13317,JOB_13832,CV_788,-1,-1,1,1,-1,0.004994451571761179,0
13318,JOB_13832,CV_1070,-1,-1,0,-1,-1,0.0007396380664553713,0
13319,JOB_13832,CV_622,-1,-1,0,-1,-1,0.0007396380664553713,0
13320,JOB_13832,CV_140,-1,-1,0,-1,-1,0.0007396380664553713,0
13321,JOB_13832,CV_3663,-1,-1,0,-1,-1,0.0007396380664553713,0
13322,JOB_13832,CV_2733,-1,-1,1,-1,-1,0.0015442935692705172,0
13323,JOB_13832,CV_3962,-1,-1,0,-1,1,0.0037264061914744602,0
13324,JOB_13832,CV_263,-1,-1,0,-1,-1,0.0007396380664553713,0
13325,JOB_13832,CV_2033,-1,-1,0,-1,-1,0.0007396380664553713,0
13326,JOB_13832,CV_1633,-1,-1,0,-1,-1,0.0007396380664553713,0
13327,JOB_13832,CV_505,-1,-1,0,-1,1,0.0037264061914744602,0
13328,JOB_13832,CV_3181,-1,-1,0,-1,-1,0.0007396380664553713,0
13329,JOB_13832,CV_2550,-1,-1,1,-1,1,0.0077551622213322515,0
13330,JOB_13832,CV_2992,-1,-1,1,-1,1,0.0077551622213322515,0
13331,JOB_13832,CV_3719,-1,-1,1,-1,-1,0.0015442935692705172,0
13332,JOB_13832,CV_2365,-1,-1,0,-1,1,0.0037264061914744602,0
13333,JOB_13832,CV_2369,-1,-1,0,-1,-1,0.0007396380664553713,0
13334,JOB_13832,CV_2038,-1,-1,1,-1,-1,0.0015442935692705172,0
13335,JOB_13832,CV_3546,-1,-1,1,-1,1,0.0077551622213322515,0
13336,JOB_13832,CV_3197,-1,-1,0,-1,-1,0.0007396380664553713,0
13337,JOB_13832,CV_1015,-1,-1,0,-1,-1,0.0007396380664553713,0
13338,JOB_13832,CV_2584,-1,-1,1,-1,-1,0.0015442935692705172,0
13339,JOB_13832,CV_1161,-1,-1,0,-1,-1,0.0007396380664553713,0
13340,JOB_13832,CV_2769,-1,-1,0,-1,-1,0.0007396380664553713,0
13341,JOB_13832,CV_2436,-1,-1,0,-1,-1,0.0007396380664553713,0
13342,JOB_13832,CV_611,-1,-1,0,-1,-1,0.0007396380664553713,0
13343,JOB_13832,CV_233,-1,-1,0,-1,1,0.0037264061914744602,0
13344,JOB_13832,CV_1241,-1,-1,0,-1,-1,0.0007396380664553713,0
13345,JOB_13832,CV_1085,-1,-1,0,-1,-1,0.0007396380664553713,0
13346,JOB_13832,CV_187,-1,-1,0,-1,-1,0.0007396380664553713,0
13347,JOB_13832,CV_2514,-1,-1,1,-1,-1,0.0015442935692705172,0
13348,JOB_13832,CV_661,-1,-1,1,-1,-1,0.0015442935692705172,0
13349,JOB_13832,CV_869,-1,-1,1,-1,-1,0.0015442935692705172,0
13350,JOB_13832,CV_3685,-1,-1,1,-1,-1,0.0015442935692705172,0
13351,JOB_13832,CV_296,-1,-1,0,-1,-1,0.0007396380664553713,0
13352,JOB_13832,CV_1224,-1,-1,0,-1,-1,0.0007396380664553713,0
13353,JOB_13832,CV_080,-1,-1,0,-1,-1,0.0007396380664553713,0
13354,JOB_13832,CV_3757,-1,-1,0,-1,-1,0.0007396380664553713,0
13355,JOB_13832,CV_1618,-1,-1,0,-1,-1,0.0007396380664553713,0
13356,JOB_13832,CV_2356,-1,-1,0,-1,1,0.0037264061914744602,0
13357,JOB_13832,CV_251,-1,-1,0,-1,-1,0.0007396380664553713,0
13358,JOB_13832,CV_2596,-1,-1,0,-1,-1,0.0007396380664553713,0
13359,JOB_13832,CV_2977,-1,-1,0,-1,-1,0.0007396380664553713,0
13360,JOB_13832,CV_3039,-1,-1,0,-1,1,0.0037264061914744602,0
13361,JOB_13832,CV_2615,-1,-1,1,-1,-1,0.0015442935692705172,0
13362,JOB_13832,CV_877,-1,-1,0,-1,-1,0.0007396380664553713,0
13363,JOB_13832,CV_1739,-1,-1,0,-1,-1,0.0007396380664553713,0
13364,JOB_13832,CV_3792,-1,-1,0,-1,-1,0.0007396380664553713,0
13365,JOB_13832,CV_601,-1,-1,0,-1,1,0.0037264061914744602,0
13366,JOB_13832,CV_3093,-1,-1,1,-1,-1,0.0015442935692705172,0
13367,JOB_13832,CV_1796,-1,-1,0,-1,1,0.0037264061914744602,0
13368,JOB_13832,CV_2476,-1,-1,0,-1,1,0.0037264061914744602,0
13369,JOB_13832,CV_1795,-1,-1,0,-1,-1,0.0007396380664553713,0
13370,JOB_13832,CV_3098,-1,-1,0,-1,-1,0.0007396380664553713,0
13371,JOB_13832,CV_1090,-1,-1,1,-1,-1,0.0015442935692705172,0
13372,JOB_13832,CV_2385,-1,-1,1,-1,-1,0.0015442935692705172,0
13373,JOB_13832,CV_2253,-1,-1,0,-1,-1,0.0007396380664553713,0
13374,JOB_13832,CV_1639,-1,-1,0,-1,1,0.0037264061914744602,0
13375,JOB_13832,CV_388,-1,-1,0,-1,1,0.0037264061914744602,0
13376,JOB_13832,CV_2313,-1,-1,0,-1,-1,0.0007396380664553713,0
13377,JOB_13832,CV_1690,-1,-1,0,-1,1,0.0037264061914744602,0
13378,JOB_13832,CV_2723,-1,-1,1,-1,-1,0.0015442935692705172,0
13379,JOB_13832,CV_3478,-1,-1,0,-1,1,0.0037264061914744602,0
13380,JOB_13832,CV_216,-1,-1,0,-1,-1,0.0007396380664553713,0
13381,JOB_13832,CV_3200,-1,-1,0,-1,-1,0.0007396380664553713,0
13382,JOB_13832,CV_3733,-1,-1,1,-1,-1,0.0015442935692705172,0
13383,JOB_13832,CV_2392,-1,-1,0,-1,1,0.0037264061914744602,0
13384,JOB_13832,CV_605,-1,-1,1,-1,-1,0.0015442935692705172,0
13385,JOB_13832,CV_1993,-1,-1,1,-1,-1,0.0015442935692705172,0
13386,JOB_13832,CV_3949,-1,-1,0,-1,-1,0.0007396380664553713,0
13387,JOB_13832,CV_2420,-1,-1,0,-1,1,0.0037264061914744602,0
13388,JOB_13832,CV_999,-1,-1,1,-1,-1,0.0015442935692705172,0
13389,JOB_13832,CV_2555,-1,-1,1,-1,1,0.0077551622213322515,0
13390,JOB_13832,CV_2415,-1,-1,0,-1,-1,0.0007396380664553713,0
13391,JOB_13832,CV_3284,-1,-1,1,-1,-1,0.0015442935692705172,0
13392,JOB_13832,CV_160,-1,-1,1,-1,1,0.0077551622213322515,0
13393,JOB_13832,CV_3710,-1,-1,0,-1,1,0.0037264061914744602,0
13394,JOB_13832,CV_2830,-1,-1,0,-1,-1,0.0007396380664553713,0
13395,JOB_13832,CV_3176,-1,-1,0,-1,-1,0.0007396380664553713,0
13396,JOB_13832,CV_3738,-1,-1,0,-1,1,0.0037264061914744602,0
13397,JOB_13832,CV_2294,-1,-1,0,-1,-1,0.0007396380664553713,0
13398,JOB_13832,CV_477,-1,-1,0,-1,-1,0.0007396380664553713,0
13399,JOB_13832,CV_3474,-1,-1,0,-1,-1,0.0007396380664553713,0
13400,JOB_6822,CV_2495,-1,0,-1,-1,1,0.004445064433151091,0
13401,JOB_6822,CV_1036,-1,0,1,-1,-1,0.016728886119059285,0
13402,JOB_6822,CV_2584,-1,0,-1,-1,1,0.004445064433151091,0
13403,JOB_6822,CV_1138,-1,0,1,-1,-1,0.016728886119059285,0
13404,JOB_6822,CV_1781,-1,0,-1,-1,1,0.004445064433151091,0
13405,JOB_6822,CV_622,-1,0,0,-1,-1,0.0080762834495878,0
13406,JOB_6822,CV_2294,-1,1,0,-1,-1,0.01689829239252925,0
13407,JOB_6822,CV_2039,-1,1,1,-1,-1,0.034672065104421654,0
13408,JOB_6822,CV_2550,-1,0,-1,-1,-1,0.0008827918008007309,0
13409,JOB_6822,CV_2369,-1,1,1,-1,-1,0.034672065104421654,0
13410,JOB_6822,CV_085,-1,1,1,-1,-1,0.034672065104421654,0
13411,JOB_6822,CV_2436,-1,0,1,-1,1,0.07916723666250709,0
13412,JOB_6822,CV_813,-1,1,1,-1,1,0.15361803787121434,0
13413,JOB_6822,CV_631,-1,1,1,-1,-1,0.034672065104421654,0
13414,JOB_6822,CV_2977,-1,1,1,-1,-1,0.034672065104421654,0
13415,JOB_6822,CV_296,-1,1,0,-1,-1,0.01689829239252925,0
13416,JOB_6822,CV_788,-1,0,-1,-1,-1,0.0008827918008007309,0
13417,JOB_6822,CV_3015,-1,1,0,-1,-1,0.01689829239252925,0
13418,JOB_6822,CV_1803,-1,1,-1,-1,1,0.009337905367753526,0
13419,JOB_6822,CV_137,-1,1,0,-1,-1,0.01689829239252925,0
13420,JOB_6822,CV_046,-1,0,0,-1,-1,0.0080762834495878,0
13421,JOB_6822,CV_640,-1,0,1,-1,1,0.07916723666250709,0
13422,JOB_6822,CV_1742,-1,1,1,-1,-1,0.034672065104421654,0
13423,JOB_6822,CV_1517,-1,1,0,-1,-1,0.01689829239252925,0
13424,JOB_6822,CV_2553,-1,0,1,-1,-1,0.016728886119059285,0
13425,JOB_6822,CV_3547,-1,1,-1,-1,-1,0.0018618453328126804,0
13426,JOB_6822,CV_665,-1,0,1,-1,-1,0.016728886119059285,0
13427,JOB_6822,CV_1639,-1,0,1,-1,-1,0.016728886119059285,0
13428,JOB_6822,CV_2402,-1,0,0,-1,-1,0.0080762834495878,0
13429,JOB_6822,CV_3962,-1,1,-1,-1,1,0.009337905367753526,0
13430,JOB_6822,CV_3075,-1,1,-1,-1,-1,0.0018618453328126804,0
13431,JOB_6822,CV_618,-1,1,1,1,1,0.3706850697644348,0
13432,JOB_6822,CV_2658,-1,1,-1,-1,-1,0.0018618453328126804,0
13433,JOB_6822,CV_2749,-1,1,0,-1,-1,0.01689829239252925,0
13434,JOB_6822,CV_3093,-1,0,-1,-1,-1,0.0008827918008007309,0
13435,JOB_6822,CV_2913,-1,1,1,-1,1,0.15361803787121434,0
13436,JOB_6822,CV_3414,-1,1,-1,-1,-1,0.0018618453328126804,0
13437,JOB_6822,CV_3090,-1,1,1,-1,-1,0.034672065104421654,0
13438,JOB_6822,CV_1810,-1,0,-1,-1,1,0.004445064433151091,0
13439,JOB_6822,CV_1687,-1,0,1,-1,-1,0.016728886119059285,0
13440,JOB_6822,CV_2157,-1,1,-1,-1,1,0.009337905367753526,0
13441,JOB_6822,CV_1751,-1,1,-1,-1,-1,0.0018618453328126804,0
13442,JOB_6822,CV_1793,-1,1,-1,-1,1,0.009337905367753526,0
13443,JOB_6822,CV_1632,-1,1,1,-1,-1,0.034672065104421654,0
13444,JOB_6822,CV_028,-1,1,1,-1,-1,0.034672065104421654,0
13445,JOB_6822,CV_2392,-1,1,1,-1,-1,0.034672065104421654,0
13446,JOB_6822,CV_661,-1,1,-1,-1,-1,0.0018618453328126804,0
13447,JOB_6822,CV_1807,-1,0,1,-1,1,0.07916723666250709,0
13448,JOB_6822,CV_2965,-1,0,1,-1,-1,0.016728886119059285,0
13449,JOB_6822,CV_2327,-1,1,-1,-1,-1,0.0018618453328126804,0
13450,JOB_6822,CV_1534,-1,0,-1,-1,1,0.004445064433151091,0
13451,JOB_6822,CV_3181,-1,1,1,-1,1,0.15361803787121434,0
13452,JOB_6822,CV_2489,-1,0,0,-1,1,0.03951787161985485,0
13453,JOB_6822,CV_1245,-1,0,1,-1,-1,0.016728886119059285,0
13454,JOB_6822,CV_3429,-1,-1,-1,-1,-1,8.03182586734358e-05,0
13455,JOB_6822,CV_1913,-1,1,1,-1,1,0.15361803787121434,0
13456,JOB_6822,CV_2033,-1,0,1,-1,1,0.07916723666250709,0
13457,JOB_6822,CV_3200,-1,1,1,-1,1,0.15361803787121434,0
13458,JOB_6822,CV_2385,-1,0,-1,-1,1,0.004445064433151091,0
13459,JOB_6822,CV_1690,-1,0,0,-1,-1,0.0080762834495878,0
13460,JOB_6822,CV_594,-1,1,1,-1,-1,0.034672065104421654,0
13461,JOB_6822,CV_2766,-1,0,1,-1,-1,0.016728886119059285,0
13462,JOB_6822,CV_2541,-1,1,-1,-1,-1,0.0018618453328126804,0
13463,JOB_6822,CV_3710,-1,1,1,-1,-1,0.034672065104421654,0
13464,JOB_6822,CV_2615,-1,1,-1,-1,1,0.009337905367753526,0
13465,JOB_6822,CV_272,-1,0,-1,-1,1,0.004445064433151091,0
13466,JOB_6822,CV_1045,-1,0,-1,-1,-1,0.0008827918008007309,0
13467,JOB_6822,CV_2365,-1,-1,0,-1,-1,0.0007396380664553713,0
13468,JOB_6822,CV_3474,-1,1,1,-1,1,0.15361803787121434,0
13469,JOB_6822,CV_924,-1,1,1,-1,1,0.15361803787121434,0
13470,JOB_6822,CV_3789,-1,1,1,-1,-1,0.034672065104421654,0
13471,JOB_6822,CV_3949,-1,1,1,1,1,0.3706850697644348,0
13472,JOB_6822,CV_3098,-1,1,1,-1,-1,0.034672065104421654,0
13473,JOB_6822,CV_1636,-1,1,1,-1,-1,0.034672065104421654,0
13474,JOB_6822,CV_233,-1,1,1,-1,-1,0.034672065104421654,0
13475,JOB_6822,CV_3399,-1,1,1,-1,-1,0.034672065104421654,0
13476,JOB_6822,CV_1792,-1,1,1,-1,-1,0.034672065104421654,0
13477,JOB_6822,CV_505,-1,0,1,-1,-1,0.016728886119059285,0
13478,JOB_6822,CV_605,-1,0,-1,-1,-1,0.0008827918008007309,0
13479,JOB_6822,CV_1325,-1,1,1,-1,-1,0.034672065104421654,0
13480,JOB_6822,CV_611,-1,1,-1,-1,1,0.009337905367753526,0
13481,JOB_6822,CV_3792,-1,0,0,-1,-1,0.0080762834495878,0
13482,JOB_6822,CV_2877,-1,0,1,-1,-1,0.016728886119059285,0
13483,JOB_6822,CV_2961,-1,1,0,-1,1,0.07991753891832785,0
13484,JOB_6822,CV_3782,-1,1,0,-1,-1,0.01689829239252925,0
13485,JOB_6822,CV_2733,-1,0,-1,-1,-1,0.0008827918008007309,0
13486,JOB_6822,CV_2476,-1,1,1,-1,-1,0.034672065104421654,0
13487,JOB_6822,CV_3636,-1,0,-1,-1,-1,0.0008827918008007309,0
13488,JOB_6822,CV_2555,-1,1,-1,-1,-1,0.0018618453328126804,0
13489,JOB_6822,CV_251,-1,0,1,1,-1,0.05232559089768777,0
13490,JOB_6822,CV_3923,-1,1,1,-1,1,0.15361803787121434,0
13491,JOB_6822,CV_1494,-1,1,1,-1,1,0.15361803787121434,0
13492,JOB_6822,CV_1993,-1,1,-1,-1,-1,0.0018618453328126804,0
13493,JOB_6822,CV_3176,-1,1,0,-1,-1,0.01689829239252925,0
13494,JOB_6822,CV_3791,-1,0,1,-1,1,0.07916723666250709,0
13495,JOB_6822,CV_1633,-1,0,1,-1,-1,0.016728886119059285,0
13496,JOB_6822,CV_2366,-1,1,1,-1,-1,0.034672065104421654,0
13497,JOB_6822,CV_3727,-1,0,1,-1,1,0.07916723666250709,0
13498,JOB_6822,CV_2177,-1,1,1,-1,-1,0.034672065104421654,0
13499,JOB_6822,CV_2979,-1,0,1,-1,-1,0.016728886119059285,0
13500,JOB_13209,CV_2869,-1,1,-1,-1,1,0.009337905367753526,0
13501,JOB_13209,CV_3738,-1,1,1,-1,-1,0.034672065104421654,0
13502,JOB_13209,CV_3727,-1,-1,1,-1,1,0.0077551622213322515,0
13503,JOB_13209,CV_1122,-1,1,1,-1,-1,0.034672065104421654,0
13504,JOB_13209,CV_2584,-1,0,-1,-1,1,0.004445064433151091,0
13505,JOB_13209,CV_223,-1,0,-1,-1,-1,0.0008827918008007309,0
13506,JOB_13209,CV_3197,-1,0,1,-1,1,0.07916723666250709,0
13507,JOB_13209,CV_1151,-1,0,-1,-1,-1,0.0008827918008007309,0
13508,JOB_13209,CV_1224,-1,0,-1,-1,1,0.004445064433151091,0
13509,JOB_13209,CV_2478,-1,-1,1,-1,1,0.0077551622213322515,0
13510,JOB_13209,CV_618,-1,1,1,-1,1,0.15361803787121434,0
13511,JOB_13209,CV_2574,-1,-1,-1,-1,-1,8.03182586734358e-05,0
13512,JOB_13209,CV_3098,-1,1,1,-1,-1,0.034672065104421654,0
13513,JOB_13209,CV_3075,-1,0,-1,-1,-1,0.0008827918008007309,0
13514,JOB_13209,CV_2392,-1,1,1,-1,-1,0.034672065104421654,0
13515,JOB_13209,CV_622,-1,1,0,-1,-1,0.01689829239252925,0
13516,JOB_13209,CV_722,-1,0,-1,-1,1,0.004445064433151091,0
13517,JOB_13209,CV_1245,-1,0,1,-1,-1,0.016728886119059285,0
13518,JOB_13209,CV_2858,-1,1,1,-1,-1,0.034672065104421654,0
13519,JOB_13209,CV_3792,-1,0,0,-1,-1,0.0080762834495878,0
13520,JOB_13209,CV_251,-1,1,1,1,-1,0.10439562230127407,0
13521,JOB_13209,CV_611,-1,1,-1,-1,1,0.009337905367753526,0
13522,JOB_13209,CV_1078,-1,1,-1,-1,1,0.009337905367753526,0
13523,JOB_13209,CV_1807,-1,0,1,-1,1,0.07916723666250709,0
13524,JOB_13209,CV_3429,-1,-1,-1,-1,-1,8.03182586734358e-05,0
13525,JOB_13209,CV_2415,-1,-1,1,-1,-1,0.0015442935692705172,0
13526,JOB_13209,CV_1309,-1,0,-1,-1,-1,0.0008827918008007309,0
13527,JOB_13209,CV_2239,-1,1,1,1,1,0.3706850697644348,0
13528,JOB_13209,CV_2961,-1,0,0,-1,1,0.03951787161985485,0
13529,JOB_13209,CV_2752,-1,0,1,-1,-1,0.016728886119059285,0
13530,JOB_13209,CV_1993,-1,1,-1,-1,-1,0.0018618453328126804,0
13531,JOB_13209,CV_3051,-1,0,1,-1,-1,0.016728886119059285,0
13532,JOB_13209,CV_3414,-1,1,-1,-1,-1,0.0018618453328126804,0
13533,JOB_13209,CV_1913,-1,1,1,-1,1,0.15361803787121434,0
13534,JOB_13209,CV_3962,-1,1,-1,-1,1,0.009337905367753526,0
13535,JOB_13209,CV_2207,-1,-1,1,-1,-1,0.0015442935692705172,0
13536,JOB_13209,CV_2718,-1,0,0,-1,-1,0.0080762834495878,0
13537,JOB_13209,CV_3949,-1,1,1,1,1,0.3706850697644348,0
13538,JOB_13209,CV_813,-1,1,1,-1,1,0.15361803787121434,0
13539,JOB_13209,CV_246,-1,0,-1,-1,-1,0.0008827918008007309,0
13540,JOB_13209,CV_1287,-1,0,1,-1,1,0.07916723666250709,0
13541,JOB_13209,CV_433,-1,1,0,-1,-1,0.01689829239252925,0
13542,JOB_13209,CV_634,-1,1,-1,-1,-1,0.0018618453328126804,0
13543,JOB_13209,CV_1785,-1,1,-1,-1,1,0.009337905367753526,0
13544,JOB_13209,CV_2550,-1,0,-1,-1,-1,0.0008827918008007309,0
13545,JOB_13209,CV_2369,-1,1,1,-1,-1,0.034672065104421654,0
13546,JOB_13209,CV_2638,-1,1,-1,-1,1,0.009337905367753526,0
13547,JOB_13209,CV_1019,-1,0,-1,-1,1,0.004445064433151091,0
13548,JOB_13209,CV_3478,-1,1,1,-1,-1,0.034672065104421654,0
13549,JOB_13209,CV_1632,-1,1,1,-1,-1,0.034672065104421654,0
13550,JOB_13209,CV_3753,-1,0,-1,-1,-1,0.0008827918008007309,0
13551,JOB_13209,CV_505,-1,0,1,-1,-1,0.016728886119059285,0
13552,JOB_13209,CV_2877,-1,-1,1,-1,-1,0.0015442935692705172,0
13553,JOB_13209,CV_388,-1,1,-1,-1,-1,0.0018618453328126804,0
13554,JOB_13209,CV_2965,-1,0,1,-1,-1,0.016728886119059285,0
13555,JOB_13209,CV_1031,-1,1,1,-1,1,0.15361803787121434,0
13556,JOB_13209,CV_080,-1,1,1,-1,1,0.15361803787121434,0
13557,JOB_13209,CV_3088,-1,1,1,-1,1,0.15361803787121434,0
13558,JOB_13209,CV_2327,-1,1,-1,-1,-1,0.0018618453328126804,0
13559,JOB_13209,CV_1534,-1,0,-1,-1,1,0.004445064433151091,0
13560,JOB_13209,CV_1138,-1,1,1,-1,-1,0.034672065104421654,0
13561,JOB_13209,CV_2723,-1,-1,-1,-1,1,0.00040573633479455186,0
13562,JOB_13209,CV_137,-1,0,0,-1,-1,0.0080762834495878,0
13563,JOB_13209,CV_631,-1,1,1,-1,-1,0.034672065104421654,0
13564,JOB_13209,CV_2441,-1,1,-1,-1,-1,0.0018618453328126804,0
13565,JOB_13209,CV_337,-1,1,-1,-1,1,0.009337905367753526,0
13566,JOB_13209,CV_1045,-1,-1,-1,-1,-1,8.03182586734358e-05,0
13567,JOB_13209,CV_046,-1,-1,0,-1,-1,0.0007396380664553713,0
13568,JOB_13209,CV_1751,-1,1,-1,-1,-1,0.0018618453328126804,0
13569,JOB_13209,CV_1036,-1,1,1,1,-1,0.10439562230127407,0
13570,JOB_13209,CV_2495,-1,1,-1,-1,1,0.009337905367753526,0
13571,JOB_13209,CV_1494,-1,1,1,-1,1,0.15361803787121434,0
13572,JOB_13209,CV_2039,-1,0,1,-1,-1,0.016728886119059285,0
13573,JOB_13209,CV_307,-1,1,0,-1,-1,0.01689829239252925,0
13574,JOB_13209,CV_1577,-1,0,-1,-1,-1,0.0008827918008007309,0
13575,JOB_13209,CV_2476,-1,1,1,-1,-1,0.034672065104421654,0
13576,JOB_13209,CV_216,-1,0,1,-1,1,0.07916723666250709,0
13577,JOB_13209,CV_2672,-1,1,1,-1,-1,0.034672065104421654,0
13578,JOB_13209,CV_3710,-1,0,1,-1,-1,0.016728886119059285,0
13579,JOB_13209,CV_477,-1,1,1,-1,1,0.15361803787121434,0
13580,JOB_13209,CV_2436,-1,0,1,-1,1,0.07916723666250709,0
13581,JOB_13209,CV_481,-1,0,-1,-1,1,0.004445064433151091,0
13582,JOB_13209,CV_1633,-1,0,1,-1,-1,0.016728886119059285,0
13583,JOB_13209,CV_1325,-1,1,1,-1,-1,0.034672065104421654,0
13584,JOB_13209,CV_1574,-1,-1,1,-1,-1,0.0015442935692705172,0
13585,JOB_13209,CV_3399,-1,0,1,-1,-1,0.016728886119059285,0
13586,JOB_13209,CV_1355,-1,0,-1,-1,-1,0.0008827918008007309,0
13587,JOB_13209,CV_2341,-1,0,-1,-1,-1,0.0008827918008007309,0
13588,JOB_13209,CV_1860,-1,0,0,-1,-1,0.0080762834495878,0
13589,JOB_13209,CV_877,-1,1,1,-1,-1,0.034672065104421654,0
13590,JOB_13209,CV_1963,-1,1,0,-1,-1,0.01689829239252925,0
13591,JOB_13209,CV_392,-1,-1,-1,-1,1,0.00040573633479455186,0
13592,JOB_13209,CV_1085,-1,0,-1,-1,1,0.004445064433151091,0
13593,JOB_13209,CV_3090,-1,1,1,-1,-1,0.034672065104421654,0
13594,JOB_13209,CV_2537,-1,1,1,-1,-1,0.034672065104421654,0
13595,JOB_13209,CV_1639,-1,0,1,-1,-1,0.016728886119059285,0
13596,JOB_13209,CV_3500,-1,0,1,1,1,0.21814771844744296,0
13597,JOB_13209,CV_1480,-1,0,-1,-1,1,0.004445064433151091,0
13598,JOB_13209,CV_2514,-1,0,-1,-1,-1,0.0008827918008007309,0
13599,JOB_13209,CV_3685,-1,0,-1,-1,-1,0.0008827918008007309,0
13600,JOB_2418,CV_1172,-1,-1,1,-1,-1,0.0015442935692705172,0
13601,JOB_2418,CV_3478,-1,-1,1,-1,1,0.0077551622213322515,0
13602,JOB_2418,CV_2991,-1,-1,1,-1,-1,0.0015442935692705172,0
13603,JOB_2418,CV_2553,-1,-1,1,-1,-1,0.0015442935692705172,0
13604,JOB_2418,CV_3719,-1,-1,-1,-1,-1,8.03182586734358e-05,0
13605,JOB_2418,CV_1090,-1,-1,-1,-1,-1,8.03182586734358e-05,0
13606,JOB_2418,CV_3547,-1,-1,-1,-1,-1,8.03182586734358e-05,0
13607,JOB_2418,CV_1633,-1,-1,1,-1,-1,0.0015442935692705172,0
13608,JOB_2418,CV_618,-1,-1,1,-1,-1,0.0015442935692705172,0
13609,JOB_2418,CV_2365,-1,-1,0,-1,1,0.0037264061914744602,0
13610,JOB_2418,CV_2615,-1,-1,-1,-1,-1,8.03182586734358e-05,0
13611,JOB_2418,CV_1739,-1,-1,0,-1,-1,0.0007396380664553713,0
13612,JOB_2418,CV_3500,-1,-1,1,-1,-1,0.0015442935692705172,0
13613,JOB_2418,CV_1971,-1,-1,-1,-1,-1,8.03182586734358e-05,0
13614,JOB_2418,CV_2341,-1,-1,-1,-1,1,0.00040573633479455186,0
13615,JOB_2418,CV_1151,-1,-1,-1,-1,-1,8.03182586734358e-05,0
13616,JOB_2418,CV_2420,-1,-1,0,-1,1,0.0037264061914744602,0
13617,JOB_2418,CV_2638,-1,-1,-1,-1,-1,8.03182586734358e-05,0
13618,JOB_2418,CV_3197,-1,-1,1,-1,-1,0.0015442935692705172,0
13619,JOB_2418,CV_3962,-1,-1,-1,-1,1,0.00040573633479455186,0
13620,JOB_2418,CV_884,-1,-1,-1,-1,-1,8.03182586734358e-05,0
13621,JOB_2418,CV_296,-1,-1,0,-1,-1,0.0007396380664553713,0
13622,JOB_2418,CV_661,-1,-1,-1,-1,-1,8.03182586734358e-05,0
13623,JOB_2418,CV_392,-1,-1,-1,-1,-1,8.03182586734358e-05,0
13624,JOB_2418,CV_1963,-1,-1,0,-1,-1,0.0007396380664553713,0
13625,JOB_2418,CV_2441,-1,-1,-1,-1,-1,8.03182586734358e-05,0
13626,JOB_2418,CV_1534,-1,-1,-1,-1,-1,8.03182586734358e-05,0
13627,JOB_2418,CV_2402,-1,-1,0,-1,1,0.0037264061914744602,0
13628,JOB_2418,CV_1898,-1,-1,1,-1,-1,0.0015442935692705172,0
13629,JOB_2418,CV_3625,-1,-1,-1,-1,-1,8.03182586734358e-05,0
13630,JOB_2418,CV_3176,-1,-1,0,-1,-1,0.0007396380664553713,0
13631,JOB_2418,CV_788,-1,-1,-1,-1,-1,8.03182586734358e-05,0
13632,JOB_2418,CV_1792,-1,-1,1,-1,-1,0.0015442935692705172,0
13633,JOB_2418,CV_263,-1,-1,1,-1,-1,0.0015442935692705172,0
13634,JOB_2418,CV_3727,-1,-1,1,-1,-1,0.0015442935692705172,0
13635,JOB_2418,CV_1031,-1,-1,1,-1,-1,0.0015442935692705172,0
13636,JOB_2418,CV_3647,-1,-1,1,-1,-1,0.0015442935692705172,0
13637,JOB_2418,CV_2992,-1,-1,-1,-1,1,0.00040573633479455186,0
13638,JOB_2418,CV_2877,-1,-1,1,-1,1,0.0077551622213322515,0
13639,JOB_2418,CV_1751,-1,-1,-1,-1,1,0.00040573633479455186,0
13640,JOB_2418,CV_160,-1,-1,-1,-1,1,0.00040573633479455186,0
13641,JOB_2418,CV_085,-1,-1,1,-1,-1,0.0015442935692705172,0
13642,JOB_2418,CV_040,-1,-1,-1,-1,-1,8.03182586734358e-05,0
13643,JOB_2418,CV_532,-1,-1,1,-1,1,0.0077551622213322515,0
13644,JOB_2418,CV_3039,-1,-1,1,-1,1,0.0077551622213322515,0
13645,JOB_2418,CV_2718,-1,-1,0,-1,-1,0.0007396380664553713,0
13646,JOB_2418,CV_2766,-1,-1,1,-1,1,0.0077551622213322515,0
13647,JOB_2418,CV_2369,-1,-1,1,-1,-1,0.0015442935692705172,0
13648,JOB_2418,CV_3923,-1,-1,1,-1,-1,0.0015442935692705172,0
13649,JOB_2418,CV_999,-1,-1,-1,-1,-1,8.03182586734358e-05,0
13650,JOB_2418,CV_1785,-1,-1,-1,-1,-1,8.03182586734358e-05,0
13651,JOB_2418,CV_3753,-1,-1,-1,-1,-1,8.03182586734358e-05,0
13652,JOB_2418,CV_1577,-1,-1,-1,-1,-1,8.03182586734358e-05,0
13653,JOB_2418,CV_1796,-1,-1,0,-1,1,0.0037264061914744602,0
13654,JOB_2418,CV_2965,-1,-1,1,-1,1,0.0077551622213322515,0
13655,JOB_2418,CV_2392,-1,-1,1,-1,1,0.0077551622213322515,0
13656,JOB_2418,CV_2478,-1,-1,1,-1,-1,0.0015442935692705172,0
13657,JOB_2418,CV_3710,-1,-1,1,-1,1,0.0077551622213322515,0
13658,JOB_2418,CV_2979,-1,-1,1,-1,-1,0.0015442935692705172,0
13659,JOB_2418,CV_1224,-1,-1,-1,-1,-1,8.03182586734358e-05,0
13660,JOB_2418,CV_2537,-1,-1,1,-1,-1,0.0015442935692705172,0
13661,JOB_2418,CV_3094,-1,-1,-1,-1,-1,8.03182586734358e-05,0
13662,JOB_2418,CV_433,-1,-1,0,-1,-1,0.0007396380664553713,0
13663,JOB_2418,CV_278,-1,-1,1,-1,-1,0.0015442935692705172,0
13664,JOB_2418,CV_3090,-1,-1,1,-1,-1,0.0015442935692705172,0
13665,JOB_2418,CV_2380,-1,-1,1,-1,-1,0.0015442935692705172,0
13666,JOB_2418,CV_3744,-1,-1,1,-1,-1,0.0015442935692705172,0
13667,JOB_2418,CV_2356,-1,-1,-1,-1,1,0.00040573633479455186,0
13668,JOB_2418,CV_1494,-1,-1,1,-1,-1,0.0015442935692705172,0
13669,JOB_2418,CV_307,-1,-1,0,-1,-1,0.0007396380664553713,0
13670,JOB_2418,CV_640,-1,-1,1,-1,-1,0.0015442935692705172,0
13671,JOB_2418,CV_3075,-1,-1,-1,-1,1,0.00040573633479455186,0
13672,JOB_2418,CV_2574,-1,-1,-1,-1,1,0.00040573633479455186,0
13673,JOB_2418,CV_2550,-1,-1,-1,-1,1,0.00040573633479455186,0
13674,JOB_2418,CV_3088,-1,-1,1,-1,-1,0.0015442935692705172,0
13675,JOB_2418,CV_3173,-1,-1,1,-1,-1,0.0015442935692705172,0
13676,JOB_2418,CV_3051,-1,-1,1,-1,-1,0.0015442935692705172,0
13677,JOB_2418,CV_1517,-1,-1,0,-1,1,0.0037264061914744602,0
13678,JOB_2418,CV_2961,-1,-1,0,-1,-1,0.0007396380664553713,0
13679,JOB_2418,CV_634,-1,-1,-1,-1,1,0.00040573633479455186,0
13680,JOB_2418,CV_1881,-1,-1,0,-1,1,0.0037264061914744602,0
13681,JOB_2418,CV_2579,-1,-1,-1,-1,-1,8.03182586734358e-05,0
13682,JOB_2418,CV_469,-1,-1,1,-1,1,0.0077551622213322515,0
13683,JOB_2418,CV_594,-1,-1,1,-1,1,0.0077551622213322515,0
13684,JOB_2418,CV_246,-1,-1,-1,-1,-1,8.03182586734358e-05,0
13685,JOB_2418,CV_2653,-1,-1,-1,-1,-1,8.03182586734358e-05,0
13686,JOB_2418,CV_1913,-1,-1,1,-1,-1,0.0015442935692705172,0
13687,JOB_2418,CV_2166,-1,-1,-1,-1,-1,8.03182586734358e-05,0
13688,JOB_2418,CV_481,-1,-1,-1,-1,-1,8.03182586734358e-05,0
13689,JOB_2418,CV_2069,-1,-1,-1,-1,-1,8.03182586734358e-05,0
13690,JOB_2418,CV_3733,-1,-1,-1,-1,-1,8.03182586734358e-05,0
13691,JOB_2418,CV_3949,-1,-1,1,-1,-1,0.0015442935692705172,0
13692,JOB_2418,CV_3970,-1,-1,-1,-1,-1,8.03182586734358e-05,0
13693,JOB_2418,CV_028,-1,-1,1,-1,-1,0.0015442935692705172,0
13694,JOB_2418,CV_2492,-1,-1,1,-1,-1,0.0015442935692705172,0
13695,JOB_2418,CV_272,-1,-1,-1,-1,-1,8.03182586734358e-05,0
13696,JOB_2418,CV_1742,-1,-1,1,-1,1,0.0077551622213322515,0
13697,JOB_2418,CV_2769,-1,-1,0,-1,-1,0.0007396380664553713,0
13698,JOB_2418,CV_1636,-1,-1,1,-1,-1,0.0015442935692705172,0
13699,JOB_2418,CV_2584,-1,-1,-1,-1,-1,8.03182586734358e-05,0
13800,JOB_13121,CV_1252,-1,-1,1,-1,0,0.002760022591764691,0
13801,JOB_13121,CV_1574,-1,-1,1,0,0,0.004713583082696536,0
13802,JOB_13121,CV_1742,-1,0,1,0,0,0.04951546140781997,0
13803,JOB_13121,CV_337,-1,0,-1,0,0,0.002698177363009384,0
13804,JOB_13121,CV_2584,-1,1,-1,0,0,0.005679126332233708,0
13805,JOB_13121,CV_307,-1,0,0,0,0,0.024324324369693937,0
13806,JOB_13121,CV_2015,-1,0,0,-1,0,0.014360295137460542,0
13807,JOB_13121,CV_3744,-1,-1,1,1,0,0.008902065229873513,0
13808,JOB_13121,CV_2492,-1,0,1,0,0,0.04951546140781997,0
13809,JOB_13121,CV_538,-1,-1,1,-1,0,0.002760022591764691,0
13810,JOB_13121,CV_1739,-1,-1,0,0,0,0.0022613065410786426,0
13811,JOB_13121,CV_2392,-1,0,1,0,0,0.04951546140781997,0
13812,JOB_13121,CV_1068,-1,-1,-1,0,0,0.00024589199728382896,0
13813,JOB_13121,CV_3478,-1,0,1,0,0,0.04951546140781997,0
13814,JOB_13121,CV_028,-1,0,1,0,0,0.04951546140781997,0
13815,JOB_13121,CV_278,-1,1,1,0,0,0.09908145837399628,0
13816,JOB_13121,CV_1151,-1,0,-1,0,0,0.002698177363009384,0
13817,JOB_13121,CV_2550,-1,0,-1,0,0,0.002698177363009384,0
13818,JOB_13121,CV_1480,-1,0,-1,1,0,0.005104959012421871,0
13819,JOB_13121,CV_2177,-1,0,1,-1,0,0.029544805158767173,0
13820,JOB_13121,CV_2356,-1,0,-1,1,0,0.005104959012421871,0
13821,JOB_13121,CV_1844,-1,0,1,0,0,0.04951546140781997,0
13822,JOB_13121,CV_2953,-1,0,1,-1,0,0.029544805158767173,0
13823,JOB_13121,CV_2615,-1,1,-1,0,0,0.005679126332233708,0
13824,JOB_13121,CV_1325,-1,0,1,0,0,0.04951546140781997,0
13825,JOB_13121,CV_3733,-1,0,-1,1,0,0.005104959012421871,0
13826,JOB_13121,CV_2596,-1,-1,-1,-1,0,0.0001437138572808803,0
13827,JOB_13121,CV_594,-1,0,1,0,0,0.04951546140781997,0
13828,JOB_13121,CV_3015,-1,0,0,0,0,0.024324324369693937,0
13829,JOB_13121,CV_3949,-1,0,1,-1,0,0.029544805158767173,0
13830,JOB_13121,CV_1019,-1,0,-1,0,0,0.002698177363009384,0
13831,JOB_13121,CV_1682,-1,0,-1,0,0,0.002698177363009384,0
13832,JOB_13121,CV_1632,-1,0,1,-1,0,0.029544805158767173,0
13833,JOB_13121,CV_2369,-1,0,1,0,0,0.04951546140781997,0
13834,JOB_13121,CV_3962,-1,0,-1,1,0,0.005104959012421871,0
13835,JOB_13121,CV_2478,-1,-1,1,0,0,0.004713583082696536,0
13836,JOB_13121,CV_1971,-1,0,-1,0,0,0.002698177363009384,0
13837,JOB_13121,CV_884,-1,-1,-1,0,0,0.00024589199728382896,0
13838,JOB_13121,CV_2365,-1,-1,0,0,0,0.0022613065410786426,0
13839,JOB_13121,CV_1031,-1,0,1,0,0,0.04951546140781997,0
13840,JOB_13121,CV_879,-1,0,1,0,0,0.04951546140781997,0
13841,JOB_13121,CV_233,-1,0,1,0,0,0.04951546140781997,0
13842,JOB_13121,CV_477,-1,0,1,-1,0,0.029544805158767173,0
13843,JOB_13121,CV_929,-1,-1,1,1,0,0.008902065229873513,0
13844,JOB_13121,CV_3636,-1,0,-1,-1,0,0.0015785837835741556,0
13845,JOB_13121,CV_2766,-1,-1,1,-1,0,0.002760022591764691,0
13846,JOB_13121,CV_3098,-1,0,1,0,0,0.04951546140781997,0
13847,JOB_13121,CV_1245,-1,-1,1,0,0,0.004713583082696536,0
13848,JOB_13121,CV_2514,-1,0,-1,1,0,0.005104959012421871,0
13849,JOB_13121,CV_1913,-1,0,1,0,0,0.04951546140781997,0
13850,JOB_13121,CV_1796,-1,1,0,0,0,0.050000000085250004,0
13851,JOB_13121,CV_1172,-1,0,1,-1,0,0.029544805158767173,0
13852,JOB_13121,CV_137,-1,0,0,0,0,0.024324324369693937,0
13853,JOB_13121,CV_3757,-1,0,-1,0,0,0.002698177363009384,0
13854,JOB_13121,CV_3685,-1,0,-1,1,0,0.005104959012421871,0
13855,JOB_13121,CV_999,-1,-1,-1,0,0,0.00024589199728382896,0
13856,JOB_13121,CV_388,-1,0,-1,0,0,0.002698177363009384,0
13857,JOB_13121,CV_481,-1,0,-1,0,0,0.002698177363009384,0
13858,JOB_13121,CV_2638,-1,0,-1,0,0,0.002698177363009384,0
13859,JOB_13121,CV_1355,-1,0,-1,1,0,0.005104959012421871,0
13860,JOB_13121,CV_1577,-1,0,-1,0,0,0.002698177363009384,0
13861,JOB_13121,CV_3284,-1,0,-1,1,0,0.005104959012421871,0
13862,JOB_13121,CV_3710,-1,-1,1,0,0,0.004713583082696536,0
13863,JOB_13121,CV_2672,-1,0,1,-1,0,0.029544805158767173,0
13864,JOB_13121,CV_2977,-1,0,1,0,0,0.04951546140781997,0
13865,JOB_13121,CV_3088,-1,-1,1,0,0,0.004713583082696536,0
13866,JOB_13121,CV_1309,-1,-1,-1,0,0,0.00024589199728382896,0
13867,JOB_13121,CV_2553,-1,0,1,0,0,0.04951546140781997,0
13868,JOB_13121,CV_421,-1,0,0,0,0,0.024324324369693937,0
13869,JOB_13121,CV_3414,-1,0,-1,0,0,0.002698177363009384,0
13870,JOB_13121,CV_2253,-1,0,1,1,0,0.0899181454087932,0
13871,JOB_13121,CV_2039,-1,0,1,0,0,0.04951546140781997,0
13872,JOB_13121,CV_618,-1,0,1,0,0,0.04951546140781997,0
13873,JOB_13121,CV_3663,-1,0,1,-1,0,0.029544805158767173,0
13874,JOB_13121,CV_2752,-1,0,1,0,0,0.04951546140781997,0
13875,JOB_13121,CV_2327,-1,0,-1,0,0,0.002698177363009384,0
13876,JOB_13121,CV_869,-1,0,-1,0,0,0.002698177363009384,0
13877,JOB_13121,CV_3792,-1,0,0,-1,0,0.014360295137460542,0
13878,JOB_13121,CV_2555,-1,1,-1,0,0,0.005679126332233708,0
13879,JOB_13121,CV_1517,-1,1,0,0,0,0.050000000085250004,0
13880,JOB_13121,CV_2157,-1,0,-1,1,0,0.005104959012421871,0
13881,JOB_13121,CV_3647,-1,-1,1,0,0,0.004713583082696536,0
13882,JOB_13121,CV_2858,-1,0,1,0,0,0.04951546140781997,0
13883,JOB_13121,CV_1078,-1,0,-1,1,0,0.005104959012421871,0
13884,JOB_13121,CV_640,-1,0,1,0,0,0.04951546140781997,0
13885,JOB_13121,CV_251,-1,0,1,0,0,0.04951546140781997,0
13886,JOB_13121,CV_2402,-1,0,0,1,0,0.045148393663970686,0
13887,JOB_13121,CV_1090,-1,1,-1,0,0,0.005679126332233708,0
13888,JOB_13121,CV_1138,-1,0,1,0,0,0.04951546140781997,0
13889,JOB_13121,CV_631,-1,0,1,0,0,0.04951546140781997,0
13890,JOB_13121,CV_140,-1,0,-1,0,0,0.002698177363009384,0
13891,JOB_13121,CV_1380,-1,0,1,0,0,0.04951546140781997,0
13892,JOB_13121,CV_1860,-1,0,0,0,0,0.024324324369693937,0
13893,JOB_13121,CV_1085,-1,0,-1,0,0,0.002698177363009384,0
13894,JOB_13121,CV_1494,-1,1,1,0,0,0.09908145837399628,0
13895,JOB_13121,CV_3455,-1,-1,-1,-1,0,0.0001437138572808803,0
13896,JOB_13121,CV_1036,-1,1,1,-1,0,0.0603899128734313,0
13897,JOB_13121,CV_3719,-1,0,-1,1,0,0.005104959012421871,0
13898,JOB_13121,CV_3625,-1,0,-1,0,0,0.002698177363009384,0
13899,JOB_13121,CV_1015,-1,0,0,1,0,0.045148393663970686,0
14000,JOB_10642,CV_1380,-1,0,0,-1,1,0.03951787161985485,0
14001,JOB_10642,CV_2672,-1,1,0,-1,-1,0.01689829239252925,0
14002,JOB_10642,CV_2157,-1,0,1,-1,-1,0.016728886119059285,0
14003,JOB_10642,CV_3133,-1,0,1,-1,-1,0.016728886119059285,0
14004,JOB_10642,CV_3090,-1,0,0,-1,-1,0.0080762834495878,0
14005,JOB_10642,CV_307,-1,0,0,-1,-1,0.0080762834495878,0
14006,JOB_10642,CV_140,-1,-1,0,-1,-1,0.0007396380664553713,0
14007,JOB_10642,CV_3145,-1,0,0,-1,-1,0.0080762834495878,0
14008,JOB_10642,CV_137,-1,0,0,1,-1,0.025743514038269317,0
14009,JOB_10642,CV_278,-1,1,0,-1,-1,0.01689829239252925,0
14010,JOB_10642,CV_2039,-1,1,0,-1,-1,0.01689829239252925,0
14011,JOB_10642,CV_1161,-1,0,0,-1,1,0.03951787161985485,0
14012,JOB_10642,CV_2733,-1,0,1,1,-1,0.05232559089768777,0
14013,JOB_10642,CV_1231,-1,1,0,-1,-1,0.01689829239252925,0
14014,JOB_10642,CV_2869,-1,0,0,-1,-1,0.0080762834495878,0
14015,JOB_10642,CV_594,-1,0,0,-1,-1,0.0080762834495878,0
14016,JOB_10642,CV_3399,-1,1,0,-1,-1,0.01689829239252925,0
14017,JOB_10642,CV_2369,-1,-1,0,-1,-1,0.0007396380664553713,0
14018,JOB_10642,CV_3670,-1,1,0,-1,-1,0.01689829239252925,0
14019,JOB_10642,CV_1633,-1,-1,0,-1,-1,0.0007396380664553713,0
14020,JOB_10642,CV_2550,-1,0,1,-1,-1,0.016728886119059285,0
14021,JOB_10642,CV_2436,-1,-1,0,-1,-1,0.0007396380664553713,0
14022,JOB_10642,CV_263,-1,0,0,-1,-1,0.0080762834495878,0
14023,JOB_10642,CV_631,-1,0,0,-1,-1,0.0080762834495878,0
14024,JOB_10642,CV_2658,-1,0,1,-1,-1,0.016728886119059285,0
14025,JOB_10642,CV_618,-1,1,0,-1,-1,0.01689829239252925,0
14026,JOB_10642,CV_1355,-1,0,0,-1,-1,0.0080762834495878,0
14027,JOB_10642,CV_2489,-1,1,0,-1,1,0.07991753891832785,0
14028,JOB_10642,CV_1036,-1,0,0,-1,-1,0.0080762834495878,0
14029,JOB_10642,CV_2294,-1,0,0,-1,-1,0.0080762834495878,0
14030,JOB_10642,CV_1993,-1,0,1,-1,1,0.07916723666250709,0
14031,JOB_10642,CV_3733,-1,0,1,-1,-1,0.016728886119059285,0
14032,JOB_10642,CV_216,-1,0,0,-1,-1,0.0080762834495878,0
14033,JOB_10642,CV_2723,-1,0,1,-1,-1,0.016728886119059285,0
14034,JOB_10642,CV_3929,-1,0,0,-1,-1,0.0080762834495878,0
14035,JOB_10642,CV_2574,-1,0,0,-1,-1,0.0080762834495878,0
14036,JOB_10642,CV_3722,-1,0,1,-1,1,0.07916723666250709,0
14037,JOB_10642,CV_1803,-1,0,1,-1,-1,0.016728886119059285,0
14038,JOB_10642,CV_1245,-1,-1,0,-1,-1,0.0007396380664553713,0
14039,JOB_10642,CV_1618,-1,1,0,-1,-1,0.01689829239252925,0
14040,JOB_10642,CV_2732,-1,1,1,-1,-1,0.034672065104421654,0
14041,JOB_10642,CV_3474,-1,0,0,-1,-1,0.0080762834495878,0
14042,JOB_10642,CV_3789,-1,0,0,-1,-1,0.0080762834495878,0
14043,JOB_10642,CV_2380,-1,0,0,-1,-1,0.0080762834495878,0
14044,JOB_10642,CV_3176,-1,1,0,-1,-1,0.01689829239252925,0
14045,JOB_10642,CV_1793,-1,0,0,-1,-1,0.0080762834495878,0
14046,JOB_10642,CV_3429,-1,-1,0,-1,-1,0.0007396380664553713,0
14047,JOB_10642,CV_2207,-1,-1,0,-1,-1,0.0007396380664553713,0
14048,JOB_10642,CV_3181,-1,1,0,-1,-1,0.01689829239252925,0
14049,JOB_10642,CV_2379,-1,1,0,-1,-1,0.01689829239252925,0
14050,JOB_10642,CV_3455,-1,1,1,1,-1,0.10439562230127407,0
14051,JOB_10642,CV_2024,-1,0,0,-1,-1,0.0080762834495878,0
14052,JOB_10642,CV_1785,-1,0,1,-1,-1,0.016728886119059285,0
14053,JOB_10642,CV_3200,-1,0,0,-1,-1,0.0080762834495878,0
14054,JOB_10642,CV_3414,-1,0,0,-1,-1,0.0080762834495878,0
14055,JOB_10642,CV_2653,-1,0,1,1,-1,0.05232559089768777,0
14056,JOB_10642,CV_2476,-1,0,0,-1,-1,0.0080762834495878,0
14057,JOB_10642,CV_1577,-1,0,1,-1,-1,0.016728886119059285,0
14058,JOB_10642,CV_2596,-1,-1,0,-1,-1,0.0007396380664553713,0
14059,JOB_10642,CV_028,-1,0,0,-1,-1,0.0080762834495878,0
14060,JOB_10642,CV_924,-1,1,0,-1,-1,0.01689829239252925,0
14061,JOB_10642,CV_2356,-1,1,0,-1,-1,0.01689829239252925,0
14062,JOB_10642,CV_3088,-1,0,0,-1,-1,0.0080762834495878,0
14063,JOB_10642,CV_421,-1,1,0,-1,-1,0.01689829239252925,0
14064,JOB_10642,CV_3791,-1,0,0,-1,-1,0.0080762834495878,0
14065,JOB_10642,CV_634,-1,0,1,-1,-1,0.016728886119059285,0
14066,JOB_10642,CV_2992,-1,0,1,-1,-1,0.016728886119059285,0
14067,JOB_10642,CV_2514,-1,0,1,-1,-1,0.016728886119059285,0
14068,JOB_10642,CV_1019,-1,0,0,-1,-1,0.0080762834495878,0
14069,JOB_10642,CV_538,-1,-1,0,-1,-1,0.0007396380664553713,0
14070,JOB_10642,CV_2239,-1,0,0,-1,-1,0.0080762834495878,0
14071,JOB_10642,CV_3792,-1,1,0,-1,-1,0.01689829239252925,0
14072,JOB_10642,CV_1494,-1,0,0,-1,-1,0.0080762834495878,0
14073,JOB_10642,CV_2877,-1,-1,0,-1,-1,0.0007396380664553713,0
14074,JOB_10642,CV_2166,-1,0,1,-1,1,0.07916723666250709,0
14075,JOB_10642,CV_3663,-1,0,0,1,-1,0.025743514038269317,0
14076,JOB_10642,CV_2392,-1,0,0,-1,-1,0.0080762834495878,0
14077,JOB_10642,CV_1781,-1,0,0,-1,-1,0.0080762834495878,0
14078,JOB_10642,CV_3782,-1,1,0,-1,-1,0.01689829239252925,0
14079,JOB_10642,CV_1898,-1,1,0,-1,-1,0.01689829239252925,0
14080,JOB_10642,CV_2445,-1,0,1,-1,-1,0.016728886119059285,0
14081,JOB_10642,CV_433,-1,1,0,-1,-1,0.01689829239252925,0
14082,JOB_10642,CV_1534,-1,1,0,-1,-1,0.01689829239252925,0
14083,JOB_10642,CV_3647,-1,-1,0,-1,-1,0.0007396380664553713,0
14084,JOB_10642,CV_929,-1,0,0,-1,-1,0.0080762834495878,0
14085,JOB_10642,CV_1810,-1,0,1,-1,-1,0.016728886119059285,0
14086,JOB_10642,CV_884,-1,0,0,-1,-1,0.0080762834495878,0
14087,JOB_10642,CV_1792,-1,0,0,-1,-1,0.0080762834495878,0
14088,JOB_10642,CV_3075,-1,0,1,-1,-1,0.016728886119059285,0
14089,JOB_10642,CV_1517,-1,1,0,-1,-1,0.01689829239252925,0
14090,JOB_10642,CV_3625,-1,0,1,-1,-1,0.016728886119059285,0
14091,JOB_10642,CV_640,-1,0,0,-1,-1,0.0080762834495878,0
14092,JOB_10642,CV_1045,-1,-1,1,-1,-1,0.0015442935692705172,0
14093,JOB_10642,CV_2441,-1,0,1,-1,-1,0.016728886119059285,0
14094,JOB_10642,CV_2913,-1,0,0,-1,-1,0.0080762834495878,0
14095,JOB_10642,CV_251,-1,-1,0,-1,-1,0.0007396380664553713,0
14096,JOB_10642,CV_3738,-1,0,0,-1,-1,0.0080762834495878,0
14097,JOB_10642,CV_3173,-1,0,0,-1,-1,0.0080762834495878,0
14098,JOB_10642,CV_2965,-1,0,0,-1,-1,0.0080762834495878,0
14099,JOB_10642,CV_1138,-1,0,0,-1,-1,0.0080762834495878,0
14300,JOB_2464,CV_1639,-1,0,1,-1,-1,0.016728886119059285,0
14301,JOB_2464,CV_2415,-1,-1,1,-1,-1,0.0015442935692705172,0
14302,JOB_2464,CV_296,-1,0,0,-1,-1,0.0080762834495878,0
14303,JOB_2464,CV_1739,-1,-1,0,-1,1,0.0037264061914744602,0
14304,JOB_2464,CV_1993,-1,1,-1,-1,-1,0.0018618453328126804,0
14305,JOB_2464,CV_1380,-1,0,1,-1,1,0.07916723666250709,0
14306,JOB_2464,CV_2177,-1,0,1,-1,-1,0.016728886119059285,0
14307,JOB_2464,CV_2553,1,-1,1,-1,-1,0.03467206510442167,0
14308,JOB_2464,CV_1742,-1,0,1,-1,-1,0.016728886119059285,0
14309,JOB_2464,CV_176,-1,0,-1,-1,1,0.004445064433151091,0
14310,JOB_2464,CV_532,-1,0,1,-1,-1,0.016728886119059285,0
14311,JOB_2464,CV_3133,-1,0,-1,-1,1,0.004445064433151091,0
14312,JOB_2464,CV_2476,-1,1,1,-1,-1,0.034672065104421654,0
14313,JOB_2464,CV_2157,1,0,-1,-1,1,0.09394450948240785,0
14314,JOB_2464,CV_2366,-1,0,1,-1,-1,0.016728886119059285,0
14315,JOB_2464,CV_999,-1,1,-1,-1,-1,0.0018618453328126804,0
14316,JOB_2464,CV_2830,-1,0,0,-1,1,0.03951787161985485,0
14317,JOB_2464,CV_272,-1,0,-1,-1,1,0.004445064433151091,0
14318,JOB_2464,CV_1122,-1,0,1,-1,-1,0.016728886119059285,0
14319,JOB_2464,CV_1494,-1,0,1,-1,1,0.07916723666250709,0
14320,JOB_2464,CV_3791,-1,0,1,-1,1,0.07916723666250709,0
14321,JOB_2464,CV_2555,-1,0,-1,-1,-1,0.0008827918008007309,0
14322,JOB_2464,CV_2766,-1,0,1,-1,-1,0.016728886119059285,0
14323,JOB_2464,CV_1971,-1,0,-1,-1,-1,0.0008827918008007309,0
14324,JOB_2464,CV_1161,-1,0,1,-1,-1,0.016728886119059285,0
14325,JOB_2464,CV_1078,-1,0,-1,-1,1,0.004445064433151091,0
14326,JOB_2464,CV_2313,-1,1,-1,-1,1,0.009337905367753526,0
14327,JOB_2464,CV_3284,1,1,-1,-1,-1,0.04151838996869751,0
14328,JOB_2464,CV_3719,-1,0,-1,-1,-1,0.0008827918008007309,0
14329,JOB_2464,CV_1687,-1,0,1,-1,-1,0.016728886119059285,0
14330,JOB_2464,CV_661,-1,0,-1,-1,-1,0.0008827918008007309,0
14331,JOB_2464,CV_1860,-1,0,0,-1,-1,0.0080762834495878,0
14332,JOB_2464,CV_2365,-1,-1,0,-1,-1,0.0007396380664553713,0
14333,JOB_2464,CV_3722,1,0,-1,1,-1,0.06243232352062822,0
14334,JOB_2464,CV_1636,-1,0,1,1,-1,0.05232559089768777,0
14335,JOB_2464,CV_278,-1,1,1,-1,-1,0.034672065104421654,0
14336,JOB_2464,CV_3727,-1,-1,1,1,1,0.024737444512838436,0
14337,JOB_2464,CV_1577,-1,0,-1,-1,-1,0.0008827918008007309,0
14338,JOB_2464,CV_1534,-1,1,-1,-1,1,0.009337905367753526,0
14339,JOB_2464,CV_1618,-1,0,1,-1,-1,0.016728886119059285,0
14340,JOB_2464,CV_3197,-1,-1,1,-1,1,0.0077551622213322515,0
14341,JOB_2464,CV_2961,-1,0,0,-1,1,0.03951787161985485,0
14342,JOB_2464,CV_601,1,0,1,-1,-1,0.2832010598158251,0
14343,JOB_2464,CV_1309,1,0,-1,-1,-1,0.02010595680604062,0
14344,JOB_2464,CV_2420,1,0,0,-1,-1,0.15901106186344566,0
14345,JOB_2464,CV_421,-1,0,0,-1,-1,0.0080762834495878,0
14346,JOB_2464,CV_2514,-1,0,-1,-1,-1,0.0008827918008007309,0
14347,JOB_2464,CV_187,-1,-1,1,-1,-1,0.0015442935692705172,0
14348,JOB_2464,CV_223,-1,0,-1,-1,-1,0.0008827918008007309,0
14349,JOB_2464,CV_116,-1,0,-1,-1,-1,0.0008827918008007309,0
14350,JOB_2464,CV_1070,-1,0,1,-1,-1,0.016728886119059285,0
14351,JOB_2464,CV_611,-1,0,-1,-1,1,0.004445064433151091,0
14352,JOB_2464,CV_3015,-1,0,0,-1,-1,0.0080762834495878,0
14353,JOB_2464,CV_1795,-1,1,-1,-1,1,0.009337905367753526,0
14354,JOB_2464,CV_1355,-1,0,-1,-1,-1,0.0008827918008007309,0
14355,JOB_2464,CV_2858,-1,1,1,-1,-1,0.034672065104421654,0
14356,JOB_2464,CV_1574,-1,-1,1,-1,-1,0.0015442935692705172,0
14357,JOB_2464,CV_884,-1,1,-1,-1,-1,0.0018618453328126804,0
14358,JOB_2464,CV_1517,-1,0,0,-1,-1,0.0080762834495878,0
14359,JOB_2464,CV_3710,-1,0,1,-1,-1,0.016728886119059285,0
14360,JOB_2464,CV_2615,-1,0,-1,-1,1,0.004445064433151091,0
14361,JOB_2464,CV_2537,-1,0,1,-1,-1,0.016728886119059285,0
14362,JOB_2464,CV_2913,-1,0,1,-1,1,0.07916723666250709,0
14363,JOB_2464,CV_2069,-1,0,-1,-1,1,0.004445064433151091,0
14364,JOB_2464,CV_3455,-1,0,-1,-1,-1,0.0008827918008007309,0
14365,JOB_2464,CV_307,1,0,0,-1,-1,0.15901106186344566,0
14366,JOB_2464,CV_1045,-1,-1,-1,-1,-1,8.03182586734358e-05,0
14367,JOB_2464,CV_2672,-1,0,1,-1,-1,0.016728886119059285,0
14368,JOB_2464,CV_1810,1,1,-1,-1,1,0.17958202525048186,0
14369,JOB_2464,CV_1682,-1,0,-1,-1,-1,0.0008827918008007309,0
14370,JOB_2464,CV_1785,1,0,-1,1,1,0.2517738988092962,0
14371,JOB_2464,CV_1252,1,0,1,1,1,0.8662980893274425,1
14372,JOB_2464,CV_2992,-1,0,-1,-1,-1,0.0008827918008007309,0
14373,JOB_2464,CV_1633,-1,-1,1,-1,-1,0.0015442935692705172,0
14374,JOB_2464,CV_3075,-1,0,-1,-1,-1,0.0008827918008007309,0
14375,JOB_2464,CV_3299,-1,1,-1,-1,1,0.009337905367753526,0
14376,JOB_2464,CV_631,-1,0,1,1,-1,0.05232559089768777,0
14377,JOB_2464,CV_2441,-1,0,-1,-1,-1,0.0008827918008007309,0
14378,JOB_2464,CV_3478,-1,0,1,-1,-1,0.016728886119059285,0
14379,JOB_2464,CV_2380,1,1,1,-1,-1,0.454768028774003,0
14380,JOB_2464,CV_137,-1,0,0,-1,-1,0.0080762834495878,0
14381,JOB_2464,CV_1803,-1,0,-1,1,1,0.014283223220999536,0
14382,JOB_2464,CV_2207,-1,-1,1,-1,-1,0.0015442935692705172,0
14383,JOB_2464,CV_1224,-1,1,-1,-1,1,0.009337905367753526,0
14384,JOB_2464,CV_3181,-1,0,1,-1,1,0.07916723666250709,0
14385,JOB_2464,CV_788,1,0,-1,-1,-1,0.02010595680604062,0
14386,JOB_2464,CV_1090,-1,0,-1,-1,-1,0.0008827918008007309,0
14387,JOB_2464,CV_2638,1,1,-1,-1,1,0.17958202525048186,0
14388,JOB_2464,CV_1796,-1,1,0,-1,-1,0.01689829239252925,0
14389,JOB_2464,CV_3744,-1,0,1,-1,-1,0.016728886119059285,0
14390,JOB_2464,CV_3792,-1,1,0,-1,-1,0.01689829239252925,0
14391,JOB_2464,CV_2039,-1,0,1,-1,-1,0.016728886119059285,0
14392,JOB_2464,CV_233,1,0,1,-1,-1,0.2832010598158251,0
14393,JOB_2464,CV_1231,-1,0,1,-1,-1,0.016728886119059285,0
14394,JOB_2464,CV_160,-1,1,-1,1,-1,0.006017180859498359,0
14395,JOB_2464,CV_3414,-1,1,-1,-1,-1,0.0018618453328126804,0
14396,JOB_2464,CV_3533,-1,-1,1,-1,-1,0.0015442935692705172,0
14397,JOB_2464,CV_1963,-1,1,0,-1,-1,0.01689829239252925,0
14398,JOB_2464,CV_3098,-1,0,1,-1,-1,0.016728886119059285,0
14399,JOB_2464,CV_3039,-1,1,1,-1,-1,0.034672065104421654,0
14400,JOB_8988,CV_085,-1,0,1,0,-1,0.02828921519950765,0
14401,JOB_8988,CV_722,-1,1,-1,1,-1,0.006017180859498359,0
14402,JOB_8988,CV_1172,-1,0,1,-1,-1,0.016728886119059285,0
14403,JOB_8988,CV_631,1,1,1,0,-1,0.5880103941462257,1
14404,JOB_8988,CV_1078,-1,1,-1,-1,-1,0.0018618453328126804,0
14405,JOB_8988,CV_3039,-1,0,1,0,1,0.12824728097545876,0
14406,JOB_8988,CV_634,-1,1,-1,0,1,0.01587322249542733,0
14407,JOB_8988,CV_2596,-1,0,-1,-1,-1,0.0008827918008007309,0
14408,JOB_8988,CV_3197,-1,1,1,0,-1,0.05790168407977278,0
14409,JOB_8988,CV_605,-1,-1,-1,0,-1,0.00013742938756156384,0
14410,JOB_8988,CV_2858,-1,1,1,1,-1,0.10439562230127407,0
14411,JOB_8988,CV_2953,-1,1,1,-1,-1,0.034672065104421654,0
14412,JOB_8988,CV_3414,-1,1,-1,1,1,0.029682404125509716,0
14413,JOB_8988,CV_2541,-1,1,-1,0,1,0.01587322249542733,0
14414,JOB_8988,CV_3145,-1,0,1,-1,-1,0.016728886119059285,0
14415,JOB_8988,CV_2877,-1,0,1,0,1,0.12824728097545876,0
14416,JOB_8988,CV_2514,-1,0,-1,0,-1,0.0015096485596628858,0
14417,JOB_8988,CV_3782,-1,1,0,1,-1,0.05283609976798728,0
14418,JOB_8988,CV_2489,-1,1,0,1,-1,0.05283609976798728,0
14419,JOB_8988,CV_251,-1,0,1,0,-1,0.02828921519950765,0
14420,JOB_8988,CV_2207,-1,0,1,0,1,0.12824728097545876,0
14421,JOB_8988,CV_2584,-1,0,-1,1,-1,0.002859298785317209,0
14422,JOB_8988,CV_2537,-1,1,1,0,-1,0.05790168407977278,0
14423,JOB_8988,CV_1031,-1,1,1,1,-1,0.10439562230127407,0
14424,JOB_8988,CV_3181,-1,1,1,1,-1,0.10439562230127407,0
14425,JOB_8988,CV_1019,-1,0,-1,1,-1,0.002859298785317209,0
14426,JOB_8988,CV_3090,1,1,1,0,-1,0.5880103941462257,1
14427,JOB_8988,CV_1971,-1,0,-1,0,-1,0.0015096485596628858,0
14428,JOB_8988,CV_2869,-1,1,-1,-1,-1,0.0018618453328126804,0
14429,JOB_8988,CV_233,-1,1,1,0,1,0.23697590875267444,0
14430,JOB_8988,CV_116,-1,0,-1,0,-1,0.0015096485596628858,0
14431,JOB_8988,CV_2961,-1,1,0,0,-1,0.028572286214813686,0
14432,JOB_8988,CV_2379,-1,0,1,-1,-1,0.016728886119059285,0
14433,JOB_8988,CV_2766,-1,0,1,-1,1,0.07916723666250709,0
14434,JOB_8988,CV_187,-1,0,1,1,-1,0.05232559089768777,0
14435,JOB_8988,CV_2327,-1,1,-1,0,-1,0.003181698906503991,0
14436,JOB_8988,CV_046,-1,-1,0,0,-1,0.0012649722795961807,0
14437,JOB_8988,CV_477,-1,0,1,-1,-1,0.016728886119059285,0
14438,JOB_8988,CV_2445,-1,0,-1,0,-1,0.0015096485596628858,0
14439,JOB_8988,CV_1785,-1,1,-1,0,-1,0.003181698906503991,0
14440,JOB_8988,CV_3962,-1,1,-1,0,1,0.01587322249542733,0
14441,JOB_8988,CV_1355,-1,0,-1,0,-1,0.0015096485596628858,0
14442,JOB_8988,CV_3789,-1,1,1,0,-1,0.05790168407977278,0
14443,JOB_8988,CV_2913,-1,1,1,0,-1,0.05790168407977278,0
14444,JOB_8988,CV_924,-1,1,1,-1,-1,0.034672065104421654,0
14445,JOB_8988,CV_1494,-1,0,1,0,-1,0.02828921519950765,0
14446,JOB_8988,CV_223,-1,1,-1,0,-1,0.003181698906503991,0
14447,JOB_8988,CV_3500,-1,0,1,0,-1,0.02828921519950765,0
14448,JOB_8988,CV_2732,-1,1,-1,1,-1,0.006017180859498359,0
14449,JOB_8988,CV_1682,-1,0,-1,0,-1,0.0015096485596628858,0
14450,JOB_8988,CV_788,-1,1,-1,0,-1,0.003181698906503991,0
14451,JOB_8988,CV_1913,-1,1,1,-1,-1,0.034672065104421654,0
14452,JOB_8988,CV_1517,1,1,0,0,1,0.775357174710294,1
14453,JOB_8988,CV_3173,-1,1,1,0,-1,0.05790168407977278,0
14454,JOB_8988,CV_2653,-1,1,-1,0,-1,0.003181698906503991,0
14455,JOB_8988,CV_1534,-1,0,-1,1,-1,0.002859298785317209,0
14456,JOB_8988,CV_1796,-1,1,0,0,1,0.1293973718407125,0
14457,JOB_8988,CV_2979,1,1,1,0,-1,0.5880103941462257,1
14458,JOB_8988,CV_140,-1,0,-1,1,-1,0.002859298785317209,0
14459,JOB_8988,CV_1751,-1,0,-1,0,1,0.007582239379063284,0
14460,JOB_8988,CV_2015,-1,1,0,-1,-1,0.01689829239252925,0
14461,JOB_8988,CV_813,-1,1,1,-1,-1,0.034672065104421654,0
14462,JOB_8988,CV_3727,-1,0,1,0,-1,0.02828921519950765,0
14463,JOB_8988,CV_3547,-1,1,-1,0,-1,0.003181698906503991,0
14464,JOB_8988,CV_2658,-1,1,-1,0,1,0.01587322249542733,0
14465,JOB_8988,CV_877,-1,0,1,0,-1,0.02828921519950765,0
14466,JOB_8988,CV_3563,-1,1,-1,1,-1,0.006017180859498359,0
14467,JOB_8988,CV_3757,-1,0,-1,0,-1,0.0015096485596628858,0
14468,JOB_8988,CV_3546,-1,1,-1,-1,1,0.009337905367753526,0
14469,JOB_8988,CV_3075,-1,1,-1,0,1,0.01587322249542733,0
14470,JOB_8988,CV_1245,-1,1,1,0,1,0.23697590875267444,0
14471,JOB_8988,CV_433,-1,0,0,0,-1,0.01374087676851104,0
14472,JOB_8988,CV_2069,-1,1,-1,1,-1,0.006017180859498359,0
14473,JOB_8988,CV_3093,-1,0,-1,-1,-1,0.0008827918008007309,0
14474,JOB_8988,CV_1577,-1,0,-1,0,-1,0.0015096485596628858,0
14475,JOB_8988,CV_2239,-1,1,1,-1,-1,0.034672065104421654,0
14476,JOB_8988,CV_1963,-1,1,0,0,-1,0.028572286214813686,0
14477,JOB_8988,CV_2733,-1,1,-1,-1,-1,0.0018618453328126804,0
14478,JOB_8988,CV_246,-1,0,-1,0,-1,0.0015096485596628858,0
14479,JOB_8988,CV_3970,-1,0,-1,-1,-1,0.0008827918008007309,0
14480,JOB_8988,CV_2356,-1,1,-1,0,1,0.01587322249542733,0
14481,JOB_8988,CV_2638,-1,1,-1,1,-1,0.006017180859498359,0
14482,JOB_8988,CV_2038,-1,1,-1,-1,-1,0.0018618453328126804,0
14483,JOB_8988,CV_2579,-1,1,-1,0,-1,0.003181698906503991,0
14484,JOB_8988,CV_3543,-1,0,1,0,-1,0.02828921519950765,0
14485,JOB_8988,CV_1287,-1,1,1,-1,-1,0.034672065104421654,0
14486,JOB_8988,CV_999,-1,1,-1,0,-1,0.003181698906503991,0
14487,JOB_8988,CV_3670,-1,1,-1,0,-1,0.003181698906503991,0
14488,JOB_8988,CV_1015,-1,0,0,0,-1,0.01374087676851104,0
14489,JOB_8988,CV_2341,-1,0,-1,1,1,0.014283223220999536,0
14490,JOB_8988,CV_278,-1,0,1,0,-1,0.02828921519950765,0
14491,JOB_8988,CV_601,-1,0,1,0,1,0.12824728097545876,0
14492,JOB_8988,CV_622,-1,0,0,0,-1,0.01374087676851104,0
14493,JOB_8988,CV_1480,-1,0,-1,0,-1,0.0015096485596628858,0
14494,JOB_8988,CV_3685,-1,1,-1,0,-1,0.003181698906503991,0
14495,JOB_8988,CV_1792,-1,0,1,0,-1,0.02828921519950765,0
14496,JOB_8988,CV_1036,-1,1,1,-1,1,0.15361803787121434,0
14497,JOB_8988,CV_2553,-1,0,1,0,-1,0.02828921519950765,0
14498,JOB_8988,CV_1122,-1,0,1,0,-1,0.02828921519950765,0
14499,JOB_8988,CV_2615,-1,1,-1,1,-1,0.006017180859498359,0
14500,JOB_2131,CV_2476,-1,1,1,-1,-1,0.034672065104421654,0
14501,JOB_2131,CV_3970,-1,0,-1,1,1,0.014283223220999536,0
14502,JOB_2131,CV_869,-1,1,-1,0,-1,0.003181698906503991,0
14503,JOB_2131,CV_1161,-1,0,1,0,-1,0.02828921519950765,0
14504,JOB_2131,CV_296,-1,1,0,0,-1,0.028572286214813686,0
14505,JOB_2131,CV_2365,-1,1,0,1,-1,0.05283609976798728,0
14506,JOB_2131,CV_722,-1,0,-1,0,1,0.007582239379063284,0
14507,JOB_2131,CV_2069,-1,1,-1,0,1,0.01587322249542733,0
14508,JOB_2131,CV_2369,1,0,1,1,-1,0.5618280036801903,1
14509,JOB_2131,CV_2420,-1,0,0,1,-1,0.025743514038269317,0
14510,JOB_2131,CV_1632,-1,1,1,1,-1,0.10439562230127407,0
14511,JOB_2131,CV_433,-1,0,0,0,-1,0.01374087676851104,0
14512,JOB_2131,CV_2769,-1,0,0,0,1,0.06577288027095901,0
14513,JOB_2131,CV_2977,-1,0,1,0,-1,0.02828921519950765,0
14514,JOB_2131,CV_1636,-1,1,1,1,-1,0.10439562230127407,0
14515,JOB_2131,CV_2965,-1,0,1,1,-1,0.05232559089768777,0
14516,JOB_2131,CV_3719,-1,0,-1,0,-1,0.0015096485596628858,0
14517,JOB_2131,CV_263,-1,0,1,1,-1,0.05232559089768777,0
14518,JOB_2131,CV_3500,-1,0,1,0,1,0.12824728097545876,0
14519,JOB_2131,CV_1534,-1,0,-1,0,1,0.007582239379063284,0
14520,JOB_2131,CV_1795,-1,0,-1,0,1,0.007582239379063284,0
14521,JOB_2131,CV_3284,1,1,-1,0,-1,0.06900701774253425,0
14522,JOB_2131,CV_1019,-1,1,-1,0,1,0.01587322249542733,0
14523,JOB_2131,CV_3173,-1,0,1,1,-1,0.05232559089768777,0
14524,JOB_2131,CV_2749,1,1,0,1,-1,0.5643491956570692,1
14525,JOB_2131,CV_2478,-1,-1,1,0,1,0.013197522239432963,0
14526,JOB_2131,CV_216,-1,1,1,0,1,0.23697590875267444,0
14527,JOB_2131,CV_3090,-1,1,1,0,-1,0.05790168407977278,0
14528,JOB_2131,CV_1690,-1,0,0,0,-1,0.01374087676851104,0
14529,JOB_2131,CV_251,-1,0,1,0,-1,0.02828921519950765,0
14530,JOB_2131,CV_187,-1,-1,1,1,-1,0.004994451571761179,0
14531,JOB_2131,CV_3543,-1,0,1,1,-1,0.05232559089768777,0
14532,JOB_2131,CV_2157,-1,1,-1,-1,1,0.009337905367753526,0
14533,JOB_2131,CV_3929,-1,1,0,0,-1,0.028572286214813686,0
14534,JOB_2131,CV_477,1,0,1,-1,1,0.6662769058878664,1
14535,JOB_2131,CV_2033,-1,0,1,0,1,0.12824728097545876,0
14536,JOB_2131,CV_1241,-1,0,1,0,-1,0.02828921519950765,0
14537,JOB_2131,CV_2752,-1,1,1,0,-1,0.05790168407977278,0
14538,JOB_2131,CV_964,1,1,1,0,-1,0.5880103941462257,1
14539,JOB_2131,CV_3181,-1,0,1,0,1,0.12824728097545876,0
14540,JOB_2131,CV_223,-1,1,-1,0,-1,0.003181698906503991,0
14541,JOB_2131,CV_1138,1,1,1,0,-1,0.5880103941462257,1
14542,JOB_2131,CV_2038,-1,1,-1,-1,1,0.009337905367753526,0
14543,JOB_2131,CV_3710,-1,0,1,1,-1,0.05232559089768777,0
14544,JOB_2131,CV_1971,-1,1,-1,0,-1,0.003181698906503991,0
14545,JOB_2131,CV_2039,-1,0,1,0,-1,0.02828921519950765,0
14546,JOB_2131,CV_1633,-1,0,1,0,-1,0.02828921519950765,0
14547,JOB_2131,CV_3636,-1,0,-1,-1,-1,0.0008827918008007309,0
14548,JOB_2131,CV_176,-1,0,-1,0,1,0.007582239379063284,0
14549,JOB_2131,CV_813,-1,0,1,-1,1,0.07916723666250709,0
14550,JOB_2131,CV_1252,1,0,1,-1,1,0.6662769058878664,1
14551,JOB_2131,CV_2380,1,1,1,0,-1,0.5880103941462257,1
14552,JOB_2131,CV_618,-1,1,1,0,1,0.23697590875267444,0
14553,JOB_2131,CV_2415,-1,-1,1,-1,-1,0.0015442935692705172,0
14554,JOB_2131,CV_532,-1,0,1,0,-1,0.02828921519950765,0
14555,JOB_2131,CV_040,-1,-1,-1,0,-1,0.00013742938756156384,0
14556,JOB_2131,CV_2858,-1,1,1,0,-1,0.05790168407977278,0
14557,JOB_2131,CV_392,-1,-1,-1,0,1,0.0006940787367398552,0
14558,JOB_2131,CV_665,-1,-1,1,1,-1,0.004994451571761179,0
14559,JOB_2131,CV_2555,-1,1,-1,1,-1,0.006017180859498359,0
14560,JOB_2131,CV_1309,-1,-1,-1,0,-1,0.00013742938756156384,0
14561,JOB_2131,CV_661,-1,1,-1,0,-1,0.003181698906503991,0
14562,JOB_2131,CV_2658,-1,0,-1,0,-1,0.0015096485596628858,0
14563,JOB_2131,CV_1618,-1,1,1,1,-1,0.10439562230127407,0
14564,JOB_2131,CV_160,-1,0,-1,-1,-1,0.0008827918008007309,0
14565,JOB_2131,CV_2495,-1,0,-1,0,1,0.007582239379063284,0
14566,JOB_2131,CV_2574,-1,-1,-1,0,-1,0.00013742938756156384,0
14567,JOB_2131,CV_1172,-1,0,1,-1,1,0.07916723666250709,0
14568,JOB_2131,CV_1480,-1,0,-1,0,1,0.007582239379063284,0
14569,JOB_2131,CV_3945,-1,0,0,0,-1,0.01374087676851104,0
14570,JOB_2131,CV_2207,-1,-1,1,0,-1,0.002639631480061397,0
14571,JOB_2131,CV_1742,-1,0,1,0,-1,0.02828921519950765,0
14572,JOB_2131,CV_1913,-1,1,1,0,1,0.23697590875267444,0
14573,JOB_2131,CV_1085,-1,0,-1,0,1,0.007582239379063284,0
14574,JOB_2131,CV_3176,-1,0,0,-1,-1,0.0080762834495878,0
14575,JOB_2131,CV_2596,-1,-1,-1,-1,-1,8.03182586734358e-05,0
14576,JOB_2131,CV_1090,-1,1,-1,0,-1,0.003181698906503991,0
14577,JOB_2131,CV_1781,-1,0,-1,0,1,0.007582239379063284,0
14578,JOB_2131,CV_1785,-1,0,-1,0,1,0.007582239379063284,0
14579,JOB_2131,CV_2718,-1,-1,0,0,-1,0.0012649722795961807,0
14580,JOB_2131,CV_337,-1,0,-1,0,1,0.007582239379063284,0
14581,JOB_2131,CV_2015,-1,1,0,-1,-1,0.01689829239252925,0
14582,JOB_2131,CV_2991,-1,1,1,1,1,0.3706850697644348,0
14583,JOB_2131,CV_2766,-1,0,1,-1,-1,0.016728886119059285,0
14584,JOB_2131,CV_2913,-1,1,1,0,1,0.23697590875267444,0
14585,JOB_2131,CV_3563,-1,1,-1,0,1,0.01587322249542733,0
14586,JOB_2131,CV_3722,-1,0,-1,0,-1,0.0015096485596628858,0
14587,JOB_2131,CV_3547,-1,1,-1,0,-1,0.003181698906503991,0
14588,JOB_2131,CV_2177,-1,1,1,-1,-1,0.034672065104421654,0
14589,JOB_2131,CV_999,-1,0,-1,0,-1,0.0015096485596628858,0
14590,JOB_2131,CV_2653,-1,0,-1,0,-1,0.0015096485596628858,0
14591,JOB_2131,CV_1036,-1,1,1,0,-1,0.05790168407977278,0
14592,JOB_2131,CV_2385,-1,0,-1,0,1,0.007582239379063284,0
14593,JOB_2131,CV_594,-1,0,1,0,-1,0.02828921519950765,0
14594,JOB_2131,CV_2379,-1,-1,1,-1,-1,0.0015442935692705172,0
14595,JOB_2131,CV_631,-1,1,1,0,-1,0.05790168407977278,0
14596,JOB_2131,CV_505,-1,1,1,0,-1,0.05790168407977278,0
14597,JOB_2131,CV_2550,-1,0,-1,0,-1,0.0015096485596628858,0
14598,JOB_2131,CV_3782,-1,0,0,0,-1,0.01374087676851104,0
14599,JOB_2131,CV_1682,-1,0,-1,0,-1,0.0015096485596628858,0
14600,JOB_12093,CV_1793,-1,1,-1,-1,1,0.009337905367753526,0
14601,JOB_12093,CV_2638,-1,0,-1,-1,1,0.004445064433151091,0
14602,JOB_12093,CV_2537,-1,0,1,-1,-1,0.016728886119059285,0
14603,JOB_12093,CV_3791,-1,0,1,-1,1,0.07916723666250709,0
14604,JOB_12093,CV_665,-1,-1,1,-1,-1,0.0015442935692705172,0
14605,JOB_12093,CV_1751,-1,0,-1,-1,-1,0.0008827918008007309,0
14606,JOB_12093,CV_3039,-1,0,1,-1,-1,0.016728886119059285,0
14607,JOB_12093,CV_3284,-1,1,-1,-1,-1,0.0018618453328126804,0
14608,JOB_12093,CV_1161,-1,0,1,-1,-1,0.016728886119059285,0
14609,JOB_12093,CV_2445,-1,0,-1,-1,1,0.004445064433151091,0
14610,JOB_12093,CV_634,-1,0,-1,-1,-1,0.0008827918008007309,0
14611,JOB_12093,CV_2718,-1,0,0,-1,-1,0.0080762834495878,0
14612,JOB_12093,CV_3923,-1,0,1,-1,1,0.07916723666250709,0
14613,JOB_12093,CV_1963,-1,0,0,-1,-1,0.0080762834495878,0
14614,JOB_12093,CV_160,-1,0,-1,-1,-1,0.0008827918008007309,0
14615,JOB_12093,CV_1231,-1,1,1,-1,-1,0.034672065104421654,0
14616,JOB_12093,CV_3727,-1,0,1,-1,1,0.07916723666250709,0
14617,JOB_12093,CV_3399,-1,1,1,-1,-1,0.034672065104421654,0
14618,JOB_12093,CV_2380,-1,1,1,-1,-1,0.034672065104421654,0
14619,JOB_12093,CV_2596,-1,-1,-1,-1,-1,8.03182586734358e-05,0
14620,JOB_12093,CV_631,-1,0,1,-1,-1,0.016728886119059285,0
14621,JOB_12093,CV_1913,-1,0,1,-1,1,0.07916723666250709,0
14622,JOB_12093,CV_3145,-1,0,1,-1,1,0.07916723666250709,0
14623,JOB_12093,CV_2166,-1,0,-1,-1,-1,0.0008827918008007309,0
14624,JOB_12093,CV_3789,-1,0,1,-1,-1,0.016728886119059285,0
14625,JOB_12093,CV_2492,-1,0,1,-1,-1,0.016728886119059285,0
14626,JOB_12093,CV_3051,-1,-1,1,-1,-1,0.0015442935692705172,0
14627,JOB_12093,CV_2039,-1,0,1,-1,-1,0.016728886119059285,0
14628,JOB_12093,CV_2732,-1,1,-1,-1,-1,0.0018618453328126804,0
14629,JOB_12093,CV_2038,-1,1,-1,-1,1,0.009337905367753526,0
14630,JOB_12093,CV_3945,-1,0,0,-1,-1,0.0080762834495878,0
14631,JOB_12093,CV_3710,-1,0,1,-1,-1,0.016728886119059285,0
14632,JOB_12093,CV_594,-1,0,1,-1,-1,0.016728886119059285,0
14633,JOB_12093,CV_2752,-1,1,1,-1,-1,0.034672065104421654,0
14634,JOB_12093,CV_1993,-1,0,-1,-1,-1,0.0008827918008007309,0
14635,JOB_12093,CV_1682,-1,0,-1,-1,-1,0.0008827918008007309,0
14636,JOB_12093,CV_3299,-1,0,-1,-1,1,0.004445064433151091,0
14637,JOB_12093,CV_3753,-1,0,-1,-1,-1,0.0008827918008007309,0
14638,JOB_12093,CV_3625,-1,0,-1,-1,1,0.004445064433151091,0
14639,JOB_12093,CV_2514,-1,1,-1,-1,-1,0.0018618453328126804,0
14640,JOB_12093,CV_3657,-1,1,1,-1,-1,0.034672065104421654,0
14641,JOB_12093,CV_046,-1,0,0,-1,-1,0.0080762834495878,0
14642,JOB_12093,CV_538,-1,0,1,-1,1,0.07916723666250709,0
14643,JOB_12093,CV_3782,-1,0,0,-1,-1,0.0080762834495878,0
14644,JOB_12093,CV_3949,-1,0,1,-1,1,0.07916723666250709,0
14645,JOB_12093,CV_1636,-1,0,1,-1,-1,0.016728886119059285,0
14646,JOB_12093,CV_3181,-1,0,1,-1,1,0.07916723666250709,0
14647,JOB_12093,CV_3546,-1,1,-1,-1,-1,0.0018618453328126804,0
14648,JOB_12093,CV_2385,-1,1,-1,-1,1,0.009337905367753526,0
14649,JOB_12093,CV_3636,-1,0,-1,-1,-1,0.0008827918008007309,0
14650,JOB_12093,CV_1517,-1,1,0,-1,-1,0.01689829239252925,0
14651,JOB_12093,CV_1792,-1,0,1,-1,-1,0.016728886119059285,0
14652,JOB_12093,CV_3093,-1,0,-1,-1,-1,0.0008827918008007309,0
14653,JOB_12093,CV_2555,-1,1,-1,-1,-1,0.0018618453328126804,0
14654,JOB_12093,CV_2177,-1,0,1,-1,-1,0.016728886119059285,0
14655,JOB_12093,CV_388,-1,0,-1,-1,-1,0.0008827918008007309,0
14656,JOB_12093,CV_2478,-1,-1,1,-1,1,0.0077551622213322515,0
14657,JOB_12093,CV_1639,-1,0,1,-1,-1,0.016728886119059285,0
14658,JOB_12093,CV_421,-1,0,0,-1,-1,0.0080762834495878,0
14659,JOB_12093,CV_2553,-1,0,1,-1,-1,0.016728886119059285,0
14660,JOB_12093,CV_2574,-1,0,-1,-1,-1,0.0008827918008007309,0
14661,JOB_12093,CV_1844,-1,1,1,-1,-1,0.034672065104421654,0
14662,JOB_12093,CV_1618,-1,1,1,1,-1,0.10439562230127407,0
14663,JOB_12093,CV_263,-1,0,1,1,-1,0.05232559089768777,0
14664,JOB_12093,CV_2961,-1,1,0,-1,1,0.07991753891832785,0
14665,JOB_12093,CV_1090,-1,0,-1,-1,-1,0.0008827918008007309,0
14666,JOB_12093,CV_3647,-1,-1,1,-1,-1,0.0015442935692705172,0
14667,JOB_12093,CV_2415,-1,0,1,-1,-1,0.016728886119059285,0
14668,JOB_12093,CV_2541,-1,0,-1,-1,-1,0.0008827918008007309,0
14669,JOB_12093,CV_1961,-1,0,1,-1,1,0.07916723666250709,0
14670,JOB_12093,CV_2441,-1,1,-1,-1,-1,0.0018618453328126804,0
14671,JOB_12093,CV_2979,-1,0,1,-1,-1,0.016728886119059285,0
14672,JOB_12093,CV_2356,-1,1,-1,-1,-1,0.0018618453328126804,0
14673,JOB_12093,CV_2157,-1,0,-1,-1,1,0.004445064433151091,0
14674,JOB_12093,CV_964,-1,1,1,-1,-1,0.034672065104421654,0
14675,JOB_12093,CV_1015,-1,0,0,-1,1,0.03951787161985485,0
14676,JOB_12093,CV_2207,-1,0,1,-1,-1,0.016728886119059285,0
14677,JOB_12093,CV_3455,-1,0,-1,-1,-1,0.0008827918008007309,0
14678,JOB_12093,CV_233,-1,0,1,-1,-1,0.016728886119059285,0
14679,JOB_12093,CV_1632,-1,0,1,-1,-1,0.016728886119059285,0
14680,JOB_12093,CV_1068,-1,0,-1,-1,-1,0.0008827918008007309,0
14681,JOB_12093,CV_2365,-1,0,0,-1,-1,0.0080762834495878,0
14682,JOB_12093,CV_246,-1,0,-1,-1,-1,0.0008827918008007309,0
14683,JOB_12093,CV_1796,-1,1,0,-1,-1,0.01689829239252925,0
14684,JOB_12093,CV_505,-1,0,1,-1,-1,0.016728886119059285,0
14685,JOB_12093,CV_2294,-1,0,0,-1,-1,0.0080762834495878,0
14686,JOB_12093,CV_1085,-1,0,-1,-1,1,0.004445064433151091,0
14687,JOB_12093,CV_2495,-1,0,-1,-1,1,0.004445064433151091,0
14688,JOB_12093,CV_1810,-1,1,-1,-1,1,0.009337905367753526,0
14689,JOB_12093,CV_140,-1,0,-1,-1,1,0.004445064433151091,0
14690,JOB_12093,CV_2869,-1,0,-1,-1,1,0.004445064433151091,0
14691,JOB_12093,CV_085,-1,1,1,-1,-1,0.034672065104421654,0
14692,JOB_12093,CV_1325,-1,0,1,-1,-1,0.016728886119059285,0
14693,JOB_12093,CV_1494,-1,1,1,-1,1,0.15361803787121434,0
14694,JOB_12093,CV_2733,-1,0,-1,-1,-1,0.0008827918008007309,0
14695,JOB_12093,CV_879,-1,0,1,-1,-1,0.016728886119059285,0
14696,JOB_12093,CV_3962,-1,0,-1,-1,1,0.004445064433151091,0
14697,JOB_12093,CV_481,-1,0,-1,-1,1,0.004445064433151091,0
14698,JOB_12093,CV_2769,-1,0,0,-1,1,0.03951787161985485,0
14699,JOB_12093,CV_2402,-1,0,0,-1,-1,0.0080762834495878,0
14700,JOB_14292,CV_2166,-1,1,-1,1,-1,0.006017180859498359,0
14701,JOB_14292,CV_788,1,0,-1,-1,-1,0.02010595680604062,0
14702,JOB_14292,CV_879,-1,0,1,-1,-1,0.016728886119059285,0
14703,JOB_14292,CV_187,-1,0,1,-1,-1,0.016728886119059285,0
14704,JOB_14292,CV_618,-1,1,1,1,-1,0.10439562230127407,0
14705,JOB_14292,CV_3094,-1,0,-1,-1,-1,0.0008827918008007309,0
14706,JOB_14292,CV_505,-1,0,1,-1,1,0.07916723666250709,0
14707,JOB_14292,CV_3145,-1,0,1,-1,-1,0.016728886119059285,0
14708,JOB_14292,CV_1574,-1,0,1,-1,-1,0.016728886119059285,0
14709,JOB_14292,CV_337,-1,1,-1,-1,-1,0.0018618453328126804,0
14710,JOB_14292,CV_3657,-1,1,1,1,-1,0.10439562230127407,0
14711,JOB_14292,CV_3093,-1,0,-1,-1,-1,0.0008827918008007309,0
14712,JOB_14292,CV_1241,-1,1,1,1,-1,0.10439562230127407,0
14713,JOB_14292,CV_3500,-1,0,1,-1,-1,0.016728886119059285,0
14714,JOB_14292,CV_3075,-1,0,-1,-1,1,0.004445064433151091,0
14715,JOB_14292,CV_1577,-1,1,-1,-1,-1,0.0018618453328126804,0
14716,JOB_14292,CV_2615,-1,1,-1,-1,-1,0.0018618453328126804,0
14717,JOB_14292,CV_3090,-1,1,1,-1,-1,0.034672065104421654,0
14718,JOB_14292,CV_251,-1,0,1,-1,-1,0.016728886119059285,0
14719,JOB_14292,CV_1078,-1,1,-1,-1,-1,0.0018618453328126804,0
14720,JOB_14292,CV_2038,-1,1,-1,-1,-1,0.0018618453328126804,0
14721,JOB_14292,CV_1793,-1,0,-1,-1,-1,0.0008827918008007309,0
14722,JOB_14292,CV_2977,-1,1,1,-1,-1,0.034672065104421654,0
14723,JOB_14292,CV_3478,-1,1,1,-1,1,0.15361803787121434,0
14724,JOB_14292,CV_1031,-1,1,1,-1,-1,0.034672065104421654,0
14725,JOB_14292,CV_1796,-1,1,0,-1,1,0.07991753891832785,0
14726,JOB_14292,CV_1844,1,1,1,-1,-1,0.454768028774003,0
14727,JOB_14292,CV_1785,-1,1,-1,-1,-1,0.0018618453328126804,0
14728,JOB_14292,CV_392,-1,0,-1,-1,-1,0.0008827918008007309,0
14729,JOB_14292,CV_160,-1,1,-1,-1,1,0.009337905367753526,0
14730,JOB_14292,CV_223,-1,0,-1,-1,-1,0.0008827918008007309,0
14731,JOB_14292,CV_1639,-1,1,1,-1,1,0.15361803787121434,0
14732,JOB_14292,CV_2069,-1,1,-1,-1,-1,0.0018618453328126804,0
14733,JOB_14292,CV_3200,1,1,1,-1,-1,0.454768028774003,0
14734,JOB_14292,CV_1325,-1,1,1,-1,1,0.15361803787121434,0
14735,JOB_14292,CV_3625,-1,1,-1,-1,-1,0.0018618453328126804,0
14736,JOB_14292,CV_964,1,1,1,-1,-1,0.454768028774003,0
14737,JOB_14292,CV_3098,-1,1,1,1,-1,0.10439562230127407,0
14738,JOB_14292,CV_2415,-1,0,1,-1,-1,0.016728886119059285,0
14739,JOB_14292,CV_2157,-1,1,-1,1,-1,0.006017180859498359,0
14740,JOB_14292,CV_2341,-1,0,-1,-1,1,0.004445064433151091,0
14741,JOB_14292,CV_1151,-1,0,-1,-1,-1,0.0008827918008007309,0
14742,JOB_14292,CV_884,-1,1,-1,-1,-1,0.0018618453328126804,0
14743,JOB_14292,CV_2441,-1,1,-1,-1,-1,0.0018618453328126804,0
14744,JOB_14292,CV_3792,-1,1,0,-1,-1,0.01689829239252925,0
14745,JOB_14292,CV_2869,-1,1,-1,-1,-1,0.0018618453328126804,0
14746,JOB_14292,CV_634,-1,1,-1,-1,1,0.009337905367753526,0
14747,JOB_14292,CV_2239,-1,1,1,-1,-1,0.034672065104421654,0
14748,JOB_14292,CV_3284,1,1,-1,-1,-1,0.04151838996869751,0
14749,JOB_14292,CV_1881,-1,1,0,-1,1,0.07991753891832785,0
14750,JOB_14292,CV_661,-1,0,-1,-1,-1,0.0008827918008007309,0
14751,JOB_14292,CV_233,-1,1,1,-1,1,0.15361803787121434,0
14752,JOB_14292,CV_3663,-1,1,1,-1,-1,0.034672065104421654,0
14753,JOB_14292,CV_1781,-1,0,-1,-1,-1,0.0008827918008007309,0
14754,JOB_14292,CV_2965,-1,1,1,-1,1,0.15361803787121434,0
14755,JOB_14292,CV_388,1,1,-1,-1,1,0.17958202525048186,0
14756,JOB_14292,CV_1161,-1,1,1,-1,-1,0.034672065104421654,0
14757,JOB_14292,CV_046,-1,0,0,-1,-1,0.0080762834495878,0
14758,JOB_14292,CV_2733,-1,1,-1,-1,-1,0.0018618453328126804,0
14759,JOB_14292,CV_3176,-1,1,0,-1,-1,0.01689829239252925,0
14760,JOB_14292,CV_2177,-1,1,1,-1,-1,0.034672065104421654,0
14761,JOB_14292,CV_2253,-1,1,1,-1,-1,0.034672065104421654,0
14762,JOB_14292,CV_2766,-1,0,1,-1,1,0.07916723666250709,0
14763,JOB_14292,CV_2718,-1,1,0,-1,-1,0.01689829239252925,0
14764,JOB_14292,CV_2313,-1,1,-1,-1,-1,0.0018618453328126804,0
14765,JOB_14292,CV_1632,-1,1,1,-1,-1,0.034672065104421654,0
14766,JOB_14292,CV_1245,1,0,1,1,1,0.8662980893274425,1
14767,JOB_14292,CV_1068,1,1,-1,-1,-1,0.04151838996869751,0
14768,JOB_14292,CV_1380,-1,1,1,-1,-1,0.034672065104421654,0
14769,JOB_14292,CV_3563,-1,1,-1,-1,-1,0.0018618453328126804,0
14770,JOB_14292,CV_3782,-1,1,0,-1,-1,0.01689829239252925,0
14771,JOB_14292,CV_3722,-1,1,-1,-1,-1,0.0018618453328126804,0
14772,JOB_14292,CV_080,-1,1,1,-1,-1,0.034672065104421654,0
14773,JOB_14292,CV_1633,-1,0,1,-1,-1,0.016728886119059285,0
14774,JOB_14292,CV_3949,-1,1,1,-1,-1,0.034672065104421654,0
14775,JOB_14292,CV_3719,-1,1,-1,-1,-1,0.0018618453328126804,0
14776,JOB_14292,CV_1742,-1,1,1,-1,1,0.15361803787121434,0
14777,JOB_14292,CV_2379,-1,0,1,1,-1,0.05232559089768777,0
14778,JOB_14292,CV_2420,-1,0,0,-1,1,0.03951787161985485,0
14779,JOB_14292,CV_2769,-1,0,0,-1,-1,0.0080762834495878,0
14780,JOB_14292,CV_3051,-1,0,1,-1,-1,0.016728886119059285,0
14781,JOB_14292,CV_1803,-1,1,-1,-1,-1,0.0018618453328126804,0
14782,JOB_14292,CV_2495,1,1,-1,-1,-1,0.04151838996869751,0
14783,JOB_14292,CV_1961,1,1,1,-1,-1,0.454768028774003,0
14784,JOB_14292,CV_999,1,1,-1,-1,-1,0.04151838996869751,0
14785,JOB_14292,CV_1792,-1,0,1,-1,-1,0.016728886119059285,0
14786,JOB_14292,CV_1971,-1,0,-1,-1,-1,0.0008827918008007309,0
14787,JOB_14292,CV_1898,-1,1,1,-1,-1,0.034672065104421654,0
14788,JOB_14292,CV_3088,-1,1,1,-1,-1,0.034672065104421654,0
14789,JOB_14292,CV_3636,-1,1,-1,-1,-1,0.0018618453328126804,0
14790,JOB_14292,CV_929,-1,0,1,1,1,0.21814771844744296,0
14791,JOB_14292,CV_1015,-1,0,0,-1,-1,0.0080762834495878,0
14792,JOB_14292,CV_1687,-1,1,1,-1,-1,0.034672065104421654,0
14793,JOB_14292,CV_3733,-1,1,-1,-1,-1,0.0018618453328126804,0
14794,JOB_14292,CV_601,-1,1,1,-1,1,0.15361803787121434,0
14795,JOB_14292,CV_611,-1,1,-1,-1,-1,0.0018618453328126804,0
14796,JOB_14292,CV_216,-1,0,1,-1,-1,0.016728886119059285,0
14797,JOB_14292,CV_3414,1,1,-1,-1,1,0.17958202525048186,0
14798,JOB_14292,CV_1517,-1,0,0,-1,1,0.03951787161985485,0
14799,JOB_14292,CV_1019,-1,0,-1,-1,-1,0.0008827918008007309,0
14800,JOB_2814,CV_233,-1,0,1,0,-1,0.02828921519950765,0
14801,JOB_2814,CV_176,-1,-1,-1,0,-1,0.00013742938756156384,0
14802,JOB_2814,CV_246,-1,0,-1,0,-1,0.0015096485596628858,0
14803,JOB_2814,CV_3962,-1,1,-1,1,-1,0.006017180859498359,0
14804,JOB_2814,CV_388,-1,-1,-1,-1,-1,8.03182586734358e-05,0
14805,JOB_2814,CV_2207,-1,-1,1,0,-1,0.002639631480061397,0
14806,JOB_2814,CV_3685,-1,0,-1,1,-1,0.002859298785317209,0
14807,JOB_2814,CV_3455,-1,-1,-1,-1,-1,8.03182586734358e-05,0
14808,JOB_2814,CV_2977,-1,1,1,0,-1,0.05790168407977278,0
14809,JOB_2814,CV_116,-1,0,-1,0,-1,0.0015096485596628858,0
14810,JOB_2814,CV_1309,-1,-1,-1,0,-1,0.00013742938756156384,0
14811,JOB_2814,CV_3094,-1,-1,-1,0,-1,0.00013742938756156384,0
14812,JOB_2814,CV_2239,-1,0,1,-1,-1,0.016728886119059285,0
14813,JOB_2814,CV_3636,-1,-1,-1,-1,-1,8.03182586734358e-05,0
14814,JOB_2814,CV_2553,-1,-1,1,0,-1,0.002639631480061397,0
14815,JOB_2814,CV_421,-1,1,0,0,-1,0.028572286214813686,0
14816,JOB_2814,CV_3088,-1,0,1,0,-1,0.02828921519950765,0
14817,JOB_2814,CV_3753,-1,0,-1,0,-1,0.0015096485596628858,0
14818,JOB_2814,CV_1785,-1,-1,-1,0,-1,0.00013742938756156384,0
14819,JOB_2814,CV_618,-1,0,1,0,-1,0.02828921519950765,0
14820,JOB_2814,CV_1517,-1,1,0,0,-1,0.028572286214813686,0
14821,JOB_2814,CV_2015,-1,0,0,-1,-1,0.0080762834495878,0
14822,JOB_2814,CV_2024,-1,0,1,0,-1,0.02828921519950765,0
14823,JOB_2814,CV_532,-1,-1,1,0,-1,0.002639631480061397,0
14824,JOB_2814,CV_665,-1,-1,1,0,-1,0.002639631480061397,0
14825,JOB_2814,CV_3792,-1,1,0,-1,-1,0.01689829239252925,0
14826,JOB_2814,CV_2327,-1,-1,-1,0,-1,0.00013742938756156384,0
14827,JOB_2814,CV_2672,-1,-1,1,-1,-1,0.0015442935692705172,0
14828,JOB_2814,CV_3563,-1,0,-1,0,-1,0.0015096485596628858,0
14829,JOB_2814,CV_3478,-1,0,1,0,-1,0.02828921519950765,0
14830,JOB_2814,CV_622,-1,-1,0,0,-1,0.0012649722795961807,0
14831,JOB_2814,CV_929,-1,-1,1,-1,-1,0.0015442935692705172,0
14832,JOB_2814,CV_1252,-1,-1,1,-1,-1,0.0015442935692705172,0
14833,JOB_2814,CV_3414,-1,0,-1,0,-1,0.0015096485596628858,0
14834,JOB_2814,CV_2574,-1,-1,-1,0,-1,0.00013742938756156384,0
14835,JOB_2814,CV_2858,-1,0,1,0,-1,0.02828921519950765,0
14836,JOB_2814,CV_223,-1,0,-1,0,-1,0.0015096485596628858,0
14837,JOB_2814,CV_538,-1,-1,1,-1,-1,0.0015442935692705172,0
14838,JOB_2814,CV_1031,-1,0,1,0,-1,0.02828921519950765,0
14839,JOB_2814,CV_3719,-1,1,-1,1,-1,0.006017180859498359,0
14840,JOB_2814,CV_3625,-1,-1,-1,0,-1,0.00013742938756156384,0
14841,JOB_2814,CV_2495,-1,-1,-1,0,-1,0.00013742938756156384,0
14842,JOB_2814,CV_3929,-1,0,0,1,-1,0.025743514038269317,0
14843,JOB_2814,CV_1355,-1,0,-1,1,-1,0.002859298785317209,0
14844,JOB_2814,CV_2415,-1,-1,1,-1,-1,0.0015442935692705172,0
14845,JOB_2814,CV_307,-1,-1,0,0,-1,0.0012649722795961807,0
14846,JOB_2814,CV_1480,-1,1,-1,1,-1,0.006017180859498359,0
14847,JOB_2814,CV_2177,-1,-1,1,-1,-1,0.0015442935692705172,0
14848,JOB_2814,CV_085,-1,0,1,1,-1,0.05232559089768777,0
14849,JOB_2814,CV_1172,-1,-1,1,-1,-1,0.0015442935692705172,0
14850,JOB_2814,CV_2369,-1,-1,1,0,-1,0.002639631480061397,0
14851,JOB_2814,CV_3176,-1,1,0,-1,-1,0.01689829239252925,0
14852,JOB_2814,CV_1122,-1,0,1,0,-1,0.02828921519950765,0
14853,JOB_2814,CV_2638,-1,1,-1,0,-1,0.003181698906503991,0
14854,JOB_2814,CV_477,-1,-1,1,-1,-1,0.0015442935692705172,0
14855,JOB_2814,CV_601,-1,-1,1,0,-1,0.002639631480061397,0
14856,JOB_2814,CV_1224,-1,0,-1,0,-1,0.0015096485596628858,0
14857,JOB_2814,CV_2749,-1,0,0,0,-1,0.01374087676851104,0
14858,JOB_2814,CV_392,-1,-1,-1,1,-1,0.00026061368312641647,0
14859,JOB_2814,CV_1993,-1,0,-1,0,-1,0.0015096485596628858,0
14860,JOB_2814,CV_605,-1,-1,-1,0,-1,0.00013742938756156384,0
14861,JOB_2814,CV_137,-1,0,0,0,-1,0.01374087676851104,0
14862,JOB_2814,CV_1682,-1,-1,-1,0,-1,0.00013742938756156384,0
14863,JOB_2814,CV_1534,-1,1,-1,0,-1,0.003181698906503991,0
14864,JOB_2814,CV_3284,-1,0,-1,1,-1,0.002859298785317209,0
14865,JOB_2814,CV_3429,-1,-1,-1,-1,-1,8.03182586734358e-05,0
14866,JOB_2814,CV_3181,-1,1,1,0,-1,0.05790168407977278,0
14867,JOB_2814,CV_2615,-1,1,-1,0,-1,0.003181698906503991,0
14868,JOB_2814,CV_2356,-1,1,-1,1,-1,0.006017180859498359,0
14869,JOB_2814,CV_337,-1,0,-1,0,-1,0.0015096485596628858,0
14870,JOB_2814,CV_631,-1,0,1,0,1,0.12824728097545876,0
14871,JOB_2814,CV_2069,-1,1,-1,0,-1,0.003181698906503991,0
14872,JOB_2814,CV_1898,-1,0,1,0,-1,0.02828921519950765,0
14873,JOB_2814,CV_3738,-1,0,1,0,-1,0.02828921519950765,0
14874,JOB_2814,CV_2380,-1,0,1,1,-1,0.05232559089768777,0
14875,JOB_2814,CV_2913,-1,0,1,0,-1,0.02828921519950765,0
14876,JOB_2814,CV_1494,-1,0,1,0,-1,0.02828921519950765,0
14877,JOB_2814,CV_1810,-1,0,-1,0,-1,0.0015096485596628858,0
14878,JOB_2814,CV_3543,-1,0,1,0,-1,0.02828921519950765,0
14879,JOB_2814,CV_1287,-1,0,1,-1,-1,0.016728886119059285,0
14880,JOB_2814,CV_2830,-1,-1,0,0,-1,0.0012649722795961807,0
14881,JOB_2814,CV_1795,-1,1,-1,1,-1,0.006017180859498359,0
14882,JOB_2814,CV_278,-1,1,1,0,-1,0.05790168407977278,0
14883,JOB_2814,CV_1245,-1,-1,1,0,-1,0.002639631480061397,0
14884,JOB_2814,CV_1636,-1,0,1,0,-1,0.02828921519950765,0
14885,JOB_2814,CV_2313,-1,0,-1,-1,-1,0.0008827918008007309,0
14886,JOB_2814,CV_2541,-1,0,-1,1,-1,0.002859298785317209,0
14887,JOB_2814,CV_2039,-1,0,1,0,-1,0.02828921519950765,0
14888,JOB_2814,CV_1690,-1,1,0,1,-1,0.05283609976798728,0
14889,JOB_2814,CV_2991,-1,0,1,0,-1,0.02828921519950765,0
14890,JOB_2814,CV_2476,-1,1,1,-1,-1,0.034672065104421654,0
14891,JOB_2814,CV_1971,-1,0,-1,0,-1,0.0015096485596628858,0
14892,JOB_2814,CV_3945,-1,-1,0,0,-1,0.0012649722795961807,0
14893,JOB_2814,CV_2157,-1,-1,-1,-1,-1,8.03182586734358e-05,0
14894,JOB_2814,CV_3710,-1,-1,1,0,-1,0.002639631480061397,0
14895,JOB_2814,CV_272,-1,0,-1,0,-1,0.0015096485596628858,0
14896,JOB_2814,CV_2555,-1,1,-1,0,-1,0.003181698906503991,0
14897,JOB_2814,CV_634,-1,-1,-1,1,-1,0.00026061368312641647,0
14898,JOB_2814,CV_040,-1,-1,-1,0,-1,0.00013742938756156384,0
14899,JOB_2814,CV_2769,-1,-1,0,0,-1,0.0012649722795961807,0
15000,JOB_10330,CV_879,-1,1,1,-1,-1,0.034672065104421654,0
15001,JOB_10330,CV_3710,-1,-1,1,-1,-1,0.0015442935692705172,0
15002,JOB_10330,CV_2327,-1,0,-1,-1,-1,0.0008827918008007309,0
15003,JOB_10330,CV_1224,-1,1,-1,-1,1,0.009337905367753526,0
15004,JOB_10330,CV_469,-1,1,1,-1,-1,0.034672065104421654,0
15005,JOB_10330,CV_1807,-1,0,1,-1,1,0.07916723666250709,0
15006,JOB_10330,CV_1792,-1,-1,1,-1,-1,0.0015442935692705172,0
15007,JOB_10330,CV_618,-1,0,1,-1,1,0.07916723666250709,0
15008,JOB_10330,CV_1070,-1,1,1,-1,-1,0.034672065104421654,0
15009,JOB_10330,CV_2207,-1,0,1,-1,-1,0.016728886119059285,0
15010,JOB_10330,CV_1015,-1,0,0,-1,1,0.03951787161985485,0
15011,JOB_10330,CV_3533,-1,0,1,-1,-1,0.016728886119059285,0
15012,JOB_10330,CV_2718,-1,-1,0,-1,-1,0.0007396380664553713,0
15013,JOB_10330,CV_337,-1,1,-1,-1,1,0.009337905367753526,0
15014,JOB_10330,CV_1639,-1,-1,1,-1,-1,0.0015442935692705172,0
15015,JOB_10330,CV_2977,-1,0,1,-1,-1,0.016728886119059285,0
15016,JOB_10330,CV_2495,-1,0,-1,-1,1,0.004445064433151091,0
15017,JOB_10330,CV_2177,-1,0,1,-1,-1,0.016728886119059285,0
15018,JOB_10330,CV_2733,-1,0,-1,-1,-1,0.0008827918008007309,0
15019,JOB_10330,CV_1031,-1,0,1,-1,1,0.07916723666250709,0
15020,JOB_10330,CV_477,-1,0,1,-1,1,0.07916723666250709,0
15021,JOB_10330,CV_2553,-1,-1,1,-1,-1,0.0015442935692705172,0
15022,JOB_10330,CV_605,-1,-1,-1,-1,-1,8.03182586734358e-05,0
15023,JOB_10330,CV_388,-1,0,-1,-1,-1,0.0008827918008007309,0
15024,JOB_10330,CV_3145,-1,-1,1,-1,1,0.0077551622213322515,0
15025,JOB_10330,CV_1803,-1,1,-1,-1,1,0.009337905367753526,0
15026,JOB_10330,CV_1122,-1,1,1,-1,-1,0.034672065104421654,0
15027,JOB_10330,CV_2723,-1,0,-1,-1,1,0.004445064433151091,0
15028,JOB_10330,CV_1534,-1,0,-1,-1,1,0.004445064433151091,0
15029,JOB_10330,CV_1085,-1,0,-1,-1,1,0.004445064433151091,0
15030,JOB_10330,CV_611,-1,0,-1,-1,1,0.004445064433151091,0
15031,JOB_10330,CV_538,-1,-1,1,-1,1,0.0077551622213322515,0
15032,JOB_10330,CV_3647,-1,0,1,-1,-1,0.016728886119059285,0
15033,JOB_10330,CV_2436,-1,0,1,-1,1,0.07916723666250709,0
15034,JOB_10330,CV_1245,-1,-1,1,-1,-1,0.0015442935692705172,0
15035,JOB_10330,CV_3945,-1,0,0,-1,-1,0.0080762834495878,0
15036,JOB_10330,CV_2365,-1,-1,0,-1,-1,0.0007396380664553713,0
15037,JOB_10330,CV_1844,-1,0,1,-1,-1,0.016728886119059285,0
15038,JOB_10330,CV_1090,-1,1,-1,-1,-1,0.0018618453328126804,0
15039,JOB_10330,CV_046,-1,0,0,-1,-1,0.0080762834495878,0
15040,JOB_10330,CV_1574,-1,-1,1,-1,-1,0.0015442935692705172,0
15041,JOB_10330,CV_2913,-1,0,1,-1,1,0.07916723666250709,0
15042,JOB_10330,CV_3738,-1,0,1,-1,-1,0.016728886119059285,0
15043,JOB_10330,CV_2869,-1,0,-1,-1,1,0.004445064433151091,0
15044,JOB_10330,CV_3098,-1,0,1,-1,-1,0.016728886119059285,0
15045,JOB_10330,CV_2992,-1,0,-1,-1,-1,0.0008827918008007309,0
15046,JOB_10330,CV_1355,-1,0,-1,-1,-1,0.0008827918008007309,0
15047,JOB_10330,CV_3090,-1,0,1,-1,-1,0.016728886119059285,0
15048,JOB_10330,CV_929,-1,-1,1,-1,-1,0.0015442935692705172,0
15049,JOB_10330,CV_137,-1,0,0,-1,-1,0.0080762834495878,0
15050,JOB_10330,CV_2341,-1,1,-1,-1,-1,0.0018618453328126804,0
15051,JOB_10330,CV_3547,-1,1,-1,-1,-1,0.0018618453328126804,0
15052,JOB_10330,CV_3181,-1,0,1,-1,1,0.07916723666250709,0
15053,JOB_10330,CV_3789,-1,0,1,-1,-1,0.016728886119059285,0
15054,JOB_10330,CV_2858,-1,0,1,-1,-1,0.016728886119059285,0
15055,JOB_10330,CV_661,-1,1,-1,-1,-1,0.0018618453328126804,0
15056,JOB_10330,CV_640,-1,0,1,-1,1,0.07916723666250709,0
15057,JOB_10330,CV_2445,-1,1,-1,-1,1,0.009337905367753526,0
15058,JOB_10330,CV_3722,-1,0,-1,-1,-1,0.0008827918008007309,0
15059,JOB_10330,CV_2033,-1,0,1,-1,1,0.07916723666250709,0
15060,JOB_10330,CV_1632,-1,0,1,-1,-1,0.016728886119059285,0
15061,JOB_10330,CV_1881,-1,1,0,-1,-1,0.01689829239252925,0
15062,JOB_10330,CV_3093,-1,0,-1,-1,-1,0.0008827918008007309,0
15063,JOB_10330,CV_2415,-1,-1,1,-1,-1,0.0015442935692705172,0
15064,JOB_10330,CV_116,-1,0,-1,-1,-1,0.0008827918008007309,0
15065,JOB_10330,CV_634,-1,0,-1,-1,-1,0.0008827918008007309,0
15066,JOB_10330,CV_1480,-1,0,-1,-1,1,0.004445064433151091,0
15067,JOB_10330,CV_1898,-1,1,1,-1,1,0.15361803787121434,0
15068,JOB_10330,CV_1636,-1,0,1,-1,-1,0.016728886119059285,0
15069,JOB_10330,CV_3543,-1,0,1,-1,-1,0.016728886119059285,0
15070,JOB_10330,CV_3284,-1,0,-1,-1,-1,0.0008827918008007309,0
15071,JOB_10330,CV_1309,-1,-1,-1,-1,-1,8.03182586734358e-05,0
15072,JOB_10330,CV_2392,-1,0,1,-1,-1,0.016728886119059285,0
15073,JOB_10330,CV_233,-1,0,1,1,-1,0.05232559089768777,0
15074,JOB_10330,CV_2658,-1,0,-1,-1,-1,0.0008827918008007309,0
15075,JOB_10330,CV_2015,-1,1,0,-1,-1,0.01689829239252925,0
15076,JOB_10330,CV_2239,-1,0,1,-1,1,0.07916723666250709,0
15077,JOB_10330,CV_1517,-1,0,0,-1,-1,0.0080762834495878,0
15078,JOB_10330,CV_3670,-1,0,-1,-1,1,0.004445064433151091,0
15079,JOB_10330,CV_1045,-1,-1,-1,-1,-1,8.03182586734358e-05,0
15080,JOB_10330,CV_1687,-1,0,1,-1,-1,0.016728886119059285,0
15081,JOB_10330,CV_1913,-1,0,1,-1,1,0.07916723666250709,0
15082,JOB_10330,CV_392,-1,0,-1,-1,1,0.004445064433151091,0
15083,JOB_10330,CV_1633,-1,0,1,-1,-1,0.016728886119059285,0
15084,JOB_10330,CV_2574,-1,0,-1,-1,-1,0.0008827918008007309,0
15085,JOB_10330,CV_263,-1,0,1,-1,-1,0.016728886119059285,0
15086,JOB_10330,CV_2038,-1,0,-1,-1,1,0.004445064433151091,0
15087,JOB_10330,CV_2749,-1,0,0,-1,-1,0.0080762834495878,0
15088,JOB_10330,CV_1287,-1,0,1,-1,1,0.07916723666250709,0
15089,JOB_10330,CV_1151,-1,1,-1,-1,-1,0.0018618453328126804,0
15090,JOB_10330,CV_1231,-1,1,1,-1,-1,0.034672065104421654,0
15091,JOB_10330,CV_3200,-1,0,1,-1,1,0.07916723666250709,0
15092,JOB_10330,CV_2766,-1,-1,1,-1,-1,0.0015442935692705172,0
15093,JOB_10330,CV_3791,-1,0,1,-1,1,0.07916723666250709,0
15094,JOB_10330,CV_3015,-1,0,0,-1,-1,0.0080762834495878,0
15095,JOB_10330,CV_160,-1,0,-1,-1,-1,0.0008827918008007309,0
15096,JOB_10330,CV_187,-1,0,1,-1,-1,0.016728886119059285,0
15097,JOB_10330,CV_2653,-1,0,-1,-1,-1,0.0008827918008007309,0
15098,JOB_10330,CV_1793,-1,1,-1,-1,1,0.009337905367753526,0
15099,JOB_10330,CV_2069,-1,0,-1,-1,1,0.004445064433151091,0
15100,JOB_914,CV_884,-1,0,-1,1,-1,0.002859298785317209,0
15101,JOB_914,CV_3429,-1,-1,-1,-1,-1,8.03182586734358e-05,0
15102,JOB_914,CV_3200,-1,-1,1,1,-1,0.004994451571761179,0
15103,JOB_914,CV_2638,-1,0,-1,1,-1,0.002859298785317209,0
15104,JOB_914,CV_964,-1,0,1,0,-1,0.02828921519950765,0
15105,JOB_914,CV_869,-1,0,-1,0,-1,0.0015096485596628858,0
15106,JOB_914,CV_505,-1,0,1,0,-1,0.02828921519950765,0
15107,JOB_914,CV_665,-1,-1,1,0,-1,0.002639631480061397,0
15108,JOB_914,CV_3075,-1,0,-1,1,-1,0.002859298785317209,0
15109,JOB_914,CV_3500,-1,-1,1,0,-1,0.002639631480061397,0
15110,JOB_914,CV_1913,-1,0,1,0,-1,0.02828921519950765,0
15111,JOB_914,CV_2877,-1,-1,1,0,-1,0.002639631480061397,0
15112,JOB_914,CV_722,-1,-1,-1,1,-1,0.00026061368312641647,0
15113,JOB_914,CV_3738,-1,0,1,0,-1,0.02828921519950765,0
15114,JOB_914,CV_1793,-1,0,-1,0,-1,0.0015096485596628858,0
15115,JOB_914,CV_2977,-1,0,1,1,-1,0.05232559089768777,0
15116,JOB_914,CV_1807,-1,0,1,1,-1,0.05232559089768777,0
15117,JOB_914,CV_477,-1,-1,1,-1,-1,0.0015442935692705172,0
15118,JOB_914,CV_2733,-1,0,-1,-1,-1,0.0008827918008007309,0
15119,JOB_914,CV_3663,-1,-1,1,-1,-1,0.0015442935692705172,0
15120,JOB_914,CV_3962,-1,0,-1,0,-1,0.0015096485596628858,0
15121,JOB_914,CV_2313,-1,0,-1,-1,-1,0.0008827918008007309,0
15122,JOB_914,CV_1231,-1,0,1,-1,-1,0.016728886119059285,0
15123,JOB_914,CV_040,-1,-1,-1,1,-1,0.00026061368312641647,0
15124,JOB_914,CV_2769,-1,0,0,1,-1,0.025743514038269317,0
15125,JOB_914,CV_1577,-1,0,-1,1,-1,0.002859298785317209,0
15126,JOB_914,CV_085,-1,0,1,0,-1,0.02828921519950765,0
15127,JOB_914,CV_3015,-1,-1,0,1,-1,0.002396402946724275,0
15128,JOB_914,CV_2979,-1,-1,1,0,-1,0.002639631480061397,0
15129,JOB_914,CV_3176,-1,0,0,-1,-1,0.0080762834495878,0
15130,JOB_914,CV_3791,-1,-1,1,1,-1,0.004994451571761179,0
15131,JOB_914,CV_2253,-1,0,1,1,-1,0.05232559089768777,0
15132,JOB_914,CV_2555,-1,0,-1,0,-1,0.0015096485596628858,0
15133,JOB_914,CV_622,-1,0,0,1,-1,0.025743514038269317,0
15134,JOB_914,CV_3181,-1,0,1,0,-1,0.02828921519950765,0
15135,JOB_914,CV_421,-1,0,0,1,-1,0.025743514038269317,0
15136,JOB_914,CV_1742,-1,-1,1,0,-1,0.002639631480061397,0
15137,JOB_914,CV_2327,-1,-1,-1,1,-1,0.00026061368312641647,0
15138,JOB_914,CV_3533,-1,-1,1,0,-1,0.002639631480061397,0
15139,JOB_914,CV_046,-1,-1,0,1,-1,0.002396402946724275,0
15140,JOB_914,CV_296,-1,0,0,1,-1,0.025743514038269317,0
15141,JOB_914,CV_2039,-1,-1,1,0,-1,0.002639631480061397,0
15142,JOB_914,CV_3197,-1,-1,1,0,-1,0.002639631480061397,0
15143,JOB_914,CV_246,-1,0,-1,1,-1,0.002859298785317209,0
15144,JOB_914,CV_2369,-1,-1,1,1,-1,0.004994451571761179,0
15145,JOB_914,CV_2478,-1,-1,1,0,-1,0.002639631480061397,0
15146,JOB_914,CV_1287,-1,-1,1,-1,-1,0.0015442935692705172,0
15147,JOB_914,CV_2858,-1,0,1,0,-1,0.02828921519950765,0
15148,JOB_914,CV_137,-1,-1,0,0,-1,0.0012649722795961807,0
15149,JOB_914,CV_1161,-1,-1,1,1,-1,0.004994451571761179,0
15150,JOB_914,CV_2177,-1,-1,1,-1,-1,0.0015442935692705172,0
15151,JOB_914,CV_2379,-1,-1,1,-1,-1,0.0015442935692705172,0
15152,JOB_914,CV_3636,-1,-1,-1,-1,-1,8.03182586734358e-05,0
15153,JOB_914,CV_2766,-1,-1,1,-1,-1,0.0015442935692705172,0
15154,JOB_914,CV_3145,-1,-1,1,-1,-1,0.0015442935692705172,0
15155,JOB_914,CV_3789,-1,-1,1,0,-1,0.002639631480061397,0
15156,JOB_914,CV_1739,-1,-1,0,1,-1,0.002396402946724275,0
15157,JOB_914,CV_2207,-1,-1,1,0,-1,0.002639631480061397,0
15158,JOB_914,CV_634,-1,-1,-1,0,-1,0.00013742938756156384,0
15159,JOB_914,CV_3088,-1,-1,1,0,-1,0.002639631480061397,0
15160,JOB_914,CV_1252,-1,-1,1,-1,-1,0.0015442935692705172,0
15161,JOB_914,CV_1090,-1,0,-1,1,-1,0.002859298785317209,0
15162,JOB_914,CV_538,-1,-1,1,-1,-1,0.0015442935692705172,0
15163,JOB_914,CV_392,-1,-1,-1,0,-1,0.00013742938756156384,0
15164,JOB_914,CV_3474,-1,-1,1,1,-1,0.004994451571761179,0
15165,JOB_914,CV_594,-1,-1,1,1,-1,0.004994451571761179,0
15166,JOB_914,CV_2476,-1,0,1,-1,-1,0.016728886119059285,0
15167,JOB_914,CV_631,-1,-1,1,0,-1,0.002639631480061397,0
15168,JOB_914,CV_2723,-1,-1,-1,1,-1,0.00026061368312641647,0
15169,JOB_914,CV_2380,-1,0,1,0,-1,0.02828921519950765,0
15170,JOB_914,CV_433,-1,0,0,1,-1,0.025743514038269317,0
15171,JOB_914,CV_2015,-1,0,0,-1,-1,0.0080762834495878,0
15172,JOB_914,CV_1494,-1,0,1,0,-1,0.02828921519950765,0
15173,JOB_914,CV_1751,-1,-1,-1,1,-1,0.00026061368312641647,0
15174,JOB_914,CV_1517,-1,-1,0,1,-1,0.002396402946724275,0
15175,JOB_914,CV_2420,-1,-1,0,1,-1,0.002396402946724275,0
15176,JOB_914,CV_263,-1,-1,1,1,-1,0.004994451571761179,0
15177,JOB_914,CV_3782,-1,-1,0,1,-1,0.002396402946724275,0
15178,JOB_914,CV_1844,-1,0,1,1,-1,0.05232559089768777,0
15179,JOB_914,CV_2953,-1,-1,1,-1,-1,0.0015442935692705172,0
15180,JOB_914,CV_3945,-1,-1,0,0,-1,0.0012649722795961807,0
15181,JOB_914,CV_1355,-1,0,-1,0,-1,0.0015096485596628858,0
15182,JOB_914,CV_1961,-1,-1,1,0,-1,0.002639631480061397,0
15183,JOB_914,CV_1245,-1,-1,1,0,-1,0.002639631480061397,0
15184,JOB_914,CV_2550,-1,0,-1,0,-1,0.0015096485596628858,0
15185,JOB_914,CV_251,-1,-1,1,0,-1,0.002639631480061397,0
15186,JOB_914,CV_3625,-1,-1,-1,1,-1,0.00026061368312641647,0
15187,JOB_914,CV_2869,-1,-1,-1,-1,-1,8.03182586734358e-05,0
15188,JOB_914,CV_2038,-1,1,-1,-1,-1,0.0018618453328126804,0
15189,JOB_914,CV_3399,-1,0,1,0,-1,0.02828921519950765,0
15190,JOB_914,CV_160,-1,0,-1,-1,-1,0.0008827918008007309,0
15191,JOB_914,CV_3685,-1,-1,-1,0,-1,0.00013742938756156384,0
15192,JOB_914,CV_2356,-1,0,-1,0,-1,0.0015096485596628858,0
15193,JOB_914,CV_1172,-1,-1,1,-1,-1,0.0015442935692705172,0
15194,JOB_914,CV_116,-1,1,-1,1,-1,0.006017180859498359,0
15195,JOB_914,CV_1480,-1,1,-1,0,-1,0.003181698906503991,0
15196,JOB_914,CV_532,-1,-1,1,1,-1,0.004994451571761179,0
15197,JOB_914,CV_2991,-1,-1,1,1,-1,0.004994451571761179,0
15198,JOB_914,CV_2514,-1,0,-1,0,-1,0.0015096485596628858,0
15199,JOB_914,CV_1151,-1,0,-1,1,-1,0.002859298785317209,0
15200,JOB_11087,CV_2253,-1,0,1,-1,1,0.07916723666250709,0
15201,JOB_11087,CV_1860,-1,0,0,-1,-1,0.0080762834495878,0
15202,JOB_11087,CV_2369,-1,0,1,-1,-1,0.016728886119059285,0
15203,JOB_11087,CV_1810,-1,0,-1,-1,1,0.004445064433151091,0
15204,JOB_11087,CV_1844,-1,0,1,-1,-1,0.016728886119059285,0
15205,JOB_11087,CV_307,-1,0,0,-1,-1,0.0080762834495878,0
15206,JOB_11087,CV_1751,-1,0,-1,1,-1,0.002859298785317209,0
15207,JOB_11087,CV_116,-1,0,-1,-1,-1,0.0008827918008007309,0
15208,JOB_11087,CV_2415,-1,-1,1,-1,-1,0.0015442935692705172,0
15209,JOB_11087,CV_1224,-1,0,-1,-1,1,0.004445064433151091,0
15210,JOB_11087,CV_3727,-1,-1,1,-1,1,0.0077551622213322515,0
15211,JOB_11087,CV_1480,-1,-1,-1,-1,1,0.00040573633479455186,0
15212,JOB_11087,CV_3945,-1,0,0,1,-1,0.025743514038269317,0
15213,JOB_11087,CV_3200,-1,1,1,-1,1,0.15361803787121434,0
15214,JOB_11087,CV_1161,-1,-1,1,-1,-1,0.0015442935692705172,0
15215,JOB_11087,CV_176,-1,0,-1,-1,1,0.004445064433151091,0
15216,JOB_11087,CV_2723,-1,-1,-1,-1,1,0.00040573633479455186,0
15217,JOB_11087,CV_538,-1,-1,1,-1,1,0.0077551622213322515,0
15218,JOB_11087,CV_160,-1,0,-1,1,-1,0.002859298785317209,0
15219,JOB_11087,CV_3176,-1,0,0,-1,-1,0.0080762834495878,0
15220,JOB_11087,CV_2615,-1,0,-1,-1,1,0.004445064433151091,0
15221,JOB_11087,CV_3197,-1,0,1,-1,1,0.07916723666250709,0
15222,JOB_11087,CV_2356,-1,-1,-1,-1,-1,8.03182586734358e-05,0
15223,JOB_11087,CV_2596,-1,0,-1,-1,-1,0.0008827918008007309,0
15224,JOB_11087,CV_1632,-1,0,1,1,-1,0.05232559089768777,0
15225,JOB_11087,CV_3543,-1,0,1,1,-1,0.05232559089768777,0
15226,JOB_11087,CV_1068,-1,0,-1,-1,-1,0.0008827918008007309,0
15227,JOB_11087,CV_3670,-1,0,-1,-1,1,0.004445064433151091,0
15228,JOB_11087,CV_296,-1,0,0,-1,-1,0.0080762834495878,0
15229,JOB_11087,CV_388,-1,0,-1,1,-1,0.002859298785317209,0
15230,JOB_11087,CV_3546,-1,0,-1,-1,-1,0.0008827918008007309,0
15231,JOB_11087,CV_278,-1,0,1,-1,-1,0.016728886119059285,0
15232,JOB_11087,CV_1963,-1,0,0,-1,-1,0.0080762834495878,0
15233,JOB_11087,CV_223,-1,0,-1,-1,-1,0.0008827918008007309,0
15234,JOB_11087,CV_2392,-1,0,1,-1,-1,0.016728886119059285,0
15235,JOB_11087,CV_1881,-1,0,0,-1,-1,0.0080762834495878,0
15236,JOB_11087,CV_2313,-1,0,-1,-1,1,0.004445064433151091,0
15237,JOB_11087,CV_2877,-1,-1,1,1,-1,0.004994451571761179,0
15238,JOB_11087,CV_2239,-1,0,1,1,1,0.21814771844744296,0
15239,JOB_11087,CV_1639,-1,-1,1,-1,-1,0.0015442935692705172,0
15240,JOB_11087,CV_2584,-1,0,-1,-1,1,0.004445064433151091,0
15241,JOB_11087,CV_3429,-1,-1,-1,1,-1,0.00026061368312641647,0
15242,JOB_11087,CV_2015,-1,0,0,-1,-1,0.0080762834495878,0
15243,JOB_11087,CV_2441,-1,0,-1,-1,-1,0.0008827918008007309,0
15244,JOB_11087,CV_2977,-1,0,1,-1,-1,0.016728886119059285,0
15245,JOB_11087,CV_1633,-1,0,1,-1,-1,0.016728886119059285,0
15246,JOB_11087,CV_2341,-1,0,-1,-1,-1,0.0008827918008007309,0
15247,JOB_11087,CV_2402,-1,0,0,-1,-1,0.0080762834495878,0
15248,JOB_11087,CV_3145,-1,-1,1,-1,1,0.0077551622213322515,0
15249,JOB_11087,CV_877,-1,0,1,-1,-1,0.016728886119059285,0
15250,JOB_11087,CV_2033,-1,0,1,-1,1,0.07916723666250709,0
15251,JOB_11087,CV_3719,-1,0,-1,-1,-1,0.0008827918008007309,0
15252,JOB_11087,CV_085,-1,0,1,-1,-1,0.016728886119059285,0
15253,JOB_11087,CV_3414,-1,0,-1,-1,-1,0.0008827918008007309,0
15254,JOB_11087,CV_2166,-1,0,-1,-1,-1,0.0008827918008007309,0
15255,JOB_11087,CV_187,-1,0,1,-1,-1,0.016728886119059285,0
15256,JOB_11087,CV_1045,-1,-1,-1,-1,-1,8.03182586734358e-05,0
15257,JOB_11087,CV_964,-1,0,1,-1,-1,0.016728886119059285,0
15258,JOB_11087,CV_1325,-1,0,1,-1,-1,0.016728886119059285,0
15259,JOB_11087,CV_2380,-1,0,1,-1,-1,0.016728886119059285,0
15260,JOB_11087,CV_879,-1,0,1,-1,-1,0.016728886119059285,0
15261,JOB_11087,CV_605,-1,1,-1,-1,-1,0.0018618453328126804,0
15262,JOB_11087,CV_3051,-1,-1,1,-1,-1,0.0015442935692705172,0
15263,JOB_11087,CV_1015,-1,0,0,-1,1,0.03951787161985485,0
15264,JOB_11087,CV_2992,-1,0,-1,-1,-1,0.0008827918008007309,0
15265,JOB_11087,CV_1742,-1,0,1,-1,-1,0.016728886119059285,0
15266,JOB_11087,CV_1078,-1,0,-1,-1,1,0.004445064433151091,0
15267,JOB_11087,CV_1252,-1,0,1,-1,1,0.07916723666250709,0
15268,JOB_11087,CV_3929,-1,0,0,-1,-1,0.0080762834495878,0
15269,JOB_11087,CV_631,-1,1,1,1,-1,0.10439562230127407,0
15270,JOB_11087,CV_634,-1,0,-1,-1,-1,0.0008827918008007309,0
15271,JOB_11087,CV_046,-1,-1,0,-1,-1,0.0007396380664553713,0
15272,JOB_11087,CV_3733,-1,0,-1,-1,-1,0.0008827918008007309,0
15273,JOB_11087,CV_2069,-1,0,-1,-1,1,0.004445064433151091,0
15274,JOB_11087,CV_3970,-1,-1,-1,-1,1,0.00040573633479455186,0
15275,JOB_11087,CV_2766,-1,-1,1,1,-1,0.004994451571761179,0
15276,JOB_11087,CV_3039,-1,1,1,1,-1,0.10439562230127407,0
15277,JOB_11087,CV_1031,-1,0,1,-1,1,0.07916723666250709,0
15278,JOB_11087,CV_2858,-1,0,1,-1,-1,0.016728886119059285,0
15279,JOB_11087,CV_2965,-1,0,1,1,-1,0.05232559089768777,0
15280,JOB_11087,CV_2436,-1,0,1,1,1,0.21814771844744296,0
15281,JOB_11087,CV_1090,-1,0,-1,-1,-1,0.0008827918008007309,0
15282,JOB_11087,CV_3455,-1,-1,-1,1,-1,0.00026061368312641647,0
15283,JOB_11087,CV_040,-1,-1,-1,-1,-1,8.03182586734358e-05,0
15284,JOB_11087,CV_1517,-1,0,0,-1,-1,0.0080762834495878,0
15285,JOB_11087,CV_3744,-1,-1,1,-1,-1,0.0015442935692705172,0
15286,JOB_11087,CV_3757,-1,0,-1,-1,-1,0.0008827918008007309,0
15287,JOB_11087,CV_2177,-1,0,1,-1,-1,0.016728886119059285,0
15288,JOB_11087,CV_263,-1,0,1,-1,-1,0.016728886119059285,0
15289,JOB_11087,CV_611,-1,0,-1,-1,1,0.004445064433151091,0
15290,JOB_11087,CV_924,-1,0,1,-1,1,0.07916723666250709,0
15291,JOB_11087,CV_1245,-1,0,1,-1,-1,0.016728886119059285,0
15292,JOB_11087,CV_251,-1,0,1,-1,-1,0.016728886119059285,0
15293,JOB_11087,CV_1792,-1,0,1,-1,-1,0.016728886119059285,0
15294,JOB_11087,CV_1795,-1,-1,-1,-1,1,0.00040573633479455186,0
15295,JOB_11087,CV_884,-1,0,-1,-1,-1,0.0008827918008007309,0
15296,JOB_11087,CV_3791,-1,0,1,1,1,0.21814771844744296,0
15297,JOB_11087,CV_3399,-1,-1,1,-1,-1,0.0015442935692705172,0
15298,JOB_11087,CV_469,-1,0,1,-1,-1,0.016728886119059285,0
15299,JOB_11087,CV_3663,-1,0,1,-1,-1,0.016728886119059285,0
15300,JOB_3123,CV_3299,-1,1,-1,0,-1,0.003181698906503991,0
15301,JOB_3123,CV_3970,-1,0,-1,1,-1,0.002859298785317209,0
15302,JOB_3123,CV_1036,-1,1,1,1,-1,0.10439562230127407,0
15303,JOB_3123,CV_2253,-1,1,1,1,-1,0.10439562230127407,0
15304,JOB_3123,CV_1739,-1,-1,0,1,-1,0.002396402946724275,0
15305,JOB_3123,CV_3791,-1,0,1,1,-1,0.05232559089768777,0
15306,JOB_3123,CV_2476,-1,1,1,-1,-1,0.034672065104421654,0
15307,JOB_3123,CV_3744,-1,0,1,-1,-1,0.016728886119059285,0
15308,JOB_3123,CV_869,-1,1,-1,0,-1,0.003181698906503991,0
15309,JOB_3123,CV_3181,-1,1,1,0,-1,0.05790168407977278,0
15310,JOB_3123,CV_3414,-1,0,-1,1,-1,0.002859298785317209,0
15311,JOB_3123,CV_187,-1,0,1,1,-1,0.05232559089768777,0
15312,JOB_3123,CV_3719,-1,1,-1,0,-1,0.003181698906503991,0
15313,JOB_3123,CV_2718,-1,0,0,0,-1,0.01374087676851104,0
15314,JOB_3123,CV_611,-1,0,-1,0,-1,0.0015096485596628858,0
15315,JOB_3123,CV_1963,-1,1,0,1,-1,0.05283609976798728,0
15316,JOB_3123,CV_1380,-1,1,1,1,-1,0.10439562230127407,0
15317,JOB_3123,CV_2366,-1,0,1,1,-1,0.05232559089768777,0
15318,JOB_3123,CV_3733,-1,1,-1,0,-1,0.003181698906503991,0
15319,JOB_3123,CV_1687,-1,0,1,1,-1,0.05232559089768777,0
15320,JOB_3123,CV_2584,-1,1,-1,0,-1,0.003181698906503991,0
15321,JOB_3123,CV_3533,-1,0,1,0,-1,0.02828921519950765,0
15322,JOB_3123,CV_924,-1,1,1,-1,-1,0.034672065104421654,0
15323,JOB_3123,CV_1252,-1,0,1,-1,-1,0.016728886119059285,0
15324,JOB_3123,CV_1810,-1,1,-1,0,-1,0.003181698906503991,0
15325,JOB_3123,CV_2638,-1,1,-1,1,-1,0.006017180859498359,0
15326,JOB_3123,CV_433,-1,0,0,1,-1,0.025743514038269317,0
15327,JOB_3123,CV_2294,-1,0,0,0,-1,0.01374087676851104,0
15328,JOB_3123,CV_2385,-1,1,-1,0,-1,0.003181698906503991,0
15329,JOB_3123,CV_2574,-1,0,-1,0,-1,0.0015096485596628858,0
15330,JOB_3123,CV_1534,-1,1,-1,1,-1,0.006017180859498359,0
15331,JOB_3123,CV_3133,-1,1,-1,1,-1,0.006017180859498359,0
15332,JOB_3123,CV_3399,-1,1,1,0,-1,0.05790168407977278,0
15333,JOB_3123,CV_3543,-1,1,1,1,-1,0.10439562230127407,0
15334,JOB_3123,CV_3051,-1,0,1,0,-1,0.02828921519950765,0
15335,JOB_3123,CV_3670,-1,1,-1,0,-1,0.003181698906503991,0
15336,JOB_3123,CV_3722,-1,0,-1,0,-1,0.0015096485596628858,0
15337,JOB_3123,CV_481,-1,0,-1,0,-1,0.0015096485596628858,0
15338,JOB_3123,CV_2977,-1,1,1,1,-1,0.10439562230127407,0
15339,JOB_3123,CV_1803,-1,1,-1,0,-1,0.003181698906503991,0
15340,JOB_3123,CV_634,-1,0,-1,0,-1,0.0015096485596628858,0
15341,JOB_3123,CV_538,-1,0,1,-1,-1,0.016728886119059285,0
15342,JOB_3123,CV_1085,-1,1,-1,0,-1,0.003181698906503991,0
15343,JOB_3123,CV_1494,-1,1,1,0,-1,0.05790168407977278,0
15344,JOB_3123,CV_618,-1,1,1,1,-1,0.10439562230127407,0
15345,JOB_3123,CV_884,-1,0,-1,1,-1,0.002859298785317209,0
15346,JOB_3123,CV_3792,-1,1,0,-1,-1,0.01689829239252925,0
15347,JOB_3123,CV_2402,-1,1,0,0,-1,0.028572286214813686,0
15348,JOB_3123,CV_1632,-1,0,1,1,-1,0.05232559089768777,0
15349,JOB_3123,CV_813,-1,1,1,-1,-1,0.034672065104421654,0
15350,JOB_3123,CV_477,-1,0,1,-1,-1,0.016728886119059285,0
15351,JOB_3123,CV_3015,-1,1,0,1,-1,0.05283609976798728,0
15352,JOB_3123,CV_2749,-1,0,0,1,-1,0.025743514038269317,0
15353,JOB_3123,CV_3090,-1,1,1,0,-1,0.05790168407977278,0
15354,JOB_3123,CV_2207,-1,-1,1,0,-1,0.002639631480061397,0
15355,JOB_3123,CV_3075,-1,1,-1,1,-1,0.006017180859498359,0
15356,JOB_3123,CV_1633,-1,-1,1,1,-1,0.004994451571761179,0
15357,JOB_3123,CV_3738,-1,0,1,0,-1,0.02828921519950765,0
15358,JOB_3123,CV_3949,-1,0,1,-1,-1,0.016728886119059285,0
15359,JOB_3123,CV_1751,-1,0,-1,1,-1,0.002859298785317209,0
15360,JOB_3123,CV_1913,-1,1,1,0,-1,0.05790168407977278,0
15361,JOB_3123,CV_3429,-1,-1,-1,1,-1,0.00026061368312641647,0
15362,JOB_3123,CV_272,-1,1,-1,1,-1,0.006017180859498359,0
15363,JOB_3123,CV_622,-1,0,0,1,-1,0.025743514038269317,0
15364,JOB_3123,CV_3782,-1,1,0,1,-1,0.05283609976798728,0
15365,JOB_3123,CV_3757,-1,1,-1,0,-1,0.003181698906503991,0
15366,JOB_3123,CV_1795,-1,1,-1,0,-1,0.003181698906503991,0
15367,JOB_3123,CV_2961,-1,1,0,1,-1,0.05283609976798728,0
15368,JOB_3123,CV_722,-1,1,-1,1,-1,0.006017180859498359,0
15369,JOB_3123,CV_2658,-1,0,-1,0,-1,0.0015096485596628858,0
15370,JOB_3123,CV_1577,-1,1,-1,1,-1,0.006017180859498359,0
15371,JOB_3123,CV_2478,-1,-1,1,0,-1,0.002639631480061397,0
15372,JOB_3123,CV_1793,-1,1,-1,0,-1,0.003181698906503991,0
15373,JOB_3123,CV_1480,-1,1,-1,0,-1,0.003181698906503991,0
15374,JOB_3123,CV_1031,-1,1,1,1,-1,0.10439562230127407,0
15375,JOB_3123,CV_3173,-1,0,1,1,-1,0.05232559089768777,0
15376,JOB_3123,CV_1231,-1,1,1,1,-1,0.10439562230127407,0
15377,JOB_3123,CV_661,-1,1,-1,0,-1,0.003181698906503991,0
15378,JOB_3123,CV_3455,-1,0,-1,1,-1,0.002859298785317209,0
15379,JOB_3123,CV_2979,-1,0,1,0,-1,0.02828921519950765,0
15380,JOB_3123,CV_1785,-1,0,-1,0,-1,0.0015096485596628858,0
15381,JOB_3123,CV_601,-1,0,1,0,-1,0.02828921519950765,0
15382,JOB_3123,CV_1961,-1,0,1,0,-1,0.02828921519950765,0
15383,JOB_3123,CV_1574,-1,0,1,0,-1,0.02828921519950765,0
15384,JOB_3123,CV_2858,-1,1,1,0,-1,0.05790168407977278,0
15385,JOB_3123,CV_080,-1,1,1,1,-1,0.10439562230127407,0
15386,JOB_3123,CV_3625,-1,0,-1,1,-1,0.002859298785317209,0
15387,JOB_3123,CV_337,-1,1,-1,1,-1,0.006017180859498359,0
15388,JOB_3123,CV_3500,-1,0,1,0,-1,0.02828921519950765,0
15389,JOB_3123,CV_3962,-1,1,-1,0,-1,0.003181698906503991,0
15390,JOB_3123,CV_2327,-1,0,-1,1,-1,0.002859298785317209,0
15391,JOB_3123,CV_1517,-1,1,0,1,-1,0.05283609976798728,0
15392,JOB_3123,CV_2991,-1,0,1,1,-1,0.05232559089768777,0
15393,JOB_3123,CV_421,-1,1,0,1,-1,0.05283609976798728,0
15394,JOB_3123,CV_216,-1,1,1,0,-1,0.05790168407977278,0
15395,JOB_3123,CV_3088,-1,0,1,0,-1,0.02828921519950765,0
15396,JOB_3123,CV_1122,-1,0,1,0,-1,0.02828921519950765,0
15397,JOB_3123,CV_1682,-1,0,-1,0,-1,0.0015096485596628858,0
15398,JOB_3123,CV_1971,-1,1,-1,1,-1,0.006017180859498359,0
15399,JOB_3123,CV_2953,-1,1,1,-1,-1,0.034672065104421654,0
15400,JOB_10204,CV_2039,-1,0,1,0,1,0.12824728097545876,0
15401,JOB_10204,CV_1971,-1,0,-1,1,-1,0.002859298785317209,0
15402,JOB_10204,CV_1751,-1,0,-1,0,-1,0.0015096485596628858,0
15403,JOB_10204,CV_2541,-1,0,-1,0,-1,0.0015096485596628858,0
15404,JOB_10204,CV_296,-1,0,0,1,-1,0.025743514038269317,0
15405,JOB_10204,CV_2024,-1,0,1,0,-1,0.02828921519950765,0
15406,JOB_10204,CV_3792,-1,0,0,-1,-1,0.0080762834495878,0
15407,JOB_10204,CV_337,-1,0,-1,1,-1,0.002859298785317209,0
15408,JOB_10204,CV_2157,1,0,-1,-1,-1,0.02010595680604062,0
15409,JOB_10204,CV_2015,-1,0,0,-1,-1,0.0080762834495878,0
15410,JOB_10204,CV_538,-1,0,1,-1,-1,0.016728886119059285,0
15411,JOB_10204,CV_1881,-1,0,0,-1,-1,0.0080762834495878,0
15412,JOB_10204,CV_046,-1,0,0,1,-1,0.025743514038269317,0
15413,JOB_10204,CV_3098,-1,0,1,0,-1,0.02828921519950765,0
15414,JOB_10204,CV_251,-1,0,1,0,-1,0.02828921519950765,0
15415,JOB_10204,CV_2207,-1,0,1,0,-1,0.02828921519950765,0
15416,JOB_10204,CV_2877,-1,-1,1,0,-1,0.002639631480061397,0
15417,JOB_10204,CV_392,-1,0,-1,0,-1,0.0015096485596628858,0
15418,JOB_10204,CV_3949,-1,0,1,-1,-1,0.016728886119059285,0
15419,JOB_10204,CV_2830,-1,0,0,0,-1,0.01374087676851104,0
15420,JOB_10204,CV_3710,-1,0,1,0,-1,0.02828921519950765,0
15421,JOB_10204,CV_2327,1,0,-1,1,-1,0.06243232352062822,0
15422,JOB_10204,CV_1480,-1,0,-1,0,-1,0.0015096485596628858,0
15423,JOB_10204,CV_1961,-1,0,1,0,-1,0.02828921519950765,0
15424,JOB_10204,CV_3173,-1,-1,1,0,-1,0.002639631480061397,0
15425,JOB_10204,CV_2365,-1,-1,0,0,-1,0.0012649722795961807,0
15426,JOB_10204,CV_640,1,0,1,1,-1,0.5618280036801903,1
15427,JOB_10204,CV_1633,-1,0,1,1,-1,0.05232559089768777,0
15428,JOB_10204,CV_2584,-1,0,-1,0,-1,0.0015096485596628858,0
15429,JOB_10204,CV_1913,-1,1,1,-1,-1,0.034672065104421654,0
15430,JOB_10204,CV_1252,1,0,1,-1,-1,0.2832010598158251,0
15431,JOB_10204,CV_2672,-1,0,1,-1,-1,0.016728886119059285,0
15432,JOB_10204,CV_1781,-1,0,-1,1,-1,0.002859298785317209,0
15433,JOB_10204,CV_2718,-1,0,0,0,-1,0.01374087676851104,0
15434,JOB_10204,CV_1045,-1,0,-1,-1,-1,0.0008827918008007309,0
15435,JOB_10204,CV_3474,1,0,1,1,-1,0.5618280036801903,1
15436,JOB_10204,CV_2415,-1,-1,1,-1,-1,0.0015442935692705172,0
15437,JOB_10204,CV_1161,-1,-1,1,1,-1,0.004994451571761179,0
15438,JOB_10204,CV_3929,-1,0,0,0,-1,0.01374087676851104,0
15439,JOB_10204,CV_1574,-1,0,1,0,-1,0.02828921519950765,0
15440,JOB_10204,CV_3399,-1,1,1,0,-1,0.05790168407977278,0
15441,JOB_10204,CV_1632,-1,0,1,-1,-1,0.016728886119059285,0
15442,JOB_10204,CV_3176,1,0,0,-1,-1,0.15901106186344566,0
15443,JOB_10204,CV_137,-1,0,0,0,-1,0.01374087676851104,0
15444,JOB_10204,CV_3478,-1,0,1,0,-1,0.02828921519950765,0
15445,JOB_10204,CV_3039,-1,0,1,1,-1,0.05232559089768777,0
15446,JOB_10204,CV_1309,-1,0,-1,0,-1,0.0015096485596628858,0
15447,JOB_10204,CV_2392,-1,0,1,0,-1,0.02828921519950765,0
15448,JOB_10204,CV_1068,-1,0,-1,1,-1,0.002859298785317209,0
15449,JOB_10204,CV_1577,-1,0,-1,1,-1,0.002859298785317209,0
15450,JOB_10204,CV_1742,-1,0,1,0,-1,0.02828921519950765,0
15451,JOB_10204,CV_1690,-1,0,0,0,-1,0.01374087676851104,0
15452,JOB_10204,CV_631,1,0,1,0,-1,0.40336398430354964,0
15453,JOB_10204,CV_2977,1,0,1,1,-1,0.5618280036801903,1
15454,JOB_10204,CV_2574,-1,0,-1,0,-1,0.0015096485596628858,0
15455,JOB_10204,CV_3533,-1,-1,1,0,-1,0.002639631480061397,0
15456,JOB_10204,CV_2555,-1,0,-1,0,-1,0.0015096485596628858,0
15457,JOB_10204,CV_2033,-1,1,1,0,-1,0.05790168407977278,0
15458,JOB_10204,CV_3791,-1,0,1,0,-1,0.02828921519950765,0
15459,JOB_10204,CV_3200,1,1,1,0,-1,0.5880103941462257,1
15460,JOB_10204,CV_1019,-1,1,-1,0,-1,0.003181698906503991,0
15461,JOB_10204,CV_1172,-1,0,1,-1,-1,0.016728886119059285,0
15462,JOB_10204,CV_2313,-1,0,-1,-1,-1,0.0008827918008007309,0
15463,JOB_10204,CV_999,-1,0,-1,0,-1,0.0015096485596628858,0
15464,JOB_10204,CV_1380,-1,0,1,0,-1,0.02828921519950765,0
15465,JOB_10204,CV_469,-1,1,1,0,-1,0.05790168407977278,0
15466,JOB_10204,CV_3670,-1,1,-1,0,-1,0.003181698906503991,0
15467,JOB_10204,CV_3500,-1,0,1,0,-1,0.02828921519950765,0
15468,JOB_10204,CV_2356,-1,1,-1,0,-1,0.003181698906503991,0
15469,JOB_10204,CV_2752,-1,0,1,1,-1,0.05232559089768777,0
15470,JOB_10204,CV_2420,-1,0,0,0,-1,0.01374087676851104,0
15471,JOB_10204,CV_722,-1,0,-1,1,-1,0.002859298785317209,0
15472,JOB_10204,CV_622,-1,0,0,1,-1,0.025743514038269317,0
15473,JOB_10204,CV_2732,-1,1,-1,0,-1,0.003181698906503991,0
15474,JOB_10204,CV_1739,-1,-1,0,1,-1,0.002396402946724275,0
15475,JOB_10204,CV_040,-1,0,-1,1,-1,0.002859298785317209,0
15476,JOB_10204,CV_1810,1,0,-1,0,-1,0.03391947242677372,0
15477,JOB_10204,CV_1517,-1,0,0,1,-1,0.025743514038269317,0
15478,JOB_10204,CV_3923,-1,1,1,1,-1,0.10439562230127407,0
15479,JOB_10204,CV_2495,-1,0,-1,0,-1,0.0015096485596628858,0
15480,JOB_10204,CV_3075,-1,0,-1,1,-1,0.002859298785317209,0
15481,JOB_10204,CV_3414,-1,0,-1,1,-1,0.002859298785317209,0
15482,JOB_10204,CV_1682,-1,0,-1,0,-1,0.0015096485596628858,0
15483,JOB_10204,CV_884,-1,0,-1,1,-1,0.002859298785317209,0
15484,JOB_10204,CV_1785,-1,0,-1,0,-1,0.0015096485596628858,0
15485,JOB_10204,CV_3636,-1,-1,-1,-1,-1,8.03182586734358e-05,0
15486,JOB_10204,CV_2769,-1,0,0,1,-1,0.025743514038269317,0
15487,JOB_10204,CV_2579,-1,0,-1,0,-1,0.0015096485596628858,0
15488,JOB_10204,CV_1687,-1,-1,1,1,-1,0.004994451571761179,0
15489,JOB_10204,CV_3757,-1,1,-1,0,-1,0.003181698906503991,0
15490,JOB_10204,CV_2436,-1,0,1,0,-1,0.02828921519950765,0
15491,JOB_10204,CV_1070,-1,0,1,0,-1,0.02828921519950765,0
15492,JOB_10204,CV_2615,-1,1,-1,1,-1,0.006017180859498359,0
15493,JOB_10204,CV_605,-1,0,-1,0,-1,0.0015096485596628858,0
15494,JOB_10204,CV_477,1,0,1,-1,-1,0.2832010598158251,0
15495,JOB_10204,CV_3181,1,0,1,0,-1,0.40336398430354964,0
15496,JOB_10204,CV_1031,-1,1,1,1,-1,0.10439562230127407,0
15497,JOB_10204,CV_028,1,0,1,1,-1,0.5618280036801903,1
15498,JOB_10204,CV_2858,-1,1,1,0,-1,0.05790168407977278,0
15499,JOB_10204,CV_3744,-1,0,1,-1,-1,0.016728886119059285,0
15500,JOB_9406,CV_605,-1,-1,-1,0,-1,0.00013742938756156384,0
15501,JOB_9406,CV_884,-1,0,-1,1,-1,0.002859298785317209,0
15502,JOB_9406,CV_3636,-1,0,-1,-1,-1,0.0008827918008007309,0
15503,JOB_9406,CV_160,-1,0,-1,-1,1,0.004445064433151091,0
15504,JOB_9406,CV_1245,-1,-1,1,0,1,0.013197522239432963,0
15505,JOB_9406,CV_187,-1,-1,1,1,-1,0.004994451571761179,0
15506,JOB_9406,CV_1796,-1,0,0,1,1,0.11779695264608223,0
15507,JOB_9406,CV_469,-1,0,1,0,1,0.12824728097545876,0
15508,JOB_9406,CV_2313,-1,0,-1,-1,-1,0.0008827918008007309,0
15509,JOB_9406,CV_879,-1,-1,1,1,-1,0.004994451571761179,0
15510,JOB_9406,CV_3563,-1,0,-1,1,-1,0.002859298785317209,0
15511,JOB_9406,CV_3474,-1,0,1,1,-1,0.05232559089768777,0
15512,JOB_9406,CV_505,-1,0,1,1,1,0.21814771844744296,0
15513,JOB_9406,CV_1090,-1,0,-1,1,-1,0.002859298785317209,0
15514,JOB_9406,CV_085,-1,0,1,0,-1,0.02828921519950765,0
15515,JOB_9406,CV_3478,-1,0,1,1,1,0.21814771844744296,0
15516,JOB_9406,CV_1161,-1,0,1,1,-1,0.05232559089768777,0
15517,JOB_9406,CV_2830,-1,0,0,0,-1,0.01374087676851104,0
15518,JOB_9406,CV_2177,-1,0,1,-1,-1,0.016728886119059285,0
15519,JOB_9406,CV_3727,-1,-1,1,0,-1,0.002639631480061397,0
15520,JOB_9406,CV_3429,-1,-1,-1,-1,1,0.00040573633479455186,0
15521,JOB_9406,CV_1287,-1,0,1,-1,-1,0.016728886119059285,0
15522,JOB_9406,CV_3399,-1,0,1,1,-1,0.05232559089768777,0
15523,JOB_9406,CV_3299,-1,0,-1,0,-1,0.0015096485596628858,0
15524,JOB_9406,CV_046,-1,-1,0,1,-1,0.002396402946724275,0
15525,JOB_9406,CV_1618,-1,0,1,-1,-1,0.016728886119059285,0
15526,JOB_9406,CV_2294,-1,0,0,0,-1,0.01374087676851104,0
15527,JOB_9406,CV_2733,-1,0,-1,-1,-1,0.0008827918008007309,0
15528,JOB_9406,CV_2436,-1,-1,1,1,-1,0.004994451571761179,0
15529,JOB_9406,CV_2392,-1,0,1,1,1,0.21814771844744296,0
15530,JOB_9406,CV_3949,-1,0,1,-1,-1,0.016728886119059285,0
15531,JOB_9406,CV_3738,-1,0,1,0,1,0.12824728097545876,0
15532,JOB_9406,CV_2415,-1,-1,1,-1,-1,0.0015442935692705172,0
15533,JOB_9406,CV_2550,-1,-1,-1,1,1,0.0013155570174856266,0
15534,JOB_9406,CV_1690,-1,0,0,0,1,0.06577288027095901,0
15535,JOB_9406,CV_640,-1,0,1,1,-1,0.05232559089768777,0
15536,JOB_9406,CV_3670,-1,0,-1,1,-1,0.002859298785317209,0
15537,JOB_9406,CV_2379,-1,-1,1,-1,-1,0.0015442935692705172,0
15538,JOB_9406,CV_2441,-1,0,-1,0,-1,0.0015096485596628858,0
15539,JOB_9406,CV_3181,-1,0,1,0,-1,0.02828921519950765,0
15540,JOB_9406,CV_611,-1,0,-1,0,-1,0.0015096485596628858,0
15541,JOB_9406,CV_2420,-1,0,0,1,1,0.11779695264608223,0
15542,JOB_9406,CV_1078,-1,0,-1,-1,-1,0.0008827918008007309,0
15543,JOB_9406,CV_2024,-1,1,1,0,-1,0.05790168407977278,0
15544,JOB_9406,CV_2553,-1,0,1,1,-1,0.05232559089768777,0
15545,JOB_9406,CV_3088,-1,0,1,0,-1,0.02828921519950765,0
15546,JOB_9406,CV_2537,-1,0,1,0,-1,0.02828921519950765,0
15547,JOB_9406,CV_137,-1,-1,0,0,1,0.006359616677526063,0
15548,JOB_9406,CV_2992,-1,-1,-1,1,1,0.0013155570174856266,0
15549,JOB_9406,CV_3719,-1,0,-1,0,-1,0.0015096485596628858,0
15550,JOB_9406,CV_3753,-1,0,-1,0,-1,0.0015096485596628858,0
15551,JOB_9406,CV_1961,-1,0,1,0,-1,0.02828921519950765,0
15552,JOB_9406,CV_2749,-1,0,0,1,-1,0.025743514038269317,0
15553,JOB_9406,CV_040,-1,-1,-1,1,-1,0.00026061368312641647,0
15554,JOB_9406,CV_2723,-1,-1,-1,1,-1,0.00026061368312641647,0
15555,JOB_9406,CV_477,-1,0,1,-1,-1,0.016728886119059285,0
15556,JOB_9406,CV_296,-1,0,0,1,-1,0.025743514038269317,0
15557,JOB_9406,CV_1122,-1,0,1,0,-1,0.02828921519950765,0
15558,JOB_9406,CV_3625,-1,0,-1,1,-1,0.002859298785317209,0
15559,JOB_9406,CV_2579,-1,0,-1,0,-1,0.0015096485596628858,0
15560,JOB_9406,CV_1792,-1,-1,1,0,-1,0.002639631480061397,0
15561,JOB_9406,CV_2478,-1,-1,1,0,-1,0.002639631480061397,0
15562,JOB_9406,CV_1494,-1,0,1,0,-1,0.02828921519950765,0
15563,JOB_9406,CV_3133,-1,0,-1,1,-1,0.002859298785317209,0
15564,JOB_9406,CV_1015,-1,-1,0,0,-1,0.0012649722795961807,0
15565,JOB_9406,CV_2514,-1,0,-1,0,-1,0.0015096485596628858,0
15566,JOB_9406,CV_2541,-1,0,-1,0,1,0.007582239379063284,0
15567,JOB_9406,CV_3791,-1,-1,1,1,-1,0.004994451571761179,0
15568,JOB_9406,CV_3792,-1,0,0,-1,-1,0.0080762834495878,0
15569,JOB_9406,CV_1309,-1,0,-1,1,-1,0.002859298785317209,0
15570,JOB_9406,CV_722,-1,0,-1,1,-1,0.002859298785317209,0
15571,JOB_9406,CV_2402,-1,0,0,0,1,0.06577288027095901,0
15572,JOB_9406,CV_2369,-1,0,1,1,-1,0.05232559089768777,0
15573,JOB_9406,CV_2207,-1,-1,1,0,1,0.013197522239432963,0
15574,JOB_9406,CV_3733,-1,-1,-1,0,-1,0.00013742938756156384,0
15575,JOB_9406,CV_2961,-1,0,0,1,-1,0.025743514038269317,0
15576,JOB_9406,CV_1241,-1,1,1,0,-1,0.05790168407977278,0
15577,JOB_9406,CV_538,-1,-1,1,-1,-1,0.0015442935692705172,0
15578,JOB_9406,CV_278,-1,0,1,0,-1,0.02828921519950765,0
15579,JOB_9406,CV_3929,-1,0,0,0,-1,0.01374087676851104,0
15580,JOB_9406,CV_176,-1,0,-1,1,-1,0.002859298785317209,0
15581,JOB_9406,CV_3015,-1,-1,0,1,-1,0.002396402946724275,0
15582,JOB_9406,CV_080,-1,0,1,1,-1,0.05232559089768777,0
15583,JOB_9406,CV_392,-1,-1,-1,1,-1,0.00026061368312641647,0
15584,JOB_9406,CV_2877,-1,-1,1,1,1,0.024737444512838436,0
15585,JOB_9406,CV_2380,-1,0,1,0,-1,0.02828921519950765,0
15586,JOB_9406,CV_1739,-1,-1,0,1,-1,0.002396402946724275,0
15587,JOB_9406,CV_1751,-1,0,-1,1,1,0.014283223220999536,0
15588,JOB_9406,CV_3533,-1,0,1,0,-1,0.02828921519950765,0
15589,JOB_9406,CV_2385,-1,0,-1,0,-1,0.0015096485596628858,0
15590,JOB_9406,CV_2658,-1,0,-1,0,1,0.007582239379063284,0
15591,JOB_9406,CV_2732,-1,0,-1,1,-1,0.002859298785317209,0
15592,JOB_9406,CV_877,-1,0,1,0,-1,0.02828921519950765,0
15593,JOB_9406,CV_3176,-1,0,0,-1,-1,0.0080762834495878,0
15594,JOB_9406,CV_1325,-1,1,1,1,1,0.3706850697644348,0
15595,JOB_9406,CV_1138,-1,0,1,1,-1,0.05232559089768777,0
15596,JOB_9406,CV_532,-1,-1,1,1,1,0.024737444512838436,0
15597,JOB_9406,CV_594,-1,0,1,1,1,0.21814771844744296,0
15598,JOB_9406,CV_1785,-1,0,-1,0,-1,0.0015096485596628858,0
15599,JOB_9406,CV_1019,-1,0,-1,1,-1,0.002859298785317209,0
